segment,method,date,score,threshold,score_over_threshold
0,lsc_composite,1963-05-01,3.872977387250947,11.006084534134159,0.35189420681254396
0,lsc_composite,1963-06-01,3.9777910777955947,11.006084534134159,0.3614174564495588
0,lsc_composite,1963-07-01,4.619570040978377,11.006084534134159,0.4197287442824275
0,lsc_composite,1963-08-01,4.182877223836288,11.006084534134159,0.38005134440532007
0,lsc_composite,1963-09-01,3.8534899860920513,11.006084534134159,0.3501236042791491
0,lsc_composite,1963-10-01,3.598449827954744,11.006084534134159,0.32695095306551103
0,lsc_composite,1963-11-01,4.2452498100627745,11.006084534134159,0.38571844481991757
0,lsc_composite,1963-12-01,4.557385536689751,11.006084534134159,0.4140787327732694
0,lsc_composite,1964-01-01,4.494728628879292,11.006084534134159,0.40838579923126944
0,lsc_composite,1964-02-01,5.378111505595193,11.006084534134159,0.48864893676907284
0,lsc_composite,1964-03-01,4.957160427545126,11.006084534134159,0.45040181294001874
0,lsc_composite,1964-04-01,4.844407601006449,11.006084534134159,0.4401572226691566
0,lsc_composite,1964-05-01,6.827675559306433,11.006084534134159,0.6203546354865029
0,lsc_composite,1964-06-01,7.609761420618255,11.006084534134159,0.6914140443876674
0,lsc_composite,1964-07-01,7.2231889256846635,11.006084534134159,0.6562905185111689
0,lsc_composite,1964-08-01,6.059506501197855,11.006084534134159,0.5505596910876854
0,lsc_composite,1964-09-01,5.990989215274103,11.006084534134159,0.5443342904276003
0,lsc_composite,1964-10-01,5.784349501383129,11.006084534134159,0.5255592471095063
0,lsc_composite,1964-11-01,5.789417491348991,11.006084534134159,0.5260197187649932
0,lsc_composite,1964-12-01,6.045686339668292,11.006084534134159,0.5493040073350574
0,lsc_composite,1965-01-01,6.492415384541685,11.006084534134159,0.5898932871545892
0,lsc_composite,1965-02-01,6.614849014716331,11.006084534134159,0.601017463949246
0,lsc_composite,1965-03-01,6.6787284945643535,11.006084534134159,0.6068214789602072
0,lsc_composite,1965-04-01,6.824257118026597,11.006084534134159,0.6200440399001039
0,lsc_composite,1965-05-01,7.012603879213102,11.006084534134159,0.6371570068778123
0,lsc_composite,1965-06-01,7.3058120902893116,11.006084534134159,0.6637975628509067
0,lsc_composite,1965-07-01,6.945766169555526,11.006084534134159,0.6310842105577145
0,lsc_composite,1965-08-01,6.991382082981436,11.006084534134159,0.63522881923162
0,lsc_composite,1965-09-01,7.24151212681179,11.006084534134159,0.6579553431879465
0,lsc_composite,1965-10-01,8.632618661937213,11.006084534134159,0.7843496599689106
0,lsc_composite,1965-11-01,9.005511017023638,11.006084534134159,0.8182302242994807
0,lsc_composite,1965-12-01,9.239603974244165,11.006084534134159,0.8394996372768673
0,lsc_composite,1966-01-01,8.612960854276528,11.006084534134159,0.782563574499576
0,lsc_composite,1966-02-01,8.105913511217539,11.006084534134159,0.7364938444801092
0,lsc_composite,1966-03-01,8.133832531578213,11.006084534134159,0.7390305340970285
0,lsc_composite,1966-04-01,8.301326482808763,11.006084534134159,0.7542488390910603
0,lsc_composite,1966-05-01,9.919096209473581,11.006084534134159,0.9012375090079126
0,lsc_composite,1966-06-01,8.722940922088947,11.006084534134159,0.792556235147541
0,lsc_composite,1966-07-01,7.7479051830458765,11.006084534134159,0.7039656254698573
0,lsc_composite,1966-08-01,7.5290732781295935,11.006084534134159,0.6840828138998026
0,lsc_composite,1966-09-01,6.621333957501541,11.006084534134159,0.6016066782847436
0,lsc_composite,1966-10-01,7.059835346229682,11.006084534134159,0.6414484028661038
0,lsc_composite,1966-11-01,8.588143092012093,11.006084534134159,0.7803086615750509
0,lsc_composite,1966-12-01,4.615624918306396,11.006084534134159,0.41937029503921613
0,lsc_composite,1967-01-01,4.855383700391132,11.006084534134159,0.44115449825346104
0,lsc_composite,1967-02-01,4.063851712911621,11.006084534134159,0.36923682534947216
0,lsc_composite,1967-03-01,4.587761173724145,11.006084534134159,0.41683862771503427
0,lsc_composite,1967-04-01,4.38324501218234,11.006084534134159,0.3982565278858425
0,lsc_composite,1967-05-01,5.13434053424195,11.006084534134159,0.4665001907189027
0,lsc_composite,1967-06-01,5.455679892753836,11.006084534134159,0.49569670992746295
0,lsc_composite,1967-07-01,5.584248904079555,11.006084534134159,0.5073783402953722
0,lsc_composite,1967-08-01,5.336908922403069,11.006084534134159,0.4849053181311877
0,lsc_composite,1967-09-01,3.8256923186504266,11.006084534134159,0.3475979406468725
0,lsc_composite,1967-10-01,3.588095931831547,11.006084534134159,0.3260102101436222
0,lsc_composite,1967-11-01,4.663717921173434,11.006084534134159,0.42373996916972845
0,lsc_composite,1967-12-01,5.076573794763026,11.006084534134159,0.46125157216615875
0,lsc_composite,1968-01-01,5.821103196976639,11.006084534134159,0.5288986450106874
0,lsc_composite,1968-02-01,5.293749076680618,11.006084534134159,0.4809838649033304
0,lsc_composite,1968-03-01,5.491087540810035,11.006084534134159,0.49891380751983433
0,lsc_composite,1968-04-01,5.991092997980809,11.006084534134159,0.5443437200032486
0,lsc_tail_cusum,1963-05-01,1.8400000000000005,6.655000000000015,0.27648384673178006
0,lsc_tail_cusum,1963-06-01,1.9200000000000006,6.655000000000015,0.2885048835462053
0,lsc_tail_cusum,1963-07-01,2.0000000000000004,6.655000000000015,0.30052592036063047
0,lsc_tail_cusum,1963-08-01,2.0800000000000005,6.655000000000015,0.3125469571750557
0,lsc_tail_cusum,1963-09-01,2.1600000000000006,6.655000000000015,0.32456799398948094
0,lsc_tail_cusum,1963-10-01,2.2400000000000007,6.655000000000015,0.3365890308039062
0,lsc_tail_cusum,1963-11-01,2.3200000000000007,6.655000000000015,0.3486100676183314
0,lsc_tail_cusum,1963-12-01,2.400000000000001,6.655000000000015,0.3606311044327566
0,lsc_tail_cusum,1964-01-01,2.480000000000001,6.655000000000015,0.3726521412471818
0,lsc_tail_cusum,1964-02-01,2.560000000000001,6.655000000000015,0.38467317806160706
0,lsc_tail_cusum,1964-03-01,2.640000000000001,6.655000000000015,0.3966942148760323
0,lsc_tail_cusum,1964-04-01,2.720000000000001,6.655000000000015,0.4087152516904575
0,lsc_tail_cusum,1964-05-01,2.800000000000001,6.655000000000015,0.42073628850488276
0,lsc_tail_cusum,1964-06-01,2.8800000000000012,6.655000000000015,0.432757325319308
0,lsc_tail_cusum,1964-07-01,2.9600000000000013,6.655000000000015,0.44477836213373323
0,lsc_tail_cusum,1964-08-01,3.0400000000000014,6.655000000000015,0.4567993989481584
0,lsc_tail_cusum,1964-09-01,3.1200000000000014,6.655000000000015,0.46882043576258364
0,lsc_tail_cusum,1964-10-01,3.2000000000000015,6.655000000000015,0.4808414725770089
0,lsc_tail_cusum,1964-11-01,3.2800000000000016,6.655000000000015,0.4928625093914341
0,lsc_tail_cusum,1964-12-01,3.3600000000000017,6.655000000000015,0.5048835462058593
0,lsc_tail_cusum,1965-01-01,3.4400000000000017,6.655000000000015,0.5169045830202845
0,lsc_tail_cusum,1965-02-01,3.520000000000002,6.655000000000015,0.5289256198347098
0,lsc_tail_cusum,1965-03-01,3.600000000000002,6.655000000000015,0.540946656649135
0,lsc_tail_cusum,1965-04-01,3.680000000000002,6.655000000000015,0.5529676934635602
0,lsc_tail_cusum,1965-05-01,3.760000000000002,6.655000000000015,0.5649887302779855
0,lsc_tail_cusum,1965-06-01,3.840000000000002,6.655000000000015,0.5770097670924107
0,lsc_tail_cusum,1965-07-01,3.920000000000002,6.655000000000015,0.5890308039068359
0,lsc_tail_cusum,1965-08-01,4.000000000000003,6.655000000000015,0.6010518407212613
0,lsc_tail_cusum,1965-09-01,4.080000000000003,6.655000000000015,0.6130728775356864
0,lsc_tail_cusum,1965-10-01,4.160000000000003,6.655000000000015,0.6250939143501116
0,lsc_tail_cusum,1965-11-01,4.240000000000003,6.655000000000015,0.6371149511645369
0,lsc_tail_cusum,1965-12-01,4.320000000000003,6.655000000000015,0.6491359879789621
0,lsc_tail_cusum,1966-01-01,4.400000000000003,6.655000000000015,0.6611570247933873
0,lsc_tail_cusum,1966-02-01,3.4800000000000026,6.655000000000015,0.5229151014274973
0,lsc_tail_cusum,1966-03-01,3.5600000000000027,6.655000000000015,0.5349361382419225
0,lsc_tail_cusum,1966-04-01,3.640000000000003,6.655000000000015,0.5469571750563478
0,lsc_tail_cusum,1966-05-01,3.720000000000003,6.655000000000015,0.558978211870773
0,lsc_tail_cusum,1966-06-01,3.800000000000003,6.655000000000015,0.5709992486851982
0,lsc_tail_cusum,1966-07-01,2.880000000000003,6.655000000000015,0.4327573253193082
0,lsc_tail_cusum,1966-08-01,2.960000000000003,6.655000000000015,0.44477836213373345
0,lsc_tail_cusum,1966-09-01,3.040000000000003,6.655000000000015,0.4567993989481587
0,lsc_tail_cusum,1966-10-01,3.120000000000003,6.655000000000015,0.4688204357625839
0,lsc_tail_cusum,1966-11-01,2.2000000000000033,6.655000000000015,0.33057851239669395
0,lsc_tail_cusum,1966-12-01,2.35,6.655000000000015,0.3531179564237407
0,lsc_tail_cusum,1967-01-01,2.2,6.655000000000015,0.3305785123966935
0,lsc_tail_cusum,1967-02-01,2.0500000000000003,6.655000000000015,0.30803906836964623
0,lsc_tail_cusum,1967-03-01,1.9000000000000001,6.655000000000015,0.2854996243425989
0,lsc_tail_cusum,1967-04-01,1.75,6.655000000000015,0.26296018031555163
0,lsc_tail_cusum,1967-05-01,2.6,6.655000000000015,0.39068369646881956
0,lsc_tail_cusum,1967-06-01,2.45,6.655000000000015,0.3681442524417723
0,lsc_tail_cusum,1967-07-01,2.3000000000000003,6.655000000000015,0.345604808414725
0,lsc_tail_cusum,1967-08-01,2.1500000000000004,6.655000000000015,0.32306536438767774
0,lsc_tail_cusum,1967-09-01,2.0000000000000004,6.655000000000015,0.30052592036063047
0,lsc_tail_cusum,1967-10-01,1.8500000000000003,6.655000000000015,0.2779864763335832
0,lsc_tail_cusum,1967-11-01,2.7000000000000006,6.655000000000015,0.40570999248685113
0,lsc_tail_cusum,1967-12-01,2.5500000000000007,6.655000000000015,0.38317054845980386
0,lsc_tail_cusum,1968-01-01,2.400000000000001,6.655000000000015,0.3606311044327566
0,lsc_tail_cusum,1968-02-01,2.250000000000001,6.655000000000015,0.33809166040570937
0,lsc_tail_cusum,1968-03-01,2.100000000000001,6.655000000000015,0.3155522163786621
0,lsc_tail_cusum,1968-04-01,1.9500000000000008,6.655000000000015,0.29301277235161477
0,lsc_kalman_cusum,1963-05-01,0.0,6.871332892564321,0.0
0,lsc_kalman_cusum,1963-06-01,0.17486143657441333,6.871332892564321,0.025447964653791733
0,lsc_kalman_cusum,1963-07-01,0.0,6.871332892564321,0.0
0,lsc_kalman_cusum,1963-08-01,0.0,6.871332892564321,0.0
0,lsc_kalman_cusum,1963-09-01,0.2876912613289564,6.871332892564321,0.04186833411029698
0,lsc_kalman_cusum,1963-10-01,0.0,6.871332892564321,0.0
0,lsc_kalman_cusum,1963-11-01,0.0,6.871332892564321,0.0
0,lsc_kalman_cusum,1963-12-01,0.0,6.871332892564321,0.0
0,lsc_kalman_cusum,1964-01-01,0.0,6.871332892564321,0.0
0,lsc_kalman_cusum,1964-02-01,0.0,6.871332892564321,0.0
0,lsc_kalman_cusum,1964-03-01,0.19763915268855703,6.871332892564321,0.028762855151789894
0,lsc_kalman_cusum,1964-04-01,0.0,6.871332892564321,0.0
0,lsc_kalman_cusum,1964-05-01,0.0,6.871332892564321,0.0
0,lsc_kalman_cusum,1964-06-01,0.0,6.871332892564321,0.0
0,lsc_kalman_cusum,1964-07-01,0.0,6.871332892564321,0.0
0,lsc_kalman_cusum,1964-08-01,0.0,6.871332892564321,0.0
0,lsc_kalman_cusum,1964-09-01,0.0,6.871332892564321,0.0
0,lsc_kalman_cusum,1964-10-01,0.0,6.871332892564321,0.0
0,lsc_kalman_cusum,1964-11-01,0.0,6.871332892564321,0.0
0,lsc_kalman_cusum,1964-12-01,0.0,6.871332892564321,0.0
0,lsc_kalman_cusum,1965-01-01,0.0,6.871332892564321,0.0
0,lsc_kalman_cusum,1965-02-01,0.0,6.871332892564321,0.0
0,lsc_kalman_cusum,1965-03-01,0.0,6.871332892564321,0.0
0,lsc_kalman_cusum,1965-04-01,0.0,6.871332892564321,0.0
0,lsc_kalman_cusum,1965-05-01,0.0,6.871332892564321,0.0
0,lsc_kalman_cusum,1965-06-01,0.0,6.871332892564321,0.0
0,lsc_kalman_cusum,1965-07-01,0.0,6.871332892564321,0.0
0,lsc_kalman_cusum,1965-08-01,0.0,6.871332892564321,0.0
0,lsc_kalman_cusum,1965-09-01,0.0,6.871332892564321,0.0
0,lsc_kalman_cusum,1965-10-01,0.0,6.871332892564321,0.0
0,lsc_kalman_cusum,1965-11-01,0.19869790853148372,6.871332892564321,0.028916938189168625
0,lsc_kalman_cusum,1965-12-01,0.8932117923063094,6.871332892564321,0.12999105213966292
0,lsc_kalman_cusum,1966-01-01,0.16188444512680022,6.871332892564321,0.023559394903131577
0,lsc_kalman_cusum,1966-02-01,1.514783585297018,6.871332892564321,0.2204497451922627
0,lsc_kalman_cusum,1966-03-01,0.6349737022835493,6.871332892564321,0.09240910202017337
0,lsc_kalman_cusum,1966-04-01,0.7151740889508247,6.871332892564321,0.10408083848255066
0,lsc_kalman_cusum,1966-05-01,0.17380268073150162,6.871332892564321,0.02529388161641518
0,lsc_kalman_cusum,1966-06-01,0.0,6.871332892564321,0.0
0,lsc_kalman_cusum,1966-07-01,1.2901826920580888,6.871332892564321,0.18776308937880667
0,lsc_kalman_cusum,1966-08-01,1.884843743006631,6.871332892564321,0.2743054036934054
0,lsc_kalman_cusum,1966-09-01,0.532952360010913,6.871332892564321,0.0775617144946706
0,lsc_kalman_cusum,1966-10-01,1.4292894219786259,6.871332892564321,0.2080075939160659
0,lsc_kalman_cusum,1966-11-01,1.4226139655582595,6.871332892564321,0.20703610024449748
0,lsc_kalman_cusum,1966-12-01,2.886225418930708,6.871332892564321,0.4200386539348109
0,lsc_kalman_cusum,1967-01-01,3.651189963294568,6.871332892564321,0.5313656055356643
0,lsc_kalman_cusum,1967-02-01,1.826362316877621,6.871332892564321,0.26579447473051165
0,lsc_kalman_cusum,1967-03-01,2.305017274955417,6.871332892564321,0.33545417039097997
0,lsc_kalman_cusum,1967-04-01,1.0520219657725507,6.871332892564321,0.15310304161088975
0,lsc_kalman_cusum,1967-05-01,1.9261641521302968,6.871332892564321,0.2803188525787563
0,lsc_kalman_cusum,1967-06-01,2.0824828959355113,6.871332892564321,0.30306825888017
0,lsc_kalman_cusum,1967-07-01,2.2713800795868333,6.871332892564321,0.33055887629091046
0,lsc_kalman_cusum,1967-08-01,2.3810846350004,6.871332892564321,0.34652441851231575
0,lsc_kalman_cusum,1967-09-01,1.6575424968567036,6.871332892564321,0.2412257596557985
0,lsc_kalman_cusum,1967-10-01,2.711206059083172,6.871332892564321,0.3945677063640812
0,lsc_kalman_cusum,1967-11-01,4.037143459103553,6.871332892564321,0.587534256049837
0,lsc_kalman_cusum,1967-12-01,2.1786786168106724,6.871332892564321,0.3170678310707792
0,lsc_kalman_cusum,1968-01-01,1.7211647081977421,6.871332892564321,0.2504848382560925
0,lsc_kalman_cusum,1968-02-01,0.6579674131264757,6.871332892564321,0.09575542670017957
0,lsc_kalman_cusum,1968-03-01,1.67799377987755,6.871332892564321,0.24420207929284846
0,lsc_kalman_cusum,1968-04-01,1.005990618712877,6.871332892564321,0.1464039996958218
0,raw_cusum,1963-05-01,0.0,12.745725326846856,0.0
0,raw_cusum,1963-06-01,0.0,12.745725326846856,0.0
0,raw_cusum,1963-07-01,0.0,12.745725326846856,0.0
0,raw_cusum,1963-08-01,0.0,12.745725326846856,0.0
0,raw_cusum,1963-09-01,0.08888138137588342,12.745725326846856,0.006973426705553495
0,raw_cusum,1963-10-01,0.0,12.745725326846856,0.0
0,raw_cusum,1963-11-01,0.0,12.745725326846856,0.0
0,raw_cusum,1963-12-01,0.0,12.745725326846856,0.0
0,raw_cusum,1964-01-01,0.0,12.745725326846856,0.0
0,raw_cusum,1964-02-01,0.0,12.745725326846856,0.0
0,raw_cusum,1964-03-01,0.005352107421851882,12.745725326846856,0.00041991391502675126
0,raw_cusum,1964-04-01,0.0,12.745725326846856,0.0
0,raw_cusum,1964-05-01,0.0,12.745725326846856,0.0
0,raw_cusum,1964-06-01,0.0,12.745725326846856,0.0
0,raw_cusum,1964-07-01,0.0,12.745725326846856,0.0
0,raw_cusum,1964-08-01,0.0,12.745725326846856,0.0
0,raw_cusum,1964-09-01,0.0,12.745725326846856,0.0
0,raw_cusum,1964-10-01,0.0,12.745725326846856,0.0
0,raw_cusum,1964-11-01,0.0,12.745725326846856,0.0
0,raw_cusum,1964-12-01,0.0,12.745725326846856,0.0
0,raw_cusum,1965-01-01,0.0,12.745725326846856,0.0
0,raw_cusum,1965-02-01,0.0,12.745725326846856,0.0
0,raw_cusum,1965-03-01,0.0,12.745725326846856,0.0
0,raw_cusum,1965-04-01,0.0,12.745725326846856,0.0
0,raw_cusum,1965-05-01,0.0,12.745725326846856,0.0
0,raw_cusum,1965-06-01,0.0,12.745725326846856,0.0
0,raw_cusum,1965-07-01,0.0,12.745725326846856,0.0
0,raw_cusum,1965-08-01,0.0,12.745725326846856,0.0
0,raw_cusum,1965-09-01,0.0,12.745725326846856,0.0
0,raw_cusum,1965-10-01,0.0,12.745725326846856,0.0
0,raw_cusum,1965-11-01,0.25593992928393916,12.745725326846856,0.020080452286606407
0,raw_cusum,1965-12-01,1.096584776246055,12.745725326846856,0.08603549410689657
0,raw_cusum,1966-01-01,0.4337026920357061,12.745725326846856,0.03402730569771341
0,raw_cusum,1966-02-01,1.6919939087679499,12.745725326846856,0.13274991147063495
0,raw_cusum,1966-03-01,1.4467581943277292,12.745725326846856,0.11350928701408321
0,raw_cusum,1966-04-01,0.581704097704637,12.745725326846856,0.04563915216965874
0,raw_cusum,1966-05-01,0.0,12.745725326846856,0.0
0,raw_cusum,1966-06-01,0.0,12.745725326846856,0.0
0,raw_cusum,1966-07-01,1.1747619427782199,12.745725326846856,0.09216909298239541
0,raw_cusum,1966-08-01,2.2659946116024154,12.745725326846856,0.17778467317426463
0,raw_cusum,1966-09-01,1.3525247055299867,12.745725326846856,0.1061159463935024
0,raw_cusum,1966-10-01,0.9993504674747651,12.745725326846856,0.07840671612229014
0,raw_cusum,1966-11-01,0.6735862990540673,12.745725326846856,0.052848016239237815
0,raw_cusum,1966-12-01,2.252289576785157,12.745725326846856,0.17670940798018495
0,raw_cusum,1967-01-01,4.003403509846155,12.745725326846856,0.3140977392172118
0,raw_cusum,1967-02-01,3.1651099503323517,12.745725326846856,0.2483271739479234
0,raw_cusum,1967-03-01,3.4962262261749086,12.745725326846856,0.274305787746003
0,raw_cusum,1967-04-01,2.657932666661105,12.745725326846856,0.20853522247671463
0,raw_cusum,1967-05-01,1.592408312548348,12.745725326846856,0.1249366569350268
0,raw_cusum,1967-06-01,2.4330531595104636,12.745725326846856,0.19089169875531695
0,raw_cusum,1967-07-01,3.023110184610507,12.745725326846856,0.2371862022040286
0,raw_cusum,1967-08-01,3.4461086618024943,12.745725326846856,0.27037368007168733
0,raw_cusum,1967-09-01,3.033814399454218,12.745725326846856,0.2380260300340827
0,raw_cusum,1967-10-01,3.9579885203703657,12.745725326846856,0.31053458464489964
0,raw_cusum,1967-11-01,5.633926106872738,12.745725326846856,0.4420247543704526
0,raw_cusum,1967-12-01,4.636926926846285,12.745725326846856,0.3638025147991642
0,raw_cusum,1968-01-01,2.6375764593715196,12.745725326846856,0.20693812174156004
0,raw_cusum,1968-02-01,2.3088114709772674,12.745725326846856,0.18114398449448152
0,raw_cusum,1968-03-01,3.2329855918934145,12.745725326846856,0.2536525391052984
0,raw_cusum,1968-04-01,1.8183400420968256,12.745725326846856,0.14266273558137801
0,raw_var_cusum,1963-05-01,20.927367097216752,42.98046056744908,0.4869042076544413
0,raw_var_cusum,1963-06-01,21.69943259438192,42.98046056744908,0.5048673817798923
0,raw_var_cusum,1963-07-01,22.6201111651823,42.98046056744908,0.5262882450895249
0,raw_var_cusum,1963-08-01,23.50939260774989,42.98046056744908,0.5469786106841896
0,raw_var_cusum,1963-09-01,24.112611326418723,42.98046056744908,0.5610133304313687
0,raw_var_cusum,1963-10-01,25.0332898972191,42.98046056744908,0.5824341937410012
0,raw_var_cusum,1963-11-01,25.98327245437008,42.98046056744908,0.6045368549179371
0,raw_var_cusum,1963-12-01,26.933255011521062,42.98046056744908,0.626639516094873
0,raw_var_cusum,1964-01-01,27.818350170324276,42.98046056744908,0.6472324819942086
0,raw_var_cusum,1964-02-01,28.707631612891863,42.98046056744908,0.6679228475888731
0,raw_var_cusum,1964-03-01,29.402250860416157,42.98046056744908,0.6840841273507368
0,raw_var_cusum,1964-04-01,30.352233417567138,42.98046056744908,0.7061867885276727
0,raw_var_cusum,1964-05-01,31.193372596844444,42.98046056744908,0.7257570576260531
0,raw_var_cusum,1964-06-01,32.034511776121754,42.98046056744908,0.7453273267244336
0,raw_var_cusum,1964-07-01,32.97681947970472,42.98046056744908,0.7672514217932663
0,raw_var_cusum,1964-08-01,33.92052261120915,42.98046056744908,0.7892079834272088
0,raw_var_cusum,1964-09-01,34.87050516836013,42.98046056744908,0.8113106446041446
0,raw_var_cusum,1964-10-01,35.79397459500343,42.98046056744908,0.8327964410439965
0,raw_var_cusum,1964-11-01,36.573017231775886,42.98046056744908,0.8509219479949961
0,raw_var_cusum,1964-12-01,37.49369580257627,42.98046056744908,0.8723428113046288
0,raw_var_cusum,1965-01-01,38.44367835972725,42.98046056744908,0.8944454724815647
0,raw_var_cusum,1965-02-01,39.38598606331022,42.98046056744908,0.9163695675503974
0,raw_var_cusum,1965-03-01,40.32968919481465,42.98046056744908,0.9383261291843398
0,raw_var_cusum,1965-04-01,41.25315862145794,42.98046056744908,0.9598119256241917
0,raw_var_cusum,1965-05-01,42.203141178608924,42.98046056744908,0.9819145868011276
0,raw_var_cusum,1965-06-01,43.14684431011335,42.98046056744908,1.0038711484350702
0,raw_var_cusum,1965-07-01,44.070313736756646,42.98046056744908,1.025356944874922
0,raw_var_cusum,1965-08-01,44.90587120434813,42.98046056744908,1.0447973477128638
0,raw_var_cusum,1965-09-01,45.79096636315135,42.98046056744908,1.0653903136121996
0,raw_var_cusum,1965-10-01,46.56303186031653,42.98046056744908,1.0833534877376507
0,raw_var_cusum,1965-11-01,46.941586683630725,42.98046056744908,1.0921610905021706
0,raw_var_cusum,1965-12-01,46.09425807794465,42.98046056744908,1.072446815817832
0,raw_var_cusum,1966-01-01,47.017727504587945,42.98046056744908,1.0939326122576838
0,raw_var_cusum,1966-02-01,44.876139501750195,42.98046056744908,1.0441055984341125
0,raw_var_cusum,1966-03-01,45.76123466055341,42.98046056744908,1.0646985643334481
0,raw_var_cusum,1966-04-01,45.54115090556241,42.98046056744908,1.059578010665913
0,raw_var_cusum,1966-05-01,46.46182947636279,42.98046056744908,1.0809988739755454
0,raw_var_cusum,1966-06-01,47.38250804716317,42.98046056744908,1.102419737285178
0,raw_var_cusum,1966-07-01,45.5276804821849,42.98046056744908,1.0592646025916468
0,raw_var_cusum,1966-08-01,43.94565907585153,42.98046056744908,1.022456681377059
0,raw_var_cusum,1966-09-01,44.72470171262399,42.98046056744908,1.0405821883280586
0,raw_var_cusum,1966-10-01,43.426649888307196,42.98046056744908,1.0103812131132917
0,raw_var_cusum,1966-11-01,42.99934508697977,42.98046056744908,1.0004393745269682
0,raw_var_cusum,1966-12-01,36.37424717249956,42.98046056744908,0.8462972870059776
0,raw_var_cusum,1967-01-01,32.256733232878204,42.98046056744908,0.7504976169870918
0,raw_var_cusum,1967-02-01,33.09229070046969,42.98046056744908,0.7699380198250337
0,raw_var_cusum,1967-03-01,33.35153643649929,42.98046056744908,0.7759697312726755
0,raw_var_cusum,1967-04-01,34.18709390409077,42.98046056744908,0.7954101341106173
0,raw_var_cusum,1967-05-01,30.758921357669347,42.98046056744908,0.7156489472559161
0,raw_var_cusum,1967-06-01,29.91159275198327,42.98046056744908,0.6959346725715775
0,raw_var_cusum,1967-07-01,29.673368434013312,42.98046056744908,0.6903920535576161
0,raw_var_cusum,1967-08-01,29.771442245114585,42.98046056744908,0.6926738767350892
0,raw_var_cusum,1967-09-01,30.71374994869755,42.98046056744908,0.7145979718039218
0,raw_var_cusum,1967-10-01,29.63547802201027,42.98046056744908,0.6895104805939299
0,raw_var_cusum,1967-11-01,25.8507736416565,42.98046056744908,0.6014540863537042
0,raw_var_cusum,1967-12-01,26.55376545670953,42.98046056744908,0.6178101655062259
0,raw_var_cusum,1968-01-01,25.255713632392734,42.98046056744908,0.587609190291459
0,raw_var_cusum,1968-02-01,26.176392203193114,42.98046056744908,0.6090300536010915
0,raw_var_cusum,1968-03-01,25.09812027650583,42.98046056744908,0.5839425623910997
0,raw_var_cusum,1968-04-01,25.211543794743125,42.98046056744908,0.5865815177847791
1,lsc_composite,1968-05-01,13.02008281773728,10.73432286972551,1.212939369884094
1,lsc_composite,1968-06-01,17.064260123142798,10.73432286972551,1.5896913415255929
1,lsc_composite,1968-07-01,13.800934623313857,10.73432286972551,1.2856828316797932
1,lsc_composite,1968-08-01,13.21660668804012,10.73432286972551,1.2312473593761097
1,lsc_composite,1968-09-01,10.501255958061629,10.73432286972551,0.9782876931789326
1,lsc_composite,1968-10-01,7.784502546732513,10.73432286972551,0.7251973544309435
1,lsc_composite,1968-11-01,7.664600064504261,10.73432286972551,0.7140273455087768
1,lsc_composite,1968-12-01,11.05487917129165,10.73432286972551,1.0298627408041006
1,lsc_composite,1969-01-01,9.515161472248183,10.73432286972551,0.8864240052890731
1,lsc_composite,1969-02-01,11.519991219024437,10.73432286972551,1.0731921667378557
1,lsc_composite,1969-03-01,10.530336291955965,10.73432286972551,0.9809967912978603
1,lsc_composite,1969-04-01,10.677867664425118,10.73432286972551,0.9947406831352525
1,lsc_composite,1969-05-01,11.807484160892578,10.73432286972551,1.0999747542710638
1,lsc_composite,1969-06-01,16.171886093352416,10.73432286972551,1.5065585682132507
1,lsc_composite,1969-07-01,14.342663204599582,10.73432286972551,1.3361497859404654
1,lsc_composite,1969-08-01,14.071975367184306,10.73432286972551,1.3109327470363432
1,lsc_composite,1969-09-01,18.214895091190993,10.73432286972551,1.6968834748359651
1,lsc_composite,1969-10-01,13.807065425130915,10.73432286972551,1.2862539717406487
1,lsc_composite,1969-11-01,11.471006843780774,10.73432286972551,1.0686288257765162
1,lsc_composite,1969-12-01,18.246363243692553,10.73432286972551,1.69981502001897
1,lsc_composite,1970-01-01,18.58449842654035,10.73432286972551,1.7313153938153882
1,lsc_composite,1970-02-01,25.901476523131265,10.73432286972551,2.4129585850433433
1,lsc_composite,1970-03-01,20.142226941379224,10.73432286972551,1.8764320009590214
1,lsc_composite,1970-04-01,23.16263944625221,10.73432286972551,2.157810951595171
1,lsc_composite,1970-05-01,25.935295136186074,10.73432286972551,2.416109097047243
1,lsc_composite,1970-06-01,26.509427794444537,10.73432286972551,2.469594786384734
1,lsc_composite,1970-07-01,26.78235476766317,10.73432286972551,2.4950204211947677
1,lsc_composite,1970-08-01,29.2674107917679,10.73432286972551,2.7265260368040622
1,lsc_composite,1970-09-01,28.48395172363276,10.73432286972551,2.6535396847403687
1,lsc_composite,1970-10-01,29.267731598830075,10.73432286972551,2.726555922905502
1,lsc_composite,1970-11-01,31.631409290291383,10.73432286972551,2.946754040676647
1,lsc_composite,1970-12-01,34.51885046606327,10.73432286972551,3.2157455002046125
1,lsc_composite,1971-01-01,29.96629354105912,10.73432286972551,2.791633334001383
1,lsc_composite,1971-02-01,31.239832403587943,10.73432286972551,2.910275085137884
1,lsc_composite,1971-03-01,38.87509450726334,10.73432286972551,3.6215693322309606
1,lsc_composite,1971-04-01,40.66962743266635,10.73432286972551,3.7887464282790226
1,lsc_composite,1971-05-01,42.17781265945921,10.73432286972551,3.9292476266402585
1,lsc_composite,1971-06-01,42.74002139446822,10.73432286972551,3.9816224938612397
1,lsc_composite,1971-07-01,44.47832478666373,10.73432286972551,4.143561296456615
1,lsc_composite,1971-08-01,49.642950172450924,10.73432286972551,4.624693217721367
1,lsc_composite,1971-09-01,46.634500514654306,10.73432286972551,4.344428715310928
1,lsc_composite,1971-10-01,55.838373465984226,10.73432286972551,5.201853358022953
1,lsc_composite,1971-11-01,47.91330379266743,10.73432286972551,4.4635608947257825
1,lsc_composite,1971-12-01,47.225403240025706,10.73432286972551,4.399476689229986
1,lsc_composite,1972-01-01,44.81068830206057,10.73432286972551,4.174523986831265
1,lsc_composite,1972-02-01,44.1264853734466,10.73432286972551,4.110784248711067
1,lsc_composite,1972-03-01,50.44506116598654,10.73432286972551,4.6994171666159765
1,lsc_composite,1972-04-01,54.43643017153029,10.73432286972551,5.071249563869537
1,lsc_composite,1972-05-01,60.57677937500635,10.73432286972551,5.643279050777739
1,lsc_composite,1972-06-01,70.6635427532536,10.73432286972551,6.582952982767934
1,lsc_composite,1972-07-01,74.7065657807551,10.73432286972551,6.959597422903438
1,lsc_composite,1972-08-01,76.40143056073008,10.73432286972551,7.117489522903065
1,lsc_composite,1972-09-01,54.05655967089844,10.73432286972551,5.035861164876693
1,lsc_composite,1972-10-01,50.88940223573283,10.73432286972551,4.740811586658948
1,lsc_composite,1972-11-01,57.783838777213504,10.73432286972551,5.383091181296945
1,lsc_composite,1972-12-01,58.571281044211275,10.73432286972551,5.456448604634622
1,lsc_composite,1973-01-01,67.21534540512522,10.73432286972551,6.261721975467652
1,lsc_composite,1973-02-01,62.80608886841791,10.73432286972551,5.8509595463681014
1,lsc_composite,1973-03-01,61.0852029352473,10.73432286972551,5.690643338810744
1,lsc_composite,1973-04-01,66.2066536642593,10.73432286972551,6.167753147334974
1,lsc_tail_cusum,1968-05-01,2.800000000000001,5.652499999999998,0.4953560371517032
1,lsc_tail_cusum,1968-06-01,3.6500000000000012,5.652499999999998,0.6457319770013273
1,lsc_tail_cusum,1968-07-01,3.5000000000000013,5.652499999999998,0.619195046439629
1,lsc_tail_cusum,1968-08-01,3.3500000000000014,5.652499999999998,0.5926581158779306
1,lsc_tail_cusum,1968-09-01,3.2000000000000015,5.652499999999998,0.5661211853162322
1,lsc_tail_cusum,1968-10-01,3.0500000000000016,5.652499999999998,0.5395842547545339
1,lsc_tail_cusum,1968-11-01,2.9000000000000017,5.652499999999998,0.5130473241928355
1,lsc_tail_cusum,1968-12-01,3.7500000000000018,5.652499999999998,0.6634232640424597
1,lsc_tail_cusum,1969-01-01,3.600000000000002,5.652499999999998,0.6368863334807613
1,lsc_tail_cusum,1969-02-01,3.450000000000002,5.652499999999998,0.6103494029190629
1,lsc_tail_cusum,1969-03-01,3.300000000000002,5.652499999999998,0.5838124723573646
1,lsc_tail_cusum,1969-04-01,3.150000000000002,5.652499999999998,0.5572755417956662
1,lsc_tail_cusum,1969-05-01,4.000000000000003,5.652499999999998,0.7076514816452905
1,lsc_tail_cusum,1969-06-01,4.850000000000003,5.652499999999998,0.8580274214949146
1,lsc_tail_cusum,1969-07-01,4.700000000000004,5.652499999999998,0.8314904909332164
1,lsc_tail_cusum,1969-08-01,4.550000000000004,5.652499999999998,0.8049535603715181
1,lsc_tail_cusum,1969-09-01,5.400000000000005,5.652499999999998,0.9553295002211423
1,lsc_tail_cusum,1969-10-01,6.250000000000005,5.652499999999998,1.1057054400707664
1,lsc_tail_cusum,1969-11-01,6.100000000000006,5.652499999999998,1.0791685095090682
1,lsc_tail_cusum,1969-12-01,6.950000000000006,5.652499999999998,1.2295444493586924
1,lsc_tail_cusum,1970-01-01,6.800000000000007,5.652499999999998,1.2030075187969942
1,lsc_tail_cusum,1970-02-01,7.6500000000000075,5.652499999999998,1.3533834586466182
1,lsc_tail_cusum,1970-03-01,7.500000000000008,5.652499999999998,1.32684652808492
1,lsc_tail_cusum,1970-04-01,8.350000000000007,5.652499999999998,1.477222467934544
1,lsc_tail_cusum,1970-05-01,9.200000000000006,5.652499999999998,1.627598407784168
1,lsc_tail_cusum,1970-06-01,10.050000000000006,5.652499999999998,1.7779743476337921
1,lsc_tail_cusum,1970-07-01,10.900000000000006,5.652499999999998,1.928350287483416
1,lsc_tail_cusum,1970-08-01,10.750000000000005,5.652499999999998,1.9018133569217177
1,lsc_tail_cusum,1970-09-01,10.600000000000005,5.652499999999998,1.8752764263600192
1,lsc_tail_cusum,1970-10-01,10.450000000000005,5.652499999999998,1.8487394957983208
1,lsc_tail_cusum,1970-11-01,11.300000000000004,5.652499999999998,1.9991154356479448
1,lsc_tail_cusum,1970-12-01,12.150000000000004,5.652499999999998,2.149491375497569
1,lsc_tail_cusum,1971-01-01,12.000000000000004,5.652499999999998,2.1229544449358704
1,lsc_tail_cusum,1971-02-01,11.850000000000003,5.652499999999998,2.096417514374172
1,lsc_tail_cusum,1971-03-01,12.700000000000003,5.652499999999998,2.246793454223796
1,lsc_tail_cusum,1971-04-01,13.550000000000002,5.652499999999998,2.39716939407342
1,lsc_tail_cusum,1971-05-01,14.400000000000002,5.652499999999998,2.5475453339230443
1,lsc_tail_cusum,1971-06-01,14.250000000000002,5.652499999999998,2.521008403361346
1,lsc_tail_cusum,1971-07-01,14.100000000000001,5.652499999999998,2.4944714727996473
1,lsc_tail_cusum,1971-08-01,14.950000000000001,5.652499999999998,2.644847412649271
1,lsc_tail_cusum,1971-09-01,15.8,5.652499999999998,2.7952233524988954
1,lsc_tail_cusum,1971-10-01,15.65,5.652499999999998,2.768686421937197
1,lsc_tail_cusum,1971-11-01,15.5,5.652499999999998,2.7421494913754985
1,lsc_tail_cusum,1971-12-01,15.35,5.652499999999998,2.7156125608138
1,lsc_tail_cusum,1972-01-01,15.2,5.652499999999998,2.6890756302521015
1,lsc_tail_cusum,1972-02-01,15.049999999999999,5.652499999999998,2.662538699690403
1,lsc_tail_cusum,1972-03-01,14.899999999999999,5.652499999999998,2.6360017691287045
1,lsc_tail_cusum,1972-04-01,14.749999999999998,5.652499999999998,2.6094648385670065
1,lsc_tail_cusum,1972-05-01,14.599999999999998,5.652499999999998,2.582927908005308
1,lsc_tail_cusum,1972-06-01,14.449999999999998,5.652499999999998,2.5563909774436095
1,lsc_tail_cusum,1972-07-01,14.299999999999997,5.652499999999998,2.529854046881911
1,lsc_tail_cusum,1972-08-01,14.149999999999997,5.652499999999998,2.5033171163202126
1,lsc_tail_cusum,1972-09-01,14.999999999999996,5.652499999999998,2.6536930561698364
1,lsc_tail_cusum,1972-10-01,14.849999999999996,5.652499999999998,2.6271561256081384
1,lsc_tail_cusum,1972-11-01,14.699999999999996,5.652499999999998,2.60061919504644
1,lsc_tail_cusum,1972-12-01,14.549999999999995,5.652499999999998,2.5740822644847414
1,lsc_tail_cusum,1973-01-01,14.399999999999995,5.652499999999998,2.547545333923043
1,lsc_tail_cusum,1973-02-01,14.249999999999995,5.652499999999998,2.5210084033613445
1,lsc_tail_cusum,1973-03-01,14.099999999999994,5.652499999999998,2.494471472799646
1,lsc_tail_cusum,1973-04-01,13.949999999999994,5.652499999999998,2.4679345422379475
1,lsc_kalman_cusum,1968-05-01,2.3184871412323993,6.659706856133167,0.34813651581333793
1,lsc_kalman_cusum,1968-06-01,1.5152817588397856,6.659706856133167,0.22752979846917845
1,lsc_kalman_cusum,1968-07-01,2.6045434689393248,6.659706856133167,0.3910898069846281
1,lsc_kalman_cusum,1968-08-01,2.2185215242473504,6.659706856133167,0.3331260027165059
1,lsc_kalman_cusum,1968-09-01,1.1287716371729979,6.659706856133167,0.1694926911285098
1,lsc_kalman_cusum,1968-10-01,0.57387828159451,6.659706856133167,0.08617170304816113
1,lsc_kalman_cusum,1968-11-01,0.8336863142589417,6.659706856133167,0.12518363529637488
1,lsc_kalman_cusum,1968-12-01,3.011999353535193,6.659706856133167,0.4522720622096651
1,lsc_kalman_cusum,1969-01-01,1.678035242639671,6.659706856133167,0.25196833417589654
1,lsc_kalman_cusum,1969-02-01,2.520355916081164,6.659706856133167,0.378448476866527
1,lsc_kalman_cusum,1969-03-01,2.6046864318749474,6.659706856133167,0.391111273835754
1,lsc_kalman_cusum,1969-04-01,0.9960864540704548,6.659706856133167,0.14956911401484924
1,lsc_kalman_cusum,1969-05-01,1.8434812845064963,6.659706856133167,0.2768111756764139
1,lsc_kalman_cusum,1969-06-01,3.2068151382926615,6.659706856133167,0.4815249691267399
1,lsc_kalman_cusum,1969-07-01,3.376174726868494,6.659706856133167,0.5069554561188008
1,lsc_kalman_cusum,1969-08-01,2.181501904540002,6.659706856133167,0.3275672565874243
1,lsc_kalman_cusum,1969-09-01,6.059418959774958,6.659706856133167,0.9098627147822007
1,lsc_kalman_cusum,1969-10-01,3.693392547194348,6.659706856133167,0.5545878560394844
1,lsc_kalman_cusum,1969-11-01,3.7270623429473506,6.659706856133167,0.5596436034590566
1,lsc_kalman_cusum,1969-12-01,7.774128607056493,6.659706856133167,1.1673379587116532
1,lsc_kalman_cusum,1970-01-01,7.123089638978599,6.659706856133167,1.0695800570288896
1,lsc_kalman_cusum,1970-02-01,4.9172166036070735,6.659706856133167,0.7383533104131497
1,lsc_kalman_cusum,1970-03-01,4.428089598729646,6.659706856133167,0.6649075844309359
1,lsc_kalman_cusum,1970-04-01,3.5951170102853185,6.659706856133167,0.539831119889976
1,lsc_kalman_cusum,1970-05-01,6.948419389860135,6.659706856133167,1.0433521384595301
1,lsc_kalman_cusum,1970-06-01,4.350835369490259,6.659706856133167,0.6533073397192274
1,lsc_kalman_cusum,1970-07-01,4.372884192900849,6.659706856133167,0.6566181195909097
1,lsc_kalman_cusum,1970-08-01,2.1678608058304603,6.659706856133167,0.32551895341068926
1,lsc_kalman_cusum,1970-09-01,3.1431444596346525,6.659706856133167,0.4719643863513326
1,lsc_kalman_cusum,1970-10-01,2.798728114383952,6.659706856133167,0.4202479440677635
1,lsc_kalman_cusum,1970-11-01,6.606999525263955,6.659706856133167,0.9920856380006169
1,lsc_kalman_cusum,1970-12-01,8.844119467022576,6.659706856133167,1.3280043188203854
1,lsc_kalman_cusum,1971-01-01,8.45267815090713,6.659706856133167,1.2692267593013873
1,lsc_kalman_cusum,1971-02-01,8.719723428673664,6.659706856133167,1.3093254128210392
1,lsc_kalman_cusum,1971-03-01,11.600855472875892,6.659706856133167,1.7419468639512625
1,lsc_kalman_cusum,1971-04-01,8.763567662457051,6.659706856133167,1.3159089208838617
1,lsc_kalman_cusum,1971-05-01,6.088780574431251,6.659706856133167,0.9142715596894285
1,lsc_kalman_cusum,1971-06-01,5.206183998901868,6.659706856133167,0.7817437180597977
1,lsc_kalman_cusum,1971-07-01,6.260168417127892,6.659706856133167,0.940006602747488
1,lsc_kalman_cusum,1971-08-01,3.8009667484142664,6.659706856133167,0.5707408494885653
1,lsc_kalman_cusum,1971-09-01,5.899012822523117,6.659706856133167,0.8857766490263007
1,lsc_kalman_cusum,1971-10-01,6.083755839694925,6.659706856133167,0.9135170618046308
1,lsc_kalman_cusum,1971-11-01,6.091203464927399,6.659706856133167,0.9146353730746853
1,lsc_kalman_cusum,1971-12-01,4.158434346838693,6.659706856133167,0.624417025654671
1,lsc_kalman_cusum,1972-01-01,3.812200126688184,6.659706856133167,0.5724276171671716
1,lsc_kalman_cusum,1972-02-01,2.1806342607307174,6.659706856133167,0.3274369740047179
1,lsc_kalman_cusum,1972-03-01,2.136512229791102,6.659706856133167,0.32081175282114854
1,lsc_kalman_cusum,1972-04-01,0.6243286203097362,6.659706856133167,0.09374716241973462
1,lsc_kalman_cusum,1972-05-01,0.8968084396511973,6.659706856133167,0.13466184909104426
1,lsc_kalman_cusum,1972-06-01,0.4112829310765701,6.659706856133167,0.06175691212261162
1,lsc_kalman_cusum,1972-07-01,0.0,6.659706856133167,0.0
1,lsc_kalman_cusum,1972-08-01,0.4135738127477647,6.659706856133167,0.062100903490502665
1,lsc_kalman_cusum,1972-09-01,2.7393243238770464,6.659706856133167,0.4113280633898026
1,lsc_kalman_cusum,1972-10-01,1.0928632062594388,6.659706856133167,0.16410079750777337
1,lsc_kalman_cusum,1972-11-01,2.223730515657362,6.659706856133167,0.3339081679863202
1,lsc_kalman_cusum,1972-12-01,0.7916599545179461,6.659706856133167,0.1188730933087359
1,lsc_kalman_cusum,1973-01-01,0.9809134057997211,6.659706856133167,0.14729077825645767
1,lsc_kalman_cusum,1973-02-01,1.844945816470215,6.659706856133167,0.27703108505010804
1,lsc_kalman_cusum,1973-03-01,1.479726671420936,6.659706856133167,0.22219096176255893
1,lsc_kalman_cusum,1973-04-01,0.4180168296110266,6.659706856133167,0.06276805250460231
1,raw_cusum,1968-05-01,1.3282470161118773,12.110561440539044,0.10967674972241062
1,raw_cusum,1968-06-01,1.0279552356877042,12.110561440539044,0.08488089018290383
1,raw_cusum,1968-07-01,2.6741582546016405,12.110561440539044,0.22081207941773284
1,raw_cusum,1968-08-01,3.083865707063105,12.110561440539044,0.25464267054871087
1,raw_cusum,1968-09-01,2.4337198168510183,12.110561440539044,0.20095846330495912
1,raw_cusum,1968-10-01,1.0770050315232313,12.110561440539044,0.08893105714472091
1,raw_cusum,1968-11-01,0.7134295706555742,12.110561440539044,0.05890970242448308
1,raw_cusum,1968-12-01,2.924887705662073,12.110561440539044,0.24151545079250145
1,raw_cusum,1969-01-01,2.31007026020577,12.110561440539044,0.19074840349457392
1,raw_cusum,1969-02-01,2.9317483812019467,12.110561440539044,0.24208195430049806
1,raw_cusum,1969-03-01,3.2001420546402652,12.110561440539044,0.2642439056481783
1,raw_cusum,1969-04-01,1.3488290427314902,12.110561440539044,0.11137626024639972
1,raw_cusum,1969-05-01,1.970507163727667,12.110561440539044,0.16270981105232388
1,raw_cusum,1969-06-01,3.4753964036184657,12.110561440539044,0.2869723605038558
1,raw_cusum,1969-07-01,4.0970745246146345,12.110561440539044,0.3383059113097793
1,raw_cusum,1969-08-01,3.128972631600489,12.110561440539044,0.25836726455360914
1,raw_cusum,1969-09-01,6.576926333059459,12.110561440539044,0.5430736110254785
1,raw_cusum,1969-10-01,5.343861104376916,12.110561440539044,0.4412562646756251
1,raw_cusum,1969-11-01,4.994006994589003,12.110561440539044,0.4123679169713802
1,raw_cusum,1969-12-01,8.795245143605833,12.110561440539044,0.7262458629014935
1,raw_cusum,1970-01-01,9.328602152712541,12.110561440539044,0.7702865138428564
1,raw_cusum,1970-02-01,4.560799711266199,12.110561440539044,0.3765968847653356
1,raw_cusum,1970-03-01,5.765397170732824,12.110561440539044,0.4760635746773607
1,raw_cusum,1970-04-01,3.6863420050967477,12.110561440539044,0.3043906777729594
1,raw_cusum,1970-05-01,7.5759012660030365,12.110561440539044,0.6255615235676333
1,raw_cusum,1970-06-01,6.254514925431033,12.110561440539044,0.5164512773532193
1,raw_cusum,1970-07-01,3.380727149717341,12.110561440539044,0.2791552783342193
1,raw_cusum,1970-08-01,2.4656179238368647,12.110561440539044,0.203592371496785
1,raw_cusum,1970-09-01,3.4052520476351082,12.110561440539044,0.2811803618151282
1,raw_cusum,1970-10-01,3.6383172763176432,12.110561440539044,0.3004251532169842
1,raw_cusum,1970-11-01,7.669190316247072,12.110561440539044,0.6332646387949553
1,raw_cusum,1970-12-01,11.34677890861865,12.110561440539044,0.9369325249146832
1,raw_cusum,1971-01-01,12.374734144306345,12.110561440539044,1.0218134150975864
1,raw_cusum,1971-02-01,13.22604715621512,12.110561440539044,1.0921085055513682
1,raw_cusum,1971-03-01,16.550351301028847,12.110561440539044,1.3666047922128528
1,raw_cusum,1971-04-01,15.1053154038116,12.110561440539044,1.2472844861880539
1,raw_cusum,1971-05-01,9.862471695347468,12.110561440539044,0.8143694859871408
1,raw_cusum,1971-06-01,8.41743579813022,12.110561440539044,0.695049179962342
1,raw_cusum,1971-07-01,6.284520295231585,12.110561440539044,0.5189288973998103
1,raw_cusum,1971-08-01,7.293786241484969,12.110561440539044,0.6022665652039597
1,raw_cusum,1971-09-01,10.883053721967086,12.110561440539044,0.8986415514591269
1,raw_cusum,1971-10-01,12.44093562899156,12.110561440539044,1.0272798408293953
1,raw_cusum,1971-11-01,13.203927529010874,12.110561440539044,1.0902820314186163
1,raw_cusum,1971-12-01,11.847212743683087,12.110561440539044,0.9782546252583783
1,raw_cusum,1972-01-01,11.373709077249922,12.110561440539044,0.9391562177437478
1,raw_cusum,1972-02-01,9.928673180032675,12.110561440539044,0.819835911718949
1,raw_cusum,1972-03-01,9.7201328492679,12.110561440539044,0.8026162037980011
1,raw_cusum,1972-04-01,8.363418063940113,12.110561440539044,0.6905887976377629
1,raw_cusum,1972-05-01,8.596483292622656,12.110561440539044,0.7098335890396197
1,raw_cusum,1972-06-01,8.476264073747341,12.110561440539044,0.6999067809832324
1,raw_cusum,1972-07-01,8.179402631093105,12.110561440539044,0.675394173197724
1,raw_cusum,1972-08-01,6.999330069544246,12.110561440539044,0.5779525667666077
1,raw_cusum,1972-09-01,3.6995508226482867,12.110561440539044,0.30548136358603195
1,raw_cusum,1972-10-01,4.020937163220283,12.110561440539044,0.33201905485244865
1,raw_cusum,1972-11-01,5.490497958355298,12.110561440539044,0.45336444435815637
1,raw_cusum,1972-12-01,4.487067620585361,12.110561440539044,0.3705086376561614
1,raw_cusum,1973-01-01,3.3069950590365025,12.110561440539044,0.2730670312250451
1,raw_cusum,1973-02-01,1.4203536023719439,12.110561440539044,0.11728222587744236
1,raw_cusum,1973-03-01,0.9852535818638297,12.110561440539044,0.08135490552616162
1,raw_cusum,1973-04-01,0.5616673813950817,12.110561440539044,0.04637831071274279
1,raw_var_cusum,1968-05-01,26.351752189417436,43.66945879436339,0.6034366561194656
1,raw_var_cusum,1968-06-01,27.636399391682904,43.66945879436339,0.6328541766872103
1,raw_var_cusum,1968-07-01,31.192586790078195,43.66945879436339,0.7142883757035331
1,raw_var_cusum,1968-08-01,30.97015443914212,43.66945879436339,0.7091948307621246
1,raw_var_cusum,1968-09-01,29.9426982274897,43.66945879436339,0.6856668036232804
1,raw_var_cusum,1968-10-01,29.626658450888936,43.66945879436339,0.6784297142403097
1,raw_var_cusum,1968-11-01,29.310618674288172,43.66945879436339,0.671192624857339
1,raw_var_cusum,1968-12-01,35.6126238921811,43.66945879436339,0.8155041274928229
1,raw_var_cusum,1969-01-01,34.57580693796221,43.66945879436339,0.7917617459098225
1,raw_var_cusum,1969-02-01,34.783968745083726,43.66945879436339,0.7965285053996007
1,raw_var_cusum,1969-03-01,34.32439758246376,43.66945879436339,0.786004647872901
1,raw_var_cusum,1969-04-01,35.10044443861773,43.66945879436339,0.8037755769748237
1,raw_var_cusum,1969-05-01,35.30860624573924,43.66945879436339,0.808542336464602
1,raw_var_cusum,1969-06-01,38.27818710996915,43.66945879436339,0.8765436569804681
1,raw_var_cusum,1969-07-01,38.48634891709065,43.66945879436339,0.8813104164702461
1,raw_var_cusum,1969-08-01,37.65546829933408,43.66945879436339,0.8622838326586827
1,raw_var_cusum,1969-09-01,52.191806728197676,43.66945879436339,1.1951557946702627
1,raw_var_cusum,1969-10-01,51.679191357701065,43.66945879436339,1.1834172619600114
1,raw_var_cusum,1969-11-01,50.65173514604865,43.66945879436339,1.1598892348211673
1,raw_var_cusum,1969-12-01,68.10238476060637,43.66945879436339,1.5594968804467217
1,raw_var_cusum,1970-01-01,68.12021146887633,43.66945879436339,1.5599050995719899
1,raw_var_cusum,1970-02-01,92.68190518642838,43.66945879436339,2.122350671274892
1,raw_var_cusum,1970-03-01,94.53755768524846,43.66945879436339,2.1648438129361667
1,raw_var_cusum,1970-04-01,100.36840552729574,43.66945879436339,2.2983661418824526
1,raw_var_cusum,1970-05-01,118.58663603230391,43.66945879436339,2.7155508519288176
1,raw_var_cusum,1970-06-01,118.21131155278219,43.66945879436339,2.7069561843995245
1,raw_var_cusum,1970-07-01,129.83021854842957,43.66945879436339,2.9730210113157463
1,raw_var_cusum,1970-08-01,128.95253421784065,43.66945879436339,2.952922655283402
1,raw_var_cusum,1970-09-01,129.97508062824497,43.66945879436339,2.976338251414772
1,raw_var_cusum,1970-10-01,129.46246525774833,43.66945879436339,2.9645997187045197
1,raw_var_cusum,1970-11-01,148.94127576170766,43.66945879436339,3.4106508272305898
1,raw_var_cusum,1970-12-01,165.3435222088208,43.66945879436339,3.7862507751106453
1,raw_var_cusum,1971-01-01,166.62816941108622,43.66945879436339,3.8156682956783894
1,raw_var_cusum,1971-02-01,167.40421626724017,43.66945879436339,3.8334392247803115
1,raw_var_cusum,1971-03-01,180.9795184592796,43.66945879436339,4.144304130525185
1,raw_var_cusum,1971-04-01,180.8226113063088,43.66945879436339,4.14071106669287
1,raw_var_cusum,1971-05-01,202.2671777492266,43.66945879436339,4.631776608491747
1,raw_var_cusum,1971-06-01,202.1102705962558,43.66945879436339,4.628183544659432
1,raw_var_cusum,1971-07-01,203.78806898631296,43.66945879436339,4.666603951881739
1,raw_var_cusum,1971-08-01,205.07271618857843,43.66945879436339,4.696021472449483
1,raw_var_cusum,1971-09-01,220.74482471550698,43.66945879436339,5.054901773685353
1,raw_var_cusum,1971-10-01,223.92970265876565,43.66945879436339,5.127833246416812
1,raw_var_cusum,1971-11-01,224.47485119828005,43.66945879436339,5.140316765896214
1,raw_var_cusum,1971-12-01,224.15881142167927,43.66945879436339,5.133079676513244
1,raw_var_cusum,1972-01-01,223.10951347737173,43.66945879436339,5.109051489004701
1,raw_var_cusum,1972-02-01,222.95260632440093,43.66945879436339,5.105458425172386
1,raw_var_cusum,1972-03-01,221.98755506319162,43.66945879436339,5.083359427661249
1,raw_var_cusum,1972-04-01,221.67151528659085,43.66945879436339,5.076122338278279
1,raw_var_cusum,1972-05-01,221.1588999160942,43.66945879436339,5.064383805568027
1,raw_var_cusum,1972-06-01,220.25313335780586,43.66945879436339,5.043642386203213
1,raw_var_cusum,1972-07-01,219.24439863128637,43.66945879436339,5.020543067952681
1,raw_var_cusum,1972-08-01,218.656897320258,43.66945879436339,5.007089699689179
1,raw_var_cusum,1972-09-01,225.44566115160728,43.66945879436339,5.162547633420786
1,raw_var_cusum,1972-10-01,225.07033667208552,43.66945879436339,5.153952965891492
1,raw_var_cusum,1972-11-01,227.89950639781839,43.66945879436339,5.218738969745015
1,raw_var_cusum,1972-12-01,227.10294850280553,43.66945879436339,5.20049835222869
1,raw_var_cusum,1973-01-01,226.51544719177716,43.66945879436339,5.1870449839651895
1,raw_var_cusum,1973-02-01,227.38822172111796,43.66945879436339,5.207030908990059
1,raw_var_cusum,1973-03-01,226.51053739052904,43.66945879436339,5.186932552957715
1,raw_var_cusum,1973-04-01,225.77014395091498,43.66945879436339,5.169978062106328
2,lsc_composite,1973-05-01,15.026912655421759,10.266289188892943,1.4637141404198233
2,lsc_composite,1973-06-01,17.158320792354015,10.266289188892943,1.6713264624298265
2,lsc_composite,1973-07-01,13.280318607732044,10.266289188892943,1.293585088378376
2,lsc_composite,1973-08-01,13.446267650305234,10.266289188892943,1.3097495504853591
2,lsc_composite,1973-09-01,12.151487277763218,10.266289188892943,1.1836299420544147
2,lsc_composite,1973-10-01,9.265565929500232,10.266289188892943,0.9025233712999835
2,lsc_composite,1973-11-01,9.043245953573669,10.266289188892943,0.8808680319815577
2,lsc_composite,1973-12-01,10.164847368347939,10.266289188892943,0.9901189398936129
2,lsc_composite,1974-01-01,9.027691922908994,10.266289188892943,0.8793529732900977
2,lsc_composite,1974-02-01,10.397637812964476,10.266289188892943,1.0127941675570213
2,lsc_composite,1974-03-01,9.948584017104551,10.266289188892943,0.9690535532417969
2,lsc_composite,1974-04-01,10.015030624038138,10.266289188892943,0.975525863315185
2,lsc_composite,1974-05-01,9.92619862518698,10.266289188892943,0.96687307775492
2,lsc_composite,1974-06-01,12.40390710806457,10.266289188892943,1.2082171931689114
2,lsc_composite,1974-07-01,11.589076895314157,10.266289188892943,1.1288476958015496
2,lsc_composite,1974-08-01,11.451569453041145,10.266289188892943,1.1154536212978057
2,lsc_composite,1974-09-01,9.538110123916653,10.266289188892943,0.9290708598230308
2,lsc_composite,1974-10-01,6.862372248684038,10.266289188892943,0.6684374580163212
2,lsc_composite,1974-11-01,5.687051565447125,10.266289188892943,0.5539539614371981
2,lsc_composite,1974-12-01,6.445665065697762,10.266289188892943,0.6278476036571521
2,lsc_composite,1975-01-01,7.057080290459384,10.266289188892943,0.6874032243407298
2,lsc_composite,1975-02-01,6.356042174279671,10.266289188892943,0.6191177802741274
2,lsc_composite,1975-03-01,5.60765709839806,10.266289188892943,0.5462204497867605
2,lsc_composite,1975-04-01,6.628123218144186,10.266289188892943,0.6456201550717202
2,lsc_composite,1975-05-01,6.959737439632204,10.266289188892943,0.6779214292114347
2,lsc_composite,1975-06-01,6.647419015761691,10.266289188892943,0.6474996849838895
2,lsc_composite,1975-07-01,6.344380465887787,10.266289188892943,0.6179818578217869
2,lsc_composite,1975-08-01,7.071142244385541,10.266289188892943,0.6887729455386647
2,lsc_composite,1975-09-01,6.810246791856665,10.266289188892943,0.6633601164503182
2,lsc_composite,1975-10-01,7.168388065959882,10.266289188892943,0.6982452894192123
2,lsc_composite,1975-11-01,6.693076165714036,10.266289188892943,0.6519469734941081
2,lsc_composite,1975-12-01,6.770051402135588,10.266289188892943,0.6594448371335653
2,lsc_composite,1976-01-01,6.169208352442682,10.266289188892943,0.6009190116246798
2,lsc_composite,1976-02-01,6.210647440882237,10.266289188892943,0.6049554348811362
2,lsc_composite,1976-03-01,6.939261712538442,10.266289188892943,0.6759269668777693
2,lsc_composite,1976-04-01,7.6255527185747445,10.266289188892943,0.7427759512974561
2,lsc_composite,1976-05-01,7.121819542193004,10.266289188892943,0.6937092274682922
2,lsc_composite,1976-06-01,7.131612929980729,10.266289188892943,0.6946631639498713
2,lsc_composite,1976-07-01,7.008387529481908,10.266289188892943,0.6826602485603323
2,lsc_composite,1976-08-01,7.333903176702493,10.266289188892943,0.7143674838847335
2,lsc_composite,1976-09-01,6.72138713907035,10.266289188892943,0.6547046372259017
2,lsc_composite,1976-10-01,7.688267153743362,10.266289188892943,0.748884724780719
2,lsc_composite,1976-11-01,6.487310473270373,10.266289188892943,0.6319041236719659
2,lsc_composite,1976-12-01,7.538394796733988,10.266289188892943,0.7342862311817349
2,lsc_composite,1977-01-01,8.914500955431365,10.266289188892943,0.8683274736772395
2,lsc_composite,1977-02-01,8.457583758763828,10.266289188892943,0.8238209155372376
2,lsc_composite,1977-03-01,8.578936631713992,10.266289188892943,0.8356414351736272
2,lsc_composite,1977-04-01,8.922133924687092,10.266289188892943,0.8690709720450807
2,lsc_composite,1977-05-01,9.734582081636278,10.266289188892943,0.9482084424592367
2,lsc_composite,1977-06-01,11.367735237623508,10.266289188892943,1.1072876507241016
2,lsc_composite,1977-07-01,11.807366325936293,10.266289188892943,1.1501104351035265
2,lsc_composite,1977-08-01,11.689816885201578,10.266289188892943,1.1386603932654404
2,lsc_composite,1977-09-01,7.630248514420535,10.266289188892943,0.7432333508270613
2,lsc_composite,1977-10-01,7.355922366881478,10.266289188892943,0.7165122890595972
2,lsc_composite,1977-11-01,8.030952815206142,10.266289188892943,0.7822644255818156
2,lsc_composite,1977-12-01,7.887543475062517,10.266289188892943,0.7682954697590264
2,lsc_composite,1978-01-01,9.343468279773747,10.266289188892943,0.9101115415570417
2,lsc_composite,1978-02-01,8.149108764135141,10.266289188892943,0.7937735450654974
2,lsc_composite,1978-03-01,7.810106836365336,10.266289188892943,0.7607526626870261
2,lsc_composite,1978-04-01,8.150674681929749,10.266289188892943,0.7939260751341323
2,lsc_tail_cusum,1973-05-01,3.2500000000000164,5.657500000000003,0.5744586831639442
2,lsc_tail_cusum,1973-06-01,3.1000000000000165,5.657500000000003,0.5479452054794547
2,lsc_tail_cusum,1973-07-01,2.9500000000000166,5.657500000000003,0.521431727794965
2,lsc_tail_cusum,1973-08-01,2.8000000000000167,5.657500000000003,0.49491825011047547
2,lsc_tail_cusum,1973-09-01,3.650000000000017,5.657500000000003,0.6451612903225832
2,lsc_tail_cusum,1973-10-01,3.500000000000017,5.657500000000003,0.6186478126380937
2,lsc_tail_cusum,1973-11-01,3.350000000000017,5.657500000000003,0.592134334953604
2,lsc_tail_cusum,1973-12-01,3.200000000000017,5.657500000000003,0.5656208572691145
2,lsc_tail_cusum,1974-01-01,3.050000000000017,5.657500000000003,0.5391073795846248
2,lsc_tail_cusum,1974-02-01,2.9000000000000172,5.657500000000003,0.5125939019001353
2,lsc_tail_cusum,1974-03-01,2.7500000000000173,5.657500000000003,0.48608042421564573
2,lsc_tail_cusum,1974-04-01,2.6000000000000174,5.657500000000003,0.45956694653115615
2,lsc_tail_cusum,1974-05-01,2.4500000000000175,5.657500000000003,0.43305346884666657
2,lsc_tail_cusum,1974-06-01,2.3000000000000176,5.657500000000003,0.406539991162177
2,lsc_tail_cusum,1974-07-01,2.1500000000000177,5.657500000000003,0.3800265134776874
2,lsc_tail_cusum,1974-08-01,2.0000000000000178,5.657500000000003,0.3535130357931978
2,lsc_tail_cusum,1974-09-01,1.8800000000000014,5.657500000000003,0.33230225364560323
2,lsc_tail_cusum,1974-10-01,1.9600000000000015,5.657500000000003,0.34644277507733107
2,lsc_tail_cusum,1974-11-01,2.0400000000000014,5.657500000000003,0.3605832965090588
2,lsc_tail_cusum,1974-12-01,2.1200000000000014,5.657500000000003,0.3747238179407866
2,lsc_tail_cusum,1975-01-01,2.2000000000000015,5.657500000000003,0.3888643393725144
2,lsc_tail_cusum,1975-02-01,2.2800000000000016,5.657500000000003,0.4030048608042422
2,lsc_tail_cusum,1975-03-01,1.9500000000000168,5.657500000000003,0.34467520989836775
2,lsc_tail_cusum,1975-04-01,2.800000000000017,5.657500000000003,0.4949182501104756
2,lsc_tail_cusum,1975-05-01,2.6500000000000172,5.657500000000003,0.468404772425986
2,lsc_tail_cusum,1975-06-01,2.5000000000000173,5.657500000000003,0.4418912947414964
2,lsc_tail_cusum,1975-07-01,2.3500000000000174,5.657500000000003,0.4153778170570068
2,lsc_tail_cusum,1975-08-01,2.2000000000000175,5.657500000000003,0.38886433937251724
2,lsc_tail_cusum,1975-09-01,2.0500000000000176,5.657500000000003,0.36235086168802766
2,lsc_tail_cusum,1975-10-01,1.9000000000000175,5.657500000000003,0.335837384003538
2,lsc_tail_cusum,1975-11-01,1.7500000000000173,5.657500000000003,0.3093239063190484
2,lsc_tail_cusum,1975-12-01,1.6000000000000172,5.657500000000003,0.2828104286345588
2,lsc_tail_cusum,1976-01-01,1.450000000000017,5.657500000000003,0.25629695095006916
2,lsc_tail_cusum,1976-02-01,1.300000000000017,5.657500000000003,0.22978347326557952
2,lsc_tail_cusum,1976-03-01,1.3200000000000018,5.657500000000003,0.2333186036235088
2,lsc_tail_cusum,1976-04-01,1.400000000000002,5.657500000000003,0.2474591250552366
2,lsc_tail_cusum,1976-05-01,1.8500000000000167,5.657500000000003,0.326999558108708
2,lsc_tail_cusum,1976-06-01,1.7000000000000166,5.657500000000003,0.3004860804242184
2,lsc_tail_cusum,1976-07-01,1.5500000000000165,5.657500000000003,0.2739726027397288
2,lsc_tail_cusum,1976-08-01,1.4000000000000163,5.657500000000003,0.24745912505523915
2,lsc_tail_cusum,1976-09-01,1.2500000000000162,5.657500000000003,0.22094564737074954
2,lsc_tail_cusum,1976-10-01,1.100000000000016,5.657500000000003,0.1944321696862599
2,lsc_tail_cusum,1976-11-01,0.9600000000000017,5.657500000000003,0.16968625718073374
2,lsc_tail_cusum,1976-12-01,1.8000000000000158,5.657500000000003,0.318161732213878
2,lsc_tail_cusum,1977-01-01,2.650000000000016,5.657500000000003,0.46840477242598577
2,lsc_tail_cusum,1977-02-01,2.500000000000016,5.657500000000003,0.4418912947414962
2,lsc_tail_cusum,1977-03-01,2.350000000000016,5.657500000000003,0.41537781705700655
2,lsc_tail_cusum,1977-04-01,2.200000000000016,5.657500000000003,0.38886433937251697
2,lsc_tail_cusum,1977-05-01,2.0500000000000163,5.657500000000003,0.3623508616880274
2,lsc_tail_cusum,1977-06-01,1.9000000000000161,5.657500000000003,0.3358373840035378
2,lsc_tail_cusum,1977-07-01,1.750000000000016,5.657500000000003,0.30932390631904816
2,lsc_tail_cusum,1977-08-01,1.6000000000000159,5.657500000000003,0.2828104286345585
2,lsc_tail_cusum,1977-09-01,1.4500000000000157,5.657500000000003,0.25629695095006894
2,lsc_tail_cusum,1977-10-01,1.3000000000000156,5.657500000000003,0.2297834732655793
2,lsc_tail_cusum,1977-11-01,1.1500000000000155,5.657500000000003,0.20326999558108966
2,lsc_tail_cusum,1977-12-01,1.0000000000000153,5.657500000000003,0.17675651789660005
2,lsc_tail_cusum,1978-01-01,0.9599999999999997,5.657500000000003,0.1696862571807334
2,lsc_tail_cusum,1978-02-01,1.0399999999999998,5.657500000000003,0.1838267786124612
2,lsc_tail_cusum,1978-03-01,1.1199999999999999,5.657500000000003,0.197967300044189
2,lsc_tail_cusum,1978-04-01,1.2,5.657500000000003,0.21210782147591678
2,lsc_kalman_cusum,1973-05-01,0.5602532551622299,6.252076225076829,0.08961075249132062
2,lsc_kalman_cusum,1973-06-01,0.07215958116725685,6.252076225076829,0.011541698880417938
2,lsc_kalman_cusum,1973-07-01,0.7774080334655582,6.252076225076829,0.1243439787805858
2,lsc_kalman_cusum,1973-08-01,1.438945998115831,6.252076225076829,0.23015490315749446
2,lsc_kalman_cusum,1973-09-01,1.6233878366714576,6.252076225076829,0.2596557972470191
2,lsc_kalman_cusum,1973-10-01,2.333475023502152,6.252076225076829,0.37323201757244684
2,lsc_kalman_cusum,1973-11-01,1.7235463349810551,6.252076225076829,0.2756758351838353
2,lsc_kalman_cusum,1973-12-01,1.0792036072359006,6.252076225076829,0.17261523506499454
2,lsc_kalman_cusum,1974-01-01,0.8756326890006982,6.252076225076829,0.14005470462573222
2,lsc_kalman_cusum,1974-02-01,0.03654174966326551,6.252076225076829,0.005844738347350598
2,lsc_kalman_cusum,1974-03-01,0.9347832983899271,6.252076225076829,0.14951565923661464
2,lsc_kalman_cusum,1974-04-01,1.733596399306638,6.252076225076829,0.27728331147871355
2,lsc_kalman_cusum,1974-05-01,1.1792845244400507,6.252076225076829,0.18862286414711124
2,lsc_kalman_cusum,1974-06-01,0.35330370338505745,6.252076225076829,0.05650982020468182
2,lsc_kalman_cusum,1974-07-01,1.4141082814326293,6.252076225076829,0.2261821882082463
2,lsc_kalman_cusum,1974-08-01,1.7940283820758363,6.252076225076829,0.286949217746268
2,lsc_kalman_cusum,1974-09-01,0.9539123780679541,6.252076225076829,0.15257529558610458
2,lsc_kalman_cusum,1974-10-01,0.2786353911571915,6.252076225076829,0.04456685765275798
2,lsc_kalman_cusum,1974-11-01,0.7951781586708135,6.252076225076829,0.12718625462072672
2,lsc_kalman_cusum,1974-12-01,1.3602701483604147,6.252076225076829,0.217570947536504
2,lsc_kalman_cusum,1975-01-01,0.25900900428100126,6.252076225076829,0.04142767857533893
2,lsc_kalman_cusum,1975-02-01,0.3165596607065867,6.252076225076829,0.050632725723477025
2,lsc_kalman_cusum,1975-03-01,1.5536358400614558,6.252076225076829,0.24849918397185952
2,lsc_kalman_cusum,1975-04-01,3.331696342924979,6.252076225076829,0.5328943894768393
2,lsc_kalman_cusum,1975-05-01,1.1848684495228143,6.252076225076829,0.18951599546569092
2,lsc_kalman_cusum,1975-06-01,1.5458146326892392,6.252076225076829,0.24724820636207828
2,lsc_kalman_cusum,1975-07-01,0.9080893200412912,6.252076225076829,0.14524604105096817
2,lsc_kalman_cusum,1975-08-01,2.0033079373156286,6.252076225076829,0.320422826785195
2,lsc_kalman_cusum,1975-09-01,1.1673781984415892,6.252076225076829,0.18671848461464396
2,lsc_kalman_cusum,1975-10-01,1.1572505530113255,6.252076225076829,0.1850985994651888
2,lsc_kalman_cusum,1975-11-01,0.7289599578033497,6.252076225076829,0.11659486090069092
2,lsc_kalman_cusum,1975-12-01,0.3739551549376894,6.252076225076829,0.0598129551648411
2,lsc_kalman_cusum,1976-01-01,1.246054048198642,6.252076225076829,0.19930244023589616
2,lsc_kalman_cusum,1976-02-01,0.16256302931955846,6.252076225076829,0.026001447114084218
2,lsc_kalman_cusum,1976-03-01,0.0,6.252076225076829,0.0
2,lsc_kalman_cusum,1976-04-01,0.3567599180289136,6.252076225076829,0.05706263090618822
2,lsc_kalman_cusum,1976-05-01,1.6423617541510445,6.252076225076829,0.2626906158891021
2,lsc_kalman_cusum,1976-06-01,0.41711431970309076,6.252076225076829,0.06671612832071078
2,lsc_kalman_cusum,1976-07-01,0.0,6.252076225076829,0.0
2,lsc_kalman_cusum,1976-08-01,0.0,6.252076225076829,0.0
2,lsc_kalman_cusum,1976-09-01,0.41237673168206057,6.252076225076829,0.06595836596297945
2,lsc_kalman_cusum,1976-10-01,0.647301635187167,6.252076225076829,0.10353386809182938
2,lsc_kalman_cusum,1976-11-01,0.5485256567675552,6.252076225076829,0.08773495987899838
2,lsc_kalman_cusum,1976-12-01,2.2069800020540837,6.252076225076829,0.35299953529068867
2,lsc_kalman_cusum,1977-01-01,2.012053062853004,6.252076225076829,0.3218215822102007
2,lsc_kalman_cusum,1977-02-01,2.0103755287938574,6.252076225076829,0.3215532658943474
2,lsc_kalman_cusum,1977-03-01,1.6335154821030669,6.252076225076829,0.26127568239668947
2,lsc_kalman_cusum,1977-04-01,0.5294505927795983,6.252076225076829,0.08468396316986555
2,lsc_kalman_cusum,1977-05-01,0.6630907867967633,6.252076225076829,0.1060592934131437
2,lsc_kalman_cusum,1977-06-01,0.634191516902314,6.252076225076829,0.10143694575549113
2,lsc_kalman_cusum,1977-07-01,0.04426181053376288,6.252076225076829,0.007079537891145748
2,lsc_kalman_cusum,1977-08-01,0.0,6.252076225076829,0.0
2,lsc_kalman_cusum,1977-09-01,0.0,6.252076225076829,0.0
2,lsc_kalman_cusum,1977-10-01,0.5898285598583415,6.252076225076829,0.0943412297970013
2,lsc_kalman_cusum,1977-11-01,0.1573516995174873,6.252076225076829,0.02516791124304529
2,lsc_kalman_cusum,1977-12-01,0.18041073562061427,6.252076225076829,0.02885613180738168
2,lsc_kalman_cusum,1978-01-01,1.0194005284474499,6.252076225076829,0.16304992001835725
2,lsc_kalman_cusum,1978-02-01,0.5094516106263762,6.252076225076829,0.08148518864549126
2,lsc_kalman_cusum,1978-03-01,0.0,6.252076225076829,0.0
2,lsc_kalman_cusum,1978-04-01,0.09699729784447231,6.252076225076829,0.015514413828708615
2,raw_cusum,1973-05-01,0.3465556389922424,10.406255959411682,0.0333026249156219
2,raw_cusum,1973-06-01,0.0,10.406255959411682,0.0
2,raw_cusum,1973-07-01,0.6153034608945411,10.406255959411682,0.05912822664505432
2,raw_cusum,1973-08-01,1.4456051793109268,10.406255959411682,0.1389169346736551
2,raw_cusum,1973-09-01,1.2871730156502954,10.406255959411682,0.12369223096863607
2,raw_cusum,1973-10-01,2.5205964669201273,10.406255959411682,0.2422193415913853
2,raw_cusum,1973-11-01,2.4640303730589195,10.406255959411682,0.23678356391285837
2,raw_cusum,1973-12-01,2.0312173285344954,10.406255959411682,0.19519194381312627
2,raw_cusum,1974-01-01,0.7228025896554635,10.406255959411682,0.06945846733682756
2,raw_cusum,1974-02-01,0.09059995187644787,10.406255959411682,0.008706296695931929
2,raw_cusum,1974-03-01,0.7228025896554635,10.406255959411682,0.06945846733682756
2,raw_cusum,1974-04-01,1.7143530012132255,10.406255959411682,0.16474253640308753
2,raw_cusum,1974-05-01,1.4696634320204116,10.406255959411682,0.1412288375139582
2,raw_cusum,1974-06-01,0.6337286546425369,10.406255959411682,0.06089881482007721
2,raw_cusum,1974-07-01,1.464030373058918,10.406255959411682,0.14068752284867755
2,raw_cusum,1974-08-01,2.0793338339534593,10.406255959411682,0.19981574949373188
2,raw_cusum,1974-09-01,1.4583973140974245,10.406255959411682,0.14014620818339693
2,raw_cusum,1974-10-01,0.3734304211824673,10.406255959411682,0.03588518508856466
2,raw_cusum,1974-11-01,1.1768573574086238,10.406255959411682,0.11309133294422229
2,raw_cusum,1974-12-01,2.141532986776157,10.406255959411682,0.2057928418375391
2,raw_cusum,1975-01-01,1.386222555968971,10.406255959411682,0.13321049966248774
2,raw_cusum,1975-02-01,1.5984042840100665,10.406255959411682,0.1536003237133937
2,raw_cusum,1975-03-01,1.2065486690796066,10.406255959411682,0.11594455044980642
2,raw_cusum,1975-04-01,3.273090368246568,10.406255959411682,0.3145310264337965
2,raw_cusum,1975-05-01,1.738411253922715,10.406255959411682,0.16705443924339106
2,raw_cusum,1975-06-01,1.2306069217890876,10.406255959411682,0.11825645329010916
2,raw_cusum,1975-07-01,0.49653821421064526,10.406255959411682,0.04771535662272111
2,raw_cusum,1975-08-01,1.703086883290247,10.406255959411682,0.1636599070725271
2,raw_cusum,1975-09-01,1.2433990565755886,10.406255959411682,0.11948572679985128
2,raw_cusum,1975-10-01,1.1796738868893684,10.406255959411682,0.11336199027686238
2,raw_cusum,1975-11-01,1.2843564861695418,10.406255959411682,0.1234215736359951
2,raw_cusum,1975-12-01,1.17404082792788,10.406255959411682,0.11282067561158225
2,raw_cusum,1976-01-01,2.1924660216758722,10.406255959411682,0.2106873048507855
2,raw_cusum,1976-02-01,1.5446547196296083,10.406255959411682,0.14843520336750735
2,raw_cusum,1976-03-01,1.4880886257684005,10.406255959411682,0.1429994256889804
2,raw_cusum,1976-04-01,2.0227677400922586,10.406255959411682,0.19437997181520564
2,raw_cusum,1976-05-01,1.2065486690796066,10.406255959411682,0.11594455044980642
2,raw_cusum,1976-06-01,0.37061389170173187,10.406255959411682,0.03561452775592544
2,raw_cusum,1976-07-01,0.0,10.406255959411682,0.0
2,raw_cusum,1976-08-01,0.0,10.406255959411682,0.0
2,raw_cusum,1976-09-01,0.588428678704312,10.406255959411682,0.05654566647211115
2,raw_cusum,1976-10-01,1.176857357408624,10.406255959411682,0.1130913329442223
2,raw_cusum,1976-11-01,1.4427886498301787,10.406255959411682,0.13864627734101467
2,raw_cusum,1976-12-01,3.3212068736655302,10.406255959411682,0.31915483211440193
2,raw_cusum,1977-01-01,1.206548669079602,10.406255959411682,0.11594455044980598
2,raw_cusum,1977-02-01,1.5531043080718443,10.406255959411682,0.1492471753654279
2,raw_cusum,1977-03-01,1.3084147388790304,10.406255959411682,0.12573347647629854
2,raw_cusum,1977-04-01,0.20373213959885694,10.406255959411682,0.019577852052985147
2,raw_cusum,1977-05-01,0.06654169916696073,10.406255959411682,0.0063943938556286165
2,raw_cusum,1977-06-01,0.588428678704312,10.406255959411682,0.05654566647211115
2,raw_cusum,1977-07-01,0.0,10.406255959411682,0.0
2,raw_cusum,1977-08-01,0.0,10.406255959411682,0.0
2,raw_cusum,1977-09-01,0.0,10.406255959411682,0.0
2,raw_cusum,1977-10-01,0.3465556389922424,10.406255959411682,0.0333026249156219
2,raw_cusum,1977-11-01,0.048116505418969835,10.406255959411682,0.004623805680606198
2,raw_cusum,1977-12-01,0.018425193747996005,10.406255959411682,0.0017705881750229094
2,raw_cusum,1978-01-01,0.848726912164377,10.406255959411682,0.08155929620362325
2,raw_cusum,1978-02-01,0.6040373429715584,10.406255959411682,0.05804559731449347
2,raw_cusum,1978-03-01,0.03685038749598235,10.406255959411682,0.0035411763500448903
2,raw_cusum,1978-04-01,0.007159075825013295,10.406255959411682,0.0006879588444620607
2,raw_var_cusum,1973-05-01,40.21729676745858,38.08776352674885,1.055911217764576
2,raw_var_cusum,1973-06-01,39.189144948471196,38.08776352674885,1.028916936037708
2,raw_var_cusum,1973-07-01,39.38304675835454,38.08776352674885,1.0340078574237108
2,raw_var_cusum,1973-08-01,40.10274942037613,38.08776352674885,1.0529037598180886
2,raw_var_cusum,1973-09-01,42.246736808244705,38.08776352674885,1.1091944734054817
2,raw_var_cusum,1973-10-01,44.20149366965693,38.08776352674885,1.1605169108607396
2,raw_var_cusum,1973-11-01,43.348127298770436,38.08776352674885,1.138111647545996
2,raw_var_cusum,1973-12-01,42.302641385756516,38.08776352674885,1.1106622565551159
2,raw_var_cusum,1974-01-01,42.747887559024626,38.08776352674885,1.1223522622692979
2,raw_var_cusum,1974-02-01,41.777516053459024,38.08776352674885,1.096875011422471
2,raw_var_cusum,1974-03-01,42.222762226727134,38.08776352674885,1.1085650171366532
2,raw_var_cusum,1974-04-01,43.39748485694527,38.08776352674885,1.139407537711355
2,raw_var_cusum,1974-05-01,42.412668273024224,38.08776352674885,1.113551029144518
2,raw_var_cusum,1974-06-01,41.475520447676146,38.08776352674885,1.0889460710537149
2,raw_var_cusum,1974-07-01,42.19522310969773,38.08776352674885,1.1078419734480924
2,raw_var_cusum,1974-08-01,42.38912491958107,38.08776352674885,1.1129328948340953
2,raw_var_cusum,1974-09-01,41.353750561415964,38.08776352674885,1.0857489842472223
2,raw_var_cusum,1974-10-01,41.06663126206295,38.08776352674885,1.078210623556882
2,raw_var_cusum,1974-11-01,41.71555304014286,38.08776352674885,1.0952481631232096
2,raw_var_cusum,1974-12-01,42.81082773940604,38.08776352674885,1.124004766237855
2,raw_var_cusum,1975-01-01,41.82601115548499,38.08776352674885,1.0981482576710178
2,raw_var_cusum,1975-02-01,41.2832139692406,38.08776352674885,1.0838970353364958
2,raw_var_cusum,1975-03-01,43.14552232917798,38.08776352674885,1.1327922233836882
2,raw_var_cusum,1975-04-01,48.68265862274082,38.08776352674885,1.2781705754014994
2,raw_var_cusum,1975-05-01,48.70321949235881,38.08776352674885,1.2787104041473787
2,raw_var_cusum,1975-06-01,49.08346281302742,38.08776352674885,1.2886937501215145
2,raw_var_cusum,1975-07-01,48.943683312899964,38.08776352674885,1.2850238181752796
2,raw_var_cusum,1975-08-01,50.80599167283733,38.08776352674885,1.3339190062224717
2,raw_var_cusum,1975-09-01,49.75761674415232,38.08776352674885,1.3063937636875893
2,raw_var_cusum,1975-10-01,51.52892111045036,38.08776352674885,1.352899628098716
2,raw_var_cusum,1975-11-01,50.84456215632259,38.08776352674885,1.334931680108093
2,raw_var_cusum,1975-12-01,49.946416042534224,38.08776352674885,1.3113507178613177
2,raw_var_cusum,1976-01-01,51.20203111154285,38.08776352674885,1.3443170816680774
2,raw_var_cusum,1976-02-01,50.17387929255547,38.08776352674885,1.3173227999412094
2,raw_var_cusum,1976-03-01,49.32051292166898,38.08776352674885,1.2949175366264658
2,raw_var_cusum,1976-04-01,49.34107379128699,38.08776352674885,1.2954573653723456
2,raw_var_cusum,1976-05-01,51.20338215122437,38.08776352674885,1.344352553419538
2,raw_var_cusum,1976-06-01,50.26623432587629,38.08776352674885,1.3197475953287348
2,raw_var_cusum,1976-07-01,49.29586282031069,38.08776352674885,1.2942703444819081
2,raw_var_cusum,1976-08-01,48.442496449424205,38.08776352674885,1.2718650811671648
2,raw_var_cusum,1976-09-01,48.577173438050224,38.08776352674885,1.2754010459011254
2,raw_var_cusum,1976-10-01,48.71185042667624,38.08776352674885,1.2789370106350861
2,raw_var_cusum,1976-11-01,48.2485011713868,38.08776352674885,1.2667717057606207
2,raw_var_cusum,1976-12-01,52.85537441885891,38.08776352674885,1.3877258606097687
2,raw_var_cusum,1977-01-01,54.717682778796274,38.08776352674885,1.4366210486569606
2,raw_var_cusum,1977-02-01,54.38433922870584,38.08776352674885,1.427869063262588
2,raw_var_cusum,1977-03-01,53.399522644784795,38.08776352674885,1.4020125546957507
2,raw_var_cusum,1977-04-01,52.71516369065702,38.08776352674885,1.3840446067051277
2,raw_var_cusum,1977-05-01,51.796794467171026,38.08776352674885,1.359932683650338
2,raw_var_cusum,1977-06-01,51.931471455797045,38.08776352674885,1.3634686483842986
2,raw_var_cusum,1977-07-01,50.90331963680966,38.08776352674885,1.3364743666574308
2,raw_var_cusum,1977-08-01,49.91850305288862,38.08776352674885,1.3106178580905936
2,raw_var_cusum,1977-09-01,49.065136682002134,38.08776352674885,1.2882125947758505
2,raw_var_cusum,1977-10-01,48.7317931319117,38.08776352674885,1.2794606093814775
2,raw_var_cusum,1977-11-01,47.7224199147864,38.08776352674885,1.252959362690623
2,raw_var_cusum,1977-12-01,46.89361017710417,38.08776352674885,1.2311988374998972
2,raw_var_cusum,1978-01-01,47.613312839125754,38.08776352674885,1.2500947398942748
2,raw_var_cusum,1978-02-01,46.62849625520471,38.08776352674885,1.2242382313274378
2,raw_var_cusum,1978-03-01,45.58301034219079,38.08776352674885,1.1967888403365574
2,raw_var_cusum,1978-04-01,44.75420060450857,38.08776352674885,1.1750283151458318
3,lsc_composite,1978-05-01,3.6414678444180324,11.101313691615758,0.32802134464214294
3,lsc_composite,1978-06-01,3.9504070953658372,11.101313691615758,0.3558504160052133
3,lsc_composite,1978-07-01,4.286164196579458,11.101313691615758,0.38609522401088203
3,lsc_composite,1978-08-01,3.2876652195870384,11.101313691615758,0.2961510061705616
3,lsc_composite,1978-09-01,3.386468656910059,11.101313691615758,0.30505116340129024
3,lsc_composite,1978-10-01,2.9748506789988975,11.101313691615758,0.2679728509289533
3,lsc_composite,1978-11-01,3.603859998801396,11.101313691615758,0.3246336513779629
3,lsc_composite,1978-12-01,3.5787106989425204,11.101313691615758,0.3223682168035062
3,lsc_composite,1979-01-01,3.4982096368239746,11.101313691615758,0.3151167270830289
3,lsc_composite,1979-02-01,4.4361036154143925,11.101313691615758,0.39960168126451107
3,lsc_composite,1979-03-01,4.305920897476453,11.101313691615758,0.3878748963492933
3,lsc_composite,1979-04-01,4.05302794274155,11.101313691615758,0.3650944433542663
3,lsc_composite,1979-05-01,5.845666003654518,11.101313691615758,0.5265742565287065
3,lsc_composite,1979-06-01,5.588472211486226,11.101313691615758,0.5034063865528732
3,lsc_composite,1979-07-01,5.370582907878097,11.101313691615758,0.48377904246902037
3,lsc_composite,1979-08-01,4.600462376817127,11.101313691615758,0.4144070246651634
3,lsc_composite,1979-09-01,4.3357039099529855,11.101313691615758,0.3905577331111287
3,lsc_composite,1979-10-01,4.444508172876851,11.101313691615758,0.40035875900286977
3,lsc_composite,1979-11-01,4.324649797166168,11.101313691615758,0.38956198494168753
3,lsc_composite,1979-12-01,3.965231490932678,11.101313691615758,0.35718578909515997
3,lsc_composite,1980-01-01,5.610370758109736,11.101313691615758,0.5053789951316263
3,lsc_composite,1980-02-01,18.666276434090925,11.101313691615758,1.6814475252769938
3,lsc_composite,1980-03-01,14.432237777547238,11.101313691615758,1.3000477401559378
3,lsc_composite,1980-04-01,23.086910250127975,11.101313691615758,2.079655695844746
3,lsc_composite,1980-05-01,28.558654869781737,11.101313691615758,2.572547327560935
3,lsc_composite,1980-06-01,26.334881297733585,11.101313691615758,2.3722310736631957
3,lsc_composite,1980-07-01,26.281992667708316,11.101313691615758,2.3674668960627363
3,lsc_composite,1980-08-01,30.177967500800488,11.101313691615758,2.718414084955759
3,lsc_composite,1980-09-01,29.852168934925498,11.101313691615758,2.689066336128424
3,lsc_composite,1980-10-01,30.476646829108898,11.101313691615758,2.7453189483444933
3,lsc_composite,1980-11-01,32.358396664047625,11.101313691615758,2.914825899252467
3,lsc_composite,1980-12-01,33.47004620587698,11.101313691615758,3.0149626553797106
3,lsc_composite,1981-01-01,31.312503935866896,11.101313691615758,2.820612479360492
3,lsc_composite,1981-02-01,34.06859596983158,11.101313691615758,3.068879676426206
3,lsc_composite,1981-03-01,38.05472444999993,11.101313691615758,3.427947854382376
3,lsc_composite,1981-04-01,48.14102900233139,11.101313691615758,4.336516410547861
3,lsc_composite,1981-05-01,38.09979370392259,11.101313691615758,3.4320076670473134
3,lsc_composite,1981-06-01,40.858816526395664,11.101313691615758,3.6805388678687816
3,lsc_composite,1981-07-01,45.07688132666917,11.101313691615758,4.0604997371359195
3,lsc_composite,1981-08-01,51.81682256034356,11.101313691615758,4.667629795875248
3,lsc_composite,1981-09-01,47.59562002944952,11.101313691615758,4.2873862816250305
3,lsc_composite,1981-10-01,55.68405384960479,11.101313691615758,5.015987782748635
3,lsc_composite,1981-11-01,62.91102593256635,11.101313691615758,5.666989302363356
3,lsc_composite,1981-12-01,65.62356705614219,11.101313691615758,5.911333458282892
3,lsc_composite,1982-01-01,65.04566107419167,11.101313691615758,5.859276017334531
3,lsc_composite,1982-02-01,67.31822774368693,11.101313691615758,6.0639875255960805
3,lsc_composite,1982-03-01,75.42029321869231,11.101313691615758,6.793816958406762
3,lsc_composite,1982-04-01,79.60350760222096,11.101313691615758,7.170638522028373
3,lsc_composite,1982-05-01,86.85827808771022,11.101313691615758,7.82414410587368
3,lsc_composite,1982-06-01,107.0138861508685,11.101313691615758,9.639749774091197
3,lsc_composite,1982-07-01,114.09579170964324,11.101313691615758,10.277683784020429
3,lsc_composite,1982-08-01,125.85851552194211,11.101313691615758,11.337263230116312
3,lsc_composite,1982-09-01,85.44054589808404,11.101313691615758,7.696435599564475
3,lsc_composite,1982-10-01,90.2418217500875,11.101313691615758,8.128931787437232
3,lsc_composite,1982-11-01,101.82191367633385,11.101313691615758,9.17205985749548
3,lsc_composite,1982-12-01,100.36054126371957,11.101313691615758,9.040420264812141
3,lsc_composite,1983-01-01,118.61498359510377,11.101313691615758,10.68477000921859
3,lsc_composite,1983-02-01,107.72353698861077,11.101313691615758,9.703674716440878
3,lsc_composite,1983-03-01,108.52227979966823,11.101313691615758,9.775625012887387
3,lsc_composite,1983-04-01,116.09774760057206,11.101313691615758,10.458018827830676
3,lsc_tail_cusum,1978-05-01,2.4000000000000044,6.008000000000005,0.3994673768308925
3,lsc_tail_cusum,1978-06-01,2.4800000000000044,6.008000000000005,0.41278295605858895
3,lsc_tail_cusum,1978-07-01,2.5600000000000045,6.008000000000005,0.42609853528628533
3,lsc_tail_cusum,1978-08-01,2.6400000000000046,6.008000000000005,0.4394141145139817
3,lsc_tail_cusum,1978-09-01,2.7200000000000046,6.008000000000005,0.45272969374167815
3,lsc_tail_cusum,1978-10-01,2.8000000000000047,6.008000000000005,0.46604527296937454
3,lsc_tail_cusum,1978-11-01,2.880000000000005,6.008000000000005,0.4793608521970709
3,lsc_tail_cusum,1978-12-01,2.960000000000005,6.008000000000005,0.49267643142476736
3,lsc_tail_cusum,1979-01-01,3.040000000000005,6.008000000000005,0.5059920106524638
3,lsc_tail_cusum,1979-02-01,3.120000000000005,6.008000000000005,0.5193075898801601
3,lsc_tail_cusum,1979-03-01,3.200000000000005,6.008000000000005,0.5326231691078566
3,lsc_tail_cusum,1979-04-01,3.280000000000005,6.008000000000005,0.545938748335553
3,lsc_tail_cusum,1979-05-01,3.360000000000005,6.008000000000005,0.5592543275632493
3,lsc_tail_cusum,1979-06-01,3.4400000000000053,6.008000000000005,0.5725699067909458
3,lsc_tail_cusum,1979-07-01,3.5200000000000053,6.008000000000005,0.5858854860186422
3,lsc_tail_cusum,1979-08-01,3.6000000000000054,6.008000000000005,0.5992010652463385
3,lsc_tail_cusum,1979-09-01,3.6800000000000055,6.008000000000005,0.612516644474035
3,lsc_tail_cusum,1979-10-01,2.7600000000000056,6.008000000000005,0.4593874833555265
3,lsc_tail_cusum,1979-11-01,2.8400000000000056,6.008000000000005,0.47270306258322287
3,lsc_tail_cusum,1979-12-01,2.9200000000000057,6.008000000000005,0.4860186418109193
3,lsc_tail_cusum,1980-01-01,2.0000000000000058,6.008000000000005,0.3328894806924108
3,lsc_tail_cusum,1980-02-01,2.2499999999999996,6.008000000000005,0.37450066577896096
3,lsc_tail_cusum,1980-03-01,2.0999999999999996,6.008000000000005,0.34953395472703025
3,lsc_tail_cusum,1980-04-01,2.9499999999999997,6.008000000000005,0.49101198402130447
3,lsc_tail_cusum,1980-05-01,3.8,6.008000000000005,0.6324900133155786
3,lsc_tail_cusum,1980-06-01,3.65,6.008000000000005,0.6075233022636479
3,lsc_tail_cusum,1980-07-01,4.500000000000001,6.008000000000005,0.7490013315579223
3,lsc_tail_cusum,1980-08-01,5.350000000000001,6.008000000000005,0.8904793608521965
3,lsc_tail_cusum,1980-09-01,5.200000000000002,6.008000000000005,0.8655126498002659
3,lsc_tail_cusum,1980-10-01,5.0500000000000025,6.008000000000005,0.8405459387483353
3,lsc_tail_cusum,1980-11-01,5.900000000000003,6.008000000000005,0.9820239680426095
3,lsc_tail_cusum,1980-12-01,5.7500000000000036,6.008000000000005,0.9570572569906788
3,lsc_tail_cusum,1981-01-01,5.600000000000004,6.008000000000005,0.9320905459387482
3,lsc_tail_cusum,1981-02-01,6.450000000000005,6.008000000000005,1.0735685752330224
3,lsc_tail_cusum,1981-03-01,6.300000000000005,6.008000000000005,1.048601864181092
3,lsc_tail_cusum,1981-04-01,7.150000000000006,6.008000000000005,1.190079893475366
3,lsc_tail_cusum,1981-05-01,7.000000000000006,6.008000000000005,1.1651131824234353
3,lsc_tail_cusum,1981-06-01,7.850000000000008,6.008000000000005,1.3065912117177099
3,lsc_tail_cusum,1981-07-01,8.700000000000008,6.008000000000005,1.4480692410119842
3,lsc_tail_cusum,1981-08-01,9.550000000000008,6.008000000000005,1.5895472703062583
3,lsc_tail_cusum,1981-09-01,9.400000000000007,6.008000000000005,1.5645805592543274
3,lsc_tail_cusum,1981-10-01,9.250000000000007,6.008000000000005,1.5396138482023967
3,lsc_tail_cusum,1981-11-01,10.100000000000007,6.008000000000005,1.6810918774966708
3,lsc_tail_cusum,1981-12-01,10.950000000000006,6.008000000000005,1.8225699067909449
3,lsc_tail_cusum,1982-01-01,11.800000000000006,6.008000000000005,1.964047936085219
3,lsc_tail_cusum,1982-02-01,11.650000000000006,6.008000000000005,1.9390812250332883
3,lsc_tail_cusum,1982-03-01,12.500000000000005,6.008000000000005,2.080559254327562
3,lsc_tail_cusum,1982-04-01,12.350000000000005,6.008000000000005,2.0555925432756315
3,lsc_tail_cusum,1982-05-01,12.200000000000005,6.008000000000005,2.0306258322237007
3,lsc_tail_cusum,1982-06-01,13.050000000000004,6.008000000000005,2.1721038615179746
3,lsc_tail_cusum,1982-07-01,13.900000000000004,6.008000000000005,2.313581890812249
3,lsc_tail_cusum,1982-08-01,14.750000000000004,6.008000000000005,2.455059920106523
3,lsc_tail_cusum,1982-09-01,15.600000000000003,6.008000000000005,2.596537949400797
3,lsc_tail_cusum,1982-10-01,16.45,6.008000000000005,2.7380159786950706
3,lsc_tail_cusum,1982-11-01,16.299999999999997,6.008000000000005,2.7130492676431395
3,lsc_tail_cusum,1982-12-01,16.149999999999995,6.008000000000005,2.6880825565912083
3,lsc_tail_cusum,1983-01-01,15.999999999999993,6.008000000000005,2.6631158455392776
3,lsc_tail_cusum,1983-02-01,15.849999999999993,6.008000000000005,2.6381491344873464
3,lsc_tail_cusum,1983-03-01,15.699999999999992,6.008000000000005,2.6131824234354157
3,lsc_tail_cusum,1983-04-01,15.549999999999992,6.008000000000005,2.588215712383485
3,lsc_kalman_cusum,1978-05-01,0.320581388948861,6.646247191195484,0.04823494819355295
3,lsc_kalman_cusum,1978-06-01,0.10997237211279387,6.646247191195484,0.016546536556521416
3,lsc_kalman_cusum,1978-07-01,0.3308593082721104,6.646247191195484,0.049781372668535606
3,lsc_kalman_cusum,1978-08-01,0.7860460532203999,6.646247191195484,0.1182691571059383
3,lsc_kalman_cusum,1978-09-01,0.0,6.646247191195484,0.0
3,lsc_kalman_cusum,1978-10-01,0.5227485999954626,6.646247191195484,0.07865319855812254
3,lsc_kalman_cusum,1978-11-01,0.5714081616279532,6.646247191195484,0.08597455754954729
3,lsc_kalman_cusum,1978-12-01,0.8180045714771724,6.646247191195484,0.12307766291943094
3,lsc_kalman_cusum,1979-01-01,0.5133835219239922,6.646247191195484,0.07724412095356448
3,lsc_kalman_cusum,1979-02-01,0.0,6.646247191195484,0.0
3,lsc_kalman_cusum,1979-03-01,0.0,6.646247191195484,0.0
3,lsc_kalman_cusum,1979-04-01,0.0,6.646247191195484,0.0
3,lsc_kalman_cusum,1979-05-01,0.0,6.646247191195484,0.0
3,lsc_kalman_cusum,1979-06-01,1.1778908749172314,6.646247191195484,0.17722646194646877
3,lsc_kalman_cusum,1979-07-01,0.1028189750802202,6.646247191195484,0.015470230360439811
3,lsc_kalman_cusum,1979-08-01,0.0,6.646247191195484,0.0
3,lsc_kalman_cusum,1979-09-01,0.8191104119439725,6.646247191195484,0.12324404861574764
3,lsc_kalman_cusum,1979-10-01,4.537181203246705,6.646247191195484,0.6826681392857713
3,lsc_kalman_cusum,1979-11-01,4.578167071515491,6.646247191195484,0.6888349078530135
3,lsc_kalman_cusum,1979-12-01,2.457579051904172,6.646247191195484,0.36976943246405475
3,lsc_kalman_cusum,1980-01-01,4.180803478135797,6.646247191195484,0.629047243935533
3,lsc_kalman_cusum,1980-02-01,10.782037957980727,6.646247191195484,1.6222745931364198
3,lsc_kalman_cusum,1980-03-01,10.047457180369255,6.646247191195484,1.5117489451309414
3,lsc_kalman_cusum,1980-04-01,5.903817928029095,6.646247191195484,0.8882934621887205
3,lsc_kalman_cusum,1980-05-01,10.010472778795467,6.646247191195484,1.5061842406428534
3,lsc_kalman_cusum,1980-06-01,9.922208413952692,6.646247191195484,1.4929039093064411
3,lsc_kalman_cusum,1980-07-01,6.757575251671994,6.646247191195484,1.0167505145797149
3,lsc_kalman_cusum,1980-08-01,5.125107840177451,6.646247191195484,0.7711280806658621
3,lsc_kalman_cusum,1980-09-01,5.584734924584835,6.646247191195484,0.8402839623514347
3,lsc_kalman_cusum,1980-10-01,5.746145163702857,6.646247191195484,0.864569884086613
3,lsc_kalman_cusum,1980-11-01,9.344494448560404,6.646247191195484,1.4059805751641892
3,lsc_kalman_cusum,1980-12-01,8.537901045444057,6.646247191195484,1.2846198463329068
3,lsc_kalman_cusum,1981-01-01,6.58659844636953,6.646247191195484,0.9910251991672876
3,lsc_kalman_cusum,1981-02-01,9.308332975908964,6.646247191195484,1.4005396892610371
3,lsc_kalman_cusum,1981-03-01,7.773497751623323,6.646247191195484,1.1696070771970604
3,lsc_kalman_cusum,1981-04-01,9.985520986252343,6.646247191195484,1.5024299727341637
3,lsc_kalman_cusum,1981-05-01,10.822283122332662,6.646247191195484,1.6283299147629233
3,lsc_kalman_cusum,1981-06-01,6.882786178802169,6.646247191195484,1.0355898570730315
3,lsc_kalman_cusum,1981-07-01,10.907450373144894,6.646247191195484,1.6411442516905441
3,lsc_kalman_cusum,1981-08-01,12.587762905906631,6.646247191195484,1.893965503206393
3,lsc_kalman_cusum,1981-09-01,13.12266337809158,6.646247191195484,1.9744470827801337
3,lsc_kalman_cusum,1981-10-01,11.390978226204169,6.646247191195484,1.7138962633370296
3,lsc_kalman_cusum,1981-11-01,8.311220113133896,6.646247191195484,1.2505132406366195
3,lsc_kalman_cusum,1981-12-01,5.86618353583774,6.646247191195484,0.8826309595599872
3,lsc_kalman_cusum,1982-01-01,9.080042884328288,6.646247191195484,1.3661909680935338
3,lsc_kalman_cusum,1982-02-01,6.837559516869425,6.646247191195484,1.0287850150875189
3,lsc_kalman_cusum,1982-03-01,3.8403567419202496,6.646247191195484,0.5778233387117627
3,lsc_kalman_cusum,1982-04-01,4.036237068954305,6.646247191195484,0.6072956591655588
3,lsc_kalman_cusum,1982-05-01,2.772960477763467,6.646247191195484,0.41722198979251096
3,lsc_kalman_cusum,1982-06-01,5.330706008342705,6.646247191195484,0.8020625557539416
3,lsc_kalman_cusum,1982-07-01,2.4113997671088274,6.646247191195484,0.36282125803314885
3,lsc_kalman_cusum,1982-08-01,5.204410102619246,6.646247191195484,0.7830599664595247
3,lsc_kalman_cusum,1982-09-01,7.075688654690715,6.646247191195484,1.0646141275130614
3,lsc_kalman_cusum,1982-10-01,12.477918285081914,6.646247191195484,1.8774381882172315
3,lsc_kalman_cusum,1982-11-01,12.042257217188862,6.646247191195484,1.8118882537413987
3,lsc_kalman_cusum,1982-12-01,11.179447879255205,6.646247191195484,1.6820692275883165
3,lsc_kalman_cusum,1983-01-01,11.044112250208531,6.646247191195484,1.6617065138412326
3,lsc_kalman_cusum,1983-02-01,9.230885746298608,6.646247191195484,1.388886913283497
3,lsc_kalman_cusum,1983-03-01,10.013989845473688,6.646247191195484,1.5067134214838669
3,lsc_kalman_cusum,1983-04-01,9.791997068850202,6.646247191195484,1.4733121996759317
3,raw_cusum,1978-05-01,0.31689950614523354,9.324866958320017,0.03398434611042715
3,raw_cusum,1978-06-01,0.2232585438694169,9.324866958320017,0.02394227658875248
3,raw_cusum,1978-07-01,0.44892683480997264,9.324866958320017,0.04814297478093479
3,raw_cusum,1978-08-01,0.6445716207553804,9.324866958320017,0.06912394821679123
3,raw_cusum,1978-09-01,0.19436865905460254,9.324866958320017,0.02084412141464164
3,raw_cusum,1978-10-01,0.40813072134991957,9.324866958320017,0.04376799402867288
3,raw_cusum,1978-11-01,0.5881834046881365,9.324866958320017,0.06307686826173277
3,raw_cusum,1978-12-01,0.90508291083337,9.324866958320017,0.09706121437215992
3,raw_cusum,1979-01-01,0.7202107333528673,9.324866958320017,0.07723549693223952
3,raw_cusum,1979-02-01,0.12479808745130638,9.324866958320017,0.013383363860216425
3,raw_cusum,1979-03-01,0.0,9.324866958320017,0.0
3,raw_cusum,1979-04-01,0.0,9.324866958320017,0.0
3,raw_cusum,1979-05-01,0.0,9.324866958320017,0.0
3,raw_cusum,1979-06-01,1.1463433043811166,9.324866958320017,0.12293401176713878
3,raw_cusum,1979-07-01,0.559293519873322,9.324866958320017,0.05997871308762192
3,raw_cusum,1979-08-01,0.0,9.324866958320017,0.0
3,raw_cusum,1979-09-01,0.7730555821686389,9.324866958320017,0.08290258570165314
3,raw_cusum,1979-10-01,4.60235687369405,9.324866958320017,0.4935573766645157
3,raw_cusum,1979-11-01,5.603490493874383,9.324866958320017,0.6009190821617809
3,raw_cusum,1979-12-01,3.822072050311986,9.324866958320017,0.4098795261525722
3,raw_cusum,1980-01-01,5.096899316106361,9.324866958320017,0.5465921754045729
3,raw_cusum,1980-02-01,11.84559949418152,9.324866958320017,1.270323699751277
3,raw_cusum,1980-03-01,12.801117506759516,9.324866958320017,1.3727935812894199
3,raw_cusum,1980-04-01,6.366907087758452,9.324866958320017,0.6827879814497133
3,raw_cusum,1980-05-01,10.914036445604474,9.324866958320017,1.1704227518084358
3,raw_cusum,1980-06-01,12.334073395599631,9.324866958320017,1.32270770733031
3,raw_cusum,1980-07-01,9.785552484191214,9.324866958320017,1.0494039784085236
3,raw_cusum,1980-08-01,5.503638483893886,9.324866958320017,0.5902109390400816
3,raw_cusum,1980-09-01,6.105262177500119,9.324866958320017,0.6547291457121285
3,raw_cusum,1980-10-01,6.604624114054717,9.324866958320017,0.7082807876590463
3,raw_cusum,1980-11-01,10.251462975170764,9.324866958320017,1.0993682827854183
3,raw_cusum,1980-12-01,10.385900050906642,9.324866958320017,1.1137853330593557
3,raw_cusum,1981-01-01,8.558865999741906,9.324866958320017,0.9178539530910246
3,raw_cusum,1981-02-01,10.791621025185414,9.324866958320017,1.1572949054845978
3,raw_cusum,1981-03-01,9.876899126067473,9.324866958320017,1.059200004698717
3,raw_cusum,1981-04-01,11.835960505896947,9.324866958320017,1.2692900133375558
3,raw_cusum,1981-05-01,13.15640337929366,9.324866958320017,1.4108944865486788
3,raw_cusum,1981-06-01,9.68720745444469,9.324866958320017,1.0388574440519367
3,raw_cusum,1981-07-01,12.786659024332655,9.324866958320017,1.3712430516688379
3,raw_cusum,1981-08-01,15.201876480185527,9.324866958320017,1.6302512998989018
3,raw_cusum,1981-09-01,16.339856923172885,9.324866958320017,1.7522884772735352
3,raw_cusum,1981-10-01,14.968978948031546,9.324866958320017,1.6052753368964292
3,raw_cusum,1981-11-01,7.994637559054718,9.324866958320017,0.8573460184245937
3,raw_cusum,1981-12-01,7.255121769093822,9.324866958320017,0.7780402445978615
3,raw_cusum,1982-01-01,10.628266984595829,9.324866958320017,1.1397767959694982
3,raw_cusum,1982-02-01,9.303004617056828,9.324866958320017,0.9976554795515145
3,raw_cusum,1982-03-01,6.1075023378218924,9.324866958320017,0.654969380809507
3,raw_cusum,1982-04-01,5.55770529952267,9.324866958320017,0.5960090716966063
3,raw_cusum,1982-05-01,4.517954459610273,9.324866958320017,0.48450605030661315
3,raw_cusum,1982-06-01,6.328351134620171,9.324866958320017,0.6786532357948296
3,raw_cusum,1982-07-01,4.136392222636707,9.324866958320017,0.44358726415351735
3,raw_cusum,1982-08-01,5.858666423045984,9.324866958320017,0.6282841834883928
3,raw_cusum,1982-09-01,8.73840281631602,9.324866958320017,0.937107505702188
3,raw_cusum,1982-10-01,14.856847349352183,9.324866958320017,1.5932503290136824
3,raw_cusum,1982-11-01,16.094421868937978,9.324866958320017,1.725967988699066
3,raw_cusum,1982-12-01,15.735450122441886,9.324866958320017,1.6874718098151622
3,raw_cusum,1983-01-01,15.695787629162158,9.324866958320017,1.6832183986451144
3,raw_cusum,1983-02-01,14.105194477402883,9.324866958320017,1.5126429728649016
3,raw_cusum,1983-03-01,14.658534882953585,9.324866958320017,1.571983273163448
3,raw_cusum,1983-04-01,14.755719212480882,9.324866958320017,1.5824053338707682
3,raw_var_cusum,1978-05-01,20.40599143415582,40.12381649208301,0.5085755348866727
3,raw_var_cusum,1978-06-01,21.190863766615696,40.12381649208301,0.5281367930390408
3,raw_var_cusum,1978-07-01,21.614269298139106,40.12381649208301,0.5386892670691958
3,raw_var_cusum,1978-08-01,21.254225103100506,40.12381649208301,0.5297159383453531
3,raw_var_cusum,1978-09-01,22.20174535807713,40.12381649208301,0.5533308468414974
3,raw_var_cusum,1978-10-01,22.327043951017604,40.12381649208301,0.5564536453161938
3,raw_var_cusum,1978-11-01,22.814572298902092,40.12381649208301,0.568604242904055
3,raw_var_cusum,1978-12-01,23.097247495761767,40.12381649208301,0.5756493154214076
3,raw_var_cusum,1979-01-01,23.947941951235887,40.12381649208301,0.5968510487022378
3,raw_var_cusum,1979-02-01,24.88883837823795,40.12381649208301,0.6203008725042112
3,raw_var_cusum,1979-03-01,25.838820893875276,40.12381649208301,0.643977147562063
3,raw_var_cusum,1979-04-01,26.757036779016794,40.12381649208301,0.666861707542111
3,raw_var_cusum,1979-05-01,27.656907088249707,40.12381649208301,0.68928904342155
3,raw_var_cusum,1979-06-01,25.89646081236917,40.12381649208301,0.6454136988060173
3,raw_var_cusum,1979-07-01,26.838883147386316,40.12381649208301,0.6689015525898939
3,raw_var_cusum,1979-08-01,27.716246313396763,40.12381649208301,0.6907679462362601
3,raw_var_cusum,1979-09-01,27.04557579810603,40.12381649208301,0.6740529232417983
3,raw_var_cusum,1979-10-01,18.263520188094322,40.12381649208301,0.4551790379087685
3,raw_var_cusum,1979-11-01,19.466922333730036,40.12381649208301,0.48517125327724325
3,raw_var_cusum,1979-12-01,20.05895556123191,40.12381649208301,0.4999264106690804
3,raw_var_cusum,1980-01-01,22.15896738463905,40.12381649208301,0.5522646976767857
3,raw_var_cusum,1980-02-01,73.65262165626588,40.12381649208301,1.835633498892075
3,raw_var_cusum,1980-03-01,74.72115434120488,40.12381649208301,1.8622643824509668
3,raw_var_cusum,1980-04-01,108.88600763818566,40.12381649208301,2.713750015771067
3,raw_var_cusum,1980-05-01,143.5943269466292,40.12381649208301,3.578780372873113
3,raw_var_cusum,1980-06-01,146.23086883597588,40.12381649208301,3.6444905201086564
3,raw_var_cusum,1980-07-01,149.37730676045345,40.12381649208301,3.7229087315242726
3,raw_var_cusum,1980-08-01,162.63018026609836,40.12381649208301,4.053208156262692
3,raw_var_cusum,1980-09-01,164.7301920895055,40.12381649208301,4.105546443270397
3,raw_var_cusum,1980-10-01,164.67891636973962,40.12381649208301,4.10426850601894
3,raw_var_cusum,1980-11-01,180.82518890980185,40.12381649208301,4.506679690988049
3,raw_var_cusum,1980-12-01,180.17769931287015,40.12381649208301,4.4905424026256755
3,raw_var_cusum,1981-01-01,180.88871868582083,40.12381649208301,4.508263034288194
3,raw_var_cusum,1981-02-01,187.30666871490757,40.12381649208301,4.668216662586566
3,raw_var_cusum,1981-03-01,186.42866296851557,40.12381649208301,4.646334254003493
3,raw_var_cusum,1981-04-01,191.4256458382844,40.12381649208301,4.770873325972253
3,raw_var_cusum,1981-05-01,193.68965809358528,40.12381649208301,4.827298971716785
3,raw_var_cusum,1981-06-01,201.455782533725,40.12381649208301,5.020852953344432
3,raw_var_cusum,1981-07-01,213.3618341376939,40.12381649208301,5.317585733146626
3,raw_var_cusum,1981-08-01,220.8103269526032,40.12381649208301,5.5032234283140085
3,raw_var_cusum,1981-09-01,222.44330688421223,40.12381649208301,5.5439219479060124
3,raw_var_cusum,1981-10-01,222.1517353317985,40.12381649208301,5.536655152822568
3,raw_var_cusum,1981-11-01,287.097205109023,40.12381649208301,7.155281581094642
3,raw_var_cusum,1981-12-01,288.0350299005791,40.12381649208301,7.178654850976414
3,raw_var_cusum,1982-01-01,301.9862837609452,40.12381649208301,7.526359906977725
3,raw_var_cusum,1982-02-01,301.61734173622125,40.12381649208301,7.517164818948232
3,raw_var_cusum,1982-03-01,307.833074273582,40.12381649208301,7.672078610326657
3,raw_var_cusum,1982-04-01,306.78555401860535,40.12381649208301,7.645971416481243
3,raw_var_cusum,1982-05-01,307.26276266797225,40.12381649208301,7.657864817734861
3,raw_var_cusum,1982-06-01,315.251496279676,40.12381649208301,7.856966855131529
3,raw_var_cusum,1982-07-01,317.06422123951626,40.12381649208301,7.9021451337281805
3,raw_var_cusum,1982-08-01,333.2799225942647,40.12381649208301,8.306286682873885
3,raw_var_cusum,1982-09-01,343.65254068225863,40.12381649208301,8.564801923816646
3,raw_var_cusum,1982-10-01,386.4063487191349,40.12381649208301,9.630348817774557
3,raw_var_cusum,1982-11-01,388.3755139302487,40.12381649208301,9.67942603383406
3,raw_var_cusum,1982-12-01,387.34540289853504,40.12381649208301,9.65375272750945
3,raw_var_cusum,1983-01-01,386.50731351862845,40.12381649208301,9.632865148680255
3,raw_var_cusum,1983-02-01,386.6467069412927,40.12381649208301,9.63633923053116
3,raw_var_cusum,1983-03-01,386.70623295125836,40.12381649208301,9.63782278855654
3,raw_var_cusum,1983-04-01,386.0128620746913,40.12381649208301,9.620542007783758
4,lsc_composite,1983-05-01,25.335799822374444,11.577171161189609,2.18842750699827
4,lsc_composite,1983-06-01,30.094539667997335,11.577171161189609,2.5994726387810423
4,lsc_composite,1983-07-01,22.902609514085107,11.577171161189609,1.978256103776197
4,lsc_composite,1983-08-01,22.582605259897953,11.577171161189609,1.9506151326156504
4,lsc_composite,1983-09-01,18.192182451445646,11.577171161189609,1.5713840797682663
4,lsc_composite,1983-10-01,13.468538027687037,11.577171161189609,1.163370381258411
4,lsc_composite,1983-11-01,13.476973977475836,11.577171161189609,1.1640990523362889
4,lsc_composite,1983-12-01,15.240122933673652,11.577171161189609,1.3163943697026292
4,lsc_composite,1984-01-01,12.993047046585845,11.577171161189609,1.1222989507266425
4,lsc_composite,1984-02-01,15.074918836353154,11.577171161189609,1.3021245541302107
4,lsc_composite,1984-03-01,14.07947935496632,11.577171161189609,1.2161415909756306
4,lsc_composite,1984-04-01,13.492077422479339,11.577171161189609,1.1654036408919226
4,lsc_composite,1984-05-01,14.563182845465967,11.577171161189609,1.2579223925000285
4,lsc_composite,1984-06-01,18.14467913260719,11.577171161189609,1.5672808909860445
4,lsc_composite,1984-07-01,16.033631493637024,11.577171161189609,1.3849351685657805
4,lsc_composite,1984-08-01,16.265173636951737,11.577171161189609,1.4049350580112192
4,lsc_composite,1984-09-01,13.547751943810656,11.577171161189609,1.1702126327048759
4,lsc_composite,1984-10-01,9.606810453157953,11.577171161189609,0.8298063766529654
4,lsc_composite,1984-11-01,8.112860861413536,11.577171161189609,0.7007636622502781
4,lsc_composite,1984-12-01,9.171839180535253,11.577171161189609,0.7922349123836226
4,lsc_composite,1985-01-01,9.541304308668094,11.577171161189609,0.8241481598418106
4,lsc_composite,1985-02-01,8.887034784085456,11.577171161189609,0.7676343953415534
4,lsc_composite,1985-03-01,6.827158198273355,11.577171161189609,0.5897086691747444
4,lsc_composite,1985-04-01,7.166535789336889,11.577171161189609,0.619023048856824
4,lsc_composite,1985-05-01,7.061645035094916,11.577171161189609,0.6099629120771588
4,lsc_composite,1985-06-01,7.008811639463008,11.577171161189609,0.6053993278564277
4,lsc_composite,1985-07-01,6.418278077473318,11.577171161189609,0.5543908773664369
4,lsc_composite,1985-08-01,6.643963622247281,11.577171161189609,0.573884892064132
4,lsc_composite,1985-09-01,6.317846170206665,11.577171161189609,0.5457158819061181
4,lsc_composite,1985-10-01,6.1694664500754515,11.577171161189609,0.5328993036535109
4,lsc_composite,1985-11-01,5.873301706181787,11.577171161189609,0.507317515169075
4,lsc_composite,1985-12-01,6.115053913720404,11.577171161189609,0.5281993181736853
4,lsc_composite,1986-01-01,5.114809162243386,11.577171161189609,0.4418012907496666
4,lsc_composite,1986-02-01,5.335758082263856,11.577171161189609,0.4608861705483831
4,lsc_composite,1986-03-01,6.736959395201985,11.577171161189609,0.5819175773945913
4,lsc_composite,1986-04-01,6.839026153874704,11.577171161189609,0.5907337862293436
4,lsc_composite,1986-05-01,6.116718939661096,11.577171161189609,0.528343137930473
4,lsc_composite,1986-06-01,6.037528444845638,11.577171161189609,0.5215029095436863
4,lsc_composite,1986-07-01,6.312566452322645,11.577171161189609,0.5452598363134158
4,lsc_composite,1986-08-01,6.471809188902168,11.577171161189609,0.559014728105407
4,lsc_composite,1986-09-01,5.807588425200267,11.577171161189609,0.501641406552679
4,lsc_composite,1986-10-01,6.567272421969439,11.577171161189609,0.5672605449580846
4,lsc_composite,1986-11-01,5.521076644771489,11.577171161189609,0.47689341099835414
4,lsc_composite,1986-12-01,5.9537886454911275,11.577171161189609,0.5142697263948327
4,lsc_composite,1987-01-01,6.028119022492296,11.577171161189609,0.5206901529365381
4,lsc_composite,1987-02-01,5.796196411272761,11.577171161189609,0.5006573998580474
4,lsc_composite,1987-03-01,4.878402650094285,11.577171161189609,0.4213812322692659
4,lsc_composite,1987-04-01,5.673591657208437,11.577171161189609,0.4900671829253191
4,lsc_composite,1987-05-01,6.294020214779874,11.577171161189609,0.5436578700571905
4,lsc_composite,1987-06-01,7.092354244504938,11.577171161189609,0.6126154779745145
4,lsc_composite,1987-07-01,7.172678877232761,11.577171161189609,0.6195536696630937
4,lsc_composite,1987-08-01,6.979517268058521,11.577171161189609,0.6028689712609675
4,lsc_composite,1987-09-01,4.914152928756421,11.577171161189609,0.42446923003351955
4,lsc_composite,1987-10-01,5.038755613410491,11.577171161189609,0.43523202199014005
4,lsc_composite,1987-11-01,5.4793376873623325,11.577171161189609,0.47328812980936397
4,lsc_composite,1987-12-01,5.468648720997705,11.577171161189609,0.47236485017431284
4,lsc_composite,1988-01-01,6.1106841338608815,11.577171161189609,0.5278218701944958
4,lsc_composite,1988-02-01,5.4583599010241235,11.577171161189609,0.47147613393868587
4,lsc_composite,1988-03-01,5.226333495105194,11.577171161189609,0.4514344153972207
4,lsc_composite,1988-04-01,5.457947381807162,11.577171161189609,0.4714405018130812
4,lsc_tail_cusum,1983-05-01,4.400000000000011,5.364500000000004,0.8202069158355872
4,lsc_tail_cusum,1983-06-01,4.2500000000000115,5.364500000000004,0.7922453164321015
4,lsc_tail_cusum,1983-07-01,4.100000000000012,5.364500000000004,0.7642837170286157
4,lsc_tail_cusum,1983-08-01,3.9500000000000126,5.364500000000004,0.73632211762513
4,lsc_tail_cusum,1983-09-01,3.8000000000000127,5.364500000000004,0.7083605182216441
4,lsc_tail_cusum,1983-10-01,3.650000000000013,5.364500000000004,0.6803989188181583
4,lsc_tail_cusum,1983-11-01,3.500000000000013,5.364500000000004,0.6524373194146724
4,lsc_tail_cusum,1983-12-01,3.350000000000013,5.364500000000004,0.6244757200111866
4,lsc_tail_cusum,1984-01-01,3.200000000000013,5.364500000000004,0.5965141206077007
4,lsc_tail_cusum,1984-02-01,3.050000000000013,5.364500000000004,0.568552521204215
4,lsc_tail_cusum,1984-03-01,2.9000000000000132,5.364500000000004,0.5405909218007291
4,lsc_tail_cusum,1984-04-01,2.7500000000000133,5.364500000000004,0.5126293223972432
4,lsc_tail_cusum,1984-05-01,2.6000000000000134,5.364500000000004,0.4846677229937574
4,lsc_tail_cusum,1984-06-01,2.4500000000000135,5.364500000000004,0.4567061235902715
4,lsc_tail_cusum,1984-07-01,2.3000000000000136,5.364500000000004,0.4287445241867857
4,lsc_tail_cusum,1984-08-01,2.1500000000000137,5.364500000000004,0.40078292478329985
4,lsc_tail_cusum,1984-09-01,2.0000000000000138,5.364500000000004,0.372821325379814
4,lsc_tail_cusum,1984-10-01,1.9200000000000006,5.364500000000004,0.3579084723646191
4,lsc_tail_cusum,1984-11-01,2.0000000000000004,5.364500000000004,0.37282132537981155
4,lsc_tail_cusum,1984-12-01,2.0800000000000005,5.364500000000004,0.387734178395004
4,lsc_tail_cusum,1985-01-01,2.1600000000000006,5.364500000000004,0.4026470314101965
4,lsc_tail_cusum,1985-02-01,2.2400000000000007,5.364500000000004,0.41755988442538894
4,lsc_tail_cusum,1985-03-01,2.3200000000000007,5.364500000000004,0.4324727374405814
4,lsc_tail_cusum,1985-04-01,2.400000000000001,5.364500000000004,0.44738559045577386
4,lsc_tail_cusum,1985-05-01,2.480000000000001,5.364500000000004,0.4622984434709664
4,lsc_tail_cusum,1985-06-01,2.560000000000001,5.364500000000004,0.47721129648615884
4,lsc_tail_cusum,1985-07-01,2.640000000000001,5.364500000000004,0.4921241495013513
4,lsc_tail_cusum,1985-08-01,2.720000000000001,5.364500000000004,0.5070370025165437
4,lsc_tail_cusum,1985-09-01,2.800000000000001,5.364500000000004,0.5219498555317362
4,lsc_tail_cusum,1985-10-01,2.8800000000000012,5.364500000000004,0.5368627085469287
4,lsc_tail_cusum,1985-11-01,2.9600000000000013,5.364500000000004,0.5517755615621212
4,lsc_tail_cusum,1985-12-01,3.0400000000000014,5.364500000000004,0.5666884145773137
4,lsc_tail_cusum,1986-01-01,3.1200000000000014,5.364500000000004,0.5816012675925061
4,lsc_tail_cusum,1986-02-01,3.2000000000000015,5.364500000000004,0.5965141206076986
4,lsc_tail_cusum,1986-03-01,2.2800000000000016,5.364500000000004,0.42501631093298536
4,lsc_tail_cusum,1986-04-01,2.3600000000000017,5.364500000000004,0.4399291639481778
4,lsc_tail_cusum,1986-05-01,2.4400000000000017,5.364500000000004,0.4548420169633703
4,lsc_tail_cusum,1986-06-01,2.520000000000002,5.364500000000004,0.46975486997856275
4,lsc_tail_cusum,1986-07-01,2.600000000000002,5.364500000000004,0.4846677229937552
4,lsc_tail_cusum,1986-08-01,2.680000000000002,5.364500000000004,0.4995805760089477
4,lsc_tail_cusum,1986-09-01,2.760000000000002,5.364500000000004,0.5144934290241402
4,lsc_tail_cusum,1986-10-01,2.840000000000002,5.364500000000004,0.5294062820393326
4,lsc_tail_cusum,1986-11-01,2.920000000000002,5.364500000000004,0.5443191350545251
4,lsc_tail_cusum,1986-12-01,3.000000000000002,5.364500000000004,0.5592319880697176
4,lsc_tail_cusum,1987-01-01,3.0800000000000023,5.364500000000004,0.57414484108491
4,lsc_tail_cusum,1987-02-01,3.1600000000000024,5.364500000000004,0.5890576941001026
4,lsc_tail_cusum,1987-03-01,3.2400000000000024,5.364500000000004,0.603970547115295
4,lsc_tail_cusum,1987-04-01,2.3200000000000025,5.364500000000004,0.43247273744058173
4,lsc_tail_cusum,1987-05-01,2.4000000000000026,5.364500000000004,0.4473855904557742
4,lsc_tail_cusum,1987-06-01,2.4800000000000026,5.364500000000004,0.46229844347096666
4,lsc_tail_cusum,1987-07-01,2.5600000000000027,5.364500000000004,0.4772112964861592
4,lsc_tail_cusum,1987-08-01,2.640000000000003,5.364500000000004,0.49212414950135164
4,lsc_tail_cusum,1987-09-01,2.720000000000003,5.364500000000004,0.507037002516544
4,lsc_tail_cusum,1987-10-01,2.800000000000003,5.364500000000004,0.5219498555317366
4,lsc_tail_cusum,1987-11-01,2.880000000000003,5.364500000000004,0.5368627085469291
4,lsc_tail_cusum,1987-12-01,2.960000000000003,5.364500000000004,0.5517755615621215
4,lsc_tail_cusum,1988-01-01,3.040000000000003,5.364500000000004,0.566688414577314
4,lsc_tail_cusum,1988-02-01,3.120000000000003,5.364500000000004,0.5816012675925064
4,lsc_tail_cusum,1988-03-01,3.2000000000000033,5.364500000000004,0.5965141206076989
4,lsc_tail_cusum,1988-04-01,3.2800000000000034,5.364500000000004,0.6114269736228914
4,lsc_kalman_cusum,1983-05-01,1.555811025023098,6.425804504425551,0.24211925898952993
4,lsc_kalman_cusum,1983-06-01,0.6218150667685922,6.425804504425551,0.09676843830843881
4,lsc_kalman_cusum,1983-07-01,1.0522571865326644,6.425804504425551,0.16375493306837433
4,lsc_kalman_cusum,1983-08-01,1.3004661884807063,6.425804504425551,0.2023818476869402
4,lsc_kalman_cusum,1983-09-01,0.29085033966772156,6.425804504425551,0.04526286778058816
4,lsc_kalman_cusum,1983-10-01,0.0,6.425804504425551,0.0
4,lsc_kalman_cusum,1983-11-01,0.0,6.425804504425551,0.0
4,lsc_kalman_cusum,1983-12-01,0.0,6.425804504425551,0.0
4,lsc_kalman_cusum,1984-01-01,0.0,6.425804504425551,0.0
4,lsc_kalman_cusum,1984-02-01,0.009534329576017186,6.425804504425551,0.0014837565583345627
4,lsc_kalman_cusum,1984-03-01,0.5258648318066586,6.425804504425551,0.08183641930663892
4,lsc_kalman_cusum,1984-04-01,0.4307684413228192,6.425804504425551,0.06703727774882387
4,lsc_kalman_cusum,1984-05-01,1.5593796807300913,6.425804504425551,0.24267462224475117
4,lsc_kalman_cusum,1984-06-01,0.8832285838363829,6.425804504425551,0.13745027307134688
4,lsc_kalman_cusum,1984-07-01,0.07347953832811294,6.425804504425551,0.011435072180846217
4,lsc_kalman_cusum,1984-08-01,0.9467011080798367,6.425804504425551,0.14732802833136752
4,lsc_kalman_cusum,1984-09-01,0.48354648057216487,6.425804504425551,0.07525073012089598
4,lsc_kalman_cusum,1984-10-01,0.696546285052007,6.425804504425551,0.10839830009958827
4,lsc_kalman_cusum,1984-11-01,1.3431857103293945,6.425804504425551,0.2090299680614811
4,lsc_kalman_cusum,1984-12-01,0.6074637366592077,6.425804504425551,0.09453504790580511
4,lsc_kalman_cusum,1985-01-01,0.3428660589650714,6.425804504425551,0.05335768598763536
4,lsc_kalman_cusum,1985-02-01,0.0,6.425804504425551,0.0
4,lsc_kalman_cusum,1985-03-01,0.23697031852827488,6.425804504425551,0.03687792219092095
4,lsc_kalman_cusum,1985-04-01,0.7516613106182293,6.425804504425551,0.11697544021150168
4,lsc_kalman_cusum,1985-05-01,1.3271715243522455,6.425804504425551,0.2065377998098451
4,lsc_kalman_cusum,1985-06-01,2.060162011293494,6.425804504425551,0.3206076390706609
4,lsc_kalman_cusum,1985-07-01,0.7377659894968336,6.425804504425551,0.11481301508452718
4,lsc_kalman_cusum,1985-08-01,0.29249985509610754,6.425804504425551,0.04551956955656811
4,lsc_kalman_cusum,1985-09-01,0.0,6.425804504425551,0.0
4,lsc_kalman_cusum,1985-10-01,0.0,6.425804504425551,0.0
4,lsc_kalman_cusum,1985-11-01,0.49634315487809577,6.425804504425551,0.07724218104305174
4,lsc_kalman_cusum,1985-12-01,0.9099987634222741,6.425804504425551,0.14161631633759536
4,lsc_kalman_cusum,1986-01-01,0.22182665254431622,6.425804504425551,0.03452122646923677
4,lsc_kalman_cusum,1986-02-01,0.8296648789420085,6.425804504425551,0.12911455341826933
4,lsc_kalman_cusum,1986-03-01,2.1661159252294384,6.425804504425551,0.3370964559749057
4,lsc_kalman_cusum,1986-04-01,2.1729836117982186,6.425804504425551,0.33816522278286726
4,lsc_kalman_cusum,1986-05-01,0.792809501160012,6.425804504425551,0.12337902602140974
4,lsc_kalman_cusum,1986-06-01,0.22651730077933419,6.425804504425551,0.035251197048296164
4,lsc_kalman_cusum,1986-07-01,0.7401029758456039,6.425804504425551,0.11517670282933187
4,lsc_kalman_cusum,1986-08-01,0.20699263261673184,6.425804504425551,0.032212718652453995
4,lsc_kalman_cusum,1986-09-01,0.2485286533127259,6.425804504425551,0.0386766595749311
4,lsc_kalman_cusum,1986-10-01,0.0,6.425804504425551,0.0
4,lsc_kalman_cusum,1986-11-01,0.0,6.425804504425551,0.0
4,lsc_kalman_cusum,1986-12-01,0.0,6.425804504425551,0.0
4,lsc_kalman_cusum,1987-01-01,0.0,6.425804504425551,0.0
4,lsc_kalman_cusum,1987-02-01,0.0,6.425804504425551,0.0
4,lsc_kalman_cusum,1987-03-01,0.0,6.425804504425551,0.0
4,lsc_kalman_cusum,1987-04-01,1.3156098544557115,6.425804504425551,0.20473854340723105
4,lsc_kalman_cusum,1987-05-01,1.6837429405145632,6.425804504425551,0.262028348256618
4,lsc_kalman_cusum,1987-06-01,0.3959437389352607,6.425804504425551,0.06161776920890887
4,lsc_kalman_cusum,1987-07-01,0.048345533746813496,6.425804504425551,0.007523654619980607
4,lsc_kalman_cusum,1987-08-01,0.24534115757590724,6.425804504425551,0.03818061340131605
4,lsc_kalman_cusum,1987-09-01,1.0910002118804287,6.425804504425551,0.16978422096860243
4,lsc_kalman_cusum,1987-10-01,0.37846642169472966,6.425804504425551,0.05889790475792937
4,lsc_kalman_cusum,1987-11-01,1.12416539353936,6.425804504425551,0.17494547068232932
4,lsc_kalman_cusum,1987-12-01,0.25485881164006197,6.425804504425551,0.039661774874186845
4,lsc_kalman_cusum,1988-01-01,0.34284604832876386,6.425804504425551,0.053354571881643845
4,lsc_kalman_cusum,1988-02-01,0.7101252899104118,6.425804504425551,0.11051149928718458
4,lsc_kalman_cusum,1988-03-01,0.1897401070851359,6.425804504425551,0.029527836857541952
4,lsc_kalman_cusum,1988-04-01,0.4063319129934977,6.425804504425551,0.0632344032118703
4,raw_cusum,1983-05-01,0.0,11.042743848584852,0.0
4,raw_cusum,1983-06-01,0.4887117423803473,11.042743848584852,0.0442563686237254
4,raw_cusum,1983-07-01,1.11258058643411,11.042743848584852,0.10075218638497073
4,raw_cusum,1983-08-01,1.6012923288144574,11.042743848584852,0.14500855500869614
4,raw_cusum,1983-09-01,0.5807497691750607,11.042743848584852,0.05259107493012118
4,raw_cusum,1983-10-01,0.0,11.042743848584852,0.0
4,raw_cusum,1983-11-01,0.0,11.042743848584852,0.0
4,raw_cusum,1983-12-01,0.0,11.042743848584852,0.0
4,raw_cusum,1984-01-01,0.0,11.042743848584852,0.0
4,raw_cusum,1984-02-01,0.0,11.042743848584852,0.0
4,raw_cusum,1984-03-01,0.5112379259925859,11.042743848584852,0.0462962768133123
4,raw_cusum,1984-04-01,0.6395307305771762,11.042743848584852,0.057914114403652794
4,raw_cusum,1984-05-01,1.826554164936811,11.042743848584852,0.1654076369045622
4,raw_cusum,1984-06-01,1.5944280317256405,11.042743848584852,0.14438694346151745
4,raw_cusum,1984-07-01,0.5738854720862399,11.042743848584852,0.05196946338294212
4,raw_cusum,1984-08-01,1.0322371982171383,11.042743848584852,0.09347651384211193
4,raw_cusum,1984-09-01,1.052779757856539,11.042743848584852,0.09533679059226341
4,raw_cusum,1984-10-01,1.4337412552916966,11.042743848584852,0.1298355983757998
4,raw_cusum,1984-11-01,2.332804975808261,11.042743848584852,0.21125229451982755
4,raw_cusum,1984-12-01,2.0605071484886044,11.042743848584852,0.18659376480535336
4,raw_cusum,1985-01-01,1.9008402392301207,11.042743848584852,0.17213477603881186
4,raw_cusum,1985-02-01,1.1780187396657646,11.042743848584852,0.10667808253260623
4,raw_cusum,1985-03-01,0.21839753903352854,11.042743848584852,0.019777470348686627
4,raw_cusum,1985-04-01,0.5386447827208036,11.042743848584852,0.048778165110642493
4,raw_cusum,1985-05-01,1.4151823196251339,11.042743848584852,0.12815495306508373
4,raw_cusum,1985-06-01,2.5395078762640484,11.042743848584852,0.22997073110497723
4,raw_cusum,1985-07-01,1.771634009475219,11.042743848584852,0.16043422121959816
4,raw_cusum,1985-08-01,1.296600529645447,11.042743848584852,0.11741651779884478
4,raw_cusum,1985-09-01,0.7765146825912062,11.042743848584852,0.07031899799891836
4,raw_cusum,1985-10-01,0.6393739569449568,11.042743848584852,0.05789991742196336
4,raw_cusum,1985-11-01,1.2455972905024681,11.042743848584852,0.11279780710136582
4,raw_cusum,1985-12-01,1.9869777257333867,11.042743848584852,0.17993514591828746
4,raw_cusum,1986-01-01,1.71467989841373,11.042743848584852,0.15527661620381328
4,raw_cusum,1986-02-01,2.388481782807945,11.042743848584852,0.21629423045197535
4,raw_cusum,1986-03-01,4.030909562528265,11.042743848584852,0.3650278968523601
4,raw_cusum,1986-04-01,4.682185263310245,11.042743848584852,0.4240056029109356
4,raw_cusum,1986-05-01,3.3286306226033053,11.042743848584852,0.30143148009630555
4,raw_cusum,1986-06-01,2.6959138574878874,11.042743848584852,0.24413441934844607
4,raw_cusum,1986-07-01,3.392241925494337,11.042743848584852,0.30719194178619463
4,raw_cusum,1986-08-01,3.25510119984809,11.042743848584852,0.29477286120923984
4,raw_cusum,1986-09-01,2.1943869461002055,11.042743848584852,0.19871754485923535
4,raw_cusum,1986-10-01,1.8094582007193738,11.042743848584852,0.16385947419682828
4,raw_cusum,1986-11-01,1.784948393134301,11.042743848584852,0.16163993456780631
4,raw_cusum,1986-12-01,1.6703338511002883,11.042743848584852,0.15126076218043805
4,raw_cusum,1987-01-01,1.3079312893316912,11.042743848584852,0.11844259970761752
4,raw_cusum,1987-02-01,0.4950050553183929,11.042743848584852,0.0448262734430654
4,raw_cusum,1987-03-01,0.0650239427130902,11.042743848584852,0.005888386401485092
4,raw_cusum,1987-04-01,1.1644972507474003,11.042743848584852,0.10545361431132289
4,raw_cusum,1987-05-01,1.9235231964745703,11.042743848584852,0.1741888812100874
4,raw_cusum,1987-06-01,0.880454453222939,11.042743848584852,0.07973149294192593
4,raw_cusum,1987-07-01,0.4230664838894146,11.042743848584852,0.038311717603015064
4,raw_cusum,1987-08-01,0.5513592884740048,11.042743848584852,0.04992955519335555
4,raw_cusum,1987-09-01,1.4680685194868208,11.042743848584852,0.13294417941922618
4,raw_cusum,1987-10-01,1.1233114682144731,11.042743848584852,0.10172394502824836
4,raw_cusum,1987-11-01,1.0567470058022108,11.042743848584852,0.09569605347113389
4,raw_cusum,1987-12-01,0.3339255062378508,11.042743848584852,0.030239359964927916
4,raw_cusum,1988-01-01,0.6247822692240703,11.042743848584852,0.05657853499011818
4,raw_cusum,1988-02-01,1.2310056027815777,11.042743848584852,0.11147642466952028
4,raw_cusum,1988-03-01,0.4406055523805179,11.042743848584852,0.03990000659455506
4,raw_cusum,1988-04-01,0.21839753903353254,11.042743848584852,0.019777470348686987
4,raw_var_cusum,1983-05-01,58.8242775980792,41.330369352558414,1.4232700679806018
4,raw_var_cusum,1983-06-01,58.75182850759998,41.330369352558414,1.4215171417035293
4,raw_var_cusum,1983-07-01,58.964909686234726,41.330369352558414,1.4266727012103197
4,raw_var_cusum,1983-08-01,58.89246059575551,41.330369352558414,1.4249197749332472
4,raw_var_cusum,1983-09-01,58.11342515215145,41.330369352558414,1.4060707915874007
4,raw_var_cusum,1983-10-01,57.164426382370536,41.330369352558414,1.3831094973950908
4,raw_var_cusum,1983-11-01,56.18618279087894,41.330369352558414,1.3594406164531634
4,raw_var_cusum,1983-12-01,55.19637827651906,41.330369352558414,1.3354920157059356
4,raw_var_cusum,1984-01-01,54.331654997873756,41.330369352558414,1.3145697909063216
4,raw_var_cusum,1984-02-01,53.3795778258075,41.330369352558414,1.2915340138982625
4,raw_var_cusum,1984-03-01,53.35217996877329,41.330369352558414,1.2908711149824434
4,raw_var_cusum,1984-04-01,52.696931817066066,41.330369352558414,1.2750172002468214
4,raw_var_cusum,1984-05-01,54.49297988514465,41.330369352558414,1.3184730922752195
4,raw_var_cusum,1984-06-01,53.51473629365305,41.330369352558414,1.2948042113332918
4,raw_var_cusum,1984-07-01,52.73570085004899,41.330369352558414,1.2759552279874453
4,raw_var_cusum,1984-08-01,53.97092153035367,41.330369352558414,1.3058417424235476
4,raw_var_cusum,1984-09-01,53.19188608674961,41.330369352558414,1.286992759077701
4,raw_var_cusum,1984-10-01,52.91797924671281,41.330369352558414,1.280365505454577
4,raw_var_cusum,1984-11-01,53.82535854077847,41.330369352558414,1.302319804636505
4,raw_var_cusum,1984-12-01,52.82720682022182,41.330369352558414,1.2781692408696497
4,raw_var_cusum,1985-01-01,51.89303343287549,41.330369352558414,1.2555666510070331
4,raw_var_cusum,1985-02-01,50.892682853543604,41.330369352558414,1.2313628852289284
4,raw_var_cusum,1985-03-01,50.35877787763304,41.330369352558414,1.2184449030217959
4,raw_var_cusum,1985-04-01,50.38756086230619,41.330369352558414,1.2191413154934005
4,raw_var_cusum,1985-05-01,51.23241645281283,41.330369352558414,1.239582835947762
4,raw_var_cusum,1985-06-01,52.82084996676315,41.330369352558414,1.2780154349986097
4,raw_var_cusum,1985-07-01,51.84260637527155,41.330369352558414,1.254346554056682
4,raw_var_cusum,1985-08-01,50.793229702400964,41.330369352558414,1.2289565880508344
4,raw_var_cusum,1985-09-01,49.74363314365285,41.330369352558414,1.2035613018438618
4,raw_var_cusum,1985-10-01,48.82529999663738,41.330369352558414,1.1813419710853617
4,raw_var_cusum,1985-11-01,48.99903006034448,41.330369352558414,1.185545419213907
4,raw_var_cusum,1985-12-01,49.49005544531859,41.330369352558414,1.1974259175657496
4,raw_var_cusum,1986-01-01,48.49190372476194,41.330369352558414,1.173275353798894
4,raw_var_cusum,1986-02-01,48.819714588569354,41.330369352558414,1.1812068305541852
4,raw_var_cusum,1986-03-01,52.3597113798867,41.330369352558414,1.2668580561970118
4,raw_var_cusum,1986-04-01,52.63514711909774,41.330369352558414,1.2735223019689645
4,raw_var_cusum,1986-05-01,52.31370264377009,41.330369352558414,1.265744861787251
4,raw_var_cusum,1986-06-01,51.281316383512795,41.330369352558414,1.2407659836298657
4,raw_var_cusum,1986-07-01,51.66251722981284,41.330369352558414,1.2499892461429176
4,raw_var_cusum,1986-08-01,50.744184082797375,41.330369352558414,1.2277699153844177
4,raw_var_cusum,1986-09-01,50.008584557153426,41.330369352558414,1.2099718763838683
4,raw_var_cusum,1986-10-01,48.97182595079306,41.330369352558414,1.1848872080733446
4,raw_var_cusum,1986-11-01,48.14791687387585,41.330369352558414,1.1649524944517686
4,raw_var_cusum,1986-12-01,47.24643882508751,41.330369352558414,1.1431409775718078
4,raw_var_cusum,1987-01-01,46.215371880095354,41.330369352558414,1.118194020621172
4,raw_var_cusum,1987-02-01,45.2632947080291,41.330369352558414,1.0951582436131129
4,raw_var_cusum,1987-03-01,44.2181973526211,41.330369352558414,1.0698718169060815
4,raw_var_cusum,1987-04-01,45.93874845036675,41.330369352558414,1.111501038340541
4,raw_var_cusum,1987-05-01,46.47389478238095,41.330369352558414,1.124449055510416
4,raw_var_cusum,1987-06-01,45.718818442277865,41.330369352558414,1.1061797694640685
4,raw_var_cusum,1987-07-01,44.670634227435386,41.330369352558414,1.0808186553181676
4,raw_var_cusum,1987-08-01,44.01538607572816,41.330369352558414,1.0649647405825455
4,raw_var_cusum,1987-09-01,44.97245112096509,41.330369352558414,1.0881212005955911
4,raw_var_cusum,1987-10-01,43.94655149409475,41.330369352558414,1.0632992683713915
4,raw_var_cusum,1987-11-01,45.3200127341689,41.330369352558414,1.0965305523301239
4,raw_var_cusum,1987-12-01,44.31966215483701,41.330369352558414,1.072326786552019
4,raw_var_cusum,1988-01-01,43.89511657439805,41.330369352558414,1.0620547859120664
4,raw_var_cusum,1988-02-01,44.06884663810514,41.330369352558414,1.0662582340406115
4,raw_var_cusum,1988-03-01,43.10317882737808,41.330369352558414,1.0428936276784067
4,raw_var_cusum,1988-04-01,42.56927385146752,41.330369352558414,1.0299756454712743
5,lsc_composite,1988-05-01,6.894834279626549,10.619865276897567,0.6492393358911583
5,lsc_composite,1988-06-01,6.946764227234067,10.619865276897567,0.6541292234983473
5,lsc_composite,1988-07-01,7.649060245504994,10.619865276897567,0.7202596309903049
5,lsc_composite,1988-08-01,6.71254676858872,10.619865276897567,0.6320745690805684
5,lsc_composite,1988-09-01,6.306892159827052,10.619865276897567,0.5938768520488723
5,lsc_composite,1988-10-01,5.752032773660343,10.619865276897567,0.5416295427187107
5,lsc_composite,1988-11-01,6.472977322090209,10.619865276897567,0.6095159546111673
5,lsc_composite,1988-12-01,6.70680589734593,10.619865276897567,0.6315339905427898
5,lsc_composite,1989-01-01,6.527475056686811,10.619865276897567,0.6146476331377448
5,lsc_composite,1989-02-01,7.91589091563218,10.619865276897567,0.7453852482340235
5,lsc_composite,1989-03-01,7.409079731024112,10.619865276897567,0.6976623090635442
5,lsc_composite,1989-04-01,7.002568581283921,10.619865276897567,0.6593839374325486
5,lsc_composite,1989-05-01,9.735051013821767,10.619865276897567,0.9166830990784203
5,lsc_composite,1989-06-01,10.368810757072191,10.619865276897567,0.9763599148125242
5,lsc_composite,1989-07-01,9.853747964160409,10.619865276897567,0.9278599781859975
5,lsc_composite,1989-08-01,8.129078709225746,10.619865276897567,0.7654596830818303
5,lsc_composite,1989-09-01,7.915648109118527,10.619865276897567,0.745362384807104
5,lsc_composite,1989-10-01,7.615230394873704,10.619865276897567,0.7170741055858647
5,lsc_composite,1989-11-01,7.313806268145539,10.619865276897567,0.6886910593918718
5,lsc_composite,1989-12-01,7.840016050540954,10.619865276897567,0.7382406316957814
5,lsc_composite,1990-01-01,8.233710954650007,10.619865276897567,0.7753121852272086
5,lsc_composite,1990-02-01,8.238126633197169,10.619865276897567,0.7757279794422979
5,lsc_composite,1990-03-01,8.376059989899565,10.619865276897567,0.7887162192274537
5,lsc_composite,1990-04-01,8.47174775328608,10.619865276897567,0.797726480741286
5,lsc_composite,1990-05-01,8.66949019584033,10.619865276897567,0.8163465326344508
5,lsc_composite,1990-06-01,8.96284295437999,10.619865276897567,0.8439695533499602
5,lsc_composite,1990-07-01,8.482303481132698,10.619865276897567,0.7987204413586191
5,lsc_composite,1990-08-01,8.487564384055132,10.619865276897567,0.7992158245659633
5,lsc_composite,1990-09-01,8.751747279118158,10.619865276897567,0.8240921189609336
5,lsc_composite,1990-10-01,10.213168152652448,10.619865276897567,0.9617041164232237
5,lsc_composite,1990-11-01,10.738316359403093,10.619865276897567,1.0111537274171645
5,lsc_composite,1990-12-01,11.379708274521544,10.619865276897567,1.0715492125193846
5,lsc_composite,1991-01-01,10.592358738675062,10.619865276897567,0.9974098976300252
5,lsc_composite,1991-02-01,10.995211549337597,10.619865276897567,1.0353437885183494
5,lsc_composite,1991-03-01,10.917125119989405,10.619865276897567,1.0279909241163818
5,lsc_composite,1991-04-01,11.35018219566424,10.619865276897567,1.068768943835418
5,lsc_composite,1991-05-01,13.905114847079782,10.619865276897567,1.309349458258095
5,lsc_composite,1991-06-01,12.14616712316185,10.619865276897567,1.1437213944309255
5,lsc_composite,1991-07-01,11.37596676051218,10.619865276897567,1.0711968997628845
5,lsc_composite,1991-08-01,11.359052925486273,10.619865276897567,1.069604239725784
5,lsc_composite,1991-09-01,10.226304194214643,10.619865276897567,0.9629410475160098
5,lsc_composite,1991-10-01,11.092822025100496,10.619865276897567,1.0445350986920519
5,lsc_composite,1991-11-01,15.29056279496832,10.619865276897567,1.4398076054911335
5,lsc_composite,1991-12-01,12.45409240600609,10.619865276897567,1.1727166099836217
5,lsc_composite,1992-01-01,13.546305436498534,10.619865276897567,1.2755628327947943
5,lsc_composite,1992-02-01,11.989885916891797,10.619865276897567,1.1290054632778224
5,lsc_composite,1992-03-01,13.197617757020568,10.619865276897567,1.242729301447038
5,lsc_composite,1992-04-01,13.226183480215957,10.619865276897567,1.2454191400137786
5,lsc_composite,1992-05-01,12.190917344200004,10.619865276897567,1.1479352163459269
5,lsc_composite,1992-06-01,12.12782896895583,10.619865276897567,1.1419946160088004
5,lsc_composite,1992-07-01,12.8372627243492,10.619865276897567,1.2087971353342264
5,lsc_composite,1992-08-01,14.321142074817638,10.619865276897567,1.348523893798523
5,lsc_composite,1992-09-01,13.343819426384476,10.619865276897567,1.2564961116232418
5,lsc_composite,1992-10-01,13.113184575887669,10.619865276897567,1.2347788068850614
5,lsc_composite,1992-11-01,12.866198879963267,10.619865276897567,1.2115218549855213
5,lsc_composite,1992-12-01,11.967381748299363,10.619865276897567,1.126886399805201
5,lsc_composite,1993-01-01,12.028334113357124,10.619865276897567,1.1326258666881148
5,lsc_composite,1993-02-01,13.43639165768158,10.619865276897567,1.2652130048119423
5,lsc_composite,1993-03-01,11.6282153360369,10.619865276897567,1.094949420999991
5,lsc_composite,1993-04-01,12.456194563763287,10.619865276897567,1.172914555786359
5,lsc_tail_cusum,1988-05-01,4.360000000000004,5.661500000000003,0.7701139274043984
5,lsc_tail_cusum,1988-06-01,4.440000000000004,5.661500000000003,0.7842444581824608
5,lsc_tail_cusum,1988-07-01,4.520000000000004,5.661500000000003,0.7983749889605232
5,lsc_tail_cusum,1988-08-01,4.600000000000004,5.661500000000003,0.8125055197385855
5,lsc_tail_cusum,1988-09-01,4.680000000000004,5.661500000000003,0.8266360505166479
5,lsc_tail_cusum,1988-10-01,4.760000000000004,5.661500000000003,0.8407665812947102
5,lsc_tail_cusum,1988-11-01,4.840000000000004,5.661500000000003,0.8548971120727725
5,lsc_tail_cusum,1988-12-01,4.920000000000004,5.661500000000003,0.8690276428508349
5,lsc_tail_cusum,1989-01-01,5.000000000000004,5.661500000000003,0.8831581736288973
5,lsc_tail_cusum,1989-02-01,5.0800000000000045,5.661500000000003,0.8972887044069596
5,lsc_tail_cusum,1989-03-01,5.160000000000005,5.661500000000003,0.911419235185022
5,lsc_tail_cusum,1989-04-01,5.240000000000005,5.661500000000003,0.9255497659630844
5,lsc_tail_cusum,1989-05-01,5.320000000000005,5.661500000000003,0.9396802967411467
5,lsc_tail_cusum,1989-06-01,5.400000000000005,5.661500000000003,0.9538108275192091
5,lsc_tail_cusum,1989-07-01,5.480000000000005,5.661500000000003,0.9679413582972715
5,lsc_tail_cusum,1989-08-01,5.560000000000005,5.661500000000003,0.9820718890753337
5,lsc_tail_cusum,1989-09-01,5.640000000000005,5.661500000000003,0.9962024198533961
5,lsc_tail_cusum,1989-10-01,5.720000000000005,5.661500000000003,1.0103329506314584
5,lsc_tail_cusum,1989-11-01,5.800000000000005,5.661500000000003,1.0244634814095208
5,lsc_tail_cusum,1989-12-01,5.880000000000005,5.661500000000003,1.0385940121875832
5,lsc_tail_cusum,1990-01-01,5.960000000000005,5.661500000000003,1.0527245429656455
5,lsc_tail_cusum,1990-02-01,6.040000000000005,5.661500000000003,1.066855073743708
5,lsc_tail_cusum,1990-03-01,6.120000000000005,5.661500000000003,1.0809856045217703
5,lsc_tail_cusum,1990-04-01,6.2000000000000055,5.661500000000003,1.0951161352998326
5,lsc_tail_cusum,1990-05-01,6.280000000000006,5.661500000000003,1.109246666077895
5,lsc_tail_cusum,1990-06-01,6.360000000000006,5.661500000000003,1.1233771968559574
5,lsc_tail_cusum,1990-07-01,6.440000000000006,5.661500000000003,1.1375077276340197
5,lsc_tail_cusum,1990-08-01,6.520000000000006,5.661500000000003,1.1516382584120821
5,lsc_tail_cusum,1990-09-01,6.600000000000006,5.661500000000003,1.1657687891901445
5,lsc_tail_cusum,1990-10-01,6.680000000000006,5.661500000000003,1.1798993199682069
5,lsc_tail_cusum,1990-11-01,6.760000000000006,5.661500000000003,1.1940298507462692
5,lsc_tail_cusum,1990-12-01,6.840000000000006,5.661500000000003,1.2081603815243314
5,lsc_tail_cusum,1991-01-01,6.920000000000006,5.661500000000003,1.2222909123023937
5,lsc_tail_cusum,1991-02-01,7.000000000000006,5.661500000000003,1.236421443080456
5,lsc_tail_cusum,1991-03-01,7.080000000000006,5.661500000000003,1.2505519738585185
5,lsc_tail_cusum,1991-04-01,7.160000000000006,5.661500000000003,1.2646825046365808
5,lsc_tail_cusum,1991-05-01,7.240000000000006,5.661500000000003,1.2788130354146432
5,lsc_tail_cusum,1991-06-01,7.3200000000000065,5.661500000000003,1.2929435661927056
5,lsc_tail_cusum,1991-07-01,7.400000000000007,5.661500000000003,1.307074096970768
5,lsc_tail_cusum,1991-08-01,7.480000000000007,5.661500000000003,1.3212046277488303
5,lsc_tail_cusum,1991-09-01,7.560000000000007,5.661500000000003,1.3353351585268927
5,lsc_tail_cusum,1991-10-01,7.640000000000007,5.661500000000003,1.349465689304955
5,lsc_tail_cusum,1991-11-01,7.720000000000007,5.661500000000003,1.3635962200830174
5,lsc_tail_cusum,1991-12-01,7.800000000000007,5.661500000000003,1.3777267508610798
5,lsc_tail_cusum,1992-01-01,7.880000000000007,5.661500000000003,1.3918572816391421
5,lsc_tail_cusum,1992-02-01,7.960000000000007,5.661500000000003,1.4059878124172045
5,lsc_tail_cusum,1992-03-01,8.040000000000008,5.661500000000003,1.4201183431952669
5,lsc_tail_cusum,1992-04-01,8.120000000000008,5.661500000000003,1.4342488739733292
5,lsc_tail_cusum,1992-05-01,8.200000000000008,5.661500000000003,1.4483794047513916
5,lsc_tail_cusum,1992-06-01,8.280000000000008,5.661500000000003,1.462509935529454
5,lsc_tail_cusum,1992-07-01,8.360000000000008,5.661500000000003,1.4766404663075163
5,lsc_tail_cusum,1992-08-01,8.440000000000008,5.661500000000003,1.4907709970855787
5,lsc_tail_cusum,1992-09-01,8.520000000000008,5.661500000000003,1.504901527863641
5,lsc_tail_cusum,1992-10-01,8.600000000000009,5.661500000000003,1.5190320586417034
5,lsc_tail_cusum,1992-11-01,8.680000000000009,5.661500000000003,1.5331625894197658
5,lsc_tail_cusum,1992-12-01,8.760000000000009,5.661500000000003,1.5472931201978282
5,lsc_tail_cusum,1993-01-01,8.840000000000009,5.661500000000003,1.5614236509758905
5,lsc_tail_cusum,1993-02-01,8.920000000000009,5.661500000000003,1.575554181753953
5,lsc_tail_cusum,1993-03-01,9.000000000000009,5.661500000000003,1.5896847125320153
5,lsc_tail_cusum,1993-04-01,9.080000000000009,5.661500000000003,1.6038152433100776
5,lsc_kalman_cusum,1988-05-01,0.3295718341631583,6.570743968388565,0.05015746097378129
5,lsc_kalman_cusum,1988-06-01,0.11938636650491574,6.570743968388565,0.018169383418266793
5,lsc_kalman_cusum,1988-07-01,0.0,6.570743968388565,0.0
5,lsc_kalman_cusum,1988-08-01,0.0,6.570743968388565,0.0
5,lsc_kalman_cusum,1988-09-01,0.23337805834473124,6.570743968388565,0.03551775255092853
5,lsc_kalman_cusum,1988-10-01,0.0,6.570743968388565,0.0
5,lsc_kalman_cusum,1988-11-01,0.0,6.570743968388565,0.0
5,lsc_kalman_cusum,1988-12-01,0.0,6.570743968388565,0.0
5,lsc_kalman_cusum,1989-01-01,0.0,6.570743968388565,0.0
5,lsc_kalman_cusum,1989-02-01,0.0,6.570743968388565,0.0
5,lsc_kalman_cusum,1989-03-01,0.0,6.570743968388565,0.0
5,lsc_kalman_cusum,1989-04-01,0.01448725438288967,6.570743968388565,0.0022048118831881043
5,lsc_kalman_cusum,1989-05-01,0.06643452975029207,6.570743968388565,0.010110655668506397
5,lsc_kalman_cusum,1989-06-01,0.5712170116693995,6.570743968388565,0.0869333844717567
5,lsc_kalman_cusum,1989-07-01,0.21583782757729786,6.570743968388565,0.03284830890013064
5,lsc_kalman_cusum,1989-08-01,0.0,6.570743968388565,0.0
5,lsc_kalman_cusum,1989-09-01,0.0,6.570743968388565,0.0
5,lsc_kalman_cusum,1989-10-01,0.0,6.570743968388565,0.0
5,lsc_kalman_cusum,1989-11-01,0.0,6.570743968388565,0.0
5,lsc_kalman_cusum,1989-12-01,0.0,6.570743968388565,0.0
5,lsc_kalman_cusum,1990-01-01,0.3049925638976363,6.570743968388565,0.046416747534972644
5,lsc_kalman_cusum,1990-02-01,0.09671570261705553,6.570743968388565,0.014719140341238173
5,lsc_kalman_cusum,1990-03-01,0.0,6.570743968388565,0.0
5,lsc_kalman_cusum,1990-04-01,0.0,6.570743968388565,0.0
5,lsc_kalman_cusum,1990-05-01,0.0,6.570743968388565,0.0
5,lsc_kalman_cusum,1990-06-01,0.07226599050858162,6.570743968388565,0.010998144328290486
5,lsc_kalman_cusum,1990-07-01,0.0,6.570743968388565,0.0
5,lsc_kalman_cusum,1990-08-01,0.10028548056807007,6.570743968388565,0.015262424019340458
5,lsc_kalman_cusum,1990-09-01,0.0,6.570743968388565,0.0
5,lsc_kalman_cusum,1990-10-01,0.0,6.570743968388565,0.0
5,lsc_kalman_cusum,1990-11-01,0.08014074102612989,6.570743968388565,0.012196600782450502
5,lsc_kalman_cusum,1990-12-01,0.005826335525115134,6.570743968388565,0.0008867086517364345
5,lsc_kalman_cusum,1991-01-01,0.0,6.570743968388565,0.0
5,lsc_kalman_cusum,1991-02-01,0.015531107982758807,6.570743968388565,0.0023636757203564754
5,lsc_kalman_cusum,1991-03-01,0.21902036211230425,6.570743968388565,0.033332658092599166
5,lsc_kalman_cusum,1991-04-01,0.0,6.570743968388565,0.0
5,lsc_kalman_cusum,1991-05-01,0.0,6.570743968388565,0.0
5,lsc_kalman_cusum,1991-06-01,0.0,6.570743968388565,0.0
5,lsc_kalman_cusum,1991-07-01,0.0,6.570743968388565,0.0
5,lsc_kalman_cusum,1991-08-01,0.2769730738398485,6.570743968388565,0.042152467844181495
5,lsc_kalman_cusum,1991-09-01,0.04750761941416304,6.570743968388565,0.007230173575887175
5,lsc_kalman_cusum,1991-10-01,0.0,6.570743968388565,0.0
5,lsc_kalman_cusum,1991-11-01,0.0,6.570743968388565,0.0
5,lsc_kalman_cusum,1991-12-01,0.12216997611104341,6.570743968388565,0.01859302031836813
5,lsc_kalman_cusum,1992-01-01,0.0,6.570743968388565,0.0
5,lsc_kalman_cusum,1992-02-01,0.19887562257581792,6.570743968388565,0.030266834856539228
5,lsc_kalman_cusum,1992-03-01,0.0,6.570743968388565,0.0
5,lsc_kalman_cusum,1992-04-01,0.0,6.570743968388565,0.0
5,lsc_kalman_cusum,1992-05-01,0.0,6.570743968388565,0.0
5,lsc_kalman_cusum,1992-06-01,0.0,6.570743968388565,0.0
5,lsc_kalman_cusum,1992-07-01,0.2988575693839588,6.570743968388565,0.0454830641433822
5,lsc_kalman_cusum,1992-08-01,0.03436775238368439,6.570743968388565,0.005230420261240657
5,lsc_kalman_cusum,1992-09-01,0.0,6.570743968388565,0.0
5,lsc_kalman_cusum,1992-10-01,0.0,6.570743968388565,0.0
5,lsc_kalman_cusum,1992-11-01,0.0,6.570743968388565,0.0
5,lsc_kalman_cusum,1992-12-01,0.0,6.570743968388565,0.0
5,lsc_kalman_cusum,1993-01-01,0.0,6.570743968388565,0.0
5,lsc_kalman_cusum,1993-02-01,0.1013293341680529,6.570743968388565,0.01542128785652613
5,lsc_kalman_cusum,1993-03-01,0.0,6.570743968388565,0.0
5,lsc_kalman_cusum,1993-04-01,0.0,6.570743968388565,0.0
5,raw_cusum,1988-05-01,0.22687112956191613,11.922583568375199,0.01902868856073231
5,raw_cusum,1988-06-01,0.0,11.922583568375199,0.0
5,raw_cusum,1988-07-01,0.0,11.922583568375199,0.0
5,raw_cusum,1988-08-01,0.0,11.922583568375199,0.0
5,raw_cusum,1988-09-01,0.06667092167763333,11.922583568375199,0.005591986107313081
5,raw_cusum,1988-10-01,0.0,11.922583568375199,0.0
5,raw_cusum,1988-11-01,0.0,11.922583568375199,0.0
5,raw_cusum,1988-12-01,0.0,11.922583568375199,0.0
5,raw_cusum,1989-01-01,0.0,11.922583568375199,0.0
5,raw_cusum,1989-02-01,0.0,11.922583568375199,0.0
5,raw_cusum,1989-03-01,0.0,11.922583568375199,0.0
5,raw_cusum,1989-04-01,0.0,11.922583568375199,0.0
5,raw_cusum,1989-05-01,0.14627350944622297,11.922583568375199,0.012268608444415963
5,raw_cusum,1989-06-01,0.8099638393882667,11.922583568375199,0.06793526207999966
5,raw_cusum,1989-07-01,0.8368334671816069,11.922583568375199,0.07018893701876144
5,raw_cusum,1989-08-01,0.16718045199980436,11.922583568375199,0.0140221665078744
5,raw_cusum,1989-09-01,0.0,11.922583568375199,0.0
5,raw_cusum,1989-10-01,0.0,11.922583568375199,0.0
5,raw_cusum,1989-11-01,0.0,11.922583568375199,0.0
5,raw_cusum,1989-12-01,0.0,11.922583568375199,0.0
5,raw_cusum,1990-01-01,0.22687112956191968,11.922583568375199,0.019028688560732605
5,raw_cusum,1990-02-01,0.23483514276022044,11.922583568375199,0.019696665694432503
5,raw_cusum,1990-03-01,0.0,11.922583568375199,0.0
5,raw_cusum,1990-04-01,0.0,11.922583568375199,0.0
5,raw_cusum,1990-05-01,0.0,11.922583568375199,0.0
5,raw_cusum,1990-06-01,0.06667092167763333,11.922583568375199,0.005591986107313081
5,raw_cusum,1990-07-01,0.0,11.922583568375199,0.0
5,raw_cusum,1990-08-01,0.047765307082593855,11.922583568375199,0.004006288302251194
5,raw_cusum,1990-09-01,0.0,11.922583568375199,0.0
5,raw_cusum,1990-10-01,0.0,11.922583568375199,0.0
5,raw_cusum,1990-11-01,0.16617415638836952,11.922583568375199,0.013937764028691612
5,raw_cusum,1990-12-01,0.29254701889244594,11.922583568375199,0.024537216888831925
5,raw_cusum,1991-01-01,0.0,11.922583568375199,0.0
5,raw_cusum,1991-02-01,0.0,11.922583568375199,0.0
5,raw_cusum,1991-03-01,0.007964013198300757,11.922583568375199,0.0006679771336998971
5,raw_cusum,1991-04-01,0.0,11.922583568375199,0.0
5,raw_cusum,1991-05-01,0.0,11.922583568375199,0.0
5,raw_cusum,1991-06-01,0.0,11.922583568375199,0.0
5,raw_cusum,1991-07-01,0.0,11.922583568375199,0.0
5,raw_cusum,1991-08-01,0.2457767441569556,11.922583568375199,0.020614386365794195
5,raw_cusum,1991-09-01,0.2527457250081493,11.922583568375199,0.021198905720280332
5,raw_cusum,1991-10-01,0.0010062956114328392,11.922583568375199,8.440247918262035e-05
5,raw_cusum,1991-11-01,0.0,11.922583568375199,0.0
5,raw_cusum,1991-12-01,0.16617415638836952,11.922583568375199,0.013937764028691612
5,raw_cusum,1992-01-01,0.0,11.922583568375199,0.0
5,raw_cusum,1992-02-01,0.10746724790903517,11.922583568375199,0.009013755055078279
5,raw_cusum,1992-03-01,0.0,11.922583568375199,0.0
5,raw_cusum,1992-04-01,0.0,11.922583568375199,0.0
5,raw_cusum,1992-05-01,0.0,11.922583568375199,0.0
5,raw_cusum,1992-06-01,0.0,11.922583568375199,0.0
5,raw_cusum,1992-07-01,0.3452799788676919,11.922583568375199,0.028960164287172734
5,raw_cusum,1992-08-01,0.3522489597188856,11.922583568375199,0.02954468364165887
5,raw_cusum,1992-09-01,0.20001276503290355,11.922583568375199,0.01677595832193954
5,raw_cusum,1992-10-01,0.0,11.922583568375199,0.0
5,raw_cusum,1992-11-01,0.04776530708259552,11.922583568375199,0.0040062883022513335
5,raw_cusum,1992-12-01,0.0,11.922583568375199,0.0
5,raw_cusum,1993-01-01,0.0,11.922583568375199,0.0
5,raw_cusum,1993-02-01,0.18607480333051607,11.922583568375199,0.01560691961296726
5,raw_cusum,1993-03-01,0.2527457250081494,11.922583568375199,0.02119890572028034
5,raw_cusum,1993-04-01,0.0,11.922583568375199,0.0
5,raw_var_cusum,1988-05-01,26.97312262830953,35.33346917707889,0.7633873281202519
5,raw_var_cusum,1988-06-01,27.802182964023043,35.33346917707889,0.7868512096756847
5,raw_var_cusum,1988-07-01,28.679737877166826,35.33346917707889,0.8116875739949024
5,raw_var_cusum,1988-08-01,29.478758901340232,35.33346917707889,0.834301289624381
5,raw_var_cusum,1988-09-01,30.107642967865253,35.33346917707889,0.8520998268518826
5,raw_var_cusum,1988-10-01,30.922465818412427,35.33346917707889,0.875160762263109
5,raw_var_cusum,1988-11-01,31.777011054555814,35.33346917707889,0.8993459118124133
5,raw_var_cusum,1988-12-01,32.643457164948124,35.33346917707889,0.9238678772625079
5,raw_var_cusum,1989-01-01,33.5910311984649,35.33346917707889,0.9506859071810496
5,raw_var_cusum,1989-02-01,34.51860542667151,35.33346917707889,0.9769379070500107
5,raw_var_cusum,1989-03-01,35.332695611083565,35.33346917707889,0.9999781067069455
5,raw_var_cusum,1989-04-01,36.147518461630746,35.33346917707889,1.023039042118172
5,raw_var_cusum,1989-05-01,36.67984901261881,35.33346917707889,1.0381049431855203
5,raw_var_cusum,1989-06-01,36.27567382861819,35.33346917707889,1.026666066861912
5,raw_var_cusum,1989-07-01,36.9480822239271,35.33346917707889,1.0456964199794914
5,raw_var_cusum,1989-08-01,37.86930007836683,35.33346917707889,1.0717685231693284
5,raw_var_cusum,1989-09-01,38.79687430657344,35.33346917707889,1.0980205230382896
5,raw_var_cusum,1989-10-01,39.611697157120624,35.33346917707889,1.1210814584495161
5,raw_var_cusum,1989-11-01,40.47871751934857,35.33346917707889,1.1456196762475688
5,raw_var_cusum,1989-12-01,41.42393514016049,35.33346917707889,1.1723710154969027
5,raw_var_cusum,1990-01-01,41.84559350116987,35.33346917707889,1.184304696814641
5,raw_var_cusum,1990-02-01,42.53756606246535,35.33346917707889,1.203888750614384
5,raw_var_cusum,1990-03-01,43.434962366619814,35.33346917707889,1.2292866615768494
5,raw_var_cusum,1990-04-01,44.23398339079323,35.33346917707889,1.251900377206328
5,raw_var_cusum,1990-05-01,45.179201011605144,35.33346917707889,1.278651716455662
5,raw_var_cusum,1990-06-01,45.80808507813017,35.33346917707889,1.2964502536831637
5,raw_var_cusum,1990-07-01,46.75722345285437,35.33346917707889,1.3233125572392468
5,raw_var_cusum,1990-08-01,47.407176621211086,35.33346917707889,1.341707387509079
5,raw_var_cusum,1990-09-01,48.284731534354876,35.33346917707889,1.366543751828297
5,raw_var_cusum,1990-10-01,49.11379187006839,35.33346917707889,1.39000763338373
5,raw_var_cusum,1990-11-01,49.620003863428636,35.33346917707889,1.4043343328318731
5,raw_var_cusum,1990-12-01,50.17766090054709,35.33346917707889,1.4201170184867595
5,raw_var_cusum,1991-01-01,51.127551743193855,35.33346917707889,1.447000618222926
5,raw_var_cusum,1991-02-01,51.84031618129692,35.33346917707889,1.4671731191039163
5,raw_var_cusum,1991-03-01,52.5322887425924,35.33346917707889,1.4867571729036595
5,raw_var_cusum,1991-04-01,53.46015999761055,35.33346917707889,1.5130175791594955
5,raw_var_cusum,1991-05-01,54.40763502219015,35.33346917707889,1.539832806949079
5,raw_var_cusum,1991-06-01,55.19079481462749,35.33346917707889,1.5619976215194349
5,raw_var_cusum,1991-07-01,56.13993318935169,35.33346917707889,1.588859925075518
5,raw_var_cusum,1991-08-01,56.53375023722634,35.33346917707889,1.6000056477301767
5,raw_var_cusum,1991-09-01,57.22673268968105,35.33346917707889,1.6196182832452948
5,raw_var_cusum,1991-10-01,58.11509937876478,35.33346917707889,1.6447606400467611
5,raw_var_cusum,1991-11-01,59.012951124030266,35.33346917707889,1.6701714408024346
5,raw_var_cusum,1991-12-01,59.51916311739051,35.33346917707889,1.684498140250578
5,raw_var_cusum,1992-01-01,60.45255907110325,35.33346917707889,1.7109149053022883
5,raw_var_cusum,1992-02-01,61.033542613821076,35.33346917707889,1.7273577725397549
5,raw_var_cusum,1992-03-01,61.83256363799448,35.33346917707889,1.7499714881692334
5,raw_var_cusum,1992-04-01,62.76595959170722,35.33346917707889,1.7763882532209436
5,raw_var_cusum,1992-05-01,63.6804052348439,35.33346917707889,1.8022686907900316
5,raw_var_cusum,1992-06-01,64.55849479624845,35.33346917707889,1.8271201866056244
5,raw_var_cusum,1992-07-01,64.79399655357389,35.33346917707889,1.8337853050559294
5,raw_var_cusum,1992-08-01,65.48697900602859,35.33346917707889,1.8533979405710472
5,raw_var_cusum,1992-09-01,66.31603934174211,35.33346917707889,1.8768618221264803
5,raw_var_cusum,1992-10-01,67.15789163213915,35.33346917707889,1.900687738743328
5,raw_var_cusum,1992-11-01,67.80784480049587,35.33346917707889,1.9190825690131603
5,raw_var_cusum,1992-12-01,68.71438953044567,35.33346917707889,1.9447393966913744
5,raw_var_cusum,1993-01-01,69.5434498661592,35.33346917707889,1.9682032782468073
5,raw_var_cusum,1993-02-01,70.02275123039419,35.33346917707889,1.9817683590440796
5,raw_var_cusum,1993-03-01,70.65163529691921,35.33346917707889,1.9995668962715811
5,raw_var_cusum,1993-04-01,71.60077367164341,35.33346917707889,2.026429199827664
6,lsc_composite,1993-05-01,6.463312040126242,9.865042618132287,0.6551732506706511
6,lsc_composite,1993-06-01,6.605103720528336,9.865042618132287,0.669546394902332
6,lsc_composite,1993-07-01,7.6043665637793705,9.865042618132287,0.7708397072509634
6,lsc_composite,1993-08-01,6.525424863882771,9.865042618132287,0.6614695056551317
6,lsc_composite,1993-09-01,5.838439487613497,9.865042618132287,0.5918311469716557
6,lsc_composite,1993-10-01,5.343722152646151,9.865042618132287,0.5416826221129756
6,lsc_composite,1993-11-01,5.638376943319139,9.865042618132287,0.571551199683173
6,lsc_composite,1993-12-01,6.1358807369202415,9.865042618132287,0.6219821823822922
6,lsc_composite,1994-01-01,6.025772152118866,9.865042618132287,0.6108206913412912
6,lsc_composite,1994-02-01,6.90091870154463,9.865042618132287,0.6995325786895745
6,lsc_composite,1994-03-01,5.923927368928021,9.865042618132287,0.6004968856434172
6,lsc_composite,1994-04-01,5.584154762237051,9.865042618132287,0.5660548036531725
6,lsc_composite,1994-05-01,7.883153985558008,9.865042618132287,0.7990998407922232
6,lsc_composite,1994-06-01,8.577862055339518,9.865042618132287,0.8695210337533781
6,lsc_composite,1994-07-01,7.880644934627362,9.865042618132287,0.7988455032259533
6,lsc_composite,1994-08-01,6.582617710335573,9.865042618132287,0.6672670322008033
6,lsc_composite,1994-09-01,6.418898079189151,9.865042618132287,0.6506710946581209
6,lsc_composite,1994-10-01,6.01916087819745,9.865042618132287,0.6101505194852402
6,lsc_composite,1994-11-01,6.108586533818534,9.865042618132287,0.6192154226065625
6,lsc_composite,1994-12-01,6.1808791981438365,9.865042618132287,0.6265435880411878
6,lsc_composite,1995-01-01,6.601871429885454,9.865042618132287,0.6692187439465277
6,lsc_composite,1995-02-01,6.5372746178980154,9.865042618132287,0.6626706919524382
6,lsc_composite,1995-03-01,6.423932937831924,9.865042618132287,0.6511814683926975
6,lsc_composite,1995-04-01,6.659500475962642,9.865042618132287,0.6750604871916368
6,lsc_composite,1995-05-01,6.48535064770543,9.865042618132287,0.6574072610477255
6,lsc_composite,1995-06-01,6.556510137186385,9.865042618132287,0.6646205587733898
6,lsc_composite,1995-07-01,6.047120572283407,9.865042618132287,0.612984738775339
6,lsc_composite,1995-08-01,6.149786947496951,9.865042618132287,0.6233918276433424
6,lsc_composite,1995-09-01,6.03789777965273,9.865042618132287,0.6120498423954972
6,lsc_composite,1995-10-01,7.355389493715328,9.865042618132287,0.7456013905298158
6,lsc_composite,1995-11-01,7.8313473228994575,9.865042618132287,0.7938483011219001
6,lsc_composite,1995-12-01,8.208982284884472,9.865042618132287,0.8321284157248424
6,lsc_composite,1996-01-01,7.737605399391485,9.865042618132287,0.7843458663999585
6,lsc_composite,1996-02-01,8.029231943772034,9.865042618132287,0.8139074765895111
6,lsc_composite,1996-03-01,7.645482195703786,9.865042618132287,0.7750075181278109
6,lsc_composite,1996-04-01,8.177011804648057,9.865042618132287,0.8288876309179272
6,lsc_composite,1996-05-01,9.653541258476668,9.865042618132287,0.9785605224586793
6,lsc_composite,1996-06-01,8.572147620481504,9.865042618132287,0.8689417727122234
6,lsc_composite,1996-07-01,8.294237576529822,9.865042618132287,0.840770577238534
6,lsc_composite,1996-08-01,8.15953285862643,9.865042618132287,0.8271158244799601
6,lsc_composite,1996-09-01,7.159275322317159,9.865042618132287,0.725721682049114
6,lsc_composite,1996-10-01,7.907611555956116,9.865042618132287,0.8015790566805717
6,lsc_composite,1996-11-01,10.312527950996136,9.865042618132287,1.045360709546389
6,lsc_composite,1996-12-01,8.369660622971642,9.865042618132287,0.8484160633617455
6,lsc_composite,1997-01-01,9.073056018211409,9.865042618132287,0.9197178734468738
6,lsc_composite,1997-02-01,7.808987596983717,9.865042618132287,0.7915817396095713
6,lsc_composite,1997-03-01,8.954732338752759,9.865042618132287,0.9077236343909608
6,lsc_composite,1997-04-01,8.6463201338572,9.865042618132287,0.8764604947539676
6,lsc_composite,1997-05-01,7.81132140626811,9.865042618132287,0.7918183132742511
6,lsc_composite,1997-06-01,7.80984056302459,9.865042618132287,0.7916682031023196
6,lsc_composite,1997-07-01,8.414767206289733,9.865042618132287,0.8529884291450603
6,lsc_composite,1997-08-01,9.632206195246072,9.865042618132287,0.9763978289907989
6,lsc_composite,1997-09-01,8.804785807825485,9.865042618132287,0.8925238489737476
6,lsc_composite,1997-10-01,8.723685303903627,9.865042618132287,0.8843028501335811
6,lsc_composite,1997-11-01,8.797575476825441,9.865042618132287,0.8917929518778961
6,lsc_composite,1997-12-01,8.263252434688331,9.865042618132287,0.8376296742499814
6,lsc_composite,1998-01-01,7.865214632949218,9.865042618132287,0.7972813638425326
6,lsc_composite,1998-02-01,8.991538443182089,9.865042618132287,0.9114545969274711
6,lsc_composite,1998-03-01,7.891787044152525,9.865042618132287,0.7999749569907736
6,lsc_composite,1998-04-01,8.467314461774455,9.865042618132287,0.8583150412560043
6,lsc_tail_cusum,1993-05-01,5.280000000000004,5.602500000000008,0.9424364123159297
6,lsc_tail_cusum,1993-06-01,5.360000000000004,5.602500000000008,0.9567157518964741
6,lsc_tail_cusum,1993-07-01,5.440000000000004,5.602500000000008,0.9709950914770185
6,lsc_tail_cusum,1993-08-01,5.520000000000004,5.602500000000008,0.9852744310575628
6,lsc_tail_cusum,1993-09-01,5.600000000000004,5.602500000000008,0.9995537706381072
6,lsc_tail_cusum,1993-10-01,5.680000000000004,5.602500000000008,1.0138331102186517
6,lsc_tail_cusum,1993-11-01,5.760000000000004,5.602500000000008,1.028112449799196
6,lsc_tail_cusum,1993-12-01,5.840000000000004,5.602500000000008,1.0423917893797405
6,lsc_tail_cusum,1994-01-01,5.920000000000004,5.602500000000008,1.0566711289602848
6,lsc_tail_cusum,1994-02-01,6.000000000000004,5.602500000000008,1.0709504685408293
6,lsc_tail_cusum,1994-03-01,6.0800000000000045,5.602500000000008,1.0852298081213736
6,lsc_tail_cusum,1994-04-01,6.160000000000005,5.602500000000008,1.099509147701918
6,lsc_tail_cusum,1994-05-01,6.240000000000005,5.602500000000008,1.1137884872824624
6,lsc_tail_cusum,1994-06-01,6.320000000000005,5.602500000000008,1.1280678268630069
6,lsc_tail_cusum,1994-07-01,6.400000000000005,5.602500000000008,1.1423471664435512
6,lsc_tail_cusum,1994-08-01,6.480000000000005,5.602500000000008,1.1566265060240957
6,lsc_tail_cusum,1994-09-01,6.560000000000005,5.602500000000008,1.17090584560464
6,lsc_tail_cusum,1994-10-01,6.640000000000005,5.602500000000008,1.1851851851851845
6,lsc_tail_cusum,1994-11-01,6.720000000000005,5.602500000000008,1.1994645247657287
6,lsc_tail_cusum,1994-12-01,6.800000000000005,5.602500000000008,1.2137438643462732
6,lsc_tail_cusum,1995-01-01,6.880000000000005,5.602500000000008,1.2280232039268175
6,lsc_tail_cusum,1995-02-01,6.960000000000005,5.602500000000008,1.242302543507362
6,lsc_tail_cusum,1995-03-01,7.040000000000005,5.602500000000008,1.2565818830879063
6,lsc_tail_cusum,1995-04-01,7.120000000000005,5.602500000000008,1.2708612226684508
6,lsc_tail_cusum,1995-05-01,7.2000000000000055,5.602500000000008,1.285140562248995
6,lsc_tail_cusum,1995-06-01,7.280000000000006,5.602500000000008,1.2994199018295396
6,lsc_tail_cusum,1995-07-01,7.360000000000006,5.602500000000008,1.3136992414100839
6,lsc_tail_cusum,1995-08-01,7.440000000000006,5.602500000000008,1.3279785809906284
6,lsc_tail_cusum,1995-09-01,7.520000000000006,5.602500000000008,1.3422579205711727
6,lsc_tail_cusum,1995-10-01,7.600000000000006,5.602500000000008,1.3565372601517172
6,lsc_tail_cusum,1995-11-01,7.680000000000006,5.602500000000008,1.3708165997322614
6,lsc_tail_cusum,1995-12-01,7.760000000000006,5.602500000000008,1.385095939312806
6,lsc_tail_cusum,1996-01-01,7.840000000000006,5.602500000000008,1.3993752788933502
6,lsc_tail_cusum,1996-02-01,7.920000000000006,5.602500000000008,1.4136546184738947
6,lsc_tail_cusum,1996-03-01,8.000000000000007,5.602500000000008,1.4279339580544392
6,lsc_tail_cusum,1996-04-01,8.080000000000007,5.602500000000008,1.4422132976349835
6,lsc_tail_cusum,1996-05-01,8.160000000000007,5.602500000000008,1.456492637215528
6,lsc_tail_cusum,1996-06-01,8.240000000000007,5.602500000000008,1.4707719767960723
6,lsc_tail_cusum,1996-07-01,8.320000000000007,5.602500000000008,1.4850513163766168
6,lsc_tail_cusum,1996-08-01,8.400000000000007,5.602500000000008,1.499330655957161
6,lsc_tail_cusum,1996-09-01,8.480000000000008,5.602500000000008,1.5136099955377056
6,lsc_tail_cusum,1996-10-01,8.560000000000008,5.602500000000008,1.5278893351182499
6,lsc_tail_cusum,1996-11-01,8.640000000000008,5.602500000000008,1.5421686746987944
6,lsc_tail_cusum,1996-12-01,8.720000000000008,5.602500000000008,1.5564480142793387
6,lsc_tail_cusum,1997-01-01,8.800000000000008,5.602500000000008,1.5707273538598832
6,lsc_tail_cusum,1997-02-01,8.880000000000008,5.602500000000008,1.5850066934404274
6,lsc_tail_cusum,1997-03-01,8.960000000000008,5.602500000000008,1.599286033020972
6,lsc_tail_cusum,1997-04-01,9.040000000000008,5.602500000000008,1.6135653726015162
6,lsc_tail_cusum,1997-05-01,9.120000000000008,5.602500000000008,1.6278447121820607
6,lsc_tail_cusum,1997-06-01,9.200000000000008,5.602500000000008,1.642124051762605
6,lsc_tail_cusum,1997-07-01,9.280000000000008,5.602500000000008,1.6564033913431495
6,lsc_tail_cusum,1997-08-01,9.360000000000008,5.602500000000008,1.6706827309236938
6,lsc_tail_cusum,1997-09-01,9.440000000000008,5.602500000000008,1.6849620705042383
6,lsc_tail_cusum,1997-10-01,9.520000000000008,5.602500000000008,1.6992414100847826
6,lsc_tail_cusum,1997-11-01,9.600000000000009,5.602500000000008,1.713520749665327
6,lsc_tail_cusum,1997-12-01,9.680000000000009,5.602500000000008,1.7278000892458714
6,lsc_tail_cusum,1998-01-01,9.760000000000009,5.602500000000008,1.7420794288264159
6,lsc_tail_cusum,1998-02-01,9.840000000000009,5.602500000000008,1.7563587684069601
6,lsc_tail_cusum,1998-03-01,9.920000000000009,5.602500000000008,1.7706381079875047
6,lsc_tail_cusum,1998-04-01,10.000000000000009,5.602500000000008,1.784917447568049
6,lsc_kalman_cusum,1993-05-01,0.0,6.663666514862799,0.0
6,lsc_kalman_cusum,1993-06-01,0.0,6.663666514862799,0.0
6,lsc_kalman_cusum,1993-07-01,0.0,6.663666514862799,0.0
6,lsc_kalman_cusum,1993-08-01,0.0,6.663666514862799,0.0
6,lsc_kalman_cusum,1993-09-01,0.4326221480609903,6.663666514862799,0.0649225388299459
6,lsc_kalman_cusum,1993-10-01,0.0,6.663666514862799,0.0
6,lsc_kalman_cusum,1993-11-01,0.9051073247702566,6.663666514862799,0.13582722405922984
6,lsc_kalman_cusum,1993-12-01,0.024121677421920285,6.663666514862799,0.003619880642003727
6,lsc_kalman_cusum,1994-01-01,0.0,6.663666514862799,0.0
6,lsc_kalman_cusum,1994-02-01,0.2970084540531218,6.663666514862799,0.044571326219682086
6,lsc_kalman_cusum,1994-03-01,1.2651205460854302,6.663666514862799,0.18985352032003336
6,lsc_kalman_cusum,1994-04-01,1.7501937143430553,6.663666514862799,0.2626472543965671
6,lsc_kalman_cusum,1994-05-01,1.285653307994073,6.663666514862799,0.19293482126191663
6,lsc_kalman_cusum,1994-06-01,0.20699878682702055,6.663666514862799,0.031063797440241882
6,lsc_kalman_cusum,1994-07-01,0.5196266442794912,6.663666514862799,0.07797908900760621
6,lsc_kalman_cusum,1994-08-01,0.0,6.663666514862799,0.0
6,lsc_kalman_cusum,1994-09-01,0.35399797704946945,6.663666514862799,0.05312360338860056
6,lsc_kalman_cusum,1994-10-01,0.5186639360015515,6.663666514862799,0.07783461775055987
6,lsc_kalman_cusum,1994-11-01,0.3882509666930196,6.663666514862799,0.05826386506993642
6,lsc_kalman_cusum,1994-12-01,0.33742898578701075,6.663666514862799,0.05063713573216805
6,lsc_kalman_cusum,1995-01-01,0.0,6.663666514862799,0.0
6,lsc_kalman_cusum,1995-02-01,0.5401635152394106,6.663666514862799,0.08106100658468085
6,lsc_kalman_cusum,1995-03-01,0.5416706065863195,6.663666514862799,0.08128717206633385
6,lsc_kalman_cusum,1995-04-01,0.14604549343164097,6.663666514862799,0.021916687022962157
6,lsc_kalman_cusum,1995-05-01,0.9486771069043103,6.663666514862799,0.1423656338126103
6,lsc_kalman_cusum,1995-06-01,1.4429319997058143,6.663666514862799,0.2165372466475423
6,lsc_kalman_cusum,1995-07-01,0.5396363622063478,6.663666514862799,0.08098189802907006
6,lsc_kalman_cusum,1995-08-01,0.6164964259668879,6.663666514862799,0.09251609824588908
6,lsc_kalman_cusum,1995-09-01,0.812235772874061,6.663666514862799,0.12189021930530755
6,lsc_kalman_cusum,1995-10-01,0.45798077966650763,6.663666514862799,0.0687280461357147
6,lsc_kalman_cusum,1995-11-01,0.11427953333900631,6.663666514862799,0.017149647732838152
6,lsc_kalman_cusum,1995-12-01,0.2260720372438012,6.663666514862799,0.03392607309197794
6,lsc_kalman_cusum,1996-01-01,0.0,6.663666514862799,0.0
6,lsc_kalman_cusum,1996-02-01,0.14440333391841076,6.663666514862799,0.021670252194693443
6,lsc_kalman_cusum,1996-03-01,1.0233375077776705,6.663666514862799,0.1535697360447427
6,lsc_kalman_cusum,1996-04-01,0.7063365657031637,6.663666514862799,0.10599818645301862
6,lsc_kalman_cusum,1996-05-01,0.6678455598990944,6.663666514862799,0.100221936138238
6,lsc_kalman_cusum,1996-06-01,0.4340072916014932,6.663666514862799,0.06513040390503834
6,lsc_kalman_cusum,1996-07-01,0.0,6.663666514862799,0.0
6,lsc_kalman_cusum,1996-08-01,0.24645661012506992,6.663666514862799,0.03698513567198588
6,lsc_kalman_cusum,1996-09-01,0.49140612867667555,6.663666514862799,0.07374410582832015
6,lsc_kalman_cusum,1996-10-01,0.8186734516608798,6.663666514862799,0.12285630588428927
6,lsc_kalman_cusum,1996-11-01,1.0440225673530539,6.663666514862799,0.15667389192187833
6,lsc_kalman_cusum,1996-12-01,0.3194879714743888,6.663666514862799,0.047944771960270714
6,lsc_kalman_cusum,1997-01-01,0.65512249990981,6.663666514862799,0.09831261790316327
6,lsc_kalman_cusum,1997-02-01,0.45784571088232506,6.663666514862799,0.06870777669637806
6,lsc_kalman_cusum,1997-03-01,0.6711339875923628,6.663666514862799,0.10071542237227053
6,lsc_kalman_cusum,1997-04-01,0.48510351817974007,6.663666514862799,0.0727982886144968
6,lsc_kalman_cusum,1997-05-01,0.4137315459401779,6.663666514862799,0.06208767275753991
6,lsc_kalman_cusum,1997-06-01,0.42579238466830127,6.663666514862799,0.06389761308111741
6,lsc_kalman_cusum,1997-07-01,0.5555259028857193,6.663666514862799,0.08336640221215472
6,lsc_kalman_cusum,1997-08-01,0.16413880563068128,6.663666514862799,0.024631905763078363
6,lsc_kalman_cusum,1997-09-01,0.0,6.663666514862799,0.0
6,lsc_kalman_cusum,1997-10-01,0.0005575033396263418,6.663666514862799,8.366315126707995e-05
6,lsc_kalman_cusum,1997-11-01,0.0,6.663666514862799,0.0
6,lsc_kalman_cusum,1997-12-01,0.0,6.663666514862799,0.0
6,lsc_kalman_cusum,1998-01-01,0.3434442298604825,6.663666514862799,0.05153982857552316
6,lsc_kalman_cusum,1998-02-01,0.0,6.663666514862799,0.0
6,lsc_kalman_cusum,1998-03-01,0.0,6.663666514862799,0.0
6,lsc_kalman_cusum,1998-04-01,0.0,6.663666514862799,0.0
6,raw_cusum,1993-05-01,0.0,12.568945399369944,0.0
6,raw_cusum,1993-06-01,0.0,12.568945399369944,0.0
6,raw_cusum,1993-07-01,0.0,12.568945399369944,0.0
6,raw_cusum,1993-08-01,0.0,12.568945399369944,0.0
6,raw_cusum,1993-09-01,0.4038906661211371,12.568945399369944,0.032134013895977566
6,raw_cusum,1993-10-01,0.0,12.568945399369944,0.0
6,raw_cusum,1993-11-01,0.8631533360431531,12.568945399369944,0.0686734891923726
6,raw_cusum,1993-12-01,0.6406799668245327,12.568945399369944,0.05097324767252538
6,raw_cusum,1994-01-01,0.19469521711084292,12.568945399369944,0.015490179241338943
6,raw_cusum,1994-02-01,0.5150352005231091,12.568945399369944,0.040976803077601626
6,raw_cusum,1994-03-01,1.7613509031292445,12.568945399369944,0.14013513840369912
6,raw_cusum,1994-04-01,2.9438062113082126,12.568945399369944,0.23421266604084218
6,raw_cusum,1994-05-01,3.232215997506898,12.568945399369944,0.2571588860326279
6,raw_cusum,1994-06-01,2.594650064511717,12.568945399369944,0.20643339453457896
6,raw_cusum,1994-07-01,2.8511296534968213,12.568945399369944,0.22683921068188764
6,raw_cusum,1994-08-01,2.277424114928805,12.568945399369944,0.18119452687279297
6,raw_cusum,1994-09-01,2.597764098341071,12.568945399369944,0.20668115070905563
6,raw_cusum,1994-10-01,3.1096852650348286,12.568945399369944,0.24741019761218078
6,raw_cusum,1994-11-01,3.4300252484470946,12.568945399369944,0.27289682144844346
6,raw_cusum,1994-12-01,2.5689479349568414,12.568945399369944,0.2043885030390551
6,raw_cusum,1995-01-01,2.091032988029571,12.568945399369944,0.16636503076339165
6,raw_cusum,1995-02-01,0.7190725191220118,12.568945399369944,0.057210250842370386
6,raw_cusum,1995-03-01,0.6162001489607887,12.568945399369944,0.049025604725093125
6,raw_cusum,1995-04-01,0.4453472652374607,12.568945399369944,0.035432349420484004
6,raw_cusum,1995-05-01,1.2004701007079963,12.568945399369944,0.09551080560570925
6,raw_cusum,1995-06-01,2.0513835278192776,12.568945399369944,0.16321047332436572
6,raw_cusum,1995-07-01,1.082275713756407,12.568945399369944,0.08610712190783001
6,raw_cusum,1995-08-01,0.2884097861986854,12.568945399369944,0.022946219991785692
6,raw_cusum,1995-09-01,0.30810007448039434,12.568945399369944,0.024512802362546562
6,raw_cusum,1995-10-01,0.2011075851842281,12.568945399369944,0.016000354746891432
6,raw_cusum,1995-11-01,0.0,12.568945399369944,0.0
6,raw_cusum,1995-12-01,0.0845886939853222,12.568945399369944,0.006729975451207105
6,raw_cusum,1996-01-01,0.0,12.568945399369944,0.0
6,raw_cusum,1996-02-01,0.12875880013077523,12.568945399369944,0.010244200769400243
6,raw_cusum,1996-03-01,1.2154235166690004,12.568945399369944,0.09670051687311229
6,raw_cusum,1996-04-01,1.5996238945084311,12.568945399369944,0.1272679483983292
6,raw_cusum,1996-05-01,1.9518940751342813,12.568945399369944,0.1552949760790691
6,raw_cusum,1996-06-01,2.1125830724786403,12.568945399369944,0.1680795806929466
6,raw_cusum,1996-07-01,1.602737928337786,12.568945399369944,0.12751570457280592
6,raw_cusum,1996-08-01,0.48621903713888015,12.568945399369944,0.038684155407601124
6,raw_cusum,1996-09-01,0.7107684289104039,12.568945399369944,0.05654956771043283
6,raw_cusum,1996-10-01,0.34003027169397526,12.568945399369944,0.027053206207023565
6,raw_cusum,1996-11-01,0.7758511350286961,12.568945399369944,0.061727623947478355
6,raw_cusum,1996-12-01,0.0,12.568945399369944,0.0
6,raw_cusum,1997-01-01,0.5119211666937573,12.568945399369944,0.040729046903125135
6,raw_cusum,1997-02-01,0.0,12.568945399369944,0.0
6,raw_cusum,1997-03-01,0.4799909694801765,12.568945399369944,0.038188643058648136
6,raw_cusum,1997-04-01,0.7364705584652782,12.568945399369944,0.05859445920595661
6,raw_cusum,1997-05-01,0.0,12.568945399369944,0.0
6,raw_cusum,1997-06-01,0.0845886939853222,12.568945399369944,0.006729975451207105
6,raw_cusum,1997-07-01,0.3288283740385546,12.568945399369944,0.026161970124799656
6,raw_cusum,1997-08-01,0.0,12.568945399369944,0.0
6,raw_cusum,1997-09-01,0.0,12.568945399369944,0.0
6,raw_cusum,1997-10-01,0.0,12.568945399369944,0.0
6,raw_cusum,1997-11-01,0.0,12.568945399369944,0.0
6,raw_cusum,1997-12-01,0.0,12.568945399369944,0.0
6,raw_cusum,1998-01-01,0.2442396800532296,12.568945399369944,0.019431994673592332
6,raw_cusum,1998-02-01,0.0,12.568945399369944,0.0
6,raw_cusum,1998-03-01,0.0,12.568945399369944,0.0
6,raw_cusum,1998-04-01,0.0,12.568945399369944,0.0
6,raw_var_cusum,1993-05-01,29.322832299433284,36.85598555502106,0.7956057030589567
6,raw_var_cusum,1993-06-01,30.25390791351245,36.85598555502106,0.8208682377614732
6,raw_var_cusum,1993-07-01,31.07353108719511,36.85598555502106,0.8431067740898283
6,raw_var_cusum,1993-08-01,31.935193190217756,36.85598555502106,0.8664859373396157
6,raw_var_cusum,1993-09-01,32.068174853916844,36.85598555502106,0.8700940802693594
6,raw_var_cusum,1993-10-01,33.01768710434762,36.85598555502106,0.8958568494948163
6,raw_var_cusum,1993-11-01,32.10950008678205,36.85598555502106,0.8712153427249113
6,raw_var_cusum,1993-12-01,32.98247905598919,36.85598555502106,0.8949015623731119
6,raw_var_cusum,1994-01-01,33.9295614087257,36.85598555502106,0.9205984020715821
6,raw_var_cusum,1994-02-01,34.206603720340865,36.85598555502106,0.928115289964909
6,raw_var_cusum,1994-03-01,32.10698518717211,36.85598555502106,0.8711471068719807
6,raw_var_cusum,1994-04-01,30.22632932315252,36.85598555502106,0.8201199579381387
6,raw_var_cusum,1994-05-01,30.554739332178663,36.85598555502106,0.8290305868110492
6,raw_var_cusum,1994-06-01,31.48581494625783,36.85598555502106,0.8542931215135657
6,raw_var_cusum,1994-07-01,31.863553577706757,36.85598555502106,0.8645421658888686
6,raw_var_cusum,1994-08-01,32.80812107129116,36.85598555502106,0.8901707708321359
6,raw_var_cusum,1994-09-01,33.08516338290633,36.85598555502106,0.8976876587254629
6,raw_var_cusum,1994-10-01,33.01117893530348,36.85598555502106,0.8956802657202642
6,raw_var_cusum,1994-11-01,33.288221246918646,36.85598555502106,0.903197153613591
6,raw_var_cusum,1994-12-01,34.10784442060131,36.85598555502106,0.925435689941946
6,raw_var_cusum,1995-01-01,35.05735667103209,36.85598555502106,0.951198459167403
6,raw_var_cusum,1995-02-01,35.2470416116946,36.85598555502106,0.9563451114087148
6,raw_var_cusum,1995-03-01,35.64314891032887,36.85598555502106,0.967092546124385
6,raw_var_cusum,1995-04-01,36.484811086175625,36.85598555502106,0.9899290586520522
6,raw_var_cusum,1995-05-01,35.85947775405603,36.85598555502106,0.9729621176599016
6,raw_var_cusum,1995-06-01,34.98451066650649,36.85598555502106,0.9492219551225755
6,raw_var_cusum,1995-07-01,35.714448525291644,36.85598555502106,0.9690270925457888
6,raw_var_cusum,1995-08-01,36.04285853431779,36.85598555502106,0.9779377214186993
6,raw_var_cusum,1995-09-01,36.33983280394257,36.85598555502106,0.9859954158515735
6,raw_var_cusum,1995-10-01,37.135377900472946,36.85598555502106,1.0075806505034248
6,raw_var_cusum,1995-11-01,38.03092263288279,36.85598555502106,1.0318791387658786
6,raw_var_cusum,1995-12-01,38.63917869174733,36.85598555502106,1.0483827283376863
6,raw_var_cusum,1996-01-01,39.583746185331734,36.85598555502106,1.0740113332809536
6,raw_var_cusum,1996-02-01,40.138408556589845,36.85598555502106,1.08906078489391
6,raw_var_cusum,1996-03-01,38.57090363388252,36.85598555502106,1.0465302461197605
6,raw_var_cusum,1996-04-01,38.73909332571113,36.85598555502106,1.0510936756223448
6,raw_var_cusum,1996-05-01,38.962728864927115,36.85598555502106,1.0571614970588963
6,raw_var_cusum,1996-06-01,39.47621891371522,36.85598555502106,1.0710938350782264
6,raw_var_cusum,1996-07-01,40.426121986852074,36.85598555502106,1.0968672083534785
6,raw_var_cusum,1996-08-01,40.99602644364695,36.85598555502106,1.1123302179084416
6,raw_var_cusum,1996-09-01,41.42105462253046,36.85598555502106,1.123862352308945
6,raw_var_cusum,1996-10-01,41.665403765168215,36.85598555502106,1.130492188384634
6,raw_var_cusum,1996-11-01,41.73964307691568,36.85598555502106,1.1325064965256177
6,raw_var_cusum,1996-12-01,42.498518808241656,36.85598555502106,1.153096794679308
6,raw_var_cusum,1997-01-01,42.4245343606388,36.85598555502106,1.1510894016741093
6,raw_var_cusum,1997-02-01,43.22007945716918,36.85598555502106,1.1726746363259606
6,raw_var_cusum,1997-03-01,43.209697156906486,36.85598555502106,1.1723929371634951
6,raw_var_cusum,1997-04-01,43.58743578835542,36.85598555502106,1.182641981538798
6,raw_var_cusum,1997-05-01,44.32870750561664,36.85598555502106,1.202754636406068
6,raw_var_cusum,1997-06-01,44.93696356448118,36.85598555502106,1.2192582259778755
6,raw_var_cusum,1997-07-01,45.333070863115445,36.85598555502106,1.2300056606935454
6,raw_var_cusum,1997-08-01,46.14370511455848,36.85598555502106,1.2520003038766145
6,raw_var_cusum,1997-09-01,47.06497617640274,36.85598555502106,1.2769968152429685
6,raw_var_cusum,1997-10-01,47.80624789366396,36.85598555502106,1.2971094701102381
6,raw_var_cusum,1997-11-01,48.62587106734662,36.85598555502106,1.3193480064385932
6,raw_var_cusum,1997-12-01,49.564712158672506,36.85598555502106,1.344821239000081
6,raw_var_cusum,1998-01-01,49.960819457306776,36.85598555502106,1.355568673715751
6,raw_var_cusum,1998-02-01,50.865166196749,36.85598555502106,1.3801059836214151
6,raw_var_cusum,1998-03-01,51.675800448192035,36.85598555502106,1.402100626804484
6,raw_var_cusum,1998-04-01,52.618413828246084,36.85598555502106,1.4276762114987762
7,lsc_composite,1998-05-01,1.4277754212599554,10.124960753360504,0.14101540302623616
7,lsc_composite,1998-06-01,1.2244718719006291,10.124960753360504,0.1209359622943944
7,lsc_composite,1998-07-01,1.334705529054649,10.124960753360504,0.13182327927657955
7,lsc_composite,1998-08-01,1.0729828326128237,10.124960753360504,0.10597402387527255
7,lsc_composite,1998-09-01,2.868163021542523,10.124960753360504,0.2832764581917585
7,lsc_composite,1998-10-01,1.2620558265467823,10.124960753360504,0.1246479722035369
7,lsc_composite,1998-11-01,1.0434199541798035,10.124960753360504,0.10305422209498337
7,lsc_composite,1998-12-01,1.98129819358357,10.124960753360504,0.1956845307203755
7,lsc_composite,1999-01-01,1.255089004817711,10.124960753360504,0.12395988837795181
7,lsc_composite,1999-02-01,2.0413989987685035,10.124960753360504,0.20162043572277127
7,lsc_composite,1999-03-01,3.359137901330912,10.124960753360504,0.3317679923071311
7,lsc_composite,1999-04-01,1.1735834263553893,10.124960753360504,0.11590992349929588
7,lsc_composite,1999-05-01,1.6620491041265688,10.124960753360504,0.16415363423259985
7,lsc_composite,1999-06-01,2.280727028231043,10.124960753360504,0.22525786358965025
7,lsc_composite,1999-07-01,2.037060408541553,10.124960753360504,0.20119193132333343
7,lsc_composite,1999-08-01,2.219874683974229,10.124960753360504,0.21924773221836402
7,lsc_composite,1999-09-01,2.0146772368410817,10.124960753360504,0.19898123912948545
7,lsc_composite,1999-10-01,1.5091377873693819,10.124960753360504,0.1490512234201495
7,lsc_composite,1999-11-01,2.0500492911641084,10.124960753360504,0.20247478890065732
7,lsc_composite,1999-12-01,1.770137015189697,10.124960753360504,0.17482902485347246
7,lsc_composite,2000-01-01,2.5350597390608813,10.124960753360504,0.2503772410396245
7,lsc_composite,2000-02-01,1.839613994780885,10.124960753360504,0.18169097536208342
7,lsc_composite,2000-03-01,1.1026108445342093,10.124960753360504,0.10890025861761977
7,lsc_composite,2000-04-01,1.5610230373776426,10.124960753360504,0.15417571242037006
7,lsc_composite,2000-05-01,3.8232339368610213,10.124960753360504,0.37760481546479857
7,lsc_composite,2000-06-01,3.336287505314743,10.124960753360504,0.32951115432298533
7,lsc_composite,2000-07-01,2.46470601058631,10.124960753360504,0.24342869771305206
7,lsc_composite,2000-08-01,2.6510236658208655,10.124960753360504,0.26183051276924535
7,lsc_composite,2000-09-01,2.317791647037633,10.124960753360504,0.22891858087137287
7,lsc_composite,2000-10-01,2.5313920990946404,10.124960753360504,0.25001500358946716
7,lsc_composite,2000-11-01,2.233411351508271,10.124960753360504,0.2205846922188805
7,lsc_composite,2000-12-01,2.7243152814937015,10.124960753360504,0.26906921891914426
7,lsc_composite,2001-01-01,2.3753984652035385,10.124960753360504,0.2346081652133947
7,lsc_composite,2001-02-01,1.909088845124763,10.124960753360504,0.1885527155738486
7,lsc_composite,2001-03-01,1.9686892017841453,10.124960753360504,0.19443919336978482
7,lsc_composite,2001-04-01,2.497158615425141,10.124960753360504,0.24663390567675303
7,lsc_composite,2001-05-01,2.2030111447944196,10.124960753360504,0.21758219102856607
7,lsc_composite,2001-06-01,2.322083280049052,10.124960753360504,0.22934244750315164
7,lsc_composite,2001-07-01,2.151366296876874,10.124960753360504,0.2124814455367473
7,lsc_composite,2001-08-01,2.230555785055811,10.124960753360504,0.22030265987109954
7,lsc_composite,2001-09-01,2.3505046656161337,10.124960753360504,0.23214950881029284
7,lsc_composite,2001-10-01,1.961240488783435,10.124960753360504,0.19370351516004577
7,lsc_composite,2001-11-01,1.7896469859415018,10.124960753360504,0.1767559430141507
7,lsc_composite,2001-12-01,2.352478406637257,10.124960753360504,0.23234444695071654
7,lsc_composite,2002-01-01,2.1510972707883402,10.124960753360504,0.21245487495587426
7,lsc_composite,2002-02-01,2.1743602788371645,10.124960753360504,0.21475246490367758
7,lsc_composite,2002-03-01,2.7354996655106465,10.124960753360504,0.2701738537211343
7,lsc_composite,2002-04-01,3.128424308025405,10.124960753360504,0.30898137624751504
7,lsc_composite,2002-05-01,3.206902426371378,10.124960753360504,0.3167323315605937
7,lsc_composite,2002-06-01,3.5326433188962034,10.124960753360504,0.3489043962687666
7,lsc_composite,2002-07-01,3.6463171958345257,10.124960753360504,0.36013148936150713
7,lsc_composite,2002-08-01,3.8889703900245234,10.124960753360504,0.38409732983248973
7,lsc_composite,2002-09-01,2.8429350244937774,10.124960753360504,0.28078479450403787
7,lsc_composite,2002-10-01,2.6683324503888532,10.124960753360504,0.26354002898265316
7,lsc_composite,2002-11-01,2.7586237292466373,10.124960753360504,0.2724577207206499
7,lsc_composite,2002-12-01,2.6559877875027653,10.124960753360504,0.2623207982925993
7,lsc_composite,2003-01-01,2.496515520780499,10.124960753360504,0.24657038991009406
7,lsc_composite,2003-02-01,2.1386368137662,10.124960753360504,0.2112242077636084
7,lsc_composite,2003-03-01,1.765242943639331,10.124960753360504,0.1743456578884458
7,lsc_composite,2003-04-01,2.6687673464309003,10.124960753360504,0.26358298184465834
7,lsc_tail_cusum,1998-05-01,1.5200000000000002,6.452500000000012,0.2355676094536997
7,lsc_tail_cusum,1998-06-01,1.6000000000000003,6.452500000000012,0.24796590468810498
7,lsc_tail_cusum,1998-07-01,1.6800000000000004,6.452500000000012,0.2603641999225102
7,lsc_tail_cusum,1998-08-01,1.7600000000000005,6.452500000000012,0.2727624951569155
7,lsc_tail_cusum,1998-09-01,0.85,6.452500000000012,0.13173188686555573
7,lsc_tail_cusum,1998-10-01,0.9200000000000005,6.452500000000012,0.1425803951956604
7,lsc_tail_cusum,1998-11-01,1.5499999999999998,6.452500000000012,0.24021697016660162
7,lsc_tail_cusum,1998-12-01,1.3999999999999997,6.452500000000012,0.21697016660209176
7,lsc_tail_cusum,1999-01-01,1.2499999999999996,6.452500000000012,0.1937233630375819
7,lsc_tail_cusum,1999-02-01,1.0999999999999994,6.452500000000012,0.17047655947307205
7,lsc_tail_cusum,1999-03-01,0.9499999999999994,6.452500000000012,0.14722975590856222
7,lsc_tail_cusum,1999-04-01,0.7999999999999994,6.452500000000012,0.12398295234405236
7,lsc_tail_cusum,1999-05-01,1.6499999999999992,6.452500000000012,0.2557148392096081
7,lsc_tail_cusum,1999-06-01,1.4999999999999991,6.452500000000012,0.23246803564509821
7,lsc_tail_cusum,1999-07-01,1.349999999999999,6.452500000000012,0.20922123208058838
7,lsc_tail_cusum,1999-08-01,1.1999999999999988,6.452500000000012,0.1859744285160785
7,lsc_tail_cusum,1999-09-01,1.0499999999999987,6.452500000000012,0.16272762495156864
7,lsc_tail_cusum,1999-10-01,0.8999999999999987,6.452500000000012,0.1394808213870588
7,lsc_tail_cusum,1999-11-01,0.7499999999999987,6.452500000000012,0.11623401782254897
7,lsc_tail_cusum,1999-12-01,0.5999999999999986,6.452500000000012,0.09298721425803913
7,lsc_tail_cusum,2000-01-01,0.6399999999999999,6.452500000000012,0.09918636187524195
7,lsc_tail_cusum,2000-02-01,0.7199999999999999,6.452500000000012,0.1115846571096472
7,lsc_tail_cusum,2000-03-01,0.7999999999999998,6.452500000000012,0.12398295234405243
7,lsc_tail_cusum,2000-04-01,0.8799999999999998,6.452500000000012,0.13638124757845768
7,lsc_tail_cusum,2000-05-01,0.85,6.452500000000012,0.13173188686555573
7,lsc_tail_cusum,2000-06-01,1.7,6.452500000000012,0.26346377373111146
7,lsc_tail_cusum,2000-07-01,1.5499999999999998,6.452500000000012,0.24021697016660162
7,lsc_tail_cusum,2000-08-01,1.3999999999999997,6.452500000000012,0.21697016660209176
7,lsc_tail_cusum,2000-09-01,1.2499999999999996,6.452500000000012,0.1937233630375819
7,lsc_tail_cusum,2000-10-01,1.0999999999999994,6.452500000000012,0.17047655947307205
7,lsc_tail_cusum,2000-11-01,0.9499999999999994,6.452500000000012,0.14722975590856222
7,lsc_tail_cusum,2000-12-01,1.7999999999999992,6.452500000000012,0.2789616427741179
7,lsc_tail_cusum,2001-01-01,1.649999999999999,6.452500000000012,0.255714839209608
7,lsc_tail_cusum,2001-02-01,1.499999999999999,6.452500000000012,0.2324680356450982
7,lsc_tail_cusum,2001-03-01,1.3499999999999988,6.452500000000012,0.20922123208058832
7,lsc_tail_cusum,2001-04-01,1.1999999999999986,6.452500000000012,0.18597442851607848
7,lsc_tail_cusum,2001-05-01,1.0499999999999985,6.452500000000012,0.16272762495156862
7,lsc_tail_cusum,2001-06-01,0.8999999999999985,6.452500000000012,0.13948082138705878
7,lsc_tail_cusum,2001-07-01,0.7499999999999984,6.452500000000012,0.11623401782254894
7,lsc_tail_cusum,2001-08-01,0.6399999999999999,6.452500000000012,0.09918636187524195
7,lsc_tail_cusum,2001-09-01,0.7199999999999999,6.452500000000012,0.1115846571096472
7,lsc_tail_cusum,2001-10-01,0.7999999999999998,6.452500000000012,0.12398295234405243
7,lsc_tail_cusum,2001-11-01,0.8799999999999998,6.452500000000012,0.13638124757845768
7,lsc_tail_cusum,2001-12-01,0.9999999999999982,6.452500000000012,0.1549786904300653
7,lsc_tail_cusum,2002-01-01,0.8499999999999982,6.452500000000012,0.13173188686555545
7,lsc_tail_cusum,2002-02-01,0.6999999999999982,6.452500000000012,0.10848508330104562
7,lsc_tail_cusum,2002-03-01,1.549999999999998,6.452500000000012,0.24021697016660135
7,lsc_tail_cusum,2002-04-01,1.399999999999998,6.452500000000012,0.21697016660209148
7,lsc_tail_cusum,2002-05-01,1.2499999999999978,6.452500000000012,0.19372336303758161
7,lsc_tail_cusum,2002-06-01,1.0999999999999976,6.452500000000012,0.17047655947307178
7,lsc_tail_cusum,2002-07-01,0.9499999999999976,6.452500000000012,0.14722975590856194
7,lsc_tail_cusum,2002-08-01,0.7999999999999976,6.452500000000012,0.12398295234405209
7,lsc_tail_cusum,2002-09-01,0.6499999999999976,6.452500000000012,0.10073614877954225
7,lsc_tail_cusum,2002-10-01,0.5599999999999999,6.452500000000012,0.08678806664083671
7,lsc_tail_cusum,2002-11-01,0.6399999999999999,6.452500000000012,0.09918636187524195
7,lsc_tail_cusum,2002-12-01,0.7199999999999999,6.452500000000012,0.1115846571096472
7,lsc_tail_cusum,2003-01-01,0.7999999999999998,6.452500000000012,0.12398295234405243
7,lsc_tail_cusum,2003-02-01,0.8799999999999998,6.452500000000012,0.13638124757845768
7,lsc_tail_cusum,2003-03-01,0.9599999999999997,6.452500000000012,0.1487795428128629
7,lsc_tail_cusum,2003-04-01,1.0399999999999998,6.452500000000012,0.16117783804726818
7,lsc_kalman_cusum,1998-05-01,0.0,6.993864884378913,0.0
7,lsc_kalman_cusum,1998-06-01,0.24320283270968213,6.993864884378913,0.03477373908850966
7,lsc_kalman_cusum,1998-07-01,0.0,6.993864884378913,0.0
7,lsc_kalman_cusum,1998-08-01,0.0009089647674757062,6.993864884378913,0.00012996601771731632
7,lsc_kalman_cusum,1998-09-01,1.8238198181151728,6.993864884378913,0.26077424260636634
7,lsc_kalman_cusum,1998-10-01,1.6406225090956417,6.993864884378913,0.23458024085653129
7,lsc_kalman_cusum,1998-11-01,1.4936943811637862,6.993864884378913,0.21357209580928774
7,lsc_kalman_cusum,1998-12-01,0.9537632067656268,6.993864884378913,0.13637140873222994
7,lsc_kalman_cusum,1999-01-01,0.188922686123157,6.993864884378913,0.02701263024756507
7,lsc_kalman_cusum,1999-02-01,0.9032361813488279,6.993864884378913,0.12914693038555025
7,lsc_kalman_cusum,1999-03-01,0.9665859071483194,6.993864884378913,0.1382048299656502
7,lsc_kalman_cusum,1999-04-01,0.18998597831984687,6.993864884378913,0.027164662380622828
7,lsc_kalman_cusum,1999-05-01,1.3344156698708345,6.993864884378913,0.1907980339813695
7,lsc_kalman_cusum,1999-06-01,1.8688760581308403,6.993864884378913,0.26721649460301306
7,lsc_kalman_cusum,1999-07-01,0.7331070273505871,6.993864884378913,0.10482144557696733
7,lsc_kalman_cusum,1999-08-01,0.5740829075620066,6.993864884378913,0.082083785868418
7,lsc_kalman_cusum,1999-09-01,0.0,6.993864884378913,0.0
7,lsc_kalman_cusum,1999-10-01,0.45569839790905287,6.993864884378913,0.06515687755519471
7,lsc_kalman_cusum,1999-11-01,0.2566799059988488,6.993864884378913,0.036700724169286436
7,lsc_kalman_cusum,1999-12-01,0.8622417158000812,6.993864884378913,0.12328544089062028
7,lsc_kalman_cusum,2000-01-01,1.7078164833059386,6.993864884378913,0.2441878005279195
7,lsc_kalman_cusum,2000-02-01,0.9168675817898337,6.993864884378913,0.1310959815420077
7,lsc_kalman_cusum,2000-03-01,1.3981111156916999,6.993864884378913,0.19990536546029636
7,lsc_kalman_cusum,2000-04-01,1.6934675111809785,6.993864884378913,0.24213614920748733
7,lsc_kalman_cusum,2000-05-01,2.1978750047975297,6.993864884378913,0.31425757304899826
7,lsc_kalman_cusum,2000-06-01,2.018367616799229,6.993864884378913,0.2885911652807787
7,lsc_kalman_cusum,2000-07-01,1.096220642461956,6.993864884378913,0.1567403232096191
7,lsc_kalman_cusum,2000-08-01,1.5600796548323514,6.993864884378913,0.2230640254885184
7,lsc_kalman_cusum,2000-09-01,0.7755737028804808,6.993864884378913,0.11089343527535923
7,lsc_kalman_cusum,2000-10-01,0.5065170807143595,6.993864884378913,0.07242305779250703
7,lsc_kalman_cusum,2000-11-01,0.0,6.993864884378913,0.0
7,lsc_kalman_cusum,2000-12-01,1.7767913215870688,6.993864884378913,0.2540499925235339
7,lsc_kalman_cusum,2001-01-01,0.7262272304446349,6.993864884378913,0.1038377552970309
7,lsc_kalman_cusum,2001-02-01,0.35961508589774693,6.993864884378913,0.05141864932234567
7,lsc_kalman_cusum,2001-03-01,0.7557168788204023,6.993864884378913,0.10805425774071319
7,lsc_kalman_cusum,2001-04-01,1.115886073652484,6.993864884378913,0.15955213492111664
7,lsc_kalman_cusum,2001-05-01,1.3342613434163944,6.993864884378913,0.1907759680054046
7,lsc_kalman_cusum,2001-06-01,0.5184848784790179,6.993864884378913,0.07413424294728305
7,lsc_kalman_cusum,2001-07-01,0.0,6.993864884378913,0.0
7,lsc_kalman_cusum,2001-08-01,0.7246006930818367,6.993864884378913,0.10360518898502921
7,lsc_kalman_cusum,2001-09-01,0.855707638558886,6.993864884378913,0.12235118245852082
7,lsc_kalman_cusum,2001-10-01,0.6593789754077493,6.993864884378913,0.09427962740322587
7,lsc_kalman_cusum,2001-11-01,0.19814659290006365,6.993864884378913,0.02833148712132433
7,lsc_kalman_cusum,2001-12-01,1.664886827176439,6.993864884378913,0.23804961272486588
7,lsc_kalman_cusum,2002-01-01,0.5997191712951766,6.993864884378913,0.08574932189992321
7,lsc_kalman_cusum,2002-02-01,0.6293631473141237,6.993864884378913,0.08998789048953926
7,lsc_kalman_cusum,2002-03-01,1.5387506207911308,6.993864884378913,0.2200143477504111
7,lsc_kalman_cusum,2002-04-01,0.5596336705218321,6.993864884378913,0.08001779842384389
7,lsc_kalman_cusum,2002-05-01,0.16428651586466225,6.993864884378913,0.023490090040430005
7,lsc_kalman_cusum,2002-06-01,0.6763916436678787,6.993864884378913,0.09671214054744288
7,lsc_kalman_cusum,2002-07-01,1.0785274677521572,6.993864884378913,0.1542105095797737
7,lsc_kalman_cusum,2002-08-01,1.9138150369263558,6.993864884378913,0.27364198030204173
7,lsc_kalman_cusum,2002-09-01,2.534480457276533,6.993864884378913,0.36238624840142397
7,lsc_kalman_cusum,2002-10-01,0.935824577472717,6.993864884378913,0.13380649940248632
7,lsc_kalman_cusum,2002-11-01,0.49278541647556096,6.993864884378913,0.07045967067167935
7,lsc_kalman_cusum,2002-12-01,0.0,6.993864884378913,0.0
7,lsc_kalman_cusum,2003-01-01,0.0,6.993864884378913,0.0
7,lsc_kalman_cusum,2003-02-01,0.26271393713669744,6.993864884378913,0.037563484779850394
7,lsc_kalman_cusum,2003-03-01,0.0,6.993864884378913,0.0
7,lsc_kalman_cusum,2003-04-01,0.3992916683160339,6.993864884378913,0.05709170464643497
7,raw_cusum,1998-05-01,0.0,12.440200097987756,0.0
7,raw_cusum,1998-06-01,0.05016094951952965,12.440200097987756,0.0040321658111948985
7,raw_cusum,1998-07-01,0.0,12.440200097987756,0.0
7,raw_cusum,1998-08-01,0.0,12.440200097987756,0.0
7,raw_cusum,1998-09-01,1.7316180070322957,12.440200097987756,0.13919535002595262
7,raw_cusum,1998-10-01,2.3570142657009256,12.440200097987756,0.1894675525421959
7,raw_cusum,1998-11-01,0.9410381975350635,12.440200097987756,0.07564494060568042
7,raw_cusum,1998-12-01,0.5988836274890286,12.440200097987756,0.04814099634827417
7,raw_cusum,1999-01-01,0.0,12.440200097987756,0.0
7,raw_cusum,1999-02-01,0.8525404576659725,12.440200097987756,0.06853108880490386
7,raw_cusum,1999-03-01,1.4838365656592132,12.440200097987756,0.11927754810786595
7,raw_cusum,1999-04-01,0.8761643154851468,12.440200097987756,0.07043008219995348
7,raw_cusum,1999-05-01,2.0826957326274913,12.440200097987756,0.1674165782079642
7,raw_cusum,1999-06-01,3.289227149769836,12.440200097987756,0.264403074215975
7,raw_cusum,1999-07-01,2.4160616799884926,12.440200097987756,0.19421405290573251
7,raw_cusum,1999-08-01,2.693366828505361,12.440200097987756,0.21650510500558767
7,raw_cusum,1999-09-01,2.218441188134935,12.440200097987756,0.17832841679884034
7,raw_cusum,1999-10-01,2.6727418163899896,12.440200097987756,0.21484717250024898
7,raw_cusum,1999-11-01,1.9323229564122868,12.440200097987756,0.15532892889117167
7,raw_cusum,1999-12-01,2.652116804274619,12.440200097987756,0.21318923999491035
7,raw_cusum,2000-01-01,3.947145961286054,12.440200097987756,0.31728958780369765
7,raw_cusum,2000-02-01,2.94123388170107,12.440200097987756,0.23642978879228996
7,raw_cusum,2000-03-01,1.4043353629015312,12.440200097987756,0.11288687897622218
7,raw_cusum,2000-04-01,1.1239579871186074,12.440200097987756,0.09034886724212832
7,raw_cusum,2000-05-01,1.6047712465532626,12.440200097987756,0.128998829111506
7,raw_cusum,2000-06-01,0.8908894782759149,12.440200097987756,0.07161375791857394
7,raw_cusum,2000-07-01,0.49856172844997726,12.440200097987756,0.040076664725885024
7,raw_cusum,2000-08-01,0.8584647675113297,12.440200097987756,0.06900731183979825
7,raw_cusum,2000-09-01,0.3776392778163009,12.440200097987756,0.03035636684633275
7,raw_cusum,2000-10-01,0.029560397924908832,12.440200097987756,0.0023761995540321195
7,raw_cusum,2000-11-01,0.0,12.440200097987756,0.0
7,raw_cusum,2000-12-01,1.5103736573595605,12.440200097987756,0.12141072052401058
7,raw_cusum,2001-01-01,1.2507925173372634,12.440200097987756,0.10054440503248684
7,raw_cusum,2001-02-01,0.9027136374458753,12.440200097987756,0.07256423774018653
7,raw_cusum,2001-03-01,1.2183678065726822,12.440200097987756,0.09793795895371146
7,raw_cusum,2001-04-01,0.7197938478623318,12.440200097987756,0.05786031110373867
7,raw_cusum,2001-05-01,1.4395876957246636,12.440200097987756,0.11572062220747734
7,raw_cusum,2001-06-01,0.566422225943324,12.440200097987756,0.045531600897235146
7,raw_cusum,2001-07-01,0.0029988457038072625,12.440200097987756,0.0002410608897112785
7,raw_cusum,2001-08-01,0.5811473887340881,12.440200097987756,0.04671527661585529
7,raw_cusum,2001-09-01,1.0295481676645317,12.440200097987756,0.08275977553054509
7,raw_cusum,2001-10-01,1.123957987118607,12.440200097987756,0.09034886724212828
7,raw_cusum,2001-11-01,0.15639492814356526,12.440200097987756,0.01257173734439068
7,raw_cusum,2001-12-01,1.5605223766187133,12.440200097987756,0.1254419032111174
7,raw_cusum,2002-01-01,0.952850126444651,12.440200097987756,0.07659443730320525
7,raw_cusum,2002-02-01,0.0,12.440200097987756,0.0
7,raw_cusum,2002-03-01,1.2507802870768903,12.440200097987756,0.10054342190839906
7,raw_cusum,2002-04-01,0.554610297033733,12.440200097987756,0.044582104199710024
7,raw_cusum,2002-05-01,0.0,12.440200097987756,0.0
7,raw_cusum,2002-06-01,0.40415190899590203,12.440200097987756,0.032487573014301836
7,raw_cusum,2002-07-01,1.0295481676645317,12.440200097987756,0.08275977553054509
7,raw_cusum,2002-08-01,2.1416819956131783,12.440200097987756,0.1721581629510608
7,raw_cusum,2002-09-01,3.253815823561821,12.440200097987756,0.26155655037157616
7,raw_cusum,2002-10-01,2.3305016345213265,12.440200097987756,0.18733634637422697
7,raw_cusum,2002-11-01,1.2301919657426463,12.440200097987756,0.09888843877532437
7,raw_cusum,2002-12-01,0.7051176061130682,12.440200097987756,0.05668056788147028
7,raw_cusum,2003-01-01,0.0030477667453077117,12.440200097987756,0.00024499338606303434
7,raw_cusum,2003-02-01,0.053208716264835476,12.440200097987756,0.004277159197257781
7,raw_cusum,2003-03-01,0.0,12.440200097987756,0.0
7,raw_cusum,2003-04-01,0.2773051485168665,12.440200097987756,0.022291052099855012
7,raw_var_cusum,1998-05-01,7.390269986756787,45.39615778592778,0.16279505463010077
7,raw_var_cusum,1998-06-01,8.037592916380556,45.39615778592778,0.17705447571759267
7,raw_var_cusum,1998-07-01,8.983570391219548,45.39615778592778,0.19789274752244207
7,raw_var_cusum,1998-08-01,9.759335660219095,45.39615778592778,0.21498153447788843
7,raw_var_cusum,1998-09-01,5.7292167309083,45.39615778592778,0.12620488187404008
7,raw_var_cusum,1998-10-01,5.412699991882951,45.39615778592778,0.11923255746460591
7,raw_var_cusum,1998-11-01,5.1732267550912505,45.39615778592778,0.1139573701256031
7,raw_var_cusum,1998-12-01,4.769746170547122,45.39615778592778,0.10506938038764332
7,raw_var_cusum,1999-01-01,5.540551267904113,45.39615778592778,0.12204890321404276
7,raw_var_cusum,1999-02-01,4.6611855782808345,45.39615778592778,0.10267797552958859
7,raw_var_cusum,1999-03-01,4.727980965898918,45.39615778592778,0.10414936409804557
7,raw_var_cusum,1999-04-01,5.269761380862634,45.39615778592778,0.11608386343427927
7,raw_var_cusum,1999-05-01,5.551823757050324,45.39615778592778,0.12229721694137115
7,raw_var_cusum,1999-06-01,7.414073234744184,45.39615778592778,0.16331939962201936
7,raw_var_cusum,1999-07-01,6.503325702581315,45.39615778592778,0.143257183421749
7,raw_var_cusum,1999-08-01,6.057528996492146,45.39615778592778,0.13343704163372835
7,raw_var_cusum,1999-09-01,5.00815772000298,45.39615778592778,0.11032118056377546
7,raw_var_cusum,1999-10-01,4.8688474090909715,45.39615778592778,0.10725241180213387
7,raw_var_cusum,1999-11-01,4.382687022895152,45.39615778592778,0.09654312692193806
7,raw_var_cusum,1999-12-01,4.314545668606743,45.39615778592778,0.09504208900128981
7,raw_var_cusum,2000-01-01,6.486675343127929,45.39615778592778,0.1428904043755596
7,raw_var_cusum,2000-02-01,5.692622375397932,45.39615778592778,0.1253987705797113
7,raw_var_cusum,2000-03-01,5.71778091368661,45.39615778592778,0.12595297030752345
7,raw_var_cusum,2000-04-01,5.83666058985314,45.39615778592778,0.1285716869999608
7,raw_var_cusum,2000-05-01,9.216722590170514,45.39615778592778,0.20302869316899722
7,raw_var_cusum,2000-06-01,10.10129613094916,45.39615778592778,0.22251434094011435
7,raw_var_cusum,2000-07-01,9.062889444406705,45.39615778592778,0.1996400111027917
7,raw_var_cusum,2000-08-01,8.752322680993654,45.39615778592778,0.19279875451721074
7,raw_var_cusum,2000-09-01,7.702690342839089,45.39615778592778,0.16967714270362377
7,raw_var_cusum,2000-10-01,6.675770369574144,45.39615778592778,0.1470558455861995
7,raw_var_cusum,2000-11-01,5.626399093084977,45.39615778592778,0.12393998451624662
7,raw_var_cusum,2000-12-01,8.618001335290232,45.39615778592778,0.18983988415781086
7,raw_var_cusum,2001-01-01,7.625802563523211,45.39615778592778,0.16798343594371573
7,raw_var_cusum,2001-02-01,6.598882590258267,45.39615778592778,0.14536213882629148
7,raw_var_cusum,2001-03-01,6.214174313872209,45.39615778592778,0.13688767104863933
7,raw_var_cusum,2001-04-01,6.652071345155003,45.39615778592778,0.1465337964618904
7,raw_var_cusum,2001-05-01,7.089968376437796,45.39615778592778,0.1561799218751415
7,raw_var_cusum,2001-06-01,6.179220844274925,45.39615778592778,0.13611770567487108
7,raw_var_cusum,2001-07-01,5.133243369435931,45.39615778592778,0.1130766042721609
7,raw_var_cusum,2001-08-01,5.252123045602469,45.39615778592778,0.11569532096459843
7,raw_var_cusum,2001-09-01,5.101587083078341,45.39615778592778,0.11237927022669233
7,raw_var_cusum,2001-10-01,4.4049101165417675,45.39615778592778,0.09703266380634602
7,raw_var_cusum,2001-11-01,4.827770800289297,45.39615778592778,0.1063475641056531
7,raw_var_cusum,2001-12-01,6.769277795206296,45.39615778592778,0.14911565483422223
7,raw_var_cusum,2002-01-01,5.730871108663842,45.39615778592778,0.12624132499689958
7,raw_var_cusum,2002-02-01,4.894004027808584,45.39615778592778,0.10780656924506642
7,raw_var_cusum,2002-03-01,6.909235641425622,45.39615778592778,0.15219868769527
7,raw_var_cusum,2002-04-01,5.897718306419154,45.39615778592778,0.12991668445225493
7,raw_var_cusum,2002-05-01,4.8593116198767,45.39615778592778,0.10704235461493228
7,raw_var_cusum,2002-06-01,4.626802294417634,45.39615778592778,0.10192057037593351
7,raw_var_cusum,2002-07-01,4.843319033442984,45.39615778592778,0.1066900651875069
7,raw_var_cusum,2002-08-01,6.39229451265934,45.39615778592778,0.1408113555072907
7,raw_var_cusum,2002-09-01,7.941269991875684,45.39615778592778,0.17493264582707427
7,raw_var_cusum,2002-10-01,7.070464894518696,45.39615778592778,0.15575029340281413
7,raw_var_cusum,2002-11-01,6.3808365929478645,45.39615778592778,0.14055895706058721
7,raw_var_cusum,2002-12-01,5.331465316458698,45.39615778592778,0.11744309599063434
7,raw_var_cusum,2003-01-01,4.322297536440811,45.39615778592778,0.0952128494403257
7,raw_var_cusum,2003-02-01,3.866295385058646,45.39615778592778,0.08516789908279744
7,raw_var_cusum,2003-03-01,4.735259668605253,45.39615778592778,0.10430970151560101
7,raw_var_cusum,2003-04-01,5.081056374694425,45.39615778592778,0.11192701370576096
8,lsc_composite,2003-05-01,1.2353384264481946,9.074339644000688,0.13613535253387976
8,lsc_composite,2003-06-01,1.8333133990133228,9.074339644000688,0.20203270661412592
8,lsc_composite,2003-07-01,4.777104243075869,9.074339644000688,0.5264409786814794
8,lsc_composite,2003-08-01,5.002385993336528,9.074339644000688,0.551267220490667
8,lsc_composite,2003-09-01,4.454956388684298,9.074339644000688,0.4909400092412896
8,lsc_composite,2003-10-01,2.867992325122964,9.074339644000688,0.3160552103666384
8,lsc_composite,2003-11-01,2.3439466611382844,9.074339644000688,0.25830492940474586
8,lsc_composite,2003-12-01,2.445127596047954,9.074339644000688,0.2694551550827723
8,lsc_composite,2004-01-01,1.8133535241167495,9.074339644000688,0.19983311130696005
8,lsc_composite,2004-02-01,1.6717162675716146,9.074339644000688,0.18422456433806017
8,lsc_composite,2004-03-01,1.723849327304704,9.074339644000688,0.1899696721672074
8,lsc_composite,2004-04-01,3.596206268525349,9.074339644000688,0.39630501056932627
8,lsc_composite,2004-05-01,3.597996355331355,9.074339644000688,0.3965022796683719
8,lsc_composite,2004-06-01,4.376573559463071,9.074339644000688,0.4823021543343435
8,lsc_composite,2004-07-01,3.8474882453422774,9.074339644000688,0.4239964996115133
8,lsc_composite,2004-08-01,3.724315256568758,9.074339644000688,0.41042273076377656
8,lsc_composite,2004-09-01,2.892122257976143,9.074339644000688,0.3187143496318446
8,lsc_composite,2004-10-01,1.9227793253358756,9.074339644000688,0.21189192831316178
8,lsc_composite,2004-11-01,1.6300000154273648,9.074339644000688,0.1796273976261188
8,lsc_composite,2004-12-01,1.4697347318113345,9.074339644000688,0.16196602612103234
8,lsc_composite,2005-01-01,2.2557353102093853,9.074339644000688,0.24858396298850444
8,lsc_composite,2005-02-01,2.3648266009348298,9.074339644000688,0.26060591665182886
8,lsc_composite,2005-03-01,1.2350424410925385,9.074339644000688,0.1361027346942057
8,lsc_composite,2005-04-01,2.7210861992026487,9.074339644000688,0.2998660294803533
8,lsc_composite,2005-05-01,0.8172970453823741,9.074339644000688,0.09006683433132384
8,lsc_composite,2005-06-01,0.8981350296454039,9.074339644000688,0.09897524942646238
8,lsc_composite,2005-07-01,1.3849632537207404,9.074339644000688,0.15262413663746655
8,lsc_composite,2005-08-01,1.4203576054438447,9.074339644000688,0.1565246245089454
8,lsc_composite,2005-09-01,1.7838165212507868,9.074339644000688,0.19657810829575023
8,lsc_composite,2005-10-01,1.3294297243770241,9.074339644000688,0.14650429414507854
8,lsc_composite,2005-11-01,1.6651840460631548,9.074339644000688,0.1835047079336574
8,lsc_composite,2005-12-01,2.648245763969479,9.074339644000688,0.2918389511373769
8,lsc_composite,2006-01-01,2.0718183248747684,9.074339644000688,0.22831615369879926
8,lsc_composite,2006-02-01,1.3275328895705678,9.074339644000688,0.1462952613249647
8,lsc_composite,2006-03-01,1.8441180226577025,9.074339644000688,0.20322338539277654
8,lsc_composite,2006-04-01,1.7940422717534639,9.074339644000688,0.1977049947584404
8,lsc_composite,2006-05-01,1.9843897048031864,9.074339644000688,0.218681444893362
8,lsc_composite,2006-06-01,1.8715642638135443,9.074339644000688,0.2062479846730104
8,lsc_composite,2006-07-01,1.892492423458706,9.074339644000688,0.20855428578870622
8,lsc_composite,2006-08-01,1.9194874905298083,9.074339644000688,0.21152916529841792
8,lsc_composite,2006-09-01,1.7519657797145953,9.074339644000688,0.19306812930160394
8,lsc_composite,2006-10-01,2.030292103553523,9.074339644000688,0.22373992854629468
8,lsc_composite,2006-11-01,2.8829673110903484,9.074339644000688,0.3177054666447671
8,lsc_composite,2006-12-01,2.65958618280309,9.074339644000688,0.2930886750047339
8,lsc_composite,2007-01-01,2.8385090093538565,9.074339644000688,0.31280612371947947
8,lsc_composite,2007-02-01,2.7064294237081015,9.074339644000688,0.2982508402688455
8,lsc_composite,2007-03-01,2.9667666421623013,9.074339644000688,0.32694022469433554
8,lsc_composite,2007-04-01,2.897755338129424,9.074339644000688,0.3193351198888853
8,lsc_composite,2007-05-01,2.747128738999672,9.074339644000688,0.30273593966872064
8,lsc_composite,2007-06-01,2.4223192329257204,9.074339644000688,0.2669416539337038
8,lsc_composite,2007-07-01,2.570930550606627,9.074339644000688,0.28331874841232607
8,lsc_composite,2007-08-01,2.6435396193464658,9.074339644000688,0.2913203299695959
8,lsc_composite,2007-09-01,2.6013339793961334,9.074339644000688,0.28666923230231434
8,lsc_composite,2007-10-01,2.6686551819403985,9.074339644000688,0.2940880864763228
8,lsc_composite,2007-11-01,3.118117313810509,9.074339644000688,0.343619198326127
8,lsc_composite,2007-12-01,2.1912723312662576,9.074339644000688,0.24148008750311348
8,lsc_composite,2008-01-01,2.166353357609302,9.074339644000688,0.23873399526559952
8,lsc_composite,2008-02-01,2.129335485326958,9.074339644000688,0.2346545940381154
8,lsc_composite,2008-03-01,1.899809963444358,9.074339644000688,0.2093606849618394
8,lsc_composite,2008-04-01,1.9180330896680475,9.074339644000688,0.21136888907790832
8,lsc_tail_cusum,2003-05-01,0.85,5.652500000000009,0.15037593984962383
8,lsc_tail_cusum,2003-06-01,0.7,5.652500000000009,0.1238390092879255
8,lsc_tail_cusum,2003-07-01,1.5499999999999998,5.652500000000009,0.2742149491375493
8,lsc_tail_cusum,2003-08-01,1.3999999999999997,5.652500000000009,0.24767801857585095
8,lsc_tail_cusum,2003-09-01,1.2499999999999996,5.652500000000009,0.2211410880141526
8,lsc_tail_cusum,2003-10-01,1.0999999999999994,5.652500000000009,0.19460415745245427
8,lsc_tail_cusum,2003-11-01,0.9499999999999994,5.652500000000009,0.16806722689075593
8,lsc_tail_cusum,2003-12-01,0.7999999999999994,5.652500000000009,0.14153029632905761
8,lsc_tail_cusum,2004-01-01,0.6499999999999994,5.652500000000009,0.11499336576735929
8,lsc_tail_cusum,2004-02-01,0.5599999999999999,5.652500000000009,0.0990712074303404
8,lsc_tail_cusum,2004-03-01,0.6399999999999999,5.652500000000009,0.11322423706324616
8,lsc_tail_cusum,2004-04-01,1.1999999999999993,5.652500000000009,0.21229544449358645
8,lsc_tail_cusum,2004-05-01,1.0499999999999992,5.652500000000009,0.1857585139318881
8,lsc_tail_cusum,2004-06-01,0.8999999999999991,5.652500000000009,0.1592215833701898
8,lsc_tail_cusum,2004-07-01,0.7499999999999991,5.652500000000009,0.13268465280849145
8,lsc_tail_cusum,2004-08-01,0.5999999999999991,5.652500000000009,0.10614772224679313
8,lsc_tail_cusum,2004-09-01,0.4499999999999991,5.652500000000009,0.07961079168509481
8,lsc_tail_cusum,2004-10-01,0.48,5.652500000000009,0.08491817779743463
8,lsc_tail_cusum,2004-11-01,0.5599999999999999,5.652500000000009,0.0990712074303404
8,lsc_tail_cusum,2004-12-01,0.6399999999999999,5.652500000000009,0.11322423706324616
8,lsc_tail_cusum,2005-01-01,0.7199999999999999,5.652500000000009,0.12737726669615193
8,lsc_tail_cusum,2005-02-01,0.7999999999999998,5.652500000000009,0.1415302963290577
8,lsc_tail_cusum,2005-03-01,0.8799999999999998,5.652500000000009,0.15568332596196346
8,lsc_tail_cusum,2005-04-01,0.9599999999999997,5.652500000000009,0.16983635559486923
8,lsc_tail_cusum,2005-05-01,1.0399999999999998,5.652500000000009,0.183989385227775
8,lsc_tail_cusum,2005-06-01,1.1199999999999999,5.652500000000009,0.1981424148606808
8,lsc_tail_cusum,2005-07-01,1.2,5.652500000000009,0.21229544449358656
8,lsc_tail_cusum,2005-08-01,1.28,5.652500000000009,0.22644847412649236
8,lsc_tail_cusum,2005-09-01,1.36,5.652500000000009,0.24060150375939815
8,lsc_tail_cusum,2005-10-01,1.4400000000000002,5.652500000000009,0.2547545333923039
8,lsc_tail_cusum,2005-11-01,1.5200000000000002,5.652500000000009,0.2689075630252097
8,lsc_tail_cusum,2005-12-01,1.6000000000000003,5.652500000000009,0.2830605926581155
8,lsc_tail_cusum,2006-01-01,1.6800000000000004,5.652500000000009,0.2972136222910213
8,lsc_tail_cusum,2006-02-01,1.7600000000000005,5.652500000000009,0.31136665192392704
8,lsc_tail_cusum,2006-03-01,1.8400000000000005,5.652500000000009,0.32551968155683286
8,lsc_tail_cusum,2006-04-01,1.9200000000000006,5.652500000000009,0.33967271118973863
8,lsc_tail_cusum,2006-05-01,2.0000000000000004,5.652500000000009,0.3538257408226444
8,lsc_tail_cusum,2006-06-01,2.0800000000000005,5.652500000000009,0.36797877045555016
8,lsc_tail_cusum,2006-07-01,2.1600000000000006,5.652500000000009,0.38213180008845593
8,lsc_tail_cusum,2006-08-01,2.2400000000000007,5.652500000000009,0.39628482972136175
8,lsc_tail_cusum,2006-09-01,2.3200000000000007,5.652500000000009,0.4104378593542675
8,lsc_tail_cusum,2006-10-01,2.400000000000001,5.652500000000009,0.4245908889871733
8,lsc_tail_cusum,2006-11-01,2.480000000000001,5.652500000000009,0.4387439186200791
8,lsc_tail_cusum,2006-12-01,2.560000000000001,5.652500000000009,0.4528969482529849
8,lsc_tail_cusum,2007-01-01,2.640000000000001,5.652500000000009,0.46704997788589064
8,lsc_tail_cusum,2007-02-01,2.720000000000001,5.652500000000009,0.48120300751879647
8,lsc_tail_cusum,2007-03-01,2.800000000000001,5.652500000000009,0.49535603715170223
8,lsc_tail_cusum,2007-04-01,2.8800000000000012,5.652500000000009,0.5095090667846081
8,lsc_tail_cusum,2007-05-01,2.9600000000000013,5.652500000000009,0.5236620964175138
8,lsc_tail_cusum,2007-06-01,3.0400000000000014,5.652500000000009,0.5378151260504196
8,lsc_tail_cusum,2007-07-01,3.1200000000000014,5.652500000000009,0.5519681556833254
8,lsc_tail_cusum,2007-08-01,3.2000000000000015,5.652500000000009,0.5661211853162311
8,lsc_tail_cusum,2007-09-01,3.2800000000000016,5.652500000000009,0.5802742149491369
8,lsc_tail_cusum,2007-10-01,3.3600000000000017,5.652500000000009,0.5944272445820428
8,lsc_tail_cusum,2007-11-01,2.4400000000000017,5.652500000000009,0.43166740380362634
8,lsc_tail_cusum,2007-12-01,2.520000000000002,5.652500000000009,0.44582043343653216
8,lsc_tail_cusum,2008-01-01,2.600000000000002,5.652500000000009,0.4599734630694379
8,lsc_tail_cusum,2008-02-01,2.680000000000002,5.652500000000009,0.4741264927023437
8,lsc_tail_cusum,2008-03-01,2.760000000000002,5.652500000000009,0.4882795223352495
8,lsc_tail_cusum,2008-04-01,2.840000000000002,5.652500000000009,0.5024325519681553
8,lsc_kalman_cusum,2003-05-01,1.4589869034275964,5.763045722861233,0.2531624723433982
8,lsc_kalman_cusum,2003-06-01,1.5488254579024092,5.763045722861233,0.2687512007337414
8,lsc_kalman_cusum,2003-07-01,2.7522126344705726,5.763045722861233,0.47756217229943404
8,lsc_kalman_cusum,2003-08-01,3.552521162424892,5.763045722861233,0.6164311951113826
8,lsc_kalman_cusum,2003-09-01,1.636769763658421,5.763045722861233,0.2840112403005192
8,lsc_kalman_cusum,2003-10-01,1.4571907143753253,5.763045722861233,0.25285079877031763
8,lsc_kalman_cusum,2003-11-01,0.976980243946173,5.763045722861233,0.1695249857329125
8,lsc_kalman_cusum,2003-12-01,0.32825287288417304,5.763045722861233,0.05695822810879978
8,lsc_kalman_cusum,2004-01-01,0.005550698823992728,5.763045722861233,0.0009631537022123296
8,lsc_kalman_cusum,2004-02-01,0.0,5.763045722861233,0.0
8,lsc_kalman_cusum,2004-03-01,0.5436564662740366,5.763045722861233,0.09433492157062437
8,lsc_kalman_cusum,2004-04-01,2.175810242507299,5.763045722861233,0.37754519869175257
8,lsc_kalman_cusum,2004-05-01,2.6888646991259924,5.763045722861233,0.46657007916137555
8,lsc_kalman_cusum,2004-06-01,1.7618602997529615,5.763045722861233,0.30571686994671876
8,lsc_kalman_cusum,2004-07-01,0.5551395744527596,5.763045722861233,0.09632746314168479
8,lsc_kalman_cusum,2004-08-01,0.7585855596052689,5.763045722861233,0.1316292800864066
8,lsc_kalman_cusum,2004-09-01,0.6575528136814586,5.763045722861233,0.11409814277076344
8,lsc_kalman_cusum,2004-10-01,0.10203153192885683,5.763045722861233,0.017704446023065784
8,lsc_kalman_cusum,2004-11-01,0.0,5.763045722861233,0.0
8,lsc_kalman_cusum,2004-12-01,0.0,5.763045722861233,0.0
8,lsc_kalman_cusum,2005-01-01,0.0,5.763045722861233,0.0
8,lsc_kalman_cusum,2005-02-01,0.0,5.763045722861233,0.0
8,lsc_kalman_cusum,2005-03-01,1.0594078362511825,5.763045722861233,0.18382776871761627
8,lsc_kalman_cusum,2005-04-01,0.6463926048435664,5.763045722861233,0.11216163048636127
8,lsc_kalman_cusum,2005-05-01,0.8485561565661648,5.763045722861233,0.14724092040430214
8,lsc_kalman_cusum,2005-06-01,0.7277338823742765,5.763045722861233,0.12627591682770334
8,lsc_kalman_cusum,2005-07-01,0.49448855257084967,5.763045722861233,0.08580333669907902
8,lsc_kalman_cusum,2005-08-01,0.12727370091772328,5.763045722861233,0.02208445100701622
8,lsc_kalman_cusum,2005-09-01,0.0,5.763045722861233,0.0
8,lsc_kalman_cusum,2005-10-01,0.7549291059565226,5.763045722861233,0.1309948145928844
8,lsc_kalman_cusum,2005-11-01,0.2855899281045393,5.763045722861233,0.04955538127550198
8,lsc_kalman_cusum,2005-12-01,0.0,5.763045722861233,0.0
8,lsc_kalman_cusum,2006-01-01,0.0,5.763045722861233,0.0
8,lsc_kalman_cusum,2006-02-01,0.24363685515366384,5.763045722861233,0.042275710946937134
8,lsc_kalman_cusum,2006-03-01,0.23196289574817908,5.763045722861233,0.04025005299333532
8,lsc_kalman_cusum,2006-04-01,0.7641362562406044,5.763045722861233,0.13259243340884455
8,lsc_kalman_cusum,2006-05-01,0.4633139768849184,5.763045722861233,0.08039394430743689
8,lsc_kalman_cusum,2006-06-01,0.0,5.763045722861233,0.0
8,lsc_kalman_cusum,2006-07-01,0.0,5.763045722861233,0.0
8,lsc_kalman_cusum,2006-08-01,0.42620173019972396,5.763045722861233,0.07395425104975978
8,lsc_kalman_cusum,2006-09-01,0.3832551361713328,5.763045722861233,0.0665021855806229
8,lsc_kalman_cusum,2006-10-01,0.0,5.763045722861233,0.0
8,lsc_kalman_cusum,2006-11-01,0.10193347090744243,5.763045722861233,0.01768743053748228
8,lsc_kalman_cusum,2006-12-01,0.0,5.763045722861233,0.0
8,lsc_kalman_cusum,2007-01-01,0.4574743651353014,5.763045722861233,0.07938065861954932
8,lsc_kalman_cusum,2007-02-01,0.0,5.763045722861233,0.0
8,lsc_kalman_cusum,2007-03-01,0.17406759940473449,5.763045722861233,0.030204098279878563
8,lsc_kalman_cusum,2007-04-01,0.29341658279085325,5.763045722861233,0.05091345738016772
8,lsc_kalman_cusum,2007-05-01,0.0,5.763045722861233,0.0
8,lsc_kalman_cusum,2007-06-01,1.0096281077281077,5.763045722861233,0.17519002213066745
8,lsc_kalman_cusum,2007-07-01,0.40000002639221466,5.763045722861233,0.0694077481990934
8,lsc_kalman_cusum,2007-08-01,1.2679247535739795,5.763045722861233,0.22000949056230654
8,lsc_kalman_cusum,2007-09-01,1.0264710603774043,5.763045722861233,0.17811260047886324
8,lsc_kalman_cusum,2007-10-01,0.28966733773820297,5.763045722861233,0.050262890781714836
8,lsc_kalman_cusum,2007-11-01,1.524616060656344,5.763045722861233,0.2645504016406456
8,lsc_kalman_cusum,2007-12-01,0.7661285636358242,5.763045722861233,0.13293813731109133
8,lsc_kalman_cusum,2008-01-01,1.8338428208622446,5.763045722861233,0.31820723087232067
8,lsc_kalman_cusum,2008-02-01,0.8742833545828301,5.763045722861233,0.15170508731427634
8,lsc_kalman_cusum,2008-03-01,1.416657384508741,5.763045722861233,0.24581748135175296
8,lsc_kalman_cusum,2008-04-01,0.5640578079550054,5.763045722861233,0.09787494930284231
8,raw_cusum,2003-05-01,1.119750052069327,10.219538054115269,0.10956953691448108
8,raw_cusum,2003-06-01,1.5885623739031565,10.219538054115269,0.15544365757936232
8,raw_cusum,2003-07-01,2.393418210896781,10.219538054115269,0.23420023470953114
8,raw_cusum,2003-08-01,4.005711145510967,10.219538054115269,0.39196596991954263
8,raw_cusum,2003-09-01,2.797273915771332,10.219538054115269,0.27371823471462176
8,raw_cusum,2003-10-01,2.456753659679031,10.219538054115269,0.24039772117583433
8,raw_cusum,2003-11-01,2.07283755490436,10.219538054115269,0.20283084655373992
8,raw_cusum,2003-12-01,1.5153380554002234,10.219538054115269,0.14827852759841892
8,raw_cusum,2004-01-01,0.5672759177547935,10.219538054115269,0.055508958893338546
8,raw_cusum,2004-02-01,0.0,10.219538054115269,0.0
8,raw_cusum,2004-03-01,0.5122081705161967,10.219538054115269,0.05012048174818797
8,raw_cusum,2004-04-01,1.8292721780260157,10.219538054115269,0.17899754062654455
8,raw_cusum,2004-05-01,3.0076066258165373,10.219538054115269,0.2942996650034896
8,raw_cusum,2004-06-01,2.6236905210418704,10.219538054115269,0.25673279038139557
8,raw_cusum,2004-07-01,1.1982740478904046,10.219538054115269,0.11725324975994154
8,raw_cusum,2004-08-01,0.8074370976205623,10.219538054115269,0.0790091580798428
8,raw_cusum,2004-09-01,0.8856867813130964,10.219538054115269,0.08666602899496445
8,raw_cusum,2004-10-01,0.443186280817233,10.219538054115269,0.04336656691040628
8,raw_cusum,2004-11-01,0.0,10.219538054115269,0.0
8,raw_cusum,2004-12-01,0.0,10.219538054115269,0.0
8,raw_cusum,2005-01-01,0.0,10.219538054115269,0.0
8,raw_cusum,2005-02-01,0.0,10.219538054115269,0.0
8,raw_cusum,2005-03-01,1.0047510530610557,10.219538054115269,0.09831668004371844
8,raw_cusum,2005-04-01,0.12164553237489961,10.219538054115269,0.011903231998428208
8,raw_cusum,2005-05-01,0.41687445947926505,10.219538054115269,0.04079190833008302
8,raw_cusum,2005-06-01,0.45172829448942975,10.219538054115269,0.04420241816189773
8,raw_cusum,2005-07-01,0.353813322825558,10.219538054115269,0.03462126379411858
8,raw_cusum,2005-08-01,0.27366815882745343,10.219538054115269,0.026778916755170846
8,raw_cusum,2005-09-01,0.0,10.219538054115269,0.0
8,raw_cusum,2005-10-01,0.7009801122844896,10.219538054115269,0.06859215246057179
8,raw_cusum,2005-11-01,0.6208349482863851,10.219538054115269,0.06074980542162405
8,raw_cusum,2005-12-01,0.0,10.219538054115269,0.0
8,raw_cusum,2006-01-01,0.0,10.219538054115269,0.0
8,raw_cusum,2006-02-01,0.22362577677846152,10.219538054115269,0.02188218054419891
8,raw_cusum,2006-03-01,0.44725155355691915,10.219538054115269,0.04376436108839744
8,raw_cusum,2006-04-01,1.1916275145237782,10.219538054115269,0.11660287463227617
8,raw_cusum,2006-05-01,1.2850657452551393,10.219538054115269,0.125745971926555
8,raw_cusum,2006-06-01,0.8577537917981031,10.219538054115269,0.08393273622115408
8,raw_cusum,2006-07-01,0.34365014097633195,10.219538054115269,0.03362677834913964
8,raw_cusum,2006-08-01,0.3386247757867309,10.219538054115269,0.03313503741496136
8,raw_cusum,2006-09-01,0.4602703081616305,10.219538054115269,0.04503826941338957
8,raw_cusum,2006-10-01,0.0,10.219538054115269,0.0
8,raw_cusum,2006-11-01,0.0,10.219538054115269,0.0
8,raw_cusum,2006-12-01,0.0,10.219538054115269,0.0
8,raw_cusum,2007-01-01,0.4406050201902928,10.219538054115269,0.043113985960732064
8,raw_cusum,2007-02-01,0.0,10.219538054115269,0.0
8,raw_cusum,2007-03-01,0.12164553237489961,10.219538054115269,0.011903231998428208
8,raw_cusum,2007-04-01,0.1368340794137305,10.219538054115269,0.013389458377585792
8,raw_cusum,2007-05-01,0.0,10.219538054115269,0.0
8,raw_cusum,2007-06-01,1.0915427504257869,10.219538054115269,0.10680940221033156
8,raw_cusum,2007-07-01,0.23027231014508798,10.219538054115269,0.022532555671864293
8,raw_cusum,2007-08-01,0.8593749599751284,10.219538054115269,0.08409137041464118
8,raw_cusum,2007-09-01,0.9376246436676625,10.219538054115269,0.09174824132976284
8,raw_cusum,2007-10-01,0.3215407484423294,10.219538054115269,0.03146333491197768
8,raw_cusum,2007-11-01,1.3978949518292891,10.219538054115269,0.136786510743152
8,raw_cusum,2007-12-01,1.0421861486981605,10.219538054115269,0.10197977082520734
8,raw_cusum,2008-01-01,2.0317486547203853,10.219538054115269,0.19881022448976818
8,raw_cusum,2008-02-01,1.4590606081774216,10.219538054115269,0.14277167915528996
8,raw_cusum,2008-03-01,1.8844770813288871,10.219538054115269,0.18439943873686482
8,raw_cusum,2008-04-01,0.5740596071856927,10.219538054115269,0.05617275498617345
8,raw_var_cusum,2003-05-01,3.5474578584617213,37.36424775037342,0.0949425740392771
8,raw_var_cusum,2003-06-01,3.5588605435246663,37.36424775037342,0.09524775039768059
8,raw_var_cusum,2003-07-01,8.784056489264772,37.36424775037342,0.23509255553464162
8,raw_var_cusum,2003-08-01,12.195837930885782,37.36424775037342,0.32640394669163103
8,raw_var_cusum,2003-09-01,11.647721239366948,37.36424775037342,0.31173439693431376
8,raw_var_cusum,2003-10-01,10.623155028083813,37.36424775037342,0.2843133655213932
8,raw_var_cusum,2003-11-01,9.586630498814497,37.36424775037342,0.25657228703925095
8,raw_var_cusum,2003-12-01,8.539936691257722,37.36424775037342,0.22855904254548717
8,raw_var_cusum,2004-01-01,7.690696370449115,37.36424775037342,0.20583035477737546
8,raw_var_cusum,2004-02-01,6.694095674456493,37.36424775037342,0.17915777989641427
8,raw_var_cusum,2004-03-01,6.66866105491624,37.36424775037342,0.17847705912531298
8,raw_var_cusum,2004-04-01,11.044169934242298,37.36424775037342,0.29558121999477216
8,raw_var_cusum,2004-05-01,12.810976452882612,37.36424775037342,0.3428672387163094
8,raw_var_cusum,2004-06-01,11.774451923613297,37.36424775037342,0.31512616023416723
8,raw_var_cusum,2004-07-01,11.580847572393393,37.36424775037342,0.3099446200486574
8,raw_var_cusum,2004-08-01,11.308807954382248,37.36424775037342,0.302663873495733
8,raw_var_cusum,2004-09-01,10.593180651072762,37.36424775037342,0.28351114471364924
8,raw_var_cusum,2004-10-01,9.546486843515988,37.36424775037342,0.25549790021988544
8,raw_var_cusum,2004-11-01,8.711088040376428,37.36424775037342,0.2331396606342588
8,raw_var_cusum,2004-12-01,7.721737663162828,37.36424775037342,0.20666113003936112
8,raw_var_cusum,2005-01-01,6.672595696018332,37.36424775037342,0.1785823640983551
8,raw_var_cusum,2005-02-01,6.267560807370426,37.36424775037342,0.16774219165988127
8,raw_var_cusum,2005-03-01,6.857691377200539,37.36424775037342,0.18353618204803823
8,raw_var_cusum,2005-04-01,6.194134545122211,37.36424775037342,0.16577704404768343
8,raw_var_cusum,2005-05-01,5.834452861256839,37.36424775037342,0.15615068447881514
8,raw_var_cusum,2005-06-01,6.498384236431758,37.36424775037342,0.17391984658293602
8,raw_var_cusum,2005-07-01,6.719387046197338,37.36424775037342,0.17983466684753965
8,raw_var_cusum,2005-08-01,7.493108962883159,37.36424775037342,0.2005422138549082
8,raw_var_cusum,2005-09-01,8.407882535815409,37.36424775037342,0.22502480424569446
8,raw_var_cusum,2005-10-01,7.9155293057125435,37.36424775037342,0.2118476828061776
8,raw_var_cusum,2005-11-01,8.689251222398365,37.36424775037342,0.23255522981354612
8,raw_var_cusum,2005-12-01,9.585851918390986,37.36424775037342,0.25655144946134195
8,raw_var_cusum,2006-01-01,10.515031968897135,37.36424775037342,0.28141960836859203
8,raw_var_cusum,2006-02-01,10.941397704078902,37.36424775037342,0.2928306700345534
8,raw_var_cusum,2006-03-01,11.367763439260676,37.36424775037342,0.30424173170051483
8,raw_var_cusum,2006-04-01,10.769291907028482,37.36424775037342,0.2882245075286134
8,raw_var_cusum,2006-05-01,11.367122973334913,37.36424775037342,0.30422459055719403
8,raw_var_cusum,2006-06-01,12.311839421224681,37.36424775037342,0.329508558648866
8,raw_var_cusum,2006-07-01,13.261640508258179,37.36424775037342,0.35492860974634877
8,raw_var_cusum,2006-08-01,13.508348993694833,37.36424775037342,0.3615314052069957
8,raw_var_cusum,2006-09-01,14.07190582577316,37.36424775037342,0.3766141879741851
8,raw_var_cusum,2006-10-01,15.008430355042472,37.36424775037342,0.4016789112231619
8,raw_var_cusum,2006-11-01,15.716899402717093,37.36424775037342,0.4206400596559586
8,raw_var_cusum,2006-12-01,16.656719531431417,37.36424775037342,0.4457929848531461
8,raw_var_cusum,2007-01-01,16.721981727424236,37.36424775037342,0.44753963305087857
8,raw_var_cusum,2007-02-01,17.66180185613856,37.36424775037342,0.47269255824806605
8,raw_var_cusum,2007-03-01,18.225358688216886,37.36424775037342,0.48777534101525544
8,raw_var_cusum,2007-04-01,18.769801043514153,37.36424775037342,0.5023465524828227
8,raw_var_cusum,2007-05-01,19.608869989195316,37.36424775037342,0.5248030181204262
8,raw_var_cusum,2007-06-01,18.025861662762438,37.36424775037342,0.482436091934496
8,raw_var_cusum,2007-07-01,18.84534533174183,37.36424775037342,0.5043683859941617
8,raw_var_cusum,2007-08-01,17.947445049934448,37.36424775037342,0.48033738481340305
8,raw_var_cusum,2007-09-01,18.563072353243932,37.36424775037342,0.4968137583623214
8,raw_var_cusum,2007-10-01,19.499596882513245,37.36424775037342,0.5218784816112981
8,raw_var_cusum,2007-11-01,17.96470430797751,37.36424775037342,0.480799303869244
8,raw_var_cusum,2007-12-01,18.893884358483657,37.36424775037342,0.5056674627764941
8,raw_var_cusum,2008-01-01,17.625087899136446,37.36424775037342,0.4717099623385379
8,raw_var_cusum,2008-02-01,18.569804347026214,37.36424775037342,0.49699393043020984
8,raw_var_cusum,2008-03-01,18.663408698246116,37.36424775037342,0.4994991153825542
8,raw_var_cusum,2008-04-01,18.95663221584948,37.36424775037342,0.5073468183408035
9,lsc_composite,2008-05-01,3.163871293000632,12.24790047024624,0.25831948101526525
9,lsc_composite,2008-06-01,3.442083996492301,12.24790047024624,0.28103461526766466
9,lsc_composite,2008-07-01,3.6766159019854365,12.24790047024624,0.3001833588472588
9,lsc_composite,2008-08-01,3.020238055152076,12.24790047024624,0.2465923088197136
9,lsc_composite,2008-09-01,3.0496585401353737,12.24790047024624,0.24899439275685603
9,lsc_composite,2008-10-01,2.9088108617138575,12.24790047024624,0.23749465214713464
9,lsc_composite,2008-11-01,3.0999042612200487,12.24790047024624,0.25309678738414226
9,lsc_composite,2008-12-01,8.546472557380365,12.24790047024624,0.6977908236715563
9,lsc_composite,2009-01-01,6.876876806331259,12.24790047024624,0.5614739295961149
9,lsc_composite,2009-02-01,9.034600648807455,12.24790047024624,0.7376448453965774
9,lsc_composite,2009-03-01,7.4531614033899976,12.24790047024624,0.6085256343726766
9,lsc_composite,2009-04-01,7.364624513631448,12.24790047024624,0.6012968942327945
9,lsc_composite,2009-05-01,7.58623224354712,12.24790047024624,0.6193904222177764
9,lsc_composite,2009-06-01,10.813351851701228,12.24790047024624,0.8828739160617811
9,lsc_composite,2009-07-01,9.06495143265618,12.24790047024624,0.7401228851163201
9,lsc_composite,2009-08-01,8.942478776849956,12.24790047024624,0.7301234034824069
9,lsc_composite,2009-09-01,7.813092088043902,12.24790047024624,0.6379127677453132
9,lsc_composite,2009-10-01,5.55522465868585,12.24790047024624,0.45356546390796754
9,lsc_composite,2009-11-01,4.24344467454086,12.24790047024624,0.34646302726327977
9,lsc_composite,2009-12-01,4.614392480207542,12.24790047024624,0.3767496716206391
9,lsc_composite,2010-01-01,5.082557831694726,12.24790047024624,0.41497380257471533
9,lsc_composite,2010-02-01,4.218072991227983,12.24790047024624,0.34439151440485044
9,lsc_composite,2010-03-01,3.0901188212010897,12.24790047024624,0.2522978390221164
9,lsc_composite,2010-04-01,3.1613041075564623,12.24790047024624,0.25810987893281806
9,lsc_composite,2010-05-01,3.9979935057491596,12.24790047024624,0.326422762453162
9,lsc_composite,2010-06-01,3.570955658355069,12.24790047024624,0.2915565542869958
9,lsc_composite,2010-07-01,3.021108295343157,12.24790047024624,0.2466633610129605
9,lsc_composite,2010-08-01,4.6583751919114915,12.24790047024624,0.38034071253502244
9,lsc_composite,2010-09-01,3.500601716947713,12.24790047024624,0.28581239090338023
9,lsc_composite,2010-10-01,2.7568471648476507,12.24790047024624,0.22508732590902783
9,lsc_composite,2010-11-01,2.656715419019958,12.24790047024624,0.21691190465450816
9,lsc_composite,2010-12-01,3.7481328533066365,12.24790047024624,0.30602247809018013
9,lsc_composite,2011-01-01,3.0188025773101903,12.24790047024624,0.24647510686780574
9,lsc_composite,2011-02-01,2.8369142710027377,12.24790047024624,0.23162453662114896
9,lsc_composite,2011-03-01,3.221175414356124,12.24790047024624,0.2629981703542831
9,lsc_composite,2011-04-01,3.5692451448896754,12.24790047024624,0.29141689659876185
9,lsc_composite,2011-05-01,2.9841315036469327,12.24790047024624,0.24364432997282004
9,lsc_composite,2011-06-01,3.0053136862673346,12.24790047024624,0.2453737841492203
9,lsc_composite,2011-07-01,2.788661754599565,12.24790047024624,0.22768488047188545
9,lsc_composite,2011-08-01,5.489234208611448,12.24790047024624,0.44817756495869765
9,lsc_composite,2011-09-01,4.554567951862818,12.24790047024624,0.371865199503148
9,lsc_composite,2011-10-01,5.363510802543845,12.24790047024624,0.4379126704673502
9,lsc_composite,2011-11-01,5.067548665775091,12.24790047024624,0.4137483545106903
9,lsc_composite,2011-12-01,4.273352974692578,12.24790047024624,0.3489049396730331
9,lsc_composite,2012-01-01,4.1228526120295665,12.24790047024624,0.3366170897653186
9,lsc_composite,2012-02-01,3.722256232022194,12.24790047024624,0.3039097387396845
9,lsc_composite,2012-03-01,3.822943219142934,12.24790047024624,0.31213049358377704
9,lsc_composite,2012-04-01,4.099705300790033,12.24790047024624,0.33472718942723495
9,lsc_composite,2012-05-01,4.50970803981366,12.24790047024624,0.3682025381222741
9,lsc_composite,2012-06-01,5.077756481139699,12.24790047024624,0.4145817884032505
9,lsc_composite,2012-07-01,4.677475894115526,12.24790047024624,0.3819002208156813
9,lsc_composite,2012-08-01,4.570763858867971,12.24790047024624,0.3731875409970634
9,lsc_composite,2012-09-01,2.872880415130436,12.24790047024624,0.23456105167653096
9,lsc_composite,2012-10-01,3.070575738070366,12.24790047024624,0.25070221182232005
9,lsc_composite,2012-11-01,2.875824281348087,12.24790047024624,0.23480140848093206
9,lsc_composite,2012-12-01,3.227047292945738,12.24790047024624,0.26347758954975076
9,lsc_composite,2013-01-01,3.7554353104832736,12.24790047024624,0.30661869922982576
9,lsc_composite,2013-02-01,2.42883456952047,12.24790047024624,0.19830619749244577
9,lsc_composite,2013-03-01,3.2718145657036226,12.24790047024624,0.2671326872431585
9,lsc_composite,2013-04-01,3.950866711405507,12.24790047024624,0.3225750177349438
9,lsc_tail_cusum,2008-05-01,2.920000000000002,5.940999999999998,0.4914997475172535
9,lsc_tail_cusum,2008-06-01,3.000000000000002,5.940999999999998,0.5049654940245756
9,lsc_tail_cusum,2008-07-01,3.0800000000000023,5.940999999999998,0.5184312405318976
9,lsc_tail_cusum,2008-08-01,3.1600000000000024,5.940999999999998,0.5318969870392195
9,lsc_tail_cusum,2008-09-01,3.2400000000000024,5.940999999999998,0.5453627335465415
9,lsc_tail_cusum,2008-10-01,3.3200000000000025,5.940999999999998,0.5588284800538635
9,lsc_tail_cusum,2008-11-01,3.4000000000000026,5.940999999999998,0.5722942265611856
9,lsc_tail_cusum,2008-12-01,2.4800000000000026,5.940999999999998,0.41743814172698257
9,lsc_tail_cusum,2009-01-01,2.5600000000000027,5.940999999999998,0.4309038882343046
9,lsc_tail_cusum,2009-02-01,2.640000000000003,5.940999999999998,0.4443696347416266
9,lsc_tail_cusum,2009-03-01,2.720000000000003,5.940999999999998,0.4578353812489486
9,lsc_tail_cusum,2009-04-01,2.800000000000003,5.940999999999998,0.47130112775627064
9,lsc_tail_cusum,2009-05-01,2.880000000000003,5.940999999999998,0.48476687426359266
9,lsc_tail_cusum,2009-06-01,1.960000000000003,5.940999999999998,0.3299107894293896
9,lsc_tail_cusum,2009-07-01,2.040000000000003,5.940999999999998,0.34337653593671164
9,lsc_tail_cusum,2009-08-01,2.120000000000003,5.940999999999998,0.35684228244403365
9,lsc_tail_cusum,2009-09-01,2.2000000000000033,5.940999999999998,0.37030802895135567
9,lsc_tail_cusum,2009-10-01,2.2800000000000034,5.940999999999998,0.3837737754586777
9,lsc_tail_cusum,2009-11-01,2.3600000000000034,5.940999999999998,0.3972395219659997
9,lsc_tail_cusum,2009-12-01,2.4400000000000035,5.940999999999998,0.4107052684733217
9,lsc_tail_cusum,2010-01-01,2.5200000000000036,5.940999999999998,0.42417101498064375
9,lsc_tail_cusum,2010-02-01,2.6000000000000036,5.940999999999998,0.43763676148796576
9,lsc_tail_cusum,2010-03-01,2.6800000000000037,5.940999999999998,0.4511025079952878
9,lsc_tail_cusum,2010-04-01,2.760000000000004,5.940999999999998,0.4645682545026098
9,lsc_tail_cusum,2010-05-01,1.8400000000000039,5.940999999999998,0.30971216966840676
9,lsc_tail_cusum,2010-06-01,1.920000000000004,5.940999999999998,0.3231779161757288
9,lsc_tail_cusum,2010-07-01,2.000000000000004,5.940999999999998,0.3366436626830508
9,lsc_tail_cusum,2010-08-01,2.080000000000004,5.940999999999998,0.3501094091903728
9,lsc_tail_cusum,2010-09-01,2.160000000000004,5.940999999999998,0.36357515569769483
9,lsc_tail_cusum,2010-10-01,2.240000000000004,5.940999999999998,0.37704090220501685
9,lsc_tail_cusum,2010-11-01,2.3200000000000043,5.940999999999998,0.3905066487123388
9,lsc_tail_cusum,2010-12-01,1.4000000000000044,5.940999999999998,0.2356505638781358
9,lsc_tail_cusum,2011-01-01,1.4800000000000044,5.940999999999998,0.2491163103854578
9,lsc_tail_cusum,2011-02-01,1.5600000000000045,5.940999999999998,0.26258205689277986
9,lsc_tail_cusum,2011-03-01,1.6400000000000046,5.940999999999998,0.2760478034001019
9,lsc_tail_cusum,2011-04-01,1.7200000000000046,5.940999999999998,0.2895135499074239
9,lsc_tail_cusum,2011-05-01,1.8000000000000047,5.940999999999998,0.30297929641474586
9,lsc_tail_cusum,2011-06-01,1.8800000000000048,5.940999999999998,0.3164450429220679
9,lsc_tail_cusum,2011-07-01,1.9600000000000048,5.940999999999998,0.3299107894293899
9,lsc_tail_cusum,2011-08-01,1.040000000000005,5.940999999999998,0.17505470459518688
9,lsc_tail_cusum,2011-09-01,1.120000000000005,5.940999999999998,0.1885204511025089
9,lsc_tail_cusum,2011-10-01,1.200000000000005,5.940999999999998,0.20198619760983091
9,lsc_tail_cusum,2011-11-01,1.2800000000000051,5.940999999999998,0.21545194411715293
9,lsc_tail_cusum,2011-12-01,1.3600000000000052,5.940999999999998,0.22891769062447495
9,lsc_tail_cusum,2012-01-01,1.4400000000000053,5.940999999999998,0.24238343713179697
9,lsc_tail_cusum,2012-02-01,1.5200000000000053,5.940999999999998,0.25584918363911896
9,lsc_tail_cusum,2012-03-01,1.6000000000000054,5.940999999999998,0.269314930146441
9,lsc_tail_cusum,2012-04-01,1.6800000000000055,5.940999999999998,0.282780676653763
9,lsc_tail_cusum,2012-05-01,1.7600000000000056,5.940999999999998,0.296246423161085
9,lsc_tail_cusum,2012-06-01,1.8400000000000056,5.940999999999998,0.30971216966840703
9,lsc_tail_cusum,2012-07-01,1.9200000000000057,5.940999999999998,0.32317791617572905
9,lsc_tail_cusum,2012-08-01,2.0000000000000058,5.940999999999998,0.33664366268305107
9,lsc_tail_cusum,2012-09-01,2.080000000000006,5.940999999999998,0.3501094091903731
9,lsc_tail_cusum,2012-10-01,2.160000000000006,5.940999999999998,0.3635751556976951
9,lsc_tail_cusum,2012-11-01,2.240000000000006,5.940999999999998,0.3770409022050171
9,lsc_tail_cusum,2012-12-01,2.320000000000006,5.940999999999998,0.39050664871233914
9,lsc_tail_cusum,2013-01-01,2.400000000000006,5.940999999999998,0.40397239521966116
9,lsc_tail_cusum,2013-02-01,2.480000000000006,5.940999999999998,0.4174381417269832
9,lsc_tail_cusum,2013-03-01,2.5600000000000063,5.940999999999998,0.4309038882343052
9,lsc_tail_cusum,2013-04-01,2.6400000000000063,5.940999999999998,0.4443696347416272
9,lsc_kalman_cusum,2008-05-01,0.723079311962993,6.6763696752129,0.10830426521280595
9,lsc_kalman_cusum,2008-06-01,1.0849702813031086,6.6763696752129,0.1625090182365479
9,lsc_kalman_cusum,2008-07-01,0.060880190850424176,6.6763696752129,0.009118756721403805
9,lsc_kalman_cusum,2008-08-01,0.04417740844187934,6.6763696752129,0.006616980573423773
9,lsc_kalman_cusum,2008-09-01,0.37037613909758704,6.6763696752129,0.055475678716933284
9,lsc_kalman_cusum,2008-10-01,0.18342977589416032,6.6763696752129,0.02747447861899753
9,lsc_kalman_cusum,2008-11-01,0.8554305566861757,6.6763696752129,0.1281280992965533
9,lsc_kalman_cusum,2008-12-01,5.207216848212511,6.6763696752129,0.779947351858772
9,lsc_kalman_cusum,2009-01-01,3.486686126815435,6.6763696752129,0.5222428200404061
9,lsc_kalman_cusum,2009-02-01,1.7422908500293017,6.6763696752129,0.26096380739638153
9,lsc_kalman_cusum,2009-03-01,1.4337183435057805,6.6763696752129,0.21474520034873013
9,lsc_kalman_cusum,2009-04-01,0.8079608298318361,6.6763696752129,0.12101798868800227
9,lsc_kalman_cusum,2009-05-01,1.8682704456871138,6.6763696752129,0.27983328314238937
9,lsc_kalman_cusum,2009-06-01,3.074206265066436,6.6763696752129,0.46046076155428045
9,lsc_kalman_cusum,2009-07-01,1.5502482263836592,6.6763696752129,0.2321992792189453
9,lsc_kalman_cusum,2009-08-01,1.2970180199664938,6.6763696752129,0.19426995254350318
9,lsc_kalman_cusum,2009-09-01,0.38426496099886354,6.6763696752129,0.057555974233348586
9,lsc_kalman_cusum,2009-10-01,0.0,6.6763696752129,0.0
9,lsc_kalman_cusum,2009-11-01,0.0,6.6763696752129,0.0
9,lsc_kalman_cusum,2009-12-01,0.35666047023243996,6.6763696752129,0.053421318408505676
9,lsc_kalman_cusum,2010-01-01,0.3618476810740219,6.6763696752129,0.05419826922068737
9,lsc_kalman_cusum,2010-02-01,0.0,6.6763696752129,0.0
9,lsc_kalman_cusum,2010-03-01,0.0,6.6763696752129,0.0
9,lsc_kalman_cusum,2010-04-01,0.017802831056550228,6.6763696752129,0.0026665436341319015
9,lsc_kalman_cusum,2010-05-01,1.537189709052369,6.6763696752129,0.2302433483812968
9,lsc_kalman_cusum,2010-06-01,1.7403548563361304,6.6763696752129,0.2606738303898118
9,lsc_kalman_cusum,2010-07-01,1.9520917497552501,6.6763696752129,0.29238820567451584
9,lsc_kalman_cusum,2010-08-01,2.7299393331737605,6.6763696752129,0.40889577210038275
9,lsc_kalman_cusum,2010-09-01,2.2432575801776915,6.6763696752129,0.33599960596941586
9,lsc_kalman_cusum,2010-10-01,2.2087086783030623,6.6763696752129,0.33082480236276457
9,lsc_kalman_cusum,2010-11-01,0.6328829051890117,6.6763696752129,0.09479446704976383
9,lsc_kalman_cusum,2010-12-01,2.332883411895673,6.6763696752129,0.34942394225965034
9,lsc_kalman_cusum,2011-01-01,1.921630010245889,6.6763696752129,0.2878255854196107
9,lsc_kalman_cusum,2011-02-01,2.216180376053385,6.6763696752129,0.3319439281921899
9,lsc_kalman_cusum,2011-03-01,0.8123986720930703,6.6763696752129,0.12168269757578455
9,lsc_kalman_cusum,2011-04-01,0.6569708087374455,6.6763696752129,0.09840240140934012
9,lsc_kalman_cusum,2011-05-01,0.8525733079410651,6.6763696752129,0.12770013486616552
9,lsc_kalman_cusum,2011-06-01,0.9251011222500665,6.6763696752129,0.13856349591974418
9,lsc_kalman_cusum,2011-07-01,0.30778203627271494,6.6763696752129,0.046100208832863976
9,lsc_kalman_cusum,2011-08-01,2.989324747034593,6.6763696752129,0.4477470380546697
9,lsc_kalman_cusum,2011-09-01,3.4606656829122127,6.6763696752129,0.5183454259221884
9,lsc_kalman_cusum,2011-10-01,1.9671693837105435,6.6763696752129,0.29464656383752647
9,lsc_kalman_cusum,2011-11-01,2.220797011715087,6.6763696752129,0.3326354171130089
9,lsc_kalman_cusum,2011-12-01,1.7605331244030422,6.6763696752129,0.2636961717292716
9,lsc_kalman_cusum,2012-01-01,1.2852803664243566,6.6763696752129,0.19251186332538886
9,lsc_kalman_cusum,2012-02-01,0.7783792437169939,6.6763696752129,0.11658719956847992
9,lsc_kalman_cusum,2012-03-01,0.4090122030875514,6.6763696752129,0.06126266563789528
9,lsc_kalman_cusum,2012-04-01,0.18342977586808018,6.6763696752129,0.027474478615091197
9,lsc_kalman_cusum,2012-05-01,0.7368815573581569,6.6763696752129,0.11037159312701761
9,lsc_kalman_cusum,2012-06-01,0.8824644725878512,6.6763696752129,0.13217729327723463
9,lsc_kalman_cusum,2012-07-01,0.667299755306771,6.6763696752129,0.09994949168022092
9,lsc_kalman_cusum,2012-08-01,0.2438692566607371,6.6763696752129,0.036527224902800255
9,lsc_kalman_cusum,2012-09-01,0.0,6.6763696752129,0.0
9,lsc_kalman_cusum,2012-10-01,0.0,6.6763696752129,0.0
9,lsc_kalman_cusum,2012-11-01,0.0,6.6763696752129,0.0
9,lsc_kalman_cusum,2012-12-01,0.0,6.6763696752129,0.0
9,lsc_kalman_cusum,2013-01-01,0.315253734046944,6.6763696752129,0.04721933466587004
9,lsc_kalman_cusum,2013-02-01,0.0022866737956033223,6.6763696752129,0.00034250257353078694
9,lsc_kalman_cusum,2013-03-01,0.0,6.6763696752129,0.0
9,lsc_kalman_cusum,2013-04-01,0.3952099576989061,6.6763696752129,0.059195337724659985
9,raw_cusum,2008-05-01,0.47024928085800854,9.209712006075247,0.051060150474608275
9,raw_cusum,2008-06-01,1.0301980329817808,9.209712006075247,0.1118599617775457
9,raw_cusum,2008-07-01,0.19980498048621875,9.209712006075247,0.021695030241381717
9,raw_cusum,2008-08-01,0.0,9.209712006075247,0.0
9,raw_cusum,2008-09-01,0.3237401444572633,9.209712006075247,0.03515203778833757
9,raw_cusum,2008-10-01,0.11145139579495578,9.209712006075247,0.01210150716129192
9,raw_cusum,2008-11-01,0.6825380295203181,9.209712006075247,0.07411068110165414
9,raw_cusum,2008-12-01,5.087604116569824,9.209712006075247,0.5524172865789672
9,raw_cusum,2009-01-01,4.065852192040632,9.209712006075247,0.4414744119423676
9,raw_cusum,2009-02-01,1.9228568766893948,9.209712006075247,0.20878577695165382
9,raw_cusum,2009-03-01,1.5738509866534316,9.209712006075247,0.17089035852752296
9,raw_cusum,2009-04-01,0.5803547900784674,9.209712006075247,0.06301551988766126
9,raw_cusum,2009-05-01,1.768199841062585,9.209712006075247,0.19199295698890262
9,raw_cusum,2009-06-01,3.269993041476877,9.209712006075247,0.35505920698929616
9,raw_cusum,2009-07-01,2.125651839551141,9.209712006075247,0.23080546255398007
9,raw_cusum,2009-08-01,1.833455614650159,9.209712006075247,0.19907849598779073
9,raw_cusum,2009-09-01,0.5545652058257786,9.209712006075247,0.060215260309981034
9,raw_cusum,2009-10-01,0.08297003839327133,9.209712006075247,0.009008972087133625
9,raw_cusum,2009-11-01,0.0,9.209712006075247,0.0
9,raw_cusum,2009-12-01,0.4253995452251277,9.209712006075247,0.04619032006044381
9,raw_cusum,2010-01-01,0.6265504122858472,9.209712006075247,0.06803148805006488
9,raw_cusum,2010-02-01,0.020406037954693423,9.209712006075247,0.0022157085847236534
9,raw_cusum,2010-03-01,0.0,9.209712006075247,0.0
9,raw_cusum,2010-04-01,0.11145139579495578,9.209712006075247,0.01210150716129192
9,raw_cusum,2010-05-01,1.3552840640135448,9.209712006075247,0.1471581373141226
9,raw_cusum,2010-06-01,1.7687236797365697,9.209712006075247,0.19204983593078911
9,raw_cusum,2010-07-01,2.047614088560952,9.209712006075247,0.2223320433049622
9,raw_cusum,2010-08-01,2.864701324979913,9.209712006075247,0.3110522156491098
9,raw_cusum,2010-09-01,2.5156954349439498,9.209712006075247,0.2731567972249789
9,raw_cusum,2010-10-01,2.4357879587052755,9.209712006075247,0.26448036128583524
9,raw_cusum,2010-11-01,0.8758392065815033,9.209712006075247,0.095099521679261
9,raw_cusum,2010-12-01,2.5102393088668826,9.209712006075247,0.27256436544497664
9,raw_cusum,2011-01-01,2.5319912333960746,9.209712006075247,0.2749262117779394
9,raw_cusum,2011-02-01,2.9573907786212024,9.209712006075247,0.32111653183838323
9,raw_cusum,2011-03-01,1.7681998410625859,9.209712006075247,0.19199295698890273
9,raw_cusum,2011-04-01,1.5657030874273676,9.209712006075247,0.17000565125104253
9,raw_cusum,2011-05-01,0.727387765153199,9.209712006075247,0.07898051151581863
9,raw_cusum,2011-06-01,0.9165787027118157,9.209712006075247,0.09952305806166237
9,raw_cusum,2011-07-01,0.34332413451144217,9.209712006075247,0.03727848756670851
9,raw_cusum,2011-08-01,2.909551060612796,9.209712006075247,0.3159220460632745
9,raw_cusum,2011-09-01,3.7714880326646396,9.209712006075247,0.4095120488215867
9,raw_cusum,2011-10-01,2.4357879587052755,9.209712006075247,0.26448036128583524
9,raw_cusum,2011-11-01,2.490429689365248,9.209712006075247,0.2704134165891854
9,raw_cusum,2011-12-01,2.0517243280635187,9.209712006075247,0.2227783373367251
9,raw_cusum,2012-01-01,1.5233194954960267,9.209712006075247,0.1654035972559358
9,raw_cusum,2012-02-01,0.9500649272956532,9.209712006075247,0.10315902676098196
9,raw_cusum,2012-03-01,0.47024928085800954,9.209712006075247,0.051060150474608386
9,raw_cusum,2012-04-01,0.0,9.209712006075247,0.0
9,raw_cusum,2012-05-01,0.5479888226216705,9.209712006075247,0.05950118985916021
9,raw_cusum,2012-06-01,0.782029495813169,9.209712006075247,0.08491356681916852
9,raw_cusum,2012-07-01,0.6124225483087322,9.209712006075247,0.06649747005169583
9,raw_cusum,2012-08-01,0.24600060269360036,9.209712006075247,0.026710998403785532
9,raw_cusum,2012-09-01,0.0,9.209712006075247,0.0
9,raw_cusum,2012-10-01,0.0,9.209712006075247,0.0
9,raw_cusum,2012-11-01,0.0,9.209712006075247,0.0
9,raw_cusum,2012-12-01,0.0,9.209712006075247,0.0
9,raw_cusum,2013-01-01,0.4253995452251277,9.209712006075247,0.04619032006044381
9,raw_cusum,2013-02-01,0.31260226285567416,9.209712006075247,0.033942675150912864
9,raw_cusum,2013-03-01,0.0,9.209712006075247,0.0
9,raw_cusum,2013-04-01,0.3237401444572623,9.209712006075247,0.03515203778833746
9,raw_var_cusum,2008-05-01,17.2104034491851,35.85962658446389,0.47993816691447294
9,raw_var_cusum,2008-06-01,17.036912092056358,35.85962658446389,0.47510009765237116
9,raw_var_cusum,2008-07-01,17.87775252291902,35.85962658446389,0.49854820659690086
9,raw_var_cusum,2008-08-01,18.61158121834843,35.85962658446389,0.5190121312197896
9,raw_var_cusum,2008-09-01,18.883033392757955,35.85962658446389,0.5265819862424053
9,raw_var_cusum,2008-10-01,19.459160583338356,35.85962658446389,0.5426481655491917
9,raw_var_cusum,2008-11-01,19.01076439207656,35.85962658446389,0.530143958618714
9,raw_var_cusum,2008-12-01,23.358069509584947,35.85962658446389,0.6513751462126152
9,raw_var_cusum,2009-01-01,22.58029458033486,35.85962658446389,0.6296857142990364
9,raw_var_cusum,2009-02-01,24.229728186600973,35.85962658446389,0.6756826686281907
9,raw_var_cusum,2009-03-01,23.202527407844805,35.85962658446389,0.6470376191228174
9,raw_var_cusum,2009-04-01,22.473564849143223,35.85962658446389,0.6267093940927944
9,raw_var_cusum,2009-05-01,24.2723857652748,35.85962658446389,0.6768722398183243
9,raw_var_cusum,2009-06-01,27.229561782499694,35.85962658446389,0.759337571972845
9,raw_var_cusum,2009-07-01,26.594737366998796,35.85962658446389,0.7416345316468218
9,raw_var_cusum,2009-08-01,25.587919775944197,35.85962658446389,0.7135578982027133
9,raw_var_cusum,2009-09-01,25.144590044902806,35.85962658446389,0.7011949771891002
9,raw_var_cusum,2009-10-01,24.095396879415993,35.85962658446389,0.6719366366702568
9,raw_var_cusum,2009-11-01,23.059345505999932,35.85962658446389,0.6430447749277552
9,raw_var_cusum,2009-12-01,22.865709824302805,35.85962658446389,0.6376449506646377
9,raw_var_cusum,2010-01-01,22.307322362682804,35.85962658446389,0.6220734705683579
9,raw_var_cusum,2010-02-01,21.268588990884954,35.85962658446389,0.5931068172388478
9,raw_var_cusum,2010-03-01,20.28242278737011,35.85962658446389,0.5656060790147053
9,raw_var_cusum,2010-04-01,19.606295596789707,35.85962658446389,0.5467512482487504
9,raw_var_cusum,2010-05-01,21.998374554972322,35.85962658446389,0.6134579930205708
9,raw_var_cusum,2010-06-01,21.78274648654455,35.85962658446389,0.607444877743983
9,raw_var_cusum,2010-07-01,21.339416755503162,35.85962658446389,0.5950819567303699
9,raw_var_cusum,2010-08-01,22.024135543840895,35.85962658446389,0.6141763772125505
9,raw_var_cusum,2010-09-01,20.996934765084728,35.85962658446389,0.5855313277071772
9,raw_var_cusum,2010-10-01,20.123412493604885,35.85962658446389,0.5611718361373934
9,raw_var_cusum,2010-11-01,20.196903850733626,35.85962658446389,0.5632212539403267
9,raw_var_cusum,2010-12-01,25.150827663198086,35.85962658446389,0.7013689226227089
9,raw_var_cusum,2011-01-01,24.373052733948,35.85962658446389,0.6796794907091301
9,raw_var_cusum,2011-02-01,24.179417052250873,35.85962658446389,0.6742796664460124
9,raw_var_cusum,2011-03-01,23.604401200663798,35.85962658446389,0.6582444785102798
9,raw_var_cusum,2011-04-01,22.642909382261383,35.85962658446389,0.6314318228866158
9,raw_var_cusum,2011-05-01,23.099390108309148,35.85962658446389,0.6441614793143694
9,raw_var_cusum,2011-06-01,22.524374256722073,35.85962658446389,0.6281262913786367
9,raw_var_cusum,2011-07-01,21.479740488484296,35.85962658446389,0.5989950965577079
9,raw_var_cusum,2011-08-01,29.831488050833254,35.85962658446389,0.8318962268212153
9,raw_var_cusum,2011-09-01,30.636360366674996,35.85962658446389,0.8543413104013787
9,raw_var_cusum,2011-10-01,30.284754980290682,35.85962658446389,0.8445362616634577
9,raw_var_cusum,2011-11-01,29.54238242968017,35.85962658446389,0.8238340786983919
9,raw_var_cusum,2011-12-01,28.49613946241332,35.85962658446389,0.794658008925258
9,raw_var_cusum,2012-01-01,27.44694629692651,35.85962658446389,0.7653996684064146
9,raw_var_cusum,2012-02-01,26.402312528688732,35.85962658446389,0.7362684735854857
9,raw_var_cusum,2012-03-01,26.293696195694217,35.85962658446389,0.7332395426305389
9,raw_var_cusum,2012-04-01,25.459867500264806,35.85962658446389,0.7099869665484816
9,raw_var_cusum,2012-05-01,25.50814807260476,35.85962658446389,0.7113333434335347
9,raw_var_cusum,2012-06-01,24.99696378250419,35.85962658446389,0.6970781952686053
9,raw_var_cusum,2012-07-01,24.056123351641524,35.85962658446389,0.6708414348649071
9,raw_var_cusum,2012-08-01,23.56264025086074,35.85962658446389,0.6570799111742341
9,raw_var_cusum,2012-09-01,22.576474047345894,35.85962658446389,0.6295791729500916
9,raw_var_cusum,2012-10-01,21.5696564562913,35.85962658446389,0.6015025395059833
9,raw_var_cusum,2012-11-01,20.660463606333707,35.85962658446389,0.576148319828986
9,raw_var_cusum,2012-12-01,19.760389550874187,35.85962658446389,0.5510483915478176
9,raw_var_cusum,2013-01-01,19.56675386917706,35.85962658446389,0.5456485672846999
9,raw_var_cusum,2013-02-01,18.66667981371754,35.85962658446389,0.5205486390035317
9,raw_var_cusum,2013-03-01,17.61695024855437,35.85962658446389,0.4912753401672866
9,raw_var_cusum,2013-04-01,17.24549807414484,35.85962658446389,0.4809168336855024
10,lsc_composite,2013-05-01,2.656164168130905,11.212679726229577,0.23688932824125872
10,lsc_composite,2013-06-01,1.9871474096683635,11.212679726229577,0.17722323817203775
10,lsc_composite,2013-07-01,2.2002150900889457,11.212679726229577,0.19622562525727283
10,lsc_composite,2013-08-01,1.591930957550492,11.212679726229577,0.14197595904095278
10,lsc_composite,2013-09-01,1.7712139556440525,11.212679726229577,0.15796526779416434
10,lsc_composite,2013-10-01,1.5651576305292076,11.212679726229577,0.13958818665513725
10,lsc_composite,2013-11-01,2.050885812309251,11.212679726229577,0.18290773145973827
10,lsc_composite,2013-12-01,2.060601596197198,11.212679726229577,0.18377423118372654
10,lsc_composite,2014-01-01,2.013898741995345,11.212679726229577,0.17960904896661548
10,lsc_composite,2014-02-01,2.620112826677545,11.212679726229577,0.23367409848944246
10,lsc_composite,2014-03-01,2.617670956235062,11.212679726229577,0.23345632089281937
10,lsc_composite,2014-04-01,2.5524229686969946,11.212679726229577,0.22763719565860488
10,lsc_composite,2014-05-01,3.628995491965042,11.212679726229577,0.3236510433340758
10,lsc_composite,2014-06-01,4.038784383075712,11.212679726229577,0.36019796174395957
10,lsc_composite,2014-07-01,4.072354623385595,11.212679726229577,0.36319191511902593
10,lsc_composite,2014-08-01,3.5177466154830146,11.212679726229577,0.3137293404763918
10,lsc_composite,2014-09-01,3.551798184468818,11.212679726229577,0.3167662210274475
10,lsc_composite,2014-10-01,3.1411952828846745,11.212679726229577,0.2801467052997639
10,lsc_composite,2014-11-01,3.1275602147727533,11.212679726229577,0.2789306652054388
10,lsc_composite,2014-12-01,3.3879067684538757,11.212679726229577,0.30214960662156604
10,lsc_composite,2015-01-01,3.7479281718575295,11.212679726229577,0.3342580242517837
10,lsc_composite,2015-02-01,3.739841725071386,11.212679726229577,0.3335368365443325
10,lsc_composite,2015-03-01,3.850593121654415,11.212679726229577,0.3434141717832898
10,lsc_composite,2015-04-01,3.8723298459656132,11.212679726229577,0.34535275603272214
10,lsc_composite,2015-05-01,3.7268960764487997,11.212679726229577,0.3323822821524593
10,lsc_composite,2015-06-01,3.881832600763374,11.212679726229577,0.34620025681128547
10,lsc_composite,2015-07-01,3.69889190840845,11.212679726229577,0.32988473752226355
10,lsc_composite,2015-08-01,3.956406043198377,11.212679726229577,0.35285107037733743
10,lsc_composite,2015-09-01,4.0752643952245515,11.212679726229577,0.3634514223831235
10,lsc_composite,2015-10-01,4.810426593697305,11.212679726229577,0.42901667675786537
10,lsc_composite,2015-11-01,5.242724684273921,11.212679726229577,0.4675710724181062
10,lsc_composite,2015-12-01,5.433962662643856,11.212679726229577,0.4846265830577775
10,lsc_composite,2016-01-01,5.103733439873206,11.212679726229577,0.4551751735077346
10,lsc_composite,2016-02-01,5.154914517779287,11.212679726229577,0.45973974497108905
10,lsc_composite,2016-03-01,5.171863738514145,11.212679726229577,0.4612513569272577
10,lsc_composite,2016-04-01,5.495268843103449,11.212679726229577,0.490094159226584
10,lsc_composite,2016-05-01,6.613942370690114,11.212679726229577,0.5898627743034756
10,lsc_composite,2016-06-01,5.931381776002504,11.212679726229577,0.5289887806326397
10,lsc_composite,2016-07-01,5.527614612359302,11.212679726229577,0.4929789084609875
10,lsc_composite,2016-08-01,5.65870359937566,11.212679726229577,0.5046700465490312
10,lsc_composite,2016-09-01,5.1407623897113535,11.212679726229577,0.45847759101561425
10,lsc_composite,2016-10-01,5.661783266277659,11.212679726229577,0.5049447058612736
10,lsc_composite,2016-11-01,7.03553546720571,11.212679726229577,0.6274624477811165
10,lsc_composite,2016-12-01,6.064252545663425,11.212679726229577,0.5408388265543206
10,lsc_composite,2017-01-01,6.337454941956742,11.212679726229577,0.5652043130360418
10,lsc_composite,2017-02-01,5.951280246838276,11.212679726229577,0.5307634207116945
10,lsc_composite,2017-03-01,6.177225066986733,11.212679726229577,0.5509142522403886
10,lsc_composite,2017-04-01,6.313095194416402,11.212679726229577,0.5630317951246138
10,lsc_composite,2017-05-01,5.920098131140643,11.212679726229577,0.5279824516250015
10,lsc_composite,2017-06-01,5.948272725984103,11.212679726229577,0.5304951957264452
10,lsc_composite,2017-07-01,6.307064613179127,11.212679726229577,0.5624939592651654
10,lsc_composite,2017-08-01,6.755714941707155,11.212679726229577,0.6025067251233136
10,lsc_composite,2017-09-01,6.6883838230427335,11.212679726229577,0.5965018163674776
10,lsc_composite,2017-10-01,6.337029039605802,11.212679726229577,0.5651663290428004
10,lsc_composite,2017-11-01,6.286546001523185,11.212679726229577,0.5606640120842126
10,lsc_composite,2017-12-01,5.970007010361644,11.212679726229577,0.5324335623710126
10,lsc_composite,2018-01-01,6.492292337959988,11.212679726229577,0.5790134469615421
10,lsc_composite,2018-02-01,6.357945312198956,11.212679726229577,0.5670317415136681
10,lsc_composite,2018-03-01,5.796134498920422,11.212679726229577,0.5169267864988287
10,lsc_composite,2018-04-01,6.254395806215941,11.212679726229577,0.5577967050628556
10,lsc_tail_cusum,2013-05-01,1.6800000000000004,5.402500000000001,0.3109671448403517
10,lsc_tail_cusum,2013-06-01,1.7600000000000005,5.402500000000001,0.3257751041184637
10,lsc_tail_cusum,2013-07-01,1.8400000000000005,5.402500000000001,0.34058306339657574
10,lsc_tail_cusum,2013-08-01,1.9200000000000006,5.402500000000001,0.3553910226746877
10,lsc_tail_cusum,2013-09-01,2.0000000000000004,5.402500000000001,0.37019898195279966
10,lsc_tail_cusum,2013-10-01,2.0800000000000005,5.402500000000001,0.38500694123091167
10,lsc_tail_cusum,2013-11-01,2.1600000000000006,5.402500000000001,0.39981490050902363
10,lsc_tail_cusum,2013-12-01,2.2400000000000007,5.402500000000001,0.41462285978713564
10,lsc_tail_cusum,2014-01-01,2.3200000000000007,5.402500000000001,0.42943081906524766
10,lsc_tail_cusum,2014-02-01,2.400000000000001,5.402500000000001,0.4442387783433596
10,lsc_tail_cusum,2014-03-01,2.480000000000001,5.402500000000001,0.45904673762147163
10,lsc_tail_cusum,2014-04-01,2.560000000000001,5.402500000000001,0.47385469689958365
10,lsc_tail_cusum,2014-05-01,2.640000000000001,5.402500000000001,0.4886626561776956
10,lsc_tail_cusum,2014-06-01,2.720000000000001,5.402500000000001,0.5034706154558076
10,lsc_tail_cusum,2014-07-01,2.800000000000001,5.402500000000001,0.5182785747339196
10,lsc_tail_cusum,2014-08-01,2.8800000000000012,5.402500000000001,0.5330865340120317
10,lsc_tail_cusum,2014-09-01,2.9600000000000013,5.402500000000001,0.5478944932901436
10,lsc_tail_cusum,2014-10-01,3.0400000000000014,5.402500000000001,0.5627024525682556
10,lsc_tail_cusum,2014-11-01,3.1200000000000014,5.402500000000001,0.5775104118463676
10,lsc_tail_cusum,2014-12-01,3.2000000000000015,5.402500000000001,0.5923183711244796
10,lsc_tail_cusum,2015-01-01,3.2800000000000016,5.402500000000001,0.6071263304025916
10,lsc_tail_cusum,2015-02-01,3.3600000000000017,5.402500000000001,0.6219342896807036
10,lsc_tail_cusum,2015-03-01,3.4400000000000017,5.402500000000001,0.6367422489588156
10,lsc_tail_cusum,2015-04-01,3.520000000000002,5.402500000000001,0.6515502082369276
10,lsc_tail_cusum,2015-05-01,3.600000000000002,5.402500000000001,0.6663581675150396
10,lsc_tail_cusum,2015-06-01,3.680000000000002,5.402500000000001,0.6811661267931516
10,lsc_tail_cusum,2015-07-01,3.760000000000002,5.402500000000001,0.6959740860712635
10,lsc_tail_cusum,2015-08-01,3.840000000000002,5.402500000000001,0.7107820453493756
10,lsc_tail_cusum,2015-09-01,3.920000000000002,5.402500000000001,0.7255900046274876
10,lsc_tail_cusum,2015-10-01,4.000000000000003,5.402500000000001,0.7403979639055996
10,lsc_tail_cusum,2015-11-01,4.080000000000003,5.402500000000001,0.7552059231837116
10,lsc_tail_cusum,2015-12-01,4.160000000000003,5.402500000000001,0.7700138824618237
10,lsc_tail_cusum,2016-01-01,4.240000000000003,5.402500000000001,0.7848218417399356
10,lsc_tail_cusum,2016-02-01,4.320000000000003,5.402500000000001,0.7996298010180476
10,lsc_tail_cusum,2016-03-01,4.400000000000003,5.402500000000001,0.8144377602961597
10,lsc_tail_cusum,2016-04-01,4.480000000000003,5.402500000000001,0.8292457195742716
10,lsc_tail_cusum,2016-05-01,4.560000000000003,5.402500000000001,0.8440536788523836
10,lsc_tail_cusum,2016-06-01,4.640000000000003,5.402500000000001,0.8588616381304957
10,lsc_tail_cusum,2016-07-01,4.720000000000003,5.402500000000001,0.8736695974086076
10,lsc_tail_cusum,2016-08-01,4.800000000000003,5.402500000000001,0.8884775566867196
10,lsc_tail_cusum,2016-09-01,4.8800000000000034,5.402500000000001,0.9032855159648316
10,lsc_tail_cusum,2016-10-01,4.9600000000000035,5.402500000000001,0.9180934752429436
10,lsc_tail_cusum,2016-11-01,4.040000000000004,5.402500000000001,0.7478019435446558
10,lsc_tail_cusum,2016-12-01,4.120000000000004,5.402500000000001,0.7626099028227679
10,lsc_tail_cusum,2017-01-01,4.200000000000004,5.402500000000001,0.7774178621008798
10,lsc_tail_cusum,2017-02-01,4.280000000000004,5.402500000000001,0.7922258213789918
10,lsc_tail_cusum,2017-03-01,4.360000000000004,5.402500000000001,0.8070337806571038
10,lsc_tail_cusum,2017-04-01,4.440000000000004,5.402500000000001,0.8218417399352158
10,lsc_tail_cusum,2017-05-01,4.520000000000004,5.402500000000001,0.8366496992133278
10,lsc_tail_cusum,2017-06-01,4.600000000000004,5.402500000000001,0.8514576584914398
10,lsc_tail_cusum,2017-07-01,4.680000000000004,5.402500000000001,0.8662656177695518
10,lsc_tail_cusum,2017-08-01,4.760000000000004,5.402500000000001,0.8810735770476638
10,lsc_tail_cusum,2017-09-01,4.840000000000004,5.402500000000001,0.8958815363257758
10,lsc_tail_cusum,2017-10-01,4.920000000000004,5.402500000000001,0.9106894956038878
10,lsc_tail_cusum,2017-11-01,5.000000000000004,5.402500000000001,0.9254974548819997
10,lsc_tail_cusum,2017-12-01,5.0800000000000045,5.402500000000001,0.9403054141601118
10,lsc_tail_cusum,2018-01-01,5.160000000000005,5.402500000000001,0.9551133734382238
10,lsc_tail_cusum,2018-02-01,5.240000000000005,5.402500000000001,0.9699213327163357
10,lsc_tail_cusum,2018-03-01,5.320000000000005,5.402500000000001,0.9847292919944478
10,lsc_tail_cusum,2018-04-01,5.400000000000005,5.402500000000001,0.9995372512725598
10,lsc_kalman_cusum,2013-05-01,0.4297583384739657,6.413366276409305,0.06700979173055704
10,lsc_kalman_cusum,2013-06-01,1.3775736587587177,6.413366276409305,0.2147972842009562
10,lsc_kalman_cusum,2013-07-01,1.7436360681154812,6.413366276409305,0.2718753292680646
10,lsc_kalman_cusum,2013-08-01,1.6733013974739146,6.413366276409305,0.26090844111444655
10,lsc_kalman_cusum,2013-09-01,1.3256087031633714,6.413366276409305,0.20669468201737404
10,lsc_kalman_cusum,2013-10-01,0.39309927276115475,6.413366276409305,0.061293750554543704
10,lsc_kalman_cusum,2013-11-01,0.11574124882214842,6.413366276409305,0.01804687956898499
10,lsc_kalman_cusum,2013-12-01,0.3036300594783162,6.413366276409305,0.04734332118144851
10,lsc_kalman_cusum,2014-01-01,0.0,6.413366276409305,0.0
10,lsc_kalman_cusum,2014-02-01,0.11446081649551743,6.413366276409305,0.017847228984339467
10,lsc_kalman_cusum,2014-03-01,0.0,6.413366276409305,0.0
10,lsc_kalman_cusum,2014-04-01,0.0,6.413366276409305,0.0
10,lsc_kalman_cusum,2014-05-01,0.1429978369962045,6.413366276409305,0.022296845499406852
10,lsc_kalman_cusum,2014-06-01,0.0,6.413366276409305,0.0
10,lsc_kalman_cusum,2014-07-01,0.0,6.413366276409305,0.0
10,lsc_kalman_cusum,2014-08-01,0.0,6.413366276409305,0.0
10,lsc_kalman_cusum,2014-09-01,0.09265554590901615,6.413366276409305,0.014447256232633548
10,lsc_kalman_cusum,2014-10-01,0.6051513473043941,6.413366276409305,0.09435783350318865
10,lsc_kalman_cusum,2014-11-01,0.0,6.413366276409305,0.0
10,lsc_kalman_cusum,2014-12-01,0.05054516221204153,6.413366276409305,0.007881221816063278
10,lsc_kalman_cusum,2015-01-01,0.8719194695062478,6.413366276409305,0.13595348089091447
10,lsc_kalman_cusum,2015-02-01,0.2489140119884743,6.413366276409305,0.038811756768683335
10,lsc_kalman_cusum,2015-03-01,0.0,6.413366276409305,0.0
10,lsc_kalman_cusum,2015-04-01,0.0,6.413366276409305,0.0
10,lsc_kalman_cusum,2015-05-01,0.7261410425808088,6.413366276409305,0.11322307370028432
10,lsc_kalman_cusum,2015-06-01,0.6748310527652772,6.413366276409305,0.10522259663346399
10,lsc_kalman_cusum,2015-07-01,0.0,6.413366276409305,0.0
10,lsc_kalman_cusum,2015-08-01,0.11446081647864048,6.413366276409305,0.01784722898170794
10,lsc_kalman_cusum,2015-09-01,0.0,6.413366276409305,0.0
10,lsc_kalman_cusum,2015-10-01,0.0,6.413366276409305,0.0
10,lsc_kalman_cusum,2015-11-01,0.42163629327028074,6.413366276409305,0.06574336707092693
10,lsc_kalman_cusum,2015-12-01,0.0,6.413366276409305,0.0
10,lsc_kalman_cusum,2016-01-01,0.13348549693338607,6.413366276409305,0.02081364001061257
10,lsc_kalman_cusum,2016-02-01,0.8393214265809263,6.413366276409305,0.13087065207366308
10,lsc_kalman_cusum,2016-03-01,0.2733900100645261,6.413366276409305,0.04262816098156658
10,lsc_kalman_cusum,2016-04-01,0.0,6.413366276409305,0.0
10,lsc_kalman_cusum,2016-05-01,0.0,6.413366276409305,0.0
10,lsc_kalman_cusum,2016-06-01,0.23951153409530412,6.413366276409305,0.037345681467829885
10,lsc_kalman_cusum,2016-07-01,0.1868112491674827,6.413366276409305,0.029128423532372143
10,lsc_kalman_cusum,2016-08-01,0.0,6.413366276409305,0.0
10,lsc_kalman_cusum,2016-09-01,0.0,6.413366276409305,0.0
10,lsc_kalman_cusum,2016-10-01,0.0,6.413366276409305,0.0
10,lsc_kalman_cusum,2016-11-01,1.0293653593959344,6.413366276409305,0.16050312971868064
10,lsc_kalman_cusum,2016-12-01,1.6904201779328947,6.413366276409305,0.26357767591582526
10,lsc_kalman_cusum,2017-01-01,0.5964841992162535,6.413366276409305,0.0930064140278935
10,lsc_kalman_cusum,2017-02-01,0.11005756172902337,6.413366276409305,0.01716065432499234
10,lsc_kalman_cusum,2017-03-01,0.0,6.413366276409305,0.0
10,lsc_kalman_cusum,2017-04-01,0.3400862539228222,6.413366276409305,0.05302772978580425
10,lsc_kalman_cusum,2017-05-01,0.0,6.413366276409305,0.0
10,lsc_kalman_cusum,2017-06-01,0.0,6.413366276409305,0.0
10,lsc_kalman_cusum,2017-07-01,0.17014456260400201,6.413366276409305,0.026529681180046682
10,lsc_kalman_cusum,2017-08-01,0.1021678859802756,6.413366276409305,0.015930461722743993
10,lsc_kalman_cusum,2017-09-01,0.0,6.413366276409305,0.0
10,lsc_kalman_cusum,2017-10-01,0.20552319599018165,6.413366276409305,0.032046071771414456
10,lsc_kalman_cusum,2017-11-01,0.0,6.413366276409305,0.0
10,lsc_kalman_cusum,2017-12-01,0.0,6.413366276409305,0.0
10,lsc_kalman_cusum,2018-01-01,0.23545051157784658,6.413366276409305,0.03671246915117249
10,lsc_kalman_cusum,2018-02-01,0.7822473851154337,6.413366276409305,0.12197141897116093
10,lsc_kalman_cusum,2018-03-01,0.0,6.413366276409305,0.0
10,lsc_kalman_cusum,2018-04-01,0.0,6.413366276409305,0.0
10,raw_cusum,2013-05-01,0.29875550865535727,9.386954642272485,0.031826670101287674
10,raw_cusum,2013-06-01,1.4457469557057843,9.386954642272485,0.15401661250125992
10,raw_cusum,2013-07-01,2.2110322304784313,9.386954642272485,0.23554308236682425
10,raw_cusum,2013-08-01,2.467375942214036,9.386954642272485,0.26285158885317783
10,raw_cusum,2013-09-01,2.342013481671858,9.386954642272485,0.24949662280512316
10,raw_cusum,2013-10-01,1.11394430121609,9.386954642272485,0.11866940276877863
10,raw_cusum,2013-11-01,1.1158172314331734,9.386954642272485,0.11886892756552678
10,raw_cusum,2013-12-01,1.4569845370082832,9.386954642272485,0.15521376128174857
10,raw_cusum,2014-01-01,0.8650923103488171,9.386954642272485,0.09215899546941744
10,raw_cusum,2014-02-01,0.05842199277675397,9.386954642272485,0.006223742949993696
10,raw_cusum,2014-03-01,0.0,9.386954642272485,0.0
10,raw_cusum,2014-04-01,0.0,9.386954642272485,0.0
10,raw_cusum,2014-05-01,0.05842199277675397,9.386954642272485,0.006223742949993696
10,raw_cusum,2014-06-01,0.0,9.386954642272485,0.0
10,raw_cusum,2014-07-01,0.0,9.386954642272485,0.0
10,raw_cusum,2014-08-01,0.0,9.386954642272485,0.0
10,raw_cusum,2014-09-01,0.044284727136836066,9.386954642272485,0.004717688411682278
10,raw_cusum,2014-10-01,0.3977163681347823,9.386954642272485,0.042369051869467565
10,raw_cusum,2014-11-01,0.0,9.386954642272485,0.0
10,raw_cusum,2014-12-01,0.0,9.386954642272485,0.0
10,raw_cusum,2015-01-01,0.8218343373323178,9.386954642272485,0.08755068801880991
10,raw_cusum,2015-02-01,0.0018729302170834572,9.386954642272485,0.00019952479674814323
10,raw_cusum,2015-03-01,0.0,9.386954642272485,0.0
10,raw_cusum,2015-04-01,0.0,9.386954642272485,0.0
10,raw_cusum,2015-05-01,0.6804616809331399,9.386954642272485,0.07249014263569586
10,raw_cusum,2015-06-01,0.9368053926687425,9.386954642272485,0.0997986491220492
10,raw_cusum,2015-07-01,0.34491316600927646,9.386954642272485,0.03674388330971806
10,raw_cusum,2015-08-01,0.05842199277675397,9.386954642272485,0.006223742949993696
10,raw_cusum,2015-09-01,0.0,9.386954642272485,0.0
10,raw_cusum,2015-10-01,0.0,9.386954642272485,0.0
10,raw_cusum,2015-11-01,0.3835791024948644,9.386954642272485,0.04086299733115615
10,raw_cusum,2015-12-01,0.0,9.386954642272485,0.0
10,raw_cusum,2016-01-01,0.05842199277675586,9.386954642272485,0.006223742949993897
10,raw_cusum,2016-02-01,0.7954327362695657,9.386954642272485,0.08473810373893526
10,raw_cusum,2016-03-01,0.044284727136836066,9.386954642272485,0.004717688411682278
10,raw_cusum,2016-04-01,0.0,9.386954642272485,0.0
10,raw_cusum,2016-05-01,0.0,9.386954642272485,0.0
10,raw_cusum,2016-06-01,0.14324558661626197,9.386954642272485,0.015260070179862261
10,raw_cusum,2016-07-01,0.15925578247326244,9.386954642272485,0.016965649514921726
10,raw_cusum,2016-08-01,0.0,9.386954642272485,0.0
10,raw_cusum,2016-09-01,0.0,9.386954642272485,0.0
10,raw_cusum,2016-10-01,0.12910832097634406,9.386954642272485,0.013754015641550843
10,raw_cusum,2016-11-01,1.3185115649465255,9.386954642272485,0.1404621216564574
10,raw_cusum,2016-12-01,2.380679418157446,9.386954642272485,0.25361573682656124
10,raw_cusum,2017-01-01,1.7039635976584733,9.386954642272485,0.1815246437843617
10,raw_cusum,2017-02-01,1.239306761758267,9.386954642272485,0.1320243688168332
10,raw_cusum,2017-03-01,1.0715325042963362,9.386954642272485,0.11415123915384438
10,raw_cusum,2017-04-01,0.18565738353601557,9.386954642272485,0.019778233794796502
10,raw_cusum,2017-05-01,0.0,9.386954642272485,0.0
10,raw_cusum,2017-06-01,0.0,9.386954642272485,0.0
10,raw_cusum,2017-07-01,0.12910832097634317,9.386954642272485,0.013754015641550748
10,raw_cusum,2017-08-01,0.0,9.386954642272485,0.0
10,raw_cusum,2017-09-01,0.0,9.386954642272485,0.0
10,raw_cusum,2017-10-01,0.2563437117356028,9.386954642272485,0.027308506486353343
10,raw_cusum,2017-11-01,0.0,9.386954642272485,0.0
10,raw_cusum,2017-12-01,0.0,9.386954642272485,0.0
10,raw_cusum,2018-01-01,0.34116730557511177,9.386954642272485,0.03634483371622201
10,raw_cusum,2018-02-01,1.106452580347757,9.386954642272485,0.11787130358178616
10,raw_cusum,2018-03-01,0.599383947527798,9.386954642272485,0.0638528649993235
10,raw_cusum,2018-04-01,0.30437429930660764,9.386954642272485,0.032425244491532106
10,raw_var_cusum,2013-05-01,12.48868678725584,34.988541346159465,0.3569364799663667
10,raw_var_cusum,2013-06-01,10.72610596059858,34.988541346159465,0.3065605351900712
10,raw_var_cusum,2013-07-01,11.14632816042724,34.988541346159465,0.31857081580369234
10,raw_var_cusum,2013-08-01,10.66838397070923,34.988541346159465,0.30491079537044635
10,raw_var_cusum,2013-09-01,11.262750037789083,34.988541346159465,0.32189824452414173
10,raw_var_cusum,2013-10-01,11.682665306259548,34.988541346159465,0.3338997527984087
10,raw_var_cusum,2013-11-01,12.380788868174866,34.988541346159465,0.3538526726703298
10,raw_var_cusum,2013-12-01,12.623226432206375,34.988541346159465,0.3607817287185071
10,raw_var_cusum,2014-01-01,13.564782250885939,34.988541346159465,0.3876921337383756
10,raw_var_cusum,2014-02-01,14.202947128869177,34.988541346159465,0.4059313873176988
10,raw_var_cusum,2014-03-01,15.138507079155533,34.988541346159465,0.43267042570830744
10,raw_var_cusum,2014-04-01,16.087257939906948,34.988541346159465,0.4597864706832877
10,raw_var_cusum,2014-05-01,16.725422817890188,34.988541346159465,0.478025724262611
10,raw_var_cusum,2014-06-01,17.61421499470952,34.988541346159465,0.5034281029449933
10,raw_var_cusum,2014-07-01,18.532986513494894,34.988541346159465,0.5296873147736745
10,raw_var_cusum,2014-08-01,19.2970646277355,34.988541346159465,0.5515252675674533
10,raw_var_cusum,2014-09-01,19.95081876354108,34.988541346159465,0.570210074382852
10,raw_var_cusum,2014-10-01,20.094924085923974,34.988541346159465,0.5743287177111687
10,raw_var_cusum,2014-11-01,21.002903041601574,34.988541346159465,0.6002794696071824
10,raw_var_cusum,2014-12-01,21.76698115584218,34.988541346159465,0.6221174224009611
10,raw_var_cusum,2015-01-01,20.969735140491412,34.988541346159465,0.5993315049354913
10,raw_var_cusum,2015-02-01,21.66785870240673,34.988541346159465,0.6192844248074123
10,raw_var_cusum,2015-03-01,22.507484758401755,34.988541346159465,0.6432815971298643
10,raw_var_cusum,2015-04-01,23.33751742496765,34.988541346159465,0.6670045828455008
10,raw_var_cusum,2015-05-01,22.894027644816155,34.988541346159465,0.6543292965063584
10,raw_var_cusum,2015-06-01,23.271971834534167,34.988541346159465,0.6651312383758069
10,raw_var_cusum,2015-07-01,24.21352765321373,34.988541346159465,0.6920416433956753
10,raw_var_cusum,2015-08-01,24.85169253119697,34.988541346159465,0.7102808969749986
10,raw_var_cusum,2015-09-01,25.795646697233817,34.988541346159465,0.7372598486465709
10,raw_var_cusum,2015-10-01,26.625679363799712,34.988541346159465,0.7609828343622074
10,raw_var_cusum,2015-11-01,26.79496733343408,34.988541346159465,0.7658212175334153
10,raw_var_cusum,2015-12-01,27.744917367864137,34.988541346159465,0.7929715358342474
10,raw_var_cusum,2016-01-01,28.383082245847373,34.988541346159465,0.8112107894135706
10,raw_var_cusum,2016-02-01,27.80288666633074,34.988541346159465,0.7946283439273051
10,raw_var_cusum,2016-03-01,28.456640802136317,34.988541346159465,0.8133131507427037
10,raw_var_cusum,2016-04-01,29.3382379368838,34.988541346159465,0.8385098894699743
10,raw_var_cusum,2016-05-01,30.282192102920646,34.988541346159465,0.8654888411415467
10,raw_var_cusum,2016-06-01,30.818427218219348,34.988541346159465,0.8808148620234535
10,raw_var_cusum,2016-07-01,31.502160695990966,34.988541346159465,0.9003565019851512
10,raw_var_cusum,2016-08-01,32.341786751986,34.988541346159465,0.9243536743076033
10,raw_var_cusum,2016-09-01,33.15143346601499,34.988541346159465,0.9474940134837566
10,raw_var_cusum,2016-10-01,33.70565618649332,34.988541346159465,0.9633341342534429
10,raw_var_cusum,2016-11-01,31.80157286575635,34.988541346159465,0.9089139370266164
10,raw_var_cusum,2016-12-01,30.31120446415073,34.988541346159465,0.8663180372187151
10,raw_var_cusum,2017-01-01,31.229975982936104,34.988541346159465,0.8925772490473964
10,raw_var_cusum,2017-02-01,32.17872684368752,34.988541346159465,0.9196932940223767
10,raw_var_cusum,2017-03-01,33.018352899682554,34.988541346159465,0.9436904663448289
10,raw_var_cusum,2017-04-01,33.498226852085104,34.988541346159465,0.9574056409116939
10,raw_var_cusum,2017-05-01,34.44218101812196,34.988541346159465,0.9843845925832664
10,raw_var_cusum,2017-06-01,35.24103516904317,34.988541346159465,1.007216471826752
10,raw_var_cusum,2017-07-01,35.7952578895215,34.988541346159465,1.0230565925964383
10,raw_var_cusum,2017-08-01,36.59411204044272,34.988541346159465,1.045888471839924
10,raw_var_cusum,2017-09-01,37.542862901194134,34.988541346159465,1.0730045168149043
10,raw_var_cusum,2017-10-01,37.92080709091215,34.988541346159465,1.0838064586843528
10,raw_var_cusum,2017-11-01,38.869557951663566,34.988541346159465,1.110922503659333
10,raw_var_cusum,2017-12-01,39.73556582858871,34.988541346159465,1.1356736891505284
10,raw_var_cusum,2018-01-01,39.978003392620224,34.988541346159465,1.1426027451987057
10,raw_var_cusum,2018-02-01,39.32705656606374,34.988541346159465,1.123998173487175
10,raw_var_cusum,2018-03-01,40.2770066004938,34.988541346159465,1.1511484917880073
10,raw_var_cusum,2018-04-01,41.1849855561714,34.988541346159465,1.1770992436840209
11,lsc_composite,2018-05-01,8.314720977024992,10.315444201405093,0.8060458487955781
11,lsc_composite,2018-06-01,8.684637886091874,10.315444201405093,0.8419063412614765
11,lsc_composite,2018-07-01,9.389333137843922,10.315444201405093,0.9102209225817902
11,lsc_composite,2018-08-01,7.5727757274585255,10.315444201405093,0.7341201774352111
11,lsc_composite,2018-09-01,7.643380643058181,10.315444201405093,0.7409647605885026
11,lsc_composite,2018-10-01,6.9203383153959,10.315444201405093,0.670871576664945
11,lsc_composite,2018-11-01,7.909436902340557,10.315444201405093,0.766756791846462
11,lsc_composite,2018-12-01,7.576404595872723,10.315444201405093,0.7344719672702724
11,lsc_composite,2019-01-01,7.2261489939624015,10.315444201405093,0.7005174816396282
11,lsc_composite,2019-02-01,8.902621278796309,10.315444201405093,0.8630380917172389
11,lsc_composite,2019-03-01,8.43677913143979,10.315444201405093,0.8178784128647213
11,lsc_composite,2019-04-01,7.764048578446281,10.315444201405093,0.7526625540166967
11,lsc_composite,2019-05-01,10.873705602445176,10.315444201405093,1.0541189880086832
11,lsc_composite,2019-06-01,10.97968105604546,10.315444201405093,1.0643924625708205
11,lsc_composite,2019-07-01,10.56404877507659,10.315444201405093,1.0241002295991901
11,lsc_composite,2019-08-01,7.90287365161438,10.315444201405093,0.7661205370620792
11,lsc_composite,2019-09-01,7.930128235030229,10.315444201405093,0.7687626514377389
11,lsc_composite,2019-10-01,7.170248280401019,10.315444201405093,0.6950983535371498
11,lsc_composite,2019-11-01,6.8921628943639535,10.315444201405093,0.6681401944305175
11,lsc_composite,2019-12-01,7.327368181009378,10.315444201405093,0.7103298741135451
11,lsc_composite,2020-01-01,7.832428295672276,10.315444201405093,0.759291421944331
11,lsc_composite,2020-02-01,7.678250696060917,10.315444201405093,0.74434513397058
11,lsc_composite,2020-03-01,6.347405029519397,10.315444201405093,0.6153302665002832
11,lsc_composite,2020-04-01,6.353080362253154,10.315444201405093,0.6158804447207212
11,lsc_composite,2020-05-01,6.475274857355442,10.315444201405093,0.6277262259315434
11,lsc_composite,2020-06-01,6.559115670419293,10.315444201405093,0.6358539237239884
11,lsc_composite,2020-07-01,6.35305408024573,10.315444201405093,0.6158778968898271
11,lsc_composite,2020-08-01,6.72281811312653,10.315444201405093,0.6517235692294082
11,lsc_composite,2020-09-01,6.789270668932008,10.315444201405093,0.6581656142357131
11,lsc_composite,2020-10-01,7.923378850081234,10.315444201405093,0.7681083524257706
11,lsc_composite,2020-11-01,8.685612657838814,10.315444201405093,0.8420008376038449
11,lsc_composite,2020-12-01,8.989729306107003,10.315444201405093,0.8714825198591535
11,lsc_composite,2021-01-01,8.408923193445114,10.315444201405093,0.8151780019613419
11,lsc_composite,2021-02-01,8.70342797480234,10.315444201405093,0.8437278904205427
11,lsc_composite,2021-03-01,8.34256982102659,10.315444201405093,0.8087455719929373
11,lsc_composite,2021-04-01,8.70114413407477,10.315444201405093,0.8435064902866292
11,lsc_composite,2021-05-01,10.388709158595624,10.315444201405093,1.0071024529588897
11,lsc_composite,2021-06-01,9.359795923816296,10.315444201405093,0.9073575253832864
11,lsc_composite,2021-07-01,8.52157068257935,10.315444201405093,0.8260982771268934
11,lsc_composite,2021-08-01,8.697562593632698,10.315444201405093,0.8431592885207969
11,lsc_composite,2021-09-01,7.8271254636653556,10.315444201405093,0.7587773546968731
11,lsc_composite,2021-10-01,8.378886316109405,10.315444201405093,0.8122661663923397
11,lsc_composite,2021-11-01,11.26328375097008,10.315444201405093,1.0918854807470026
11,lsc_composite,2021-12-01,9.889348255209923,10.315444201405093,0.958693398182782
11,lsc_composite,2022-01-01,9.82695698659956,10.315444201405093,0.9526450625617272
11,lsc_composite,2022-02-01,9.052173296524732,10.315444201405093,0.8775359664387222
11,lsc_composite,2022-03-01,9.250152919281067,10.315444201405093,0.8967285110243803
11,lsc_composite,2022-04-01,7.959836617460649,10.315444201405093,0.7716426420470016
11,lsc_composite,2022-05-01,7.433539055731546,10.315444201405093,0.720622293194025
11,lsc_composite,2022-06-01,7.266503408218671,10.315444201405093,0.704429520081053
11,lsc_composite,2022-07-01,7.35958482462934,10.315444201405093,0.7134530206296761
11,lsc_composite,2022-08-01,7.93889522135038,10.315444201405093,0.7696125408025574
11,lsc_composite,2022-09-01,5.951968290218429,10.315444201405093,0.5769958301366892
11,lsc_composite,2022-10-01,5.733117788701114,10.315444201405093,0.555780020400885
11,lsc_composite,2022-11-01,5.115599516082256,10.315444201405093,0.495916551551454
11,lsc_composite,2022-12-01,4.651223763715805,10.315444201405093,0.4508990279916642
11,lsc_composite,2023-01-01,5.128316488870701,10.315444201405093,0.49714936058421605
11,lsc_composite,2023-02-01,4.9761639773502795,10.315444201405093,0.48239938874105526
11,lsc_composite,2023-03-01,4.449575329548748,10.315444201405093,0.4313508214161693
11,lsc_composite,2023-04-01,4.804699033915519,10.315444201405093,0.4657772307334141
11,lsc_tail_cusum,2018-05-01,1.480000000000002,5.9110000000000085,0.2503806462527491
11,lsc_tail_cusum,2018-06-01,1.560000000000002,5.9110000000000085,0.2639147352393842
11,lsc_tail_cusum,2018-07-01,1.6400000000000021,5.9110000000000085,0.27744882422601924
11,lsc_tail_cusum,2018-08-01,1.7200000000000022,5.9110000000000085,0.29098291321265435
11,lsc_tail_cusum,2018-09-01,1.8000000000000023,5.9110000000000085,0.3045170021992894
11,lsc_tail_cusum,2018-10-01,1.8800000000000023,5.9110000000000085,0.3180510911859245
11,lsc_tail_cusum,2018-11-01,1.9600000000000024,5.9110000000000085,0.33158518017255956
11,lsc_tail_cusum,2018-12-01,1.0400000000000023,5.9110000000000085,0.17594315682625628
11,lsc_tail_cusum,2019-01-01,1.1200000000000023,5.9110000000000085,0.18947724581289135
11,lsc_tail_cusum,2019-02-01,1.2000000000000024,5.9110000000000085,0.20301133479952643
11,lsc_tail_cusum,2019-03-01,1.2800000000000025,5.9110000000000085,0.2165454237861615
11,lsc_tail_cusum,2019-04-01,1.3600000000000025,5.9110000000000085,0.2300795127727966
11,lsc_tail_cusum,2019-05-01,1.4400000000000026,5.9110000000000085,0.24361360175943167
11,lsc_tail_cusum,2019-06-01,0.9499999999999998,5.9110000000000085,0.1607173067162914
11,lsc_tail_cusum,2019-07-01,0.7999999999999998,5.9110000000000085,0.13534088986635065
11,lsc_tail_cusum,2019-08-01,1.6499999999999997,5.9110000000000085,0.2791405853493482
11,lsc_tail_cusum,2019-09-01,1.4999999999999996,5.9110000000000085,0.25376416849940747
11,lsc_tail_cusum,2019-10-01,1.3499999999999994,5.9110000000000085,0.22838775164946667
11,lsc_tail_cusum,2019-11-01,1.1999999999999993,5.9110000000000085,0.2030113347995259
11,lsc_tail_cusum,2019-12-01,1.0499999999999992,5.9110000000000085,0.1776349179495851
11,lsc_tail_cusum,2020-01-01,0.8999999999999991,5.9110000000000085,0.15225850109964437
11,lsc_tail_cusum,2020-02-01,0.7499999999999991,5.9110000000000085,0.1268820842497036
11,lsc_tail_cusum,2020-03-01,1.599999999999999,5.9110000000000085,0.2706817797327012
11,lsc_tail_cusum,2020-04-01,1.4499999999999988,5.9110000000000085,0.24530536288276042
11,lsc_tail_cusum,2020-05-01,1.2999999999999987,5.9110000000000085,0.21992894603281962
11,lsc_tail_cusum,2020-06-01,1.1499999999999986,5.9110000000000085,0.19455252918287885
11,lsc_tail_cusum,2020-07-01,0.9999999999999984,5.9110000000000085,0.16917611233293808
11,lsc_tail_cusum,2020-08-01,0.8499999999999984,5.9110000000000085,0.14379969548299734
11,lsc_tail_cusum,2020-09-01,0.6999999999999984,5.9110000000000085,0.11842327863305657
11,lsc_tail_cusum,2020-10-01,0.5599999999999999,5.9110000000000085,0.09473862290644547
11,lsc_tail_cusum,2020-11-01,0.6399999999999999,5.9110000000000085,0.10827271189308052
11,lsc_tail_cusum,2020-12-01,0.7199999999999999,5.9110000000000085,0.12180680087971558
11,lsc_tail_cusum,2021-01-01,0.7999999999999998,5.9110000000000085,0.13534088986635065
11,lsc_tail_cusum,2021-02-01,0.8799999999999998,5.9110000000000085,0.1488749788529857
11,lsc_tail_cusum,2021-03-01,0.85,5.9110000000000085,0.1437996954829976
11,lsc_tail_cusum,2021-04-01,0.7,5.9110000000000085,0.11842327863305684
11,lsc_tail_cusum,2021-05-01,0.5499999999999999,5.9110000000000085,0.09304686178311608
11,lsc_tail_cusum,2021-06-01,0.39999999999999997,5.9110000000000085,0.06767044493317534
11,lsc_tail_cusum,2021-07-01,0.32,5.9110000000000085,0.054136355946540274
11,lsc_tail_cusum,2021-08-01,0.4,5.9110000000000085,0.06767044493317534
11,lsc_tail_cusum,2021-09-01,0.48,5.9110000000000085,0.0812045339198104
11,lsc_tail_cusum,2021-10-01,0.5599999999999999,5.9110000000000085,0.09473862290644547
11,lsc_tail_cusum,2021-11-01,0.6399999999999999,5.9110000000000085,0.10827271189308052
11,lsc_tail_cusum,2021-12-01,0.7199999999999999,5.9110000000000085,0.12180680087971558
11,lsc_tail_cusum,2022-01-01,0.85,5.9110000000000085,0.1437996954829976
11,lsc_tail_cusum,2022-02-01,0.7,5.9110000000000085,0.11842327863305684
11,lsc_tail_cusum,2022-03-01,0.5499999999999999,5.9110000000000085,0.09304686178311608
11,lsc_tail_cusum,2022-04-01,1.3999999999999997,5.9110000000000085,0.23684655726611364
11,lsc_tail_cusum,2022-05-01,1.2499999999999996,5.9110000000000085,0.21147014041617285
11,lsc_tail_cusum,2022-06-01,1.0999999999999994,5.9110000000000085,0.18609372356623208
11,lsc_tail_cusum,2022-07-01,1.9499999999999995,5.9110000000000085,0.3298934190492297
11,lsc_tail_cusum,2022-08-01,1.7999999999999994,5.9110000000000085,0.3045170021992889
11,lsc_tail_cusum,2022-09-01,2.6499999999999995,5.9110000000000085,0.44831669768228655
11,lsc_tail_cusum,2022-10-01,3.4999999999999996,5.9110000000000085,0.5921163931652841
11,lsc_tail_cusum,2022-11-01,3.3499999999999996,5.9110000000000085,0.5667399763153435
11,lsc_tail_cusum,2022-12-01,3.1999999999999997,5.9110000000000085,0.5413635594654027
11,lsc_tail_cusum,2023-01-01,3.05,5.9110000000000085,0.515987142615462
11,lsc_tail_cusum,2023-02-01,2.9,5.9110000000000085,0.49061072576552117
11,lsc_tail_cusum,2023-03-01,2.75,5.9110000000000085,0.46523430891558043
11,lsc_tail_cusum,2023-04-01,2.6,5.9110000000000085,0.43985789206563974
11,lsc_kalman_cusum,2018-05-01,4.550408110315374e-05,6.764793745929036,6.726602881357247e-06
11,lsc_kalman_cusum,2018-06-01,0.0,6.764793745929036,0.0
11,lsc_kalman_cusum,2018-07-01,0.0,6.764793745929036,0.0
11,lsc_kalman_cusum,2018-08-01,0.0,6.764793745929036,0.0
11,lsc_kalman_cusum,2018-09-01,0.03347859399750874,6.764793745929036,0.004948945267940463
11,lsc_kalman_cusum,2018-10-01,0.13836140763078553,6.764793745929036,0.02045315981940316
11,lsc_kalman_cusum,2018-11-01,0.0,6.764793745929036,0.0
11,lsc_kalman_cusum,2018-12-01,0.8730104760883495,6.764793745929036,0.12905204635599063
11,lsc_kalman_cusum,2019-01-01,0.6318005882210183,6.764793745929036,0.09339539562477091
11,lsc_kalman_cusum,2019-02-01,0.14356239052033137,6.764793745929036,0.02122199078230956
11,lsc_kalman_cusum,2019-03-01,0.14360789458514378,6.764793745929036,0.021228717382782755
11,lsc_kalman_cusum,2019-04-01,0.0,6.764793745929036,0.0
11,lsc_kalman_cusum,2019-05-01,0.08589724875962934,6.764793745929036,0.012697689240166588
11,lsc_kalman_cusum,2019-06-01,1.04145630776943,6.764793745929036,0.15395241109844107
11,lsc_kalman_cusum,2019-07-01,0.2221903726734039,6.764793745929036,0.03284510674211097
11,lsc_kalman_cusum,2019-08-01,1.7964623313106953,6.764793745929036,0.2655605475616729
11,lsc_kalman_cusum,2019-09-01,0.47776833117745576,6.764793745929036,0.07062570554571164
11,lsc_kalman_cusum,2019-10-01,0.007280820266128307,6.764793745929036,0.0010762811904664218
11,lsc_kalman_cusum,2019-11-01,0.0,6.764793745929036,0.0
11,lsc_kalman_cusum,2019-12-01,0.0,6.764793745929036,0.0
11,lsc_kalman_cusum,2020-01-01,0.040702356534600415,6.764793745929036,0.006016791947144664
11,lsc_kalman_cusum,2020-02-01,0.6902081274743468,6.764793745929036,0.10202944145779833
11,lsc_kalman_cusum,2020-03-01,2.955832083492934,6.764793745929036,0.4369434153512389
11,lsc_kalman_cusum,2020-04-01,2.7721963292089664,6.764793745929036,0.40979761295416256
11,lsc_kalman_cusum,2020-05-01,1.9896666457212473,6.764793745929036,0.2941208143882587
11,lsc_kalman_cusum,2020-06-01,1.2098226850049039,6.764793745929036,0.17884103055366016
11,lsc_kalman_cusum,2020-07-01,1.3101674588340597,6.764793745929036,0.19367441315154676
11,lsc_kalman_cusum,2020-08-01,0.5420853004822042,6.764793745929036,0.08013330795316916
11,lsc_kalman_cusum,2020-09-01,0.0,6.764793745929036,0.0
11,lsc_kalman_cusum,2020-10-01,4.5504075284918954e-05,6.764793745929036,6.726602021281537e-06
11,lsc_kalman_cusum,2020-11-01,0.0,6.764793745929036,0.0
11,lsc_kalman_cusum,2020-12-01,0.0,6.764793745929036,0.0
11,lsc_kalman_cusum,2021-01-01,0.16060463015130866,6.764793745929036,0.02374124565851818
11,lsc_kalman_cusum,2021-02-01,0.36640415255441483,6.764793745929036,0.054163388614015325
11,lsc_kalman_cusum,2021-03-01,1.3632375030231956,6.764793745929036,0.2015194482231737
11,lsc_kalman_cusum,2021-04-01,0.6186789493095375,6.764793745929036,0.09145570028381876
11,lsc_kalman_cusum,2021-05-01,0.0,6.764793745929036,0.0
11,lsc_kalman_cusum,2021-06-01,0.0,6.764793745929036,0.0
11,lsc_kalman_cusum,2021-07-01,0.3585174469342274,6.764793745929036,0.05299754292582512
11,lsc_kalman_cusum,2021-08-01,0.0,6.764793745929036,0.0
11,lsc_kalman_cusum,2021-09-01,0.0,6.764793745929036,0.0
11,lsc_kalman_cusum,2021-10-01,0.41815986424624074,6.764793745929036,0.06181413357914776
11,lsc_kalman_cusum,2021-11-01,0.0,6.764793745929036,0.0
11,lsc_kalman_cusum,2021-12-01,0.0,6.764793745929036,0.0
11,lsc_kalman_cusum,2022-01-01,1.0067428357388408,6.764793745929036,0.14882092101399033
11,lsc_kalman_cusum,2022-02-01,1.0080232178832844,6.764793745929036,0.14901019243785513
11,lsc_kalman_cusum,2022-03-01,1.28853012164781,6.764793745929036,0.1904758918072307
11,lsc_kalman_cusum,2022-04-01,3.5725222034914994,6.764793745929036,0.5281051185989811
11,lsc_kalman_cusum,2022-05-01,3.109042488522611,6.764793745929036,0.4595916158409991
11,lsc_kalman_cusum,2022-06-01,3.6058303348579166,6.764793745929036,0.5330288653704864
11,lsc_kalman_cusum,2022-07-01,1.6744123195197291,6.764793745929036,0.24751860624388858
11,lsc_kalman_cusum,2022-08-01,1.4418770388230393,6.764793745929036,0.21314427209118414
11,lsc_kalman_cusum,2022-09-01,3.9487563868238134,6.764793745929036,0.5837216233237152
11,lsc_kalman_cusum,2022-10-01,4.988716345864622,6.764793745929036,0.7374528379178991
11,lsc_kalman_cusum,2022-11-01,3.5395931477448617,6.764793745929036,0.5232374083651763
11,lsc_kalman_cusum,2022-12-01,1.8304449594523682,6.764793745929036,0.2705840012570828
11,lsc_kalman_cusum,2023-01-01,1.1948602827144303,6.764793745929036,0.17662922589967825
11,lsc_kalman_cusum,2023-02-01,1.8621167404854337,6.764793745929036,0.27526585590374153
11,lsc_kalman_cusum,2023-03-01,0.6804582617795458,6.764793745929036,0.10058817568370605
11,lsc_kalman_cusum,2023-04-01,0.5513202889735167,6.764793745929036,0.08149846243358033
11,raw_cusum,2018-05-01,0.04888909180160261,9.234910789488616,0.005293943051106599
11,raw_cusum,2018-06-01,0.0,9.234910789488616,0.0
11,raw_cusum,2018-07-01,0.0,9.234910789488616,0.0
11,raw_cusum,2018-08-01,0.0,9.234910789488616,0.0
11,raw_cusum,2018-09-01,0.04888909180160261,9.234910789488616,0.005293943051106599
11,raw_cusum,2018-10-01,0.28583440349240563,9.234910789488616,0.030951506734396266
11,raw_cusum,2018-11-01,0.0,9.234910789488616,0.0
11,raw_cusum,2018-12-01,0.8316731070903993,9.234910789488616,0.09005751393256863
11,raw_cusum,2019-01-01,0.864107279651698,9.234910789488616,0.09356964017835932
11,raw_cusum,2019-02-01,0.47341495746229467,9.234910789488616,0.051263620001738
11,raw_cusum,2019-03-01,0.4588350750512942,9.234910789488616,0.04968484108948303
11,raw_cusum,2019-04-01,0.11515680783419202,9.234910789488616,0.012469726070907593
11,raw_cusum,2019-05-01,0.19460503536778972,9.234910789488616,0.021072757474743943
11,raw_cusum,2019-06-01,1.2143343623473895,9.234910789488616,0.13149389203949563
11,raw_cusum,2019-07-01,0.7296139302133859,9.234910789488616,0.07900606154678277
11,raw_cusum,2019-08-01,2.219483806915987,9.234910789488616,0.24033624769199216
11,raw_cusum,2019-09-01,1.3586509350035836,9.234910789488616,0.14712117593491328
11,raw_cusum,2019-10-01,0.7799023929249809,9.234910789488616,0.084451535126109
11,raw_cusum,2019-11-01,0.0018750368293035669,9.234910789488616,0.0002030378930609461
11,raw_cusum,2019-12-01,0.0,9.234910789488616,0.0
11,raw_cusum,2020-01-01,0.0,9.234910789488616,0.0
11,raw_cusum,2020-02-01,0.6906309421734991,9.234910789488616,0.07478479845843132
11,raw_cusum,2020-03-01,3.1207819183221,9.234910789488616,0.33793308776455583
11,raw_cusum,2020-04-01,3.576342585634099,9.234910789488616,0.38726336043275833
11,raw_cusum,2020-05-01,2.9975940435554964,9.234910789488616,0.3245937196239541
11,raw_cusum,2020-06-01,2.183775226615394,9.234910789488616,0.23646955302492106
11,raw_cusum,2020-07-01,2.169195344204392,9.234910789488616,0.23489077411266593
11,raw_cusum,2020-08-01,1.496418692181189,9.234910789488616,0.16203932298777013
11,raw_cusum,2020-09-01,0.8236420401579863,9.234910789488616,0.08918787186287433
11,raw_cusum,2020-10-01,0.04888909180160317,9.234910789488616,0.005293943051106659
11,raw_cusum,2020-11-01,0.0,9.234910789488616,0.0
11,raw_cusum,2020-12-01,0.0,9.234910789488616,0.0
11,raw_cusum,2021-01-01,0.23694531169080357,9.234910789488616,0.025657563683289728
11,raw_cusum,2021-02-01,0.614932788298507,9.234910789488616,0.0665878428407167
11,raw_cusum,2021-03-01,1.7921591994353117,9.234910789488616,0.19406350968492167
11,raw_cusum,2021-04-01,1.4649358514585133,9.234910789488616,0.15863021147166212
11,raw_cusum,2021-05-01,0.9026422286202167,9.234910789488616,0.09774238746817397
11,raw_cusum,2021-06-01,0.0,9.234910789488616,0.0
11,raw_cusum,2021-07-01,0.40854661233969836,9.234910789488616,0.04423936751015671
11,raw_cusum,2021-08-01,0.0648683451225962,9.234910789488616,0.007024252491581275
11,raw_cusum,2021-09-01,0.0,9.234910789488616,0.0
11,raw_cusum,2021-10-01,0.5190296415246036,9.234910789488616,0.056202994631564265
11,raw_cusum,2021-11-01,0.0,9.234910789488616,0.0
11,raw_cusum,2021-12-01,0.0,9.234910789488616,0.0
11,raw_cusum,2022-01-01,0.8951420813030042,9.234910789488616,0.09693023589593038
11,raw_cusum,2022-02-01,1.2261155029384074,9.234910789488616,0.13276960989531159
11,raw_cusum,2022-03-01,1.698131089490711,9.234910789488616,0.1838816993688301
11,raw_cusum,2022-04-01,4.144736984879618,9.234910789488616,0.4488118054802707
11,raw_cusum,2022-05-01,4.381682296570421,9.234910789488616,0.4744693691635604
11,raw_cusum,2022-06-01,5.041754103011926,9.234910789488616,0.5459450792692621
11,raw_cusum,2022-07-01,3.4451512707830263,9.234910789488616,0.373057341788767
11,raw_cusum,2022-08-01,2.976885757889329,9.234910789488616,0.32235132810137024
11,raw_cusum,2022-09-01,5.423491653278235,9.234910789488616,0.5872814342128108
11,raw_cusum,2022-10-01,7.117872669110341,9.234910789488616,0.7707570577955192
11,raw_cusum,2022-11-01,6.226480661465944,9.234910789488616,0.6742328976857107
11,raw_cusum,2022-12-01,4.488835664320145,9.234910789488616,0.48607244473107836
11,raw_cusum,2023-01-01,3.597443656675745,9.234910789488616,0.3895482846212696
11,raw_cusum,2023-02-01,4.16348735317265,9.234910789488616,0.4508421844108798
11,raw_cusum,2023-03-01,3.272095345528253,9.234910789488616,0.3543180243010713
11,raw_cusum,2023-04-01,1.8635487331885536,9.234910789488616,0.20179390745275924
11,raw_var_cusum,2018-05-01,35.04838142717105,35.795591772854046,0.9791256322726966
11,raw_var_cusum,2018-06-01,35.90995613951584,35.795591772854046,1.0031949287886484
11,raw_var_cusum,2018-07-01,36.85607564406953,35.795591772854046,1.0296261025085136
11,raw_var_cusum,2018-08-01,37.80506856639763,35.795591772854046,1.0561375491791
11,raw_var_cusum,2018-09-01,38.45378933129884,35.795591772854046,1.0742604724993168
11,raw_var_cusum,2018-10-01,38.860700938875794,35.795591772854046,1.085628118274223
11,raw_var_cusum,2018-11-01,39.79875277044745,35.795591772854046,1.1118339102478323
11,raw_var_cusum,2018-12-01,38.97539950629965,35.795591772854046,1.0888323834293208
11,raw_var_cusum,2019-01-01,39.64191335818862,35.795591772854046,1.1074523815597725
11,raw_var_cusum,2019-02-01,40.57996518976027,35.795591772854046,1.133658173533382
11,raw_var_cusum,2019-03-01,41.29433249920016,35.795591772854046,1.1536150250354609
11,raw_var_cusum,2019-04-01,42.219896015059916,35.795591772854046,1.1794719384155512
11,raw_var_cusum,2019-05-01,42.83413576666809,35.795591772854046,1.1966315863271129
11,raw_var_cusum,2019-06-01,41.47455853938622,35.795591772854046,1.158649891935545
11,raw_var_cusum,2019-07-01,42.424325074192055,35.795591772854046,1.1851829505544025
11,raw_var_cusum,2019-08-01,39.41474294798363,35.795591772854046,1.1011060579217524
11,raw_var_cusum,2019-09-01,40.234542586531084,35.795591772854046,1.1240083092310647
11,raw_var_cusum,2019-10-01,41.17834125365158,35.795591772854046,1.1503746471061165
11,raw_var_cusum,2019-11-01,41.87646270105917,35.795591772854046,1.1698776476945023
11,raw_var_cusum,2019-12-01,42.755277920050474,35.795591772854046,1.1944285819147815
11,raw_var_cusum,2020-01-01,43.5130780443114,35.795591772854046,1.2155987899412237
11,raw_var_cusum,2020-02-01,43.045476003850446,35.795591772854046,1.2025356719062381
11,raw_var_cusum,2020-03-01,35.40969126082585,35.795591772854046,0.9892193286123895
11,raw_var_cusum,2020-04-01,35.4465950719121,35.795591772854046,0.9902502882713449
11,raw_var_cusum,2020-05-01,36.390393739032596,35.795591772854046,1.0166166261463967
11,raw_var_cusum,2020-06-01,37.24191148916692,35.795591772854046,1.0404049673348243
11,raw_var_cusum,2020-07-01,37.9562787986068,35.795591772854046,1.0603618188369033
11,raw_var_cusum,2020-08-01,38.87642702712246,35.795591772854046,1.0860674485790955
11,raw_var_cusum,2020-09-01,39.79657525563812,35.795591772854046,1.111773078321288
11,raw_var_cusum,2020-10-01,40.44529602053933,35.795591772854046,1.1298960016415047
11,raw_var_cusum,2020-11-01,41.22895690477004,35.795591772854046,1.1517886662244383
11,raw_var_cusum,2020-12-01,42.08047465490436,35.795591772854046,1.1755770074128657
11,raw_var_cusum,2021-01-01,42.4873862624813,35.795591772854046,1.1869446531877719
11,raw_var_cusum,2021-02-01,42.66652425340134,35.795591772854046,1.1919491239074287
11,raw_var_cusum,2021-03-01,40.8034358191865,35.795591772854046,1.139901138612554
11,raw_var_cusum,2021-04-01,41.723584047702154,35.795591772854046,1.1656067683547464
11,raw_var_cusum,2021-05-01,42.66970355225584,35.795591772854046,1.1920379420746117
11,raw_var_cusum,2021-06-01,43.427503676516764,35.795591772854046,1.213208150101054
11,raw_var_cusum,2021-07-01,43.552046729722825,35.795591772854046,1.2166874347570074
11,raw_var_cusum,2021-08-01,44.47761024558258,35.795591772854046,1.2425443481370975
11,raw_var_cusum,2021-09-01,45.22071173276667,35.795591772854046,1.2633039291463888
11,raw_var_cusum,2021-10-01,45.13229032246091,35.795591772854046,1.2608337531854257
11,raw_var_cusum,2021-11-01,46.078409827014596,35.795591772854046,1.287264926905291
11,raw_var_cusum,2021-12-01,46.87522212336668,35.795591772854046,1.309524994608833
11,raw_var_cusum,2022-01-01,45.87880069634421,35.795591772854046,1.2816885662199575
11,raw_var_cusum,2022-02-01,46.13828386887976,35.795591772854046,1.2889375921386275
11,raw_var_cusum,2022-03-01,46.143469568379146,35.795591772854046,1.2890824619184678
11,raw_var_cusum,2022-04-01,38.410983265638485,35.795591772854046,1.0730646250907312
11,raw_var_cusum,2022-05-01,38.81789487321544,35.795591772854046,1.0844322708656373
11,raw_var_cusum,2022-06-01,38.422128277114986,35.795591772854046,1.0733759765986828
11,raw_var_cusum,2022-07-01,38.169590505462544,35.795591772854046,1.066320980183064
11,raw_var_cusum,2022-08-01,39.11858342779065,35.795591772854046,1.0928324268536502
11,raw_var_cusum,2022-09-01,31.386097125049982,35.795591772854046,0.8768145900259136
11,raw_var_cusum,2022-10-01,27.520789082405642,35.795591772854046,0.7688317951842415
11,raw_var_cusum,2022-11-01,28.31760137875773,35.795591772854046,0.7910918628877837
11,raw_var_cusum,2022-12-01,27.735836239797703,35.795591772854046,0.7748394387722194
11,raw_var_cusum,2023-01-01,28.53264853614979,35.795591772854046,0.7970995064757616
11,raw_var_cusum,2023-02-01,28.346199373309005,35.795591772854046,0.7918907879267312
11,raw_var_cusum,2023-03-01,29.143011669661092,35.795591772854046,0.8141508556302733
11,raw_var_cusum,2023-04-01,29.267554722867146,35.795591772854046,0.8176301402862265
