segment,method,date,score,threshold,score_over_threshold
0,lsc_composite,1958-02-01,5.784250721028906,13.649711405907464,0.42376359096687843
0,lsc_composite,1958-03-01,4.908044050392339,13.649711405907464,0.35957126890376484
0,lsc_composite,1958-04-01,5.202991919577518,13.649711405907464,0.3811796282612769
0,lsc_composite,1958-05-01,4.767946461847179,13.649711405907464,0.3493074923022664
0,lsc_composite,1958-06-01,4.9520597018173795,13.649711405907464,0.36279592692884155
0,lsc_composite,1958-07-01,5.060337480569421,13.649711405907464,0.37072853264717054
0,lsc_composite,1958-08-01,5.316834428997901,13.649711405907464,0.38951991517540996
0,lsc_composite,1958-09-01,5.11038292059757,13.649711405907464,0.37439494276676394
0,lsc_composite,1958-10-01,4.508798523011164,13.649711405907464,0.3303218939163651
0,lsc_composite,1958-11-01,4.498279167824399,13.649711405907464,0.32955122889100696
0,lsc_composite,1958-12-01,4.591823324506373,13.649711405907464,0.3364044255557722
0,lsc_composite,1959-01-01,4.456348018721233,13.649711405907464,0.3264792848874862
0,lsc_composite,1959-02-01,5.043318470916976,13.649711405907464,0.3694816923919927
0,lsc_composite,1959-03-01,5.437906124267561,13.649711405907464,0.3983898239719623
0,lsc_composite,1959-04-01,5.576879478686743,13.649711405907464,0.4085712373576721
0,lsc_composite,1959-05-01,6.621627089053745,13.649711405907464,0.4851111420705912
0,lsc_composite,1959-06-01,8.022584821941873,13.649711405907464,0.5877475781993292
0,lsc_composite,1959-07-01,7.4308234116174035,13.649711405907464,0.5443941773304756
0,lsc_composite,1959-08-01,6.9188040380669635,13.649711405907464,0.5068828074322927
0,lsc_composite,1959-09-01,6.751927126191574,13.649711405907464,0.49465713416251456
0,lsc_composite,1959-10-01,7.338615303414027,13.649711405907464,0.5376388617445746
0,lsc_composite,1959-11-01,7.572688557058358,13.649711405907464,0.5547874480174703
0,lsc_composite,1959-12-01,7.793319521708701,13.649711405907464,0.5709512303927412
0,lsc_composite,1960-01-01,7.707789051251456,13.649711405907464,0.5646851293805083
0,lsc_composite,1960-02-01,6.39129822812382,13.649711405907464,0.4682368760820634
0,lsc_composite,1960-03-01,5.263279413655893,13.649711405907464,0.38559638787513095
0,lsc_composite,1960-04-01,5.346941491290531,13.649711405907464,0.3917256073982946
0,lsc_composite,1960-05-01,5.435714391600561,13.649711405907464,0.3982292540813746
0,lsc_composite,1960-06-01,5.257014963384755,13.649711405907464,0.3851374440861489
0,lsc_composite,1960-07-01,6.661741219555901,13.649711405907464,0.48804996834385544
0,lsc_composite,1960-08-01,6.560267646436781,13.649711405907464,0.4806158497678977
0,lsc_composite,1960-09-01,7.308280359791941,13.649711405907464,0.5354164745658276
0,lsc_composite,1960-10-01,6.50797438601275,13.649711405907464,0.47678476067971376
0,lsc_composite,1960-11-01,6.7189690888946805,13.649711405907464,0.49224257488599904
0,lsc_composite,1960-12-01,6.804198071476509,13.649711405907464,0.4984865884074089
0,lsc_composite,1961-01-01,6.317166217524359,13.649711405907464,0.46280584472946074
0,lsc_composite,1961-02-01,6.790183926794942,13.649711405907464,0.4974598894344547
0,lsc_composite,1961-03-01,6.5210012723952,13.649711405907464,0.4777391315081558
0,lsc_composite,1961-04-01,6.581719627157753,13.649711405907464,0.4821874566746699
0,lsc_composite,1961-05-01,6.407744440687756,13.649711405907464,0.46944175229335217
0,lsc_composite,1961-06-01,6.586247559201562,13.649711405907464,0.4825191803213581
0,lsc_composite,1961-07-01,5.891174194002858,13.649711405907464,0.43159697804696545
0,lsc_composite,1961-08-01,5.3053097002518195,13.649711405907464,0.38867559485219094
0,lsc_composite,1961-09-01,5.426741217308524,13.649711405907464,0.3975718647765609
0,lsc_composite,1961-10-01,5.243357155209502,13.649711405907464,0.38413685090369215
0,lsc_composite,1961-11-01,5.417302631412698,13.649711405907464,0.3968803786626684
0,lsc_composite,1961-12-01,5.485193528353546,13.649711405907464,0.40185417590437894
0,lsc_composite,1962-01-01,5.3755471094354075,13.649711405907464,0.39382130138728955
0,lsc_composite,1962-02-01,5.3602263685879725,13.649711405907464,0.3926988790596787
0,lsc_composite,1962-03-01,5.174284782913849,13.649711405907464,0.379076496860913
0,lsc_composite,1962-04-01,5.622985871655052,13.649711405907464,0.4119490664997853
0,lsc_composite,1962-05-01,5.343246317375636,13.649711405907464,0.39145489296302116
0,lsc_composite,1962-06-01,5.263090544728855,13.649711405907464,0.38558255103115513
0,lsc_composite,1962-07-01,5.577762375360085,13.649711405907464,0.4086359198001859
0,lsc_composite,1962-08-01,5.657610839637278,13.649711405907464,0.4144857478223839
0,lsc_composite,1962-09-01,7.126580999534922,13.649711405907464,0.5221048846828077
0,lsc_composite,1962-10-01,7.268501197322106,13.649711405907464,0.5325021885939925
0,lsc_composite,1962-11-01,8.120415124896017,13.649711405907464,0.5949147848929304
0,lsc_composite,1962-12-01,6.841451609635227,13.649711405907464,0.5012158430451733
0,lsc_composite,1963-01-01,7.141489311409632,13.649711405907464,0.5231970917948393
0,lsc_tail_cusum,1958-02-01,2.4,6.083500000000004,0.3945097394591926
0,lsc_tail_cusum,1958-03-01,2.25,6.083500000000004,0.36985288074299305
0,lsc_tail_cusum,1958-04-01,3.1,6.083500000000004,0.5095750801347905
0,lsc_tail_cusum,1958-05-01,2.95,6.083500000000004,0.484918221418591
0,lsc_tail_cusum,1958-06-01,2.8000000000000003,6.083500000000004,0.46026136270239143
0,lsc_tail_cusum,1958-07-01,2.6500000000000004,6.083500000000004,0.4356045039861919
0,lsc_tail_cusum,1958-08-01,2.5000000000000004,6.083500000000004,0.4109476452699924
0,lsc_tail_cusum,1958-09-01,2.3500000000000005,6.083500000000004,0.38629078655379284
0,lsc_tail_cusum,1958-10-01,2.2000000000000006,6.083500000000004,0.36163392783759335
0,lsc_tail_cusum,1958-11-01,3.0500000000000007,6.083500000000004,0.5013561272293907
0,lsc_tail_cusum,1958-12-01,2.900000000000001,6.083500000000004,0.4766992685131912
0,lsc_tail_cusum,1959-01-01,2.750000000000001,6.083500000000004,0.4520424097969917
0,lsc_tail_cusum,1959-02-01,2.600000000000001,6.083500000000004,0.4273855510807922
0,lsc_tail_cusum,1959-03-01,2.450000000000001,6.083500000000004,0.40272869236459263
0,lsc_tail_cusum,1959-04-01,2.300000000000001,6.083500000000004,0.37807183364839314
0,lsc_tail_cusum,1959-05-01,2.1500000000000012,6.083500000000004,0.3534149749321936
0,lsc_tail_cusum,1959-06-01,2.0000000000000013,6.083500000000004,0.32875811621599405
0,lsc_tail_cusum,1959-07-01,1.8500000000000012,6.083500000000004,0.3041012574997945
0,lsc_tail_cusum,1959-08-01,1.700000000000001,6.083500000000004,0.27944439878359495
0,lsc_tail_cusum,1959-09-01,1.550000000000001,6.083500000000004,0.2547875400673954
0,lsc_tail_cusum,1959-10-01,1.4000000000000008,6.083500000000004,0.23013068135119583
0,lsc_tail_cusum,1959-11-01,1.2500000000000007,6.083500000000004,0.20547382263499625
0,lsc_tail_cusum,1959-12-01,2.100000000000001,6.083500000000004,0.3451960220267937
0,lsc_tail_cusum,1960-01-01,1.9500000000000008,6.083500000000004,0.3205391633105941
0,lsc_tail_cusum,1960-02-01,1.8000000000000007,6.083500000000004,0.2958823045943946
0,lsc_tail_cusum,1960-03-01,2.650000000000001,6.083500000000004,0.435604503986192
0,lsc_tail_cusum,1960-04-01,2.500000000000001,6.083500000000004,0.41094764526999245
0,lsc_tail_cusum,1960-05-01,2.350000000000001,6.083500000000004,0.38629078655379295
0,lsc_tail_cusum,1960-06-01,2.200000000000001,6.083500000000004,0.3616339278375934
0,lsc_tail_cusum,1960-07-01,2.050000000000001,6.083500000000004,0.33697706912139386
0,lsc_tail_cusum,1960-08-01,1.900000000000001,6.083500000000004,0.3123202104051943
0,lsc_tail_cusum,1960-09-01,1.7500000000000009,6.083500000000004,0.28766335168899476
0,lsc_tail_cusum,1960-10-01,2.600000000000001,6.083500000000004,0.4273855510807922
0,lsc_tail_cusum,1960-11-01,2.450000000000001,6.083500000000004,0.40272869236459263
0,lsc_tail_cusum,1960-12-01,3.300000000000001,6.083500000000004,0.54245089175639
0,lsc_tail_cusum,1961-01-01,3.1500000000000012,6.083500000000004,0.5177940330401906
0,lsc_tail_cusum,1961-02-01,3.0000000000000013,6.083500000000004,0.493137174323991
0,lsc_tail_cusum,1961-03-01,2.8500000000000014,6.083500000000004,0.46848031560779146
0,lsc_tail_cusum,1961-04-01,2.7000000000000015,6.083500000000004,0.4438234568915919
0,lsc_tail_cusum,1961-05-01,2.5500000000000016,6.083500000000004,0.4191665981753924
0,lsc_tail_cusum,1961-06-01,2.4000000000000017,6.083500000000004,0.3945097394591929
0,lsc_tail_cusum,1961-07-01,2.2500000000000018,6.083500000000004,0.3698528807429934
0,lsc_tail_cusum,1961-08-01,3.100000000000002,6.083500000000004,0.5095750801347908
0,lsc_tail_cusum,1961-09-01,2.950000000000002,6.083500000000004,0.48491822141859126
0,lsc_tail_cusum,1961-10-01,2.800000000000002,6.083500000000004,0.4602613627023917
0,lsc_tail_cusum,1961-11-01,2.650000000000002,6.083500000000004,0.4356045039861922
0,lsc_tail_cusum,1961-12-01,2.500000000000002,6.083500000000004,0.41094764526999267
0,lsc_tail_cusum,1962-01-01,2.3500000000000023,6.083500000000004,0.3862907865537932
0,lsc_tail_cusum,1962-02-01,2.2000000000000024,6.083500000000004,0.3616339278375936
0,lsc_tail_cusum,1962-03-01,2.0500000000000025,6.083500000000004,0.3369770691213941
0,lsc_tail_cusum,1962-04-01,1.9000000000000024,6.083500000000004,0.31232021040519453
0,lsc_tail_cusum,1962-05-01,1.7500000000000022,6.083500000000004,0.287663351688995
0,lsc_tail_cusum,1962-06-01,1.600000000000002,6.083500000000004,0.26300649297279544
0,lsc_tail_cusum,1962-07-01,1.450000000000002,6.083500000000004,0.23834963425659586
0,lsc_tail_cusum,1962-08-01,1.3000000000000018,6.083500000000004,0.2136927755403963
0,lsc_tail_cusum,1962-09-01,1.1500000000000017,6.083500000000004,0.18903591682419674
0,lsc_tail_cusum,1962-10-01,1.1199999999999999,6.083500000000004,0.18410454508095653
0,lsc_tail_cusum,1962-11-01,1.2,6.083500000000004,0.1972548697295963
0,lsc_tail_cusum,1962-12-01,1.28,6.083500000000004,0.21040519437823607
0,lsc_tail_cusum,1963-01-01,1.36,6.083500000000004,0.22355551902687584
0,lsc_kalman_cusum,1958-02-01,2.9526507525778163,9.509582145291363,0.31049216542493524
0,lsc_kalman_cusum,1958-03-01,2.8080021466447396,9.509582145291363,0.29528133873212425
0,lsc_kalman_cusum,1958-04-01,3.985512852721535,9.509582145291363,0.41910493982061536
0,lsc_kalman_cusum,1958-05-01,2.7822386451009358,9.509582145291363,0.2925721238423238
0,lsc_kalman_cusum,1958-06-01,1.4683201760433136,9.509582145291363,0.1544042791375799
0,lsc_kalman_cusum,1958-07-01,1.3033179147631286,9.509582145291363,0.13705312124660093
0,lsc_kalman_cusum,1958-08-01,0.181651705476495,9.509582145291363,0.01910196501814112
0,lsc_kalman_cusum,1958-09-01,0.7476219311886336,9.509582145291363,0.078617747842771
0,lsc_kalman_cusum,1958-10-01,1.5094643099898706,9.509582145291363,0.1587308765966417
0,lsc_kalman_cusum,1958-11-01,2.417092616557507,9.509582145291363,0.25417442949944147
0,lsc_kalman_cusum,1958-12-01,1.5620499593129922,9.509582145291363,0.16426063053532125
0,lsc_kalman_cusum,1959-01-01,1.45078693998538,9.509582145291363,0.15256053502873754
0,lsc_kalman_cusum,1959-02-01,1.0053941560147723,9.509582145291363,0.10572432528095778
0,lsc_kalman_cusum,1959-03-01,1.2324816130923126,9.509582145291363,0.1296041817886364
0,lsc_kalman_cusum,1959-04-01,1.7137607796425405,9.509582145291363,0.18021409915377862
0,lsc_kalman_cusum,1959-05-01,1.147094752364133,9.509582145291363,0.12062514786016261
0,lsc_kalman_cusum,1959-06-01,0.6504054903634113,9.509582145291363,0.06839474967735122
0,lsc_kalman_cusum,1959-07-01,0.08594107277273977,9.509582145291363,0.009037313255166863
0,lsc_kalman_cusum,1959-08-01,0.04829445837083979,9.509582145291363,0.005078504778966826
0,lsc_kalman_cusum,1959-09-01,0.5621898297545878,9.509582145291363,0.059118247380927684
0,lsc_kalman_cusum,1959-10-01,0.6067358215147616,9.509582145291363,0.06380257431344497
0,lsc_kalman_cusum,1959-11-01,0.27093881264970365,9.509582145291363,0.028491137518997938
0,lsc_kalman_cusum,1959-12-01,1.2497164349248162,9.509582145291363,0.1314165455254634
0,lsc_kalman_cusum,1960-01-01,0.9545346152963967,9.509582145291363,0.10037608390280653
0,lsc_kalman_cusum,1960-02-01,1.6065168616949848,9.509582145291363,0.1689366406588586
0,lsc_kalman_cusum,1960-03-01,1.6812504821127003,9.509582145291363,0.17679541082098604
0,lsc_kalman_cusum,1960-04-01,0.4628657465587859,9.509582145291363,0.04867361567384664
0,lsc_kalman_cusum,1960-05-01,0.004865582997926277,9.509582145291363,0.0005116505566267655
0,lsc_kalman_cusum,1960-06-01,0.5252330728880692,9.509582145291363,0.05523198231671373
0,lsc_kalman_cusum,1960-07-01,0.25851731315412474,9.509582145291363,0.027184928759685693
0,lsc_kalman_cusum,1960-08-01,0.0,9.509582145291363,0.0
0,lsc_kalman_cusum,1960-09-01,0.0,9.509582145291363,0.0
0,lsc_kalman_cusum,1960-10-01,1.376691882311547,9.509582145291363,0.14476891426751187
0,lsc_kalman_cusum,1960-11-01,0.5825545216450339,9.509582145291363,0.061259739149893536
0,lsc_kalman_cusum,1960-12-01,1.4718421875455039,9.509582145291363,0.15477464362346158
0,lsc_kalman_cusum,1961-01-01,0.603898757002852,9.509582145291363,0.06350423686090881
0,lsc_kalman_cusum,1961-02-01,0.8027980273115796,9.509582145291363,0.0844199056326657
0,lsc_kalman_cusum,1961-03-01,0.0,9.509582145291363,0.0
0,lsc_kalman_cusum,1961-04-01,0.0,9.509582145291363,0.0
0,lsc_kalman_cusum,1961-05-01,0.0,9.509582145291363,0.0
0,lsc_kalman_cusum,1961-06-01,0.32404351085620786,9.509582145291363,0.03407547312861237
0,lsc_kalman_cusum,1961-07-01,0.0,9.509582145291363,0.0
0,lsc_kalman_cusum,1961-08-01,0.8506656576064373,9.509582145291363,0.08945352641258181
0,lsc_kalman_cusum,1961-09-01,0.0,9.509582145291363,0.0
0,lsc_kalman_cusum,1961-10-01,0.0942737465476744,9.509582145291363,0.009913552993950815
0,lsc_kalman_cusum,1961-11-01,0.7511651603383882,9.509582145291363,0.07899034351475949
0,lsc_kalman_cusum,1961-12-01,0.30802446846888054,9.509582145291363,0.032390957222173826
0,lsc_kalman_cusum,1962-01-01,0.21745937291763062,9.509582145291363,0.022867395180481708
0,lsc_kalman_cusum,1962-02-01,0.42509881113398074,9.509582145291363,0.0447021545888288
0,lsc_kalman_cusum,1962-03-01,0.12858388514575636,9.509582145291363,0.013521507378683744
0,lsc_kalman_cusum,1962-04-01,0.0,9.509582145291363,0.0
0,lsc_kalman_cusum,1962-05-01,0.0,9.509582145291363,0.0
0,lsc_kalman_cusum,1962-06-01,0.0,9.509582145291363,0.0
0,lsc_kalman_cusum,1962-07-01,0.0,9.509582145291363,0.0
0,lsc_kalman_cusum,1962-08-01,0.5665784247886312,9.509582145291363,0.059579739270580946
0,lsc_kalman_cusum,1962-09-01,0.0,9.509582145291363,0.0
0,lsc_kalman_cusum,1962-10-01,0.1339930481884225,9.509582145291363,0.014090319231825417
0,lsc_kalman_cusum,1962-11-01,0.5498267924787095,9.509582145291363,0.057818186338603146
0,lsc_kalman_cusum,1962-12-01,0.2071265924442206,9.509582145291363,0.021780830038549973
0,lsc_kalman_cusum,1963-01-01,0.17914812030344707,9.509582145291363,0.018838695282962736
0,raw_cusum,1958-02-01,1.291568521659129,15.669128291123174,0.08242759250307653
0,raw_cusum,1958-03-01,1.6564636700462936,15.669128291123174,0.10571511313649198
0,raw_cusum,1958-04-01,3.256923316129409,15.669128291123174,0.20785606292945544
0,raw_cusum,1958-05-01,2.6951450912446115,15.669128291123174,0.17200351169320993
0,raw_cusum,1958-06-01,1.8244757419358248,15.669128291123174,0.11643760316707734
0,raw_cusum,1958-07-01,1.8804797658990031,15.669128291123174,0.12001176651060587
0,raw_cusum,1958-08-01,1.009810416590219,15.669128291123174,0.06444585798447344
0,raw_cusum,1958-09-01,0.4884515981567622,15.669128291123174,0.031172863549370405
0,raw_cusum,1958-10-01,1.2857943207375082,15.669128291123174,0.08205908438862757
0,raw_cusum,1958-11-01,2.392028167742243,15.669128291123174,0.1526586625177718
0,raw_cusum,1958-12-01,1.9538063926270404,15.669128291123174,0.12469145419748108
0,raw_cusum,1959-01-01,2.1333668663598133,15.669128291123174,0.1361509604569644
0,raw_cusum,1959-02-01,2.0040362156685974,15.669128291123174,0.12789710942656063
0,raw_cusum,1959-03-01,2.4924878138253597,15.669128291123174,0.15906997297593103
0,raw_cusum,1959-04-01,3.2898305364061056,15.669128291123174,0.20995619381518818
0,raw_cusum,1959-05-01,3.1604998857148923,15.669128291123174,0.20170234278478458
0,raw_cusum,1959-06-01,3.0311692350236763,15.669128291123174,0.1934484917543808
0,raw_cusum,1959-07-01,2.2840563354844874,15.669128291123174,0.14576792614420317
0,raw_cusum,1959-08-01,1.5369434359452958,15.669128291123174,0.09808736053402538
0,raw_cusum,1959-09-01,0.3648951483871644,15.669128291123174,0.023287520633415434
0,raw_cusum,1959-10-01,0.42089917235034247,15.669128291123174,0.026861683976943947
0,raw_cusum,1959-11-01,0.16801207188953138,15.669128291123174,0.010722490030585369
0,raw_cusum,1959-12-01,1.106233847004735,15.669128291123174,0.07059957812914425
0,raw_cusum,1960-01-01,0.9769031963135189,15.669128291123174,0.06234572709874046
0,raw_cusum,1960-02-01,1.7742459188942674,15.669128291123174,0.11323194793799778
0,raw_cusum,1960-03-01,1.291568521659129,15.669128291123174,0.08242759250307653
0,raw_cusum,1960-04-01,0.17956047373277295,15.669128291123174,0.011459506259483304
0,raw_cusum,1960-05-01,0.05022982304155965,15.669128291123174,0.003205655229079699
0,raw_cusum,1960-06-01,0.3648951483871671,15.669128291123174,0.023287520633415604
0,raw_cusum,1960-07-01,0.11200804792635599,15.669128291123174,0.007148326687057023
0,raw_cusum,1960-08-01,0.0,15.669128291123174,0.0
0,raw_cusum,1960-09-01,0.0,15.669128291123174,0.0
0,raw_cusum,1960-10-01,1.2915685216591264,15.669128291123174,0.08242759250307637
0,raw_cusum,1960-11-01,0.7297902967743288,15.669128291123174,0.04657504126683087
0,raw_cusum,1960-12-01,1.7124676940094687,15.669128291123174,0.1092892764800203
0,raw_cusum,1961-01-01,1.1506894691246712,15.669128291123174,0.0734367252437748
0,raw_cusum,1961-02-01,1.5155846175118382,15.669128291123174,0.0967242458771904
0,raw_cusum,1961-03-01,0.9538063926270406,15.669128291123174,0.0608716946409449
0,raw_cusum,1961-04-01,0.7009192921662295,15.669128291123174,0.04473250069458632
0,raw_cusum,1961-05-01,0.4480321917054184,15.669128291123174,0.02859330674822774
0,raw_cusum,1961-06-01,0.1795604737327703,15.669128291123174,0.011459506259483134
0,raw_cusum,1961-07-01,0.0,15.669128291123174,0.0
0,raw_cusum,1961-08-01,0.7973427225807486,15.669128291123174,0.050886220839257326
0,raw_cusum,1961-09-01,0.05022982304155699,15.669128291123174,0.0032056552290795287
0,raw_cusum,1961-10-01,0.22979029677432994,15.669128291123174,0.014665161488562834
0,raw_cusum,1961-11-01,1.0271330193550785,15.669128291123174,0.06555138232782015
0,raw_cusum,1961-12-01,0.8978023686638625,15.669128291123174,0.05729753129741638
0,raw_cusum,1962-01-01,1.0773628423966355,15.669128291123174,0.06875703755689969
0,raw_cusum,1962-02-01,1.5658144405533951,15.669128291123174,0.09992990110626992
0,raw_cusum,1962-03-01,0.8187015410142062,15.669128291123174,0.05224933549609231
0,raw_cusum,1962-04-01,0.3804797658990037,15.669128291123174,0.024282127175801596
0,raw_cusum,1962-05-01,0.2511491152077876,15.669128291123174,0.016028276145397816
0,raw_cusum,1962-06-01,0.0,15.669128291123174,0.0
0,raw_cusum,1962-07-01,0.0,15.669128291123174,0.0
0,raw_cusum,1962-08-01,0.3648951483871644,15.669128291123174,0.023287520633415434
0,raw_cusum,1962-09-01,0.0,15.669128291123174,0.0
0,raw_cusum,1962-10-01,0.1795604737327703,15.669128291123174,0.011459506259483134
0,raw_cusum,1962-11-01,0.3648951483871644,15.669128291123174,0.023287520633415434
0,raw_cusum,1962-12-01,0.17956047373277295,15.669128291123174,0.011459506259483304
0,raw_cusum,1963-01-01,0.05600402396317805,15.669128291123174,0.003574163343528515
0,raw_var_cusum,1958-02-01,26.820558050032023,42.07579956409285,0.6374343049423706
0,raw_var_cusum,1958-03-01,27.022514432328368,42.07579956409285,0.6422341277476084
0,raw_var_cusum,1958-04-01,23.56058370750476,42.07579956409285,0.5599556978499151
0,raw_var_cusum,1958-05-01,24.506767158434844,42.07579956409285,0.5824432907354355
0,raw_var_cusum,1958-06-01,25.319371391917844,42.07579956409285,0.6017561556578284
0,raw_var_cusum,1958-07-01,25.9602309172546,42.07579956409285,0.6169872274847714
0,raw_var_cusum,1958-08-01,26.7728351507376,42.07579956409285,0.6363000924071642
0,raw_var_cusum,1958-09-01,26.74579858883894,42.07579956409285,0.6356575244184687
0,raw_var_cusum,1958-10-01,26.012700449005717,42.07579956409285,0.6182342514818125
0,raw_var_cusum,1958-11-01,24.382713277742084,42.07579956409285,0.5794949479355848
0,raw_var_cusum,1958-12-01,25.328896728672166,42.07579956409285,0.6019825408211052
0,raw_var_cusum,1959-01-01,25.817094291212253,42.07579956409285,0.6135853521187594
0,raw_var_cusum,1959-02-01,26.629698524695254,42.07579956409285,0.6328982170411522
0,raw_var_cusum,1959-03-01,26.602661962796596,42.07579956409285,0.6322556490524567
0,raw_var_cusum,1959-04-01,25.86956382296337,42.07579956409285,0.6148323761158005
0,raw_var_cusum,1959-05-01,26.682168056446372,42.07579956409285,0.6341452410381934
0,raw_var_cusum,1959-06-01,27.494772289929372,42.07579956409285,0.6534581059605863
0,raw_var_cusum,1959-07-01,28.383707504810705,42.07579956409285,0.6745851011476235
0,raw_var_cusum,1959-08-01,29.272642719692037,42.07579956409285,0.6957120963346607
0,raw_var_cusum,1959-09-01,29.47459910198838,42.07579956409285,0.7005119191398984
0,raw_var_cusum,1959-10-01,30.115458627325136,42.07579956409285,0.7157429909668414
0,raw_var_cusum,1959-11-01,31.00439384220647,42.07579956409285,0.7368699861538787
0,raw_var_cusum,1959-12-01,29.374406670942836,42.07579956409285,0.6981306826076508
0,raw_var_cusum,1960-01-01,30.187010904425836,42.07579956409285,0.7174435475300437
0,raw_var_cusum,1960-02-01,29.453912764592605,42.07579956409285,0.7000202745933874
0,raw_var_cusum,1960-03-01,27.194194996792728,42.07579956409285,0.6463143963638432
0,raw_var_cusum,1960-04-01,27.682392559332815,42.07579956409285,0.6579172076614974
0,raw_var_cusum,1960-05-01,28.494996792815815,42.07579956409285,0.6772300725838902
0,raw_var_cusum,1960-06-01,28.696953175112153,42.07579956409285,0.6820298953891278
0,raw_var_cusum,1960-07-01,29.585888389993485,42.07579956409285,0.703156890576165
0,raw_var_cusum,1960-08-01,30.474823604874818,42.07579956409285,0.7242838857632022
0,raw_var_cusum,1960-09-01,31.287427838357818,42.07579956409285,0.743596750685595
0,raw_var_cusum,1960-10-01,29.027710070557948,42.07579956409285,0.6898908724560511
0,raw_var_cusum,1960-11-01,29.97389352148803,42.07579956409285,0.7123784653415716
0,raw_var_cusum,1960-12-01,28.72556125721606,42.07579956409285,0.6827098131185658
0,raw_var_cusum,1961-01-01,29.671744708146143,42.07579956409285,0.7051974060040863
0,raw_var_cusum,1961-02-01,29.873701090442484,42.07579956409285,0.709997228809324
0,raw_var_cusum,1961-03-01,30.819884541372566,42.07579956409285,0.7324848216948445
0,raw_var_cusum,1961-04-01,31.7088197562539,42.07579956409285,0.7536118168818817
0,raw_var_cusum,1961-05-01,32.59775497113524,42.07579956409285,0.7747388120689191
0,raw_var_cusum,1961-06-01,33.08595253367533,42.07579956409285,0.7863416233665734
0,raw_var_cusum,1961-07-01,33.97488774855667,42.07579956409285,0.8074686185536107
0,raw_var_cusum,1961-08-01,33.241789608723444,42.07579956409285,0.7900453456169547
0,raw_var_cusum,1961-09-01,34.13072482360478,42.07579956409285,0.8111723408039919
0,raw_var_cusum,1961-10-01,34.618922386144874,42.07579956409285,0.8227751521016463
0,raw_var_cusum,1961-11-01,33.88582424631165,42.07579956409285,0.8053518791649902
0,raw_var_cusum,1961-12-01,34.69842847979466,42.07579956409285,0.8246647440873832
0,raw_var_cusum,1962-01-01,35.18662604233475,42.07579956409285,0.8362675553850375
0,raw_var_cusum,1962-02-01,35.159589480436104,42.07579956409285,0.8356249873963422
0,raw_var_cusum,1962-03-01,36.04852469531744,42.07579956409285,0.8567519825833795
0,raw_var_cusum,1962-04-01,36.994708146247525,42.07579956409285,0.8792395754689001
0,raw_var_cusum,1962-05-01,37.80731237973053,42.07579956409285,0.8985524403912931
0,raw_var_cusum,1962-06-01,38.75349583066062,42.07579956409285,0.9210400332768137
0,raw_var_cusum,1962-07-01,39.566100064143626,42.07579956409285,0.9403528981992066
0,raw_var_cusum,1962-08-01,39.76805644643997,42.07579956409285,0.9451527210044445
0,raw_var_cusum,1962-09-01,40.58066067992297,42.07579956409285,0.9644655859268373
0,raw_var_cusum,1962-10-01,41.068858242463065,42.07579956409285,0.9760683972244916
0,raw_var_cusum,1962-11-01,41.27081462475941,42.07579956409285,0.9808682200297293
0,raw_var_cusum,1962-12-01,41.759012187299504,42.07579956409285,0.9924710313273836
0,raw_var_cusum,1963-01-01,42.39987171263626,42.07579956409285,1.0077021031543267
1,lsc_composite,1963-02-01,3.015776032839735,11.87123510349899,0.25404062901179086
1,lsc_composite,1963-03-01,2.6420333904556235,11.87123510349899,0.22255758288174218
1,lsc_composite,1963-04-01,3.072675707776467,11.87123510349899,0.2588337001994688
1,lsc_composite,1963-05-01,3.265773321290815,11.87123510349899,0.2750997089029299
1,lsc_composite,1963-06-01,3.373800541214487,11.87123510349899,0.28419962302154017
1,lsc_composite,1963-07-01,3.2081028250305215,11.87123510349899,0.27024170585964963
1,lsc_composite,1963-08-01,3.2384114800934207,11.87123510349899,0.27279482310470915
1,lsc_composite,1963-09-01,2.8397223468226938,11.87123510349899,0.23921035360387222
1,lsc_composite,1963-10-01,2.6176139413154016,11.87123510349899,0.22050055604946048
1,lsc_composite,1963-11-01,2.751559214445615,11.87123510349899,0.2317837352605885
1,lsc_composite,1963-12-01,2.705131226823347,11.87123510349899,0.22787277003940581
1,lsc_composite,1964-01-01,2.9129275407218915,11.87123510349899,0.24537695659513306
1,lsc_composite,1964-02-01,3.3268812732320905,11.87123510349899,0.28024727370208585
1,lsc_composite,1964-03-01,2.706969323310849,11.87123510349899,0.22802760620190085
1,lsc_composite,1964-04-01,2.7174715715840922,11.87123510349899,0.2289122865390081
1,lsc_composite,1964-05-01,2.966228121086543,11.87123510349899,0.24986685001396877
1,lsc_composite,1964-06-01,2.7495566295203187,11.87123510349899,0.23161504304719735
1,lsc_composite,1964-07-01,2.613508524922282,11.87123510349899,0.22015472713129597
1,lsc_composite,1964-08-01,3.060657166295633,11.87123510349899,0.2578212915178067
1,lsc_composite,1964-09-01,2.8202599251005136,11.87123510349899,0.23757089304627246
1,lsc_composite,1964-10-01,2.8161699122065356,11.87123510349899,0.23722636167625752
1,lsc_composite,1964-11-01,2.912585105644357,11.87123510349899,0.24534811081164473
1,lsc_composite,1964-12-01,2.8083924772116395,11.87123510349899,0.23657121207075407
1,lsc_composite,1965-01-01,2.6180337028379874,11.87123510349899,0.2205359155987345
1,lsc_composite,1965-02-01,3.87015938737143,11.87123510349899,0.32601151890511537
1,lsc_composite,1965-03-01,3.71985652474185,11.87123510349899,0.3133504216124437
1,lsc_composite,1965-04-01,3.3785407606477387,11.87123510349899,0.2845989259914438
1,lsc_composite,1965-05-01,3.9812251343955634,11.87123510349899,0.3353673901397266
1,lsc_composite,1965-06-01,3.6784437775368706,11.87123510349899,0.3098619263679368
1,lsc_composite,1965-07-01,3.575120914732362,11.87123510349899,0.3011582942771146
1,lsc_composite,1965-08-01,3.4291667636420047,11.87123510349899,0.2888635204125706
1,lsc_composite,1965-09-01,3.1154112993601095,11.87123510349899,0.2624336281944123
1,lsc_composite,1965-10-01,2.9124327956967404,11.87123510349899,0.24533528064306592
1,lsc_composite,1965-11-01,3.375843140312191,11.87123510349899,0.28437168591810447
1,lsc_composite,1965-12-01,3.1683907521016397,11.87123510349899,0.2668964707107664
1,lsc_composite,1966-01-01,3.098267035450301,11.87123510349899,0.2609894428370896
1,lsc_composite,1966-02-01,3.874270207854391,11.87123510349899,0.3263578030488562
1,lsc_composite,1966-03-01,3.9281876710388013,11.87123510349899,0.3308996609696481
1,lsc_composite,1966-04-01,3.9489316802447068,11.87123510349899,0.3326470789110038
1,lsc_composite,1966-05-01,4.783684430342765,11.87123510349899,0.4029643410004404
1,lsc_composite,1966-06-01,4.234398301484046,11.87123510349899,0.3566939972603169
1,lsc_composite,1966-07-01,4.630006874869975,11.87123510349899,0.3900189689196959
1,lsc_composite,1966-08-01,4.003114454491561,11.87123510349899,0.3372112859016382
1,lsc_composite,1966-09-01,3.932643134934736,11.87123510349899,0.33127497692094465
1,lsc_composite,1966-10-01,4.048147512965205,11.87123510349899,0.34100474615080556
1,lsc_composite,1966-11-01,4.346345774492701,11.87123510349899,0.36612414265232074
1,lsc_composite,1966-12-01,3.641096416047707,11.87123510349899,0.3067158879680945
1,lsc_composite,1967-01-01,3.742585668198638,11.87123510349899,0.3152650617706601
1,lsc_composite,1967-02-01,4.136312650619399,11.87123510349899,0.34843153341308525
1,lsc_composite,1967-03-01,3.9054596006769673,11.87123510349899,0.32898511120598156
1,lsc_composite,1967-04-01,3.990303344899235,11.87123510349899,0.3361321134751271
1,lsc_composite,1967-05-01,4.271589435223988,11.87123510349899,0.35982687546681286
1,lsc_composite,1967-06-01,3.691450829187196,11.87123510349899,0.3109576044112848
1,lsc_composite,1967-07-01,3.728196209634988,11.87123510349899,0.3140529335937522
1,lsc_composite,1967-08-01,3.676714401056384,11.87123510349899,0.30971624847802826
1,lsc_composite,1967-09-01,4.205866815852597,11.87123510349899,0.3542905838511225
1,lsc_composite,1967-10-01,4.136183898634052,11.87123510349899,0.3484206877020683
1,lsc_composite,1967-11-01,4.457553034784109,11.87123510349899,0.37549193457303076
1,lsc_composite,1967-12-01,4.420587937115382,11.87123510349899,0.3723780970197815
1,lsc_composite,1968-01-01,4.939015606581857,11.87123510349899,0.41604900951933016
1,lsc_tail_cusum,1963-02-01,1.4400000000000002,6.06000000000001,0.23762376237623725
1,lsc_tail_cusum,1963-03-01,1.5200000000000002,6.06000000000001,0.2508250825082504
1,lsc_tail_cusum,1963-04-01,1.6000000000000003,6.06000000000001,0.2640264026402636
1,lsc_tail_cusum,1963-05-01,1.6800000000000004,6.06000000000001,0.2772277227722768
1,lsc_tail_cusum,1963-06-01,1.7600000000000005,6.06000000000001,0.29042904290429
1,lsc_tail_cusum,1963-07-01,1.8400000000000005,6.06000000000001,0.3036303630363032
1,lsc_tail_cusum,1963-08-01,1.9200000000000006,6.06000000000001,0.3168316831683164
1,lsc_tail_cusum,1963-09-01,2.0000000000000004,6.06000000000001,0.33003300330032953
1,lsc_tail_cusum,1963-10-01,2.0800000000000005,6.06000000000001,0.3432343234323427
1,lsc_tail_cusum,1963-11-01,2.1600000000000006,6.06000000000001,0.3564356435643559
1,lsc_tail_cusum,1963-12-01,2.2400000000000007,6.06000000000001,0.3696369636963691
1,lsc_tail_cusum,1964-01-01,2.3200000000000007,6.06000000000001,0.3828382838283823
1,lsc_tail_cusum,1964-02-01,2.400000000000001,6.06000000000001,0.3960396039603955
1,lsc_tail_cusum,1964-03-01,2.480000000000001,6.06000000000001,0.4092409240924087
1,lsc_tail_cusum,1964-04-01,2.560000000000001,6.06000000000001,0.4224422442244219
1,lsc_tail_cusum,1964-05-01,2.640000000000001,6.06000000000001,0.4356435643564351
1,lsc_tail_cusum,1964-06-01,2.720000000000001,6.06000000000001,0.4488448844884483
1,lsc_tail_cusum,1964-07-01,2.800000000000001,6.06000000000001,0.4620462046204615
1,lsc_tail_cusum,1964-08-01,2.8800000000000012,6.06000000000001,0.47524752475247467
1,lsc_tail_cusum,1964-09-01,2.9600000000000013,6.06000000000001,0.4884488448844878
1,lsc_tail_cusum,1964-10-01,3.0400000000000014,6.06000000000001,0.5016501650165011
1,lsc_tail_cusum,1964-11-01,3.1200000000000014,6.06000000000001,0.5148514851485142
1,lsc_tail_cusum,1964-12-01,3.2000000000000015,6.06000000000001,0.5280528052805274
1,lsc_tail_cusum,1965-01-01,3.2800000000000016,6.06000000000001,0.5412541254125406
1,lsc_tail_cusum,1965-02-01,3.3600000000000017,6.06000000000001,0.5544554455445538
1,lsc_tail_cusum,1965-03-01,2.4400000000000017,6.06000000000001,0.40264026402640224
1,lsc_tail_cusum,1965-04-01,2.520000000000002,6.06000000000001,0.41584158415841543
1,lsc_tail_cusum,1965-05-01,2.600000000000002,6.06000000000001,0.42904290429042863
1,lsc_tail_cusum,1965-06-01,2.680000000000002,6.06000000000001,0.4422442244224418
1,lsc_tail_cusum,1965-07-01,2.760000000000002,6.06000000000001,0.455445544554455
1,lsc_tail_cusum,1965-08-01,2.840000000000002,6.06000000000001,0.4686468646864682
1,lsc_tail_cusum,1965-09-01,2.920000000000002,6.06000000000001,0.4818481848184814
1,lsc_tail_cusum,1965-10-01,3.000000000000002,6.06000000000001,0.4950495049504946
1,lsc_tail_cusum,1965-11-01,3.0800000000000023,6.06000000000001,0.5082508250825077
1,lsc_tail_cusum,1965-12-01,3.1600000000000024,6.06000000000001,0.521452145214521
1,lsc_tail_cusum,1966-01-01,3.2400000000000024,6.06000000000001,0.5346534653465341
1,lsc_tail_cusum,1966-02-01,3.3200000000000025,6.06000000000001,0.5478547854785474
1,lsc_tail_cusum,1966-03-01,3.4000000000000026,6.06000000000001,0.5610561056105605
1,lsc_tail_cusum,1966-04-01,3.4800000000000026,6.06000000000001,0.5742574257425738
1,lsc_tail_cusum,1966-05-01,3.5600000000000027,6.06000000000001,0.5874587458745869
1,lsc_tail_cusum,1966-06-01,3.640000000000003,6.06000000000001,0.6006600660066002
1,lsc_tail_cusum,1966-07-01,3.720000000000003,6.06000000000001,0.6138613861386133
1,lsc_tail_cusum,1966-08-01,3.800000000000003,6.06000000000001,0.6270627062706264
1,lsc_tail_cusum,1966-09-01,3.880000000000003,6.06000000000001,0.6402640264026397
1,lsc_tail_cusum,1966-10-01,3.960000000000003,6.06000000000001,0.6534653465346528
1,lsc_tail_cusum,1966-11-01,4.040000000000004,6.06000000000001,0.6666666666666661
1,lsc_tail_cusum,1966-12-01,4.120000000000004,6.06000000000001,0.6798679867986793
1,lsc_tail_cusum,1967-01-01,4.200000000000004,6.06000000000001,0.6930693069306925
1,lsc_tail_cusum,1967-02-01,4.280000000000004,6.06000000000001,0.7062706270627057
1,lsc_tail_cusum,1967-03-01,4.360000000000004,6.06000000000001,0.7194719471947189
1,lsc_tail_cusum,1967-04-01,4.440000000000004,6.06000000000001,0.7326732673267321
1,lsc_tail_cusum,1967-05-01,4.520000000000004,6.06000000000001,0.7458745874587452
1,lsc_tail_cusum,1967-06-01,4.600000000000004,6.06000000000001,0.7590759075907585
1,lsc_tail_cusum,1967-07-01,4.680000000000004,6.06000000000001,0.7722772277227716
1,lsc_tail_cusum,1967-08-01,4.760000000000004,6.06000000000001,0.7854785478547849
1,lsc_tail_cusum,1967-09-01,4.840000000000004,6.06000000000001,0.798679867986798
1,lsc_tail_cusum,1967-10-01,4.920000000000004,6.06000000000001,0.8118811881188113
1,lsc_tail_cusum,1967-11-01,5.000000000000004,6.06000000000001,0.8250825082508244
1,lsc_tail_cusum,1967-12-01,5.0800000000000045,6.06000000000001,0.8382838283828377
1,lsc_tail_cusum,1968-01-01,5.160000000000005,6.06000000000001,0.8514851485148508
1,lsc_kalman_cusum,1963-02-01,0.5108479983228396,8.210676220587075,0.062217530517396674
1,lsc_kalman_cusum,1963-03-01,0.557073463966202,8.210676220587075,0.06784745239002622
1,lsc_kalman_cusum,1963-04-01,0.007151174592842646,8.210676220587075,0.0008709604910387426
1,lsc_kalman_cusum,1963-05-01,0.30940596621267735,8.210676220587075,0.03768337197816751
1,lsc_kalman_cusum,1963-06-01,0.8560618083718172,8.210676220587075,0.104262034620896
1,lsc_kalman_cusum,1963-07-01,0.15891322771105232,8.210676220587075,0.01935446282884722
1,lsc_kalman_cusum,1963-08-01,0.3367209872698299,8.210676220587075,0.04101014072696608
1,lsc_kalman_cusum,1963-09-01,0.14333972781839321,8.210676220587075,0.017457725035970817
1,lsc_kalman_cusum,1963-10-01,0.0,8.210676220587075,0.0
1,lsc_kalman_cusum,1963-11-01,0.30208996908037944,8.210676220587075,0.03679233731357386
1,lsc_kalman_cusum,1963-12-01,0.46855071024448824,8.210676220587075,0.057066031792809654
1,lsc_kalman_cusum,1964-01-01,0.0,8.210676220587075,0.0
1,lsc_kalman_cusum,1964-02-01,0.3291122196429975,8.210676220587075,0.04008344876854315
1,lsc_kalman_cusum,1964-03-01,0.0,8.210676220587075,0.0
1,lsc_kalman_cusum,1964-04-01,0.0,8.210676220587075,0.0
1,lsc_kalman_cusum,1964-05-01,0.136205641967718,8.210676220587075,0.01658884582809418
1,lsc_kalman_cusum,1964-06-01,0.16549840669151716,8.210676220587075,0.020156489215413707
1,lsc_kalman_cusum,1964-07-01,0.6262343056406896,8.210676220587075,0.07627073444578149
1,lsc_kalman_cusum,1964-08-01,0.21097023614899835,8.210676220587075,0.025694623741223797
1,lsc_kalman_cusum,1964-09-01,0.17458711860829057,8.210676220587075,0.021263427508021664
1,lsc_kalman_cusum,1964-10-01,0.0,8.210676220587075,0.0
1,lsc_kalman_cusum,1964-11-01,0.705936324768021,8.210676220587075,0.08597785441812801
1,lsc_kalman_cusum,1964-12-01,0.5599261186005973,8.210676220587075,0.06819488475220398
1,lsc_kalman_cusum,1965-01-01,0.0,8.210676220587075,0.0
1,lsc_kalman_cusum,1965-02-01,0.35503527478816876,8.210676220587075,0.04324068630278825
1,lsc_kalman_cusum,1965-03-01,1.2231659557477184,8.210676220587075,0.14897262087631805
1,lsc_kalman_cusum,1965-04-01,0.19950196053167313,8.210676220587075,0.024297872084086205
1,lsc_kalman_cusum,1965-05-01,0.24037902828549818,8.210676220587075,0.029276398414394025
1,lsc_kalman_cusum,1965-06-01,0.0,8.210676220587075,0.0
1,lsc_kalman_cusum,1965-07-01,0.15966627027876645,8.210676220587075,0.01944617787733811
1,lsc_kalman_cusum,1965-08-01,0.0,8.210676220587075,0.0
1,lsc_kalman_cusum,1965-09-01,0.0,8.210676220587075,0.0
1,lsc_kalman_cusum,1965-10-01,0.0,8.210676220587075,0.0
1,lsc_kalman_cusum,1965-11-01,0.0,8.210676220587075,0.0
1,lsc_kalman_cusum,1965-12-01,0.0,8.210676220587075,0.0
1,lsc_kalman_cusum,1966-01-01,0.0,8.210676220587075,0.0
1,lsc_kalman_cusum,1966-02-01,0.17414545190405517,8.210676220587075,0.02120963575051356
1,lsc_kalman_cusum,1966-03-01,0.0,8.210676220587075,0.0
1,lsc_kalman_cusum,1966-04-01,0.0,8.210676220587075,0.0
1,lsc_kalman_cusum,1966-05-01,0.0,8.210676220587075,0.0
1,lsc_kalman_cusum,1966-06-01,0.0,8.210676220587075,0.0
1,lsc_kalman_cusum,1966-07-01,0.0,8.210676220587075,0.0
1,lsc_kalman_cusum,1966-08-01,0.0,8.210676220587075,0.0
1,lsc_kalman_cusum,1966-09-01,0.0,8.210676220587075,0.0
1,lsc_kalman_cusum,1966-10-01,0.0,8.210676220587075,0.0
1,lsc_kalman_cusum,1966-11-01,0.0,8.210676220587075,0.0
1,lsc_kalman_cusum,1966-12-01,0.4114583239645374,8.210676220587075,0.0501125988786241
1,lsc_kalman_cusum,1967-01-01,0.17538438493741038,8.210676220587075,0.021360528685525265
1,lsc_kalman_cusum,1967-02-01,0.057309478640242606,8.210676220587075,0.006979873167638426
1,lsc_kalman_cusum,1967-03-01,0.0,8.210676220587075,0.0
1,lsc_kalman_cusum,1967-04-01,0.0,8.210676220587075,0.0
1,lsc_kalman_cusum,1967-05-01,0.0,8.210676220587075,0.0
1,lsc_kalman_cusum,1967-06-01,0.0,8.210676220587075,0.0
1,lsc_kalman_cusum,1967-07-01,0.0,8.210676220587075,0.0
1,lsc_kalman_cusum,1967-08-01,0.0,8.210676220587075,0.0
1,lsc_kalman_cusum,1967-09-01,0.0,8.210676220587075,0.0
1,lsc_kalman_cusum,1967-10-01,0.2959268825615561,8.210676220587075,0.036041718685674455
1,lsc_kalman_cusum,1967-11-01,0.08042553337471536,8.210676220587075,0.009795238688509
1,lsc_kalman_cusum,1967-12-01,0.0,8.210676220587075,0.0
1,lsc_kalman_cusum,1968-01-01,0.0,8.210676220587075,0.0
1,raw_cusum,1963-02-01,0.13975362427633742,18.597332068583064,0.007514713603056359
1,raw_cusum,1963-03-01,0.3087451476700869,18.597332068583064,0.016601582771738413
1,raw_cusum,1963-04-01,0.0,18.597332068583064,0.0
1,raw_cusum,1963-05-01,0.13975362427633742,18.597332068583064,0.007514713603056359
1,raw_cusum,1963-06-01,0.6708698406566944,18.597332068583064,0.03607344527605718
1,raw_cusum,1963-07-01,0.2553656023535691,18.597332068583064,0.013731303039158212
1,raw_cusum,1963-08-01,0.5641107500236529,18.597332068583064,0.030332885810896455
1,raw_cusum,1963-09-01,0.0,18.597332068583064,0.0
1,raw_cusum,1963-10-01,0.0,18.597332068583064,0.0
1,raw_cusum,1963-11-01,0.13975362427633742,18.597332068583064,0.007514713603056359
1,raw_cusum,1963-12-01,0.3087451476700869,18.597332068583064,0.016601582771738413
1,raw_cusum,1964-01-01,0.0,18.597332068583064,0.0
1,raw_cusum,1964-02-01,0.30874514767008365,18.597332068583064,0.01660158277173824
1,raw_cusum,1964-03-01,0.0,18.597332068583064,0.0
1,raw_cusum,1964-04-01,0.0,18.597332068583064,0.0
1,raw_cusum,1964-05-01,0.3087451476700869,18.597332068583064,0.016601582771738413
1,raw_cusum,1964-06-01,0.0,18.597332068583064,0.0
1,raw_cusum,1964-07-01,0.6708698406566913,18.597332068583064,0.03607344527605701
1,raw_cusum,1964-08-01,0.0,18.597332068583064,0.0
1,raw_cusum,1964-09-01,0.0,18.597332068583064,0.0
1,raw_cusum,1964-10-01,0.0,18.597332068583064,0.0
1,raw_cusum,1964-11-01,0.6708698406566913,18.597332068583064,0.03607344527605701
1,raw_cusum,1964-12-01,0.13975362427633742,18.597332068583064,0.007514713603056359
1,raw_cusum,1965-01-01,0.0,18.597332068583064,0.0
1,raw_cusum,1965-02-01,0.1397536242763342,18.597332068583064,0.007514713603056187
1,raw_cusum,1965-03-01,1.0329945336432957,18.597332068583064,0.05554530778037561
1,raw_cusum,1965-04-01,0.255365602353566,18.597332068583064,0.013731303039158043
1,raw_cusum,1965-05-01,0.5641107500236529,18.597332068583064,0.030332885810896455
1,raw_cusum,1965-06-01,0.14860651172052752,18.597332068583064,0.007990743573997488
1,raw_cusum,1965-07-01,0.4573516593906112,18.597332068583064,0.024592326345735726
1,raw_cusum,1965-08-01,0.04184742108748585,18.597332068583064,0.0022501841088367583
1,raw_cusum,1965-09-01,0.0,18.597332068583064,0.0
1,raw_cusum,1965-10-01,0.0,18.597332068583064,0.0
1,raw_cusum,1965-11-01,0.0,18.597332068583064,0.0
1,raw_cusum,1965-12-01,0.0,18.597332068583064,0.0
1,raw_cusum,1966-01-01,0.0,18.597332068583064,0.0
1,raw_cusum,1966-02-01,0.3087451476700869,18.597332068583064,0.016601582771738413
1,raw_cusum,1966-03-01,0.0,18.597332068583064,0.0
1,raw_cusum,1966-04-01,0.0,18.597332068583064,0.0
1,raw_cusum,1966-05-01,0.0,18.597332068583064,0.0
1,raw_cusum,1966-06-01,0.0,18.597332068583064,0.0
1,raw_cusum,1966-07-01,0.0,18.597332068583064,0.0
1,raw_cusum,1966-08-01,0.0,18.597332068583064,0.0
1,raw_cusum,1966-09-01,0.0,18.597332068583064,0.0
1,raw_cusum,1966-10-01,0.0,18.597332068583064,0.0
1,raw_cusum,1966-11-01,0.0,18.597332068583064,0.0
1,raw_cusum,1966-12-01,0.13975362427633586,18.597332068583064,0.007514713603056276
1,raw_cusum,1967-01-01,0.0,18.597332068583064,0.0
1,raw_cusum,1967-02-01,0.0,18.597332068583064,0.0
1,raw_cusum,1967-03-01,0.0,18.597332068583064,0.0
1,raw_cusum,1967-04-01,0.0,18.597332068583064,0.0
1,raw_cusum,1967-05-01,0.0,18.597332068583064,0.0
1,raw_cusum,1967-06-01,0.0,18.597332068583064,0.0
1,raw_cusum,1967-07-01,0.0,18.597332068583064,0.0
1,raw_cusum,1967-08-01,0.0,18.597332068583064,0.0
1,raw_cusum,1967-09-01,0.0,18.597332068583064,0.0
1,raw_cusum,1967-10-01,0.13975362427633742,18.597332068583064,0.007514713603056359
1,raw_cusum,1967-11-01,0.0,18.597332068583064,0.0
1,raw_cusum,1967-12-01,0.0,18.597332068583064,0.0
1,raw_cusum,1968-01-01,0.0,18.597332068583064,0.0
1,raw_var_cusum,1963-02-01,10.316899304535216,48.34079394637347,0.2134201460567693
1,raw_var_cusum,1963-03-01,10.612830590655305,48.34079394637347,0.21954191737993745
1,raw_var_cusum,1963-04-01,11.555691056910568,48.34079394637347,0.2390463646445235
1,raw_var_cusum,1963-05-01,12.096406357135859,48.34079394637347,0.25023185118876873
1,raw_var_cusum,1963-06-01,11.675470173376425,48.34079394637347,0.2415241707930682
1,raw_var_cusum,1963-07-01,12.61833063963169,48.34079394637347,0.2610286180576543
1,raw_var_cusum,1963-08-01,12.914261925751784,48.34079394637347,0.2671503893808226
1,raw_var_cusum,1963-09-01,13.787184102262707,48.34079394637347,0.28520806086795814
1,raw_var_cusum,1963-10-01,14.730044568517972,48.34079394637347,0.30471250813254425
1,raw_var_cusum,1963-11-01,15.270759868743262,48.34079394637347,0.3158979946767894
1,raw_var_cusum,1963-12-01,15.566691154863351,48.34079394637347,0.3220197659999576
1,raw_var_cusum,1964-01-01,16.43961333137427,48.34079394637347,0.34007743748709307
1,raw_var_cusum,1964-02-01,16.735544617494366,48.34079394637347,0.3461992088102613
1,raw_var_cusum,1964-03-01,17.67840508374963,48.34079394637347,0.3657036560748474
1,raw_var_cusum,1964-04-01,18.42893525320795,48.34079394637347,0.38122946995144436
1,raw_var_cusum,1964-05-01,18.724866539328037,48.34079394637347,0.38735124127461246
1,raw_var_cusum,1964-06-01,19.597788715838956,48.34079394637347,0.4054089127617479
1,raw_var_cusum,1964-07-01,19.17685253207953,48.34079394637347,0.3967012323660476
1,raw_var_cusum,1964-08-01,20.04977470859045,48.34079394637347,0.4147589038531831
1,raw_var_cusum,1964-09-01,20.922696885101374,48.34079394637347,0.43281657534031864
1,raw_var_cusum,1964-10-01,21.86555735135664,48.34079394637347,0.45232102260490475
1,raw_var_cusum,1964-11-01,21.444621167597212,48.34079394637347,0.4436133422092044
1,raw_var_cusum,1964-12-01,21.985336467822503,48.34079394637347,0.4547988287534496
1,raw_var_cusum,1965-01-01,22.735866637280825,48.34079394637347,0.47032464263004664
1,raw_var_cusum,1965-02-01,23.27658193750612,48.34079394637347,0.4815101291742919
1,raw_var_cusum,1965-03-01,21.876509697325893,48.34079394637347,0.4525475878942834
1,raw_var_cusum,1965-04-01,22.749431873836816,48.34079394637347,0.47060525938141895
1,raw_var_cusum,1965-05-01,23.045363159956903,48.34079394637347,0.47672703070458705
1,raw_var_cusum,1965-06-01,23.988223626212168,48.34079394637347,0.49623147796917316
1,raw_var_cusum,1965-07-01,24.284154912332262,48.34079394637347,0.5023532492923414
1,raw_var_cusum,1965-08-01,25.227015378587527,48.34079394637347,0.5218576965569275
1,raw_var_cusum,1965-09-01,25.977545548045846,48.34079394637347,0.5373835104335245
1,raw_var_cusum,1965-10-01,26.72807571750417,48.34079394637347,0.5529093243101215
1,raw_var_cusum,1965-11-01,27.478605886962487,48.34079394637347,0.5684351381867184
1,raw_var_cusum,1965-12-01,28.22913605642081,48.34079394637347,0.5839609520633154
1,raw_var_cusum,1966-01-01,29.171996522676075,48.34079394637347,0.6034653993279016
1,raw_var_cusum,1966-02-01,29.467927808796162,48.34079394637347,0.6095871706510697
1,raw_var_cusum,1966-03-01,30.410788275051427,48.34079394637347,0.6290916179156558
1,raw_var_cusum,1966-04-01,31.353648741306692,48.34079394637347,0.6485960651802419
1,raw_var_cusum,1966-05-01,32.22657091781762,48.34079394637347,0.6666537366673775
1,raw_var_cusum,1966-06-01,32.97710108727594,48.34079394637347,0.6821795505439745
1,raw_var_cusum,1966-07-01,33.91996155353121,48.34079394637347,0.7016839978085607
1,raw_var_cusum,1966-08-01,34.86282201978648,48.34079394637347,0.7211884450731469
1,raw_var_cusum,1966-09-01,35.6133521892448,48.34079394637347,0.736714258949744
1,raw_var_cusum,1966-10-01,36.55621265550007,48.34079394637347,0.7562187062143301
1,raw_var_cusum,1966-11-01,37.30674282495839,48.34079394637347,0.7717445200909271
1,raw_var_cusum,1966-12-01,37.847458125183685,48.34079394637347,0.7829300066351724
1,raw_var_cusum,1967-01-01,38.72038030169461,48.34079394637347,0.800987678122308
1,raw_var_cusum,1967-02-01,39.47091047115293,48.34079394637347,0.816513491998905
1,raw_var_cusum,1967-03-01,40.4137709374082,48.34079394637347,0.8360179392634912
1,raw_var_cusum,1967-04-01,41.35663140366347,48.34079394637347,0.8555223865280774
1,raw_var_cusum,1967-05-01,42.29949186991874,48.34079394637347,0.8750268337926635
1,raw_var_cusum,1967-06-01,43.172414046429665,48.34079394637347,0.8930845052797992
1,raw_var_cusum,1967-07-01,43.92294421588799,48.34079394637347,0.9086103191563962
1,raw_var_cusum,1967-08-01,44.865804682143256,48.34079394637347,0.9281147664209825
1,raw_var_cusum,1967-09-01,45.808665148398525,48.34079394637347,0.9476192136855686
1,raw_var_cusum,1967-10-01,46.34938044862382,48.34079394637347,0.9588047002298139
1,raw_var_cusum,1967-11-01,47.09991061808214,48.34079394637347,0.9743305141064109
1,raw_var_cusum,1967-12-01,47.850440787540464,48.34079394637347,0.9898563279830079
1,raw_var_cusum,1968-01-01,48.600970956998786,48.34079394637347,1.005382141859605
2,lsc_composite,1968-02-01,5.895445208925859,10.67582108025278,0.5522240551437069
2,lsc_composite,1968-03-01,4.678881475862176,10.67582108025278,0.4382690043875661
2,lsc_composite,1968-04-01,5.272535320221978,10.67582108025278,0.493876328629623
2,lsc_composite,1968-05-01,4.890970660310715,10.67582108025278,0.45813531563933885
2,lsc_composite,1968-06-01,5.042500101389382,10.67582108025278,0.4723290193310346
2,lsc_composite,1968-07-01,4.825162487336238,10.67582108025278,0.45197108972361955
2,lsc_composite,1968-08-01,5.2485632244228775,10.67582108025278,0.4916308717585405
2,lsc_composite,1968-09-01,5.668094208395599,10.67582108025278,0.5309281755274032
2,lsc_composite,1968-10-01,5.332253520141886,10.67582108025278,0.4994701091427087
2,lsc_composite,1968-11-01,5.446911309385458,10.67582108025278,0.5102100595766529
2,lsc_composite,1968-12-01,5.621923565213514,10.67582108025278,0.5266033893741876
2,lsc_composite,1969-01-01,5.414713143554822,10.67582108025278,0.5071940699315854
2,lsc_composite,1969-02-01,5.8690280751268435,10.67582108025278,0.549749572516054
2,lsc_composite,1969-03-01,6.696565170887772,10.67582108025278,0.6272646497677359
2,lsc_composite,1969-04-01,7.897969272855654,10.67582108025278,0.7397997037871534
2,lsc_composite,1969-05-01,8.403813491115221,10.67582108025278,0.7871819345736204
2,lsc_composite,1969-06-01,10.544319306967445,10.67582108025278,0.9876822801453112
2,lsc_composite,1969-07-01,10.228769915824655,10.67582108025278,0.9581248916530606
2,lsc_composite,1969-08-01,9.754375794902405,10.67582108025278,0.9136885792274296
2,lsc_composite,1969-09-01,8.634703928619908,10.67582108025278,0.8088093518719272
2,lsc_composite,1969-10-01,8.863309889368391,10.67582108025278,0.830222783122788
2,lsc_composite,1969-11-01,8.939575875881031,10.67582108025278,0.8373665883570017
2,lsc_composite,1969-12-01,8.328989661561538,10.67582108025278,0.7801732156197139
2,lsc_composite,1970-01-01,8.114997421103725,10.67582108025278,0.7601286458532125
2,lsc_composite,1970-02-01,7.006376654820741,10.67582108025278,0.6562845707278232
2,lsc_composite,1970-03-01,6.497568618139805,10.67582108025278,0.6086247202248876
2,lsc_composite,1970-04-01,6.389966480743221,10.67582108025278,0.5985456699497179
2,lsc_composite,1970-05-01,6.423595595408752,10.67582108025278,0.6016956960144798
2,lsc_composite,1970-06-01,7.144919669715636,10.67582108025278,0.6692618409399627
2,lsc_composite,1970-07-01,9.325251326448928,10.67582108025278,0.873492657506033
2,lsc_composite,1970-08-01,9.05353710305195,10.67582108025278,0.8480412920930651
2,lsc_composite,1970-09-01,9.887816786751365,10.67582108025278,0.9261879449292199
2,lsc_composite,1970-10-01,10.415661583385997,10.67582108025278,0.9756309613180009
2,lsc_composite,1970-11-01,9.544404387161165,10.67582108025278,0.8940206392944884
2,lsc_composite,1970-12-01,9.178143792101952,10.67582108025278,0.8597131520945867
2,lsc_composite,1971-01-01,8.525228541942383,10.67582108025278,0.7985548350666556
2,lsc_composite,1971-02-01,8.604303032336539,10.67582108025278,0.8059617117649192
2,lsc_composite,1971-03-01,8.405696921221653,10.67582108025278,0.7873583547376783
2,lsc_composite,1971-04-01,8.801010899403925,10.67582108025278,0.8243872610120155
2,lsc_composite,1971-05-01,8.240627861944212,10.67582108025278,0.7718964002859715
2,lsc_composite,1971-06-01,8.546704470748994,10.67582108025278,0.8005664769483591
2,lsc_composite,1971-07-01,7.802339912050153,10.67582108025278,0.7308421388292329
2,lsc_composite,1971-08-01,7.518607867402171,10.67582108025278,0.7042650687832759
2,lsc_composite,1971-09-01,7.854426266863422,10.67582108025278,0.735721047385467
2,lsc_composite,1971-10-01,7.685487305406899,10.67582108025278,0.719896600704826
2,lsc_composite,1971-11-01,7.300953353213346,10.67582108025278,0.6838774552636542
2,lsc_composite,1971-12-01,7.006861385693155,10.67582108025278,0.6563299752797327
2,lsc_composite,1972-01-01,7.110483241192975,10.67582108025278,0.6660361941008303
2,lsc_composite,1972-02-01,6.824761998403238,10.67582108025278,0.6392727966401666
2,lsc_composite,1972-03-01,6.479148479949694,10.67582108025278,0.606899313059327
2,lsc_composite,1972-04-01,6.781963730895886,10.67582108025278,0.6352638996021189
2,lsc_composite,1972-05-01,6.460831727936776,10.67582108025278,0.6051835900366924
2,lsc_composite,1972-06-01,6.535321296658397,10.67582108025278,0.612160998908728
2,lsc_composite,1972-07-01,6.64491496556273,10.67582108025278,0.6224265951640877
2,lsc_composite,1972-08-01,6.639915236586169,10.67582108025278,0.6219582724993505
2,lsc_composite,1972-09-01,8.05663144555362,10.67582108025278,0.7546615276698565
2,lsc_composite,1972-10-01,8.802824698125866,10.67582108025278,0.824557158831425
2,lsc_composite,1972-11-01,9.752662014274515,10.67582108025278,0.9135280500639107
2,lsc_composite,1972-12-01,8.9840128382445,10.67582108025278,0.8415289813035887
2,lsc_composite,1973-01-01,9.10174434485108,10.67582108025278,0.852556845645035
2,lsc_tail_cusum,1968-02-01,3.480000000000002,5.6,0.6214285714285719
2,lsc_tail_cusum,1968-03-01,3.5600000000000023,5.6,0.6357142857142861
2,lsc_tail_cusum,1968-04-01,3.6400000000000023,5.6,0.6500000000000005
2,lsc_tail_cusum,1968-05-01,3.7200000000000024,5.6,0.6642857142857148
2,lsc_tail_cusum,1968-06-01,3.8000000000000025,5.6,0.678571428571429
2,lsc_tail_cusum,1968-07-01,3.8800000000000026,5.6,0.6928571428571434
2,lsc_tail_cusum,1968-08-01,3.9600000000000026,5.6,0.7071428571428576
2,lsc_tail_cusum,1968-09-01,4.040000000000003,5.6,0.721428571428572
2,lsc_tail_cusum,1968-10-01,4.120000000000003,5.6,0.7357142857142862
2,lsc_tail_cusum,1968-11-01,4.200000000000003,5.6,0.7500000000000006
2,lsc_tail_cusum,1968-12-01,4.280000000000003,5.6,0.7642857142857149
2,lsc_tail_cusum,1969-01-01,4.360000000000003,5.6,0.7785714285714291
2,lsc_tail_cusum,1969-02-01,4.440000000000003,5.6,0.7928571428571435
2,lsc_tail_cusum,1969-03-01,4.520000000000003,5.6,0.8071428571428577
2,lsc_tail_cusum,1969-04-01,4.600000000000003,5.6,0.8214285714285721
2,lsc_tail_cusum,1969-05-01,4.680000000000003,5.6,0.8357142857142863
2,lsc_tail_cusum,1969-06-01,4.760000000000003,5.6,0.8500000000000006
2,lsc_tail_cusum,1969-07-01,4.840000000000003,5.6,0.864285714285715
2,lsc_tail_cusum,1969-08-01,4.9200000000000035,5.6,0.8785714285714292
2,lsc_tail_cusum,1969-09-01,5.0000000000000036,5.6,0.8928571428571436
2,lsc_tail_cusum,1969-10-01,5.080000000000004,5.6,0.9071428571428578
2,lsc_tail_cusum,1969-11-01,5.160000000000004,5.6,0.9214285714285722
2,lsc_tail_cusum,1969-12-01,5.240000000000004,5.6,0.9357142857142865
2,lsc_tail_cusum,1970-01-01,4.320000000000004,5.6,0.7714285714285721
2,lsc_tail_cusum,1970-02-01,4.400000000000004,5.6,0.7857142857142865
2,lsc_tail_cusum,1970-03-01,4.480000000000004,5.6,0.8000000000000007
2,lsc_tail_cusum,1970-04-01,4.560000000000004,5.6,0.8142857142857151
2,lsc_tail_cusum,1970-05-01,4.640000000000004,5.6,0.8285714285714294
2,lsc_tail_cusum,1970-06-01,4.720000000000004,5.6,0.8428571428571436
2,lsc_tail_cusum,1970-07-01,4.800000000000004,5.6,0.857142857142858
2,lsc_tail_cusum,1970-08-01,4.880000000000004,5.6,0.8714285714285722
2,lsc_tail_cusum,1970-09-01,4.960000000000004,5.6,0.8857142857142866
2,lsc_tail_cusum,1970-10-01,5.0400000000000045,5.6,0.9000000000000009
2,lsc_tail_cusum,1970-11-01,4.1200000000000045,5.6,0.7357142857142865
2,lsc_tail_cusum,1970-12-01,4.200000000000005,5.6,0.7500000000000009
2,lsc_tail_cusum,1971-01-01,4.280000000000005,5.6,0.7642857142857151
2,lsc_tail_cusum,1971-02-01,4.360000000000005,5.6,0.7785714285714295
2,lsc_tail_cusum,1971-03-01,4.440000000000005,5.6,0.7928571428571438
2,lsc_tail_cusum,1971-04-01,4.520000000000005,5.6,0.807142857142858
2,lsc_tail_cusum,1971-05-01,4.600000000000005,5.6,0.8214285714285724
2,lsc_tail_cusum,1971-06-01,4.680000000000005,5.6,0.8357142857142866
2,lsc_tail_cusum,1971-07-01,4.760000000000005,5.6,0.850000000000001
2,lsc_tail_cusum,1971-08-01,4.840000000000005,5.6,0.8642857142857152
2,lsc_tail_cusum,1971-09-01,4.920000000000005,5.6,0.8785714285714296
2,lsc_tail_cusum,1971-10-01,5.000000000000005,5.6,0.8928571428571439
2,lsc_tail_cusum,1971-11-01,5.080000000000005,5.6,0.9071428571428581
2,lsc_tail_cusum,1971-12-01,5.1600000000000055,5.6,0.9214285714285725
2,lsc_tail_cusum,1972-01-01,5.2400000000000055,5.6,0.9357142857142867
2,lsc_tail_cusum,1972-02-01,5.320000000000006,5.6,0.9500000000000011
2,lsc_tail_cusum,1972-03-01,5.400000000000006,5.6,0.9642857142857154
2,lsc_tail_cusum,1972-04-01,5.480000000000006,5.6,0.9785714285714296
2,lsc_tail_cusum,1972-05-01,5.560000000000006,5.6,0.992857142857144
2,lsc_tail_cusum,1972-06-01,5.640000000000006,5.6,1.0071428571428582
2,lsc_tail_cusum,1972-07-01,5.720000000000006,5.6,1.0214285714285725
2,lsc_tail_cusum,1972-08-01,5.800000000000006,5.6,1.035714285714287
2,lsc_tail_cusum,1972-09-01,5.880000000000006,5.6,1.0500000000000012
2,lsc_tail_cusum,1972-10-01,5.960000000000006,5.6,1.0642857142857154
2,lsc_tail_cusum,1972-11-01,6.040000000000006,5.6,1.0785714285714298
2,lsc_tail_cusum,1972-12-01,6.120000000000006,5.6,1.092857142857144
2,lsc_tail_cusum,1973-01-01,6.200000000000006,5.6,1.1071428571428583
2,lsc_kalman_cusum,1968-02-01,0.05531466548226438,7.3347723669784015,0.007541429060742829
2,lsc_kalman_cusum,1968-03-01,0.0,7.3347723669784015,0.0
2,lsc_kalman_cusum,1968-04-01,0.3649890927080215,7.3347723669784015,0.04976147512787513
2,lsc_kalman_cusum,1968-05-01,0.0,7.3347723669784015,0.0
2,lsc_kalman_cusum,1968-06-01,0.5239267134894214,7.3347723669784015,0.07143053489269441
2,lsc_kalman_cusum,1968-07-01,0.0,7.3347723669784015,0.0
2,lsc_kalman_cusum,1968-08-01,0.46050608821605754,7.3347723669784015,0.06278396454255136
2,lsc_kalman_cusum,1968-09-01,0.32528946245602497,7.3347723669784015,0.044348951294044
2,lsc_kalman_cusum,1968-10-01,0.0,7.3347723669784015,0.0
2,lsc_kalman_cusum,1968-11-01,0.0,7.3347723669784015,0.0
2,lsc_kalman_cusum,1968-12-01,0.0,7.3347723669784015,0.0
2,lsc_kalman_cusum,1969-01-01,0.0,7.3347723669784015,0.0
2,lsc_kalman_cusum,1969-02-01,0.0,7.3347723669784015,0.0
2,lsc_kalman_cusum,1969-03-01,0.0,7.3347723669784015,0.0
2,lsc_kalman_cusum,1969-04-01,0.0,7.3347723669784015,0.0
2,lsc_kalman_cusum,1969-05-01,0.0,7.3347723669784015,0.0
2,lsc_kalman_cusum,1969-06-01,0.0,7.3347723669784015,0.0
2,lsc_kalman_cusum,1969-07-01,0.0,7.3347723669784015,0.0
2,lsc_kalman_cusum,1969-08-01,0.0,7.3347723669784015,0.0
2,lsc_kalman_cusum,1969-09-01,0.40109396906671724,7.3347723669784015,0.054683901421735605
2,lsc_kalman_cusum,1969-10-01,0.0,7.3347723669784015,0.0
2,lsc_kalman_cusum,1969-11-01,0.5095198422727236,7.3347723669784015,0.0694663469812115
2,lsc_kalman_cusum,1969-12-01,0.0,7.3347723669784015,0.0
2,lsc_kalman_cusum,1970-01-01,1.390560532846799,7.3347723669784015,0.18958468828660427
2,lsc_kalman_cusum,1970-02-01,2.0630442223170524,7.3347723669784015,0.2812690181913491
2,lsc_kalman_cusum,1970-03-01,2.171829610457122,7.3347723669784015,0.29610047889622765
2,lsc_kalman_cusum,1970-04-01,2.276588454770513,7.3347723669784015,0.31038297316762753
2,lsc_kalman_cusum,1970-05-01,2.3788037838888174,7.3347723669784015,0.3243186925061695
2,lsc_kalman_cusum,1970-06-01,2.017259560751421,7.3347723669784015,0.2750268801569423
2,lsc_kalman_cusum,1970-07-01,1.7148187975303548,7.3347723669784015,0.23379304929087846
2,lsc_kalman_cusum,1970-08-01,1.4497129187289677,7.3347723669784015,0.1976493401834343
2,lsc_kalman_cusum,1970-09-01,2.1324966930444056,7.3347723669784015,0.29073795154775867
2,lsc_kalman_cusum,1970-10-01,1.785635663484936,7.3347723669784015,0.24344800003937112
2,lsc_kalman_cusum,1970-11-01,2.8789286227417064,7.3347723669784015,0.39250415400794453
2,lsc_kalman_cusum,1970-12-01,2.90147941796494,7.3347723669784015,0.3955786591316153
2,lsc_kalman_cusum,1971-01-01,1.1031536075781685,7.3347723669784015,0.15040052402234516
2,lsc_kalman_cusum,1971-02-01,0.48712676976795355,7.3347723669784015,0.06641334528131075
2,lsc_kalman_cusum,1971-03-01,0.37598697719138774,7.3347723669784015,0.05126089241488998
2,lsc_kalman_cusum,1971-04-01,0.06856924562127686,7.3347723669784015,0.009348517198704059
2,lsc_kalman_cusum,1971-05-01,0.0,7.3347723669784015,0.0
2,lsc_kalman_cusum,1971-06-01,0.0,7.3347723669784015,0.0
2,lsc_kalman_cusum,1971-07-01,0.0,7.3347723669784015,0.0
2,lsc_kalman_cusum,1971-08-01,0.0,7.3347723669784015,0.0
2,lsc_kalman_cusum,1971-09-01,0.06137828540205237,7.3347723669784015,0.008368124098626592
2,lsc_kalman_cusum,1971-10-01,0.4882449992314445,7.3347723669784015,0.06656580120053264
2,lsc_kalman_cusum,1971-11-01,0.5429247203056691,7.3347723669784015,0.07402066391998063
2,lsc_kalman_cusum,1971-12-01,0.0,7.3347723669784015,0.0
2,lsc_kalman_cusum,1972-01-01,0.4529253438629557,7.3347723669784015,0.061750429488726
2,lsc_kalman_cusum,1972-02-01,0.3129200608121493,7.3347723669784015,0.04266254563276357
2,lsc_kalman_cusum,1972-03-01,0.0868031993034919,7.3347723669784015,0.011834477603461189
2,lsc_kalman_cusum,1972-04-01,0.0,7.3347723669784015,0.0
2,lsc_kalman_cusum,1972-05-01,0.0,7.3347723669784015,0.0
2,lsc_kalman_cusum,1972-06-01,0.0,7.3347723669784015,0.0
2,lsc_kalman_cusum,1972-07-01,0.0,7.3347723669784015,0.0
2,lsc_kalman_cusum,1972-08-01,0.0,7.3347723669784015,0.0
2,lsc_kalman_cusum,1972-09-01,0.0,7.3347723669784015,0.0
2,lsc_kalman_cusum,1972-10-01,0.053489987057039,7.3347723669784015,0.0072926580922748506
2,lsc_kalman_cusum,1972-11-01,0.8888804557846319,7.3347723669784015,0.12118719045548389
2,lsc_kalman_cusum,1972-12-01,0.6722080106637742,7.3347723669784015,0.09164674471563647
2,lsc_kalman_cusum,1973-01-01,1.3855865530531994,7.3347723669784015,0.18890655138681545
2,raw_cusum,1968-02-01,0.03345914576475206,11.95847882182717,0.002797943305605131
2,raw_cusum,1968-03-01,0.0,11.95847882182717,0.0
2,raw_cusum,1968-04-01,0.3285642051239799,11.95847882182717,0.02747541807109022
2,raw_cusum,1968-05-01,0.0,11.95847882182717,0.0
2,raw_cusum,1968-06-01,0.4874669293943319,11.95847882182717,0.04076328909865899
2,raw_cusum,1968-07-01,0.0669182915295079,11.95847882182717,0.005595886611210577
2,raw_cusum,1968-08-01,0.3285642051239799,11.95847882182717,0.02747541807109022
2,raw_cusum,1968-09-01,0.20312062661838182,11.95847882182717,0.016985490349126733
2,raw_cusum,1968-10-01,0.0,11.95847882182717,0.0
2,raw_cusum,1968-11-01,0.0,11.95847882182717,0.0
2,raw_cusum,1968-12-01,0.0,11.95847882182717,0.0
2,raw_cusum,1969-01-01,0.0,11.95847882182717,0.0
2,raw_cusum,1969-02-01,0.0,11.95847882182717,0.0
2,raw_cusum,1969-03-01,0.0,11.95847882182717,0.0
2,raw_cusum,1969-04-01,0.0,11.95847882182717,0.0
2,raw_cusum,1969-05-01,0.0,11.95847882182717,0.0
2,raw_cusum,1969-06-01,0.03345914576475406,11.95847882182717,0.0027979433056052982
2,raw_cusum,1969-07-01,0.0,11.95847882182717,0.0
2,raw_cusum,1969-08-01,0.0,11.95847882182717,0.0
2,raw_cusum,1969-09-01,0.4874669293943319,11.95847882182717,0.04076328909865899
2,raw_cusum,1969-10-01,0.0669182915295079,11.95847882182717,0.005595886611210577
2,raw_cusum,1969-11-01,0.3285642051239799,11.95847882182717,0.02747541807109022
2,raw_cusum,1969-12-01,0.0,11.95847882182717,0.0
2,raw_cusum,1970-01-01,1.395482496653486,11.95847882182717,0.11669398068476625
2,raw_cusum,1970-02-01,2.3369572096773963,11.95847882182717,0.195422615576479
2,raw_cusum,1970-03-01,2.824424139071728,11.95847882182717,0.23618590467513798
2,raw_cusum,1970-04-01,3.311891068466056,11.95847882182717,0.2769491937737966
2,raw_cusum,1970-05-01,3.7993579978603877,11.95847882182717,0.3177124828724556
2,raw_cusum,1970-06-01,3.832817143625144,11.95847882182717,0.3205104261780611
2,raw_cusum,1970-07-01,3.866276289389896,11.95847882182717,0.3233083694836662
2,raw_cusum,1970-08-01,3.899735435154648,11.95847882182717,0.3261063127892713
2,raw_cusum,1970-09-01,4.84121014817856,11.95847882182717,0.40483494768098427
2,raw_cusum,1970-10-01,4.874669293943312,11.95847882182717,0.4076328909865894
2,raw_cusum,1970-11-01,6.270151790596801,11.95847882182717,0.5243268716713558
2,raw_cusum,1970-12-01,6.757618719991129,11.95847882182717,0.5650901607700145
2,raw_cusum,1971-01-01,5.429054514867153,11.95847882182717,0.45399206669645903
2,raw_cusum,1971-02-01,5.008505877002329,11.95847882182717,0.4188246642090106
2,raw_cusum,1971-03-01,5.041965022767081,11.95847882182717,0.4216226075146157
2,raw_cusum,1971-04-01,4.167408601272681,11.95847882182717,0.3484898592341138
2,raw_cusum,1971-05-01,3.746859963407857,11.95847882182717,0.31332245674666537
2,raw_cusum,1971-06-01,3.3263113255430334,11.95847882182717,0.278155054259217
2,raw_cusum,1971-07-01,3.3597704713077854,11.95847882182717,0.2809529975648221
2,raw_cusum,1971-08-01,3.3932296170725373,11.95847882182717,0.28375094087042724
2,raw_cusum,1971-09-01,2.5186731955781374,11.95847882182717,0.21061819258992526
2,raw_cusum,1971-10-01,1.1901089904541575,11.95847882182717,0.09952009851636945
2,raw_cusum,1971-11-01,1.6775759198484894,11.95847882182717,0.14028338761502843
2,raw_cusum,1971-12-01,1.2570272819836654,11.95847882182717,0.10511598512758002
2,raw_cusum,1972-01-01,0.3285642051239799,11.95847882182717,0.02747541807109022
2,raw_cusum,1972-02-01,0.20312062661837982,11.95847882182717,0.016985490349126567
2,raw_cusum,1972-03-01,0.03345914576475206,11.95847882182717,0.002797943305605131
2,raw_cusum,1972-04-01,0.0,11.95847882182717,0.0
2,raw_cusum,1972-05-01,0.0,11.95847882182717,0.0
2,raw_cusum,1972-06-01,0.0,11.95847882182717,0.0
2,raw_cusum,1972-07-01,0.0,11.95847882182717,0.0
2,raw_cusum,1972-08-01,0.0,11.95847882182717,0.0
2,raw_cusum,1972-09-01,0.0,11.95847882182717,0.0
2,raw_cusum,1972-10-01,0.03345914576475206,11.95847882182717,0.002797943305605131
2,raw_cusum,1972-11-01,0.7825719887535558,11.95847882182717,0.06544076386414376
2,raw_cusum,1972-12-01,0.6571284102479558,11.95847882182717,0.054950836142180104
2,raw_cusum,1973-01-01,1.4397003990015116,11.95847882182717,0.12039160000632386
2,raw_var_cusum,1968-02-01,36.36523188845107,41.90986543937492,0.8677009937208106
2,raw_var_cusum,1968-03-01,37.174939375568385,41.90986543937492,0.8870212057670316
2,raw_var_cusum,1968-04-01,37.43842073355565,41.90986543937492,0.8933080634131962
2,raw_var_cusum,1968-05-01,38.38210821461052,41.90986543937492,0.9158251359726385
2,raw_var_cusum,1968-06-01,38.35701727796305,41.90986543937492,0.9152264478980189
2,raw_var_cusum,1968-07-01,39.30070475901792,41.90986543937492,0.9377435204574611
2,raw_var_cusum,1968-08-01,39.564186117005185,41.90986543937492,0.9440303781036259
2,raw_var_cusum,1968-09-01,40.37389360412249,41.90986543937492,0.9633505901498467
2,raw_var_cusum,1968-10-01,41.31758108517736,41.90986543937492,0.9858676627092889
2,raw_var_cusum,1968-11-01,42.261268566232225,41.90986543937492,1.0083847352687312
2,raw_var_cusum,1968-12-01,43.20495604728709,41.90986543937492,1.0309018078281735
2,raw_var_cusum,1969-01-01,44.14864352834196,41.90986543937492,1.0534188803876157
2,raw_var_cusum,1969-02-01,45.09233100939682,41.90986543937492,1.075935952947058
2,raw_var_cusum,1969-03-01,46.03601849045169,41.90986543937492,1.0984530255065001
2,raw_var_cusum,1969-04-01,46.979705971506554,41.90986543937492,1.1209700980659425
2,raw_var_cusum,1969-05-01,47.92339345256142,41.90986543937492,1.1434871706253846
2,raw_var_cusum,1969-06-01,48.58881479236136,41.90986543937492,1.1593646098112134
2,raw_var_cusum,1969-07-01,49.53250227341623,41.90986543937492,1.1818816823706557
2,raw_var_cusum,1969-08-01,50.47618975447109,41.90986543937492,1.2043987549300978
2,raw_var_cusum,1969-09-01,50.45109881782363,41.90986543937492,1.2038000668554782
2,raw_var_cusum,1969-10-01,51.39478629887849,41.90986543937492,1.2263171394149206
2,raw_var_cusum,1969-11-01,51.65826765686576,41.90986543937492,1.2326039970610851
2,raw_var_cusum,1969-12-01,52.601955137920626,41.90986543937492,1.2551210696205275
2,raw_var_cusum,1970-01-01,49.9591012428009,41.90986543937492,1.1920606453645066
2,raw_var_cusum,1970-02-01,48.831251894513535,41.90986543937492,1.1651493361426037
2,raw_var_cusum,1970-03-01,48.80616095786607,41.90986543937492,1.1645506480679841
2,raw_var_cusum,1970-04-01,48.78107002121861,41.90986543937492,1.1639519599933645
2,raw_var_cusum,1970-05-01,48.755979084571145,41.90986543937492,1.163353271918745
2,raw_var_cusum,1970-06-01,49.421400424371086,41.90986543937492,1.179230711104574
2,raw_var_cusum,1970-07-01,50.08682176417103,41.90986543937492,1.1951081502904026
2,raw_var_cusum,1970-08-01,50.75224310397097,41.90986543937492,1.2109855894762314
2,raw_var_cusum,1970-09-01,49.6243937556836,41.90986543937492,1.184074280254328
2,raw_var_cusum,1970-10-01,50.28981509548354,41.90986543937492,1.199951719440157
2,raw_var_cusum,1970-11-01,47.646961200363805,41.90986543937492,1.136891295184136
2,raw_var_cusum,1970-12-01,47.621870263716346,41.90986543937492,1.1362926071095165
2,raw_var_cusum,1971-01-01,47.88535162170362,41.90986543937492,1.1425794647556813
2,raw_var_cusum,1971-02-01,48.829039102758486,41.90986543937492,1.1650965373151236
2,raw_var_cusum,1971-03-01,49.49446044255843,41.90986543937492,1.1809739765009524
2,raw_var_cusum,1971-04-01,50.30416792967574,41.90986543937492,1.2002941885471734
2,raw_var_cusum,1971-05-01,51.24785541073061,41.90986543937492,1.2228112611066155
2,raw_var_cusum,1971-06-01,52.191542891785474,41.90986543937492,1.2453283336660579
2,raw_var_cusum,1971-07-01,52.856964231585415,41.90986543937492,1.2612057728518866
2,raw_var_cusum,1971-08-01,53.52238557138536,41.90986543937492,1.2770832120377154
2,raw_var_cusum,1971-09-01,54.33209305850267,41.90986543937492,1.2964034240839364
2,raw_var_cusum,1971-10-01,54.59557441648994,41.90986543937492,1.3026902817301012
2,raw_var_cusum,1971-11-01,54.57048347984247,41.90986543937492,1.3020915936554815
2,raw_var_cusum,1971-12-01,55.51417096089734,41.90986543937492,1.3246086662149237
2,raw_var_cusum,1972-01-01,55.777652318884606,41.90986543937492,1.3308955238610884
2,raw_var_cusum,1972-02-01,56.58735980600192,41.90986543937492,1.3502157359073095
2,raw_var_cusum,1972-03-01,57.25278114580186,41.90986543937492,1.3660931750931382
2,raw_var_cusum,1972-04-01,58.06248863291918,41.90986543937492,1.3854133871393592
2,raw_var_cusum,1972-05-01,59.00617611397404,41.90986543937492,1.4079304596988016
2,raw_var_cusum,1972-06-01,59.94986359502891,41.90986543937492,1.4304475322582437
2,raw_var_cusum,1972-07-01,60.759571082146216,41.90986543937492,1.4497677443044645
2,raw_var_cusum,1972-08-01,61.70325856320108,41.90986543937492,1.4722848168639069
2,raw_var_cusum,1972-09-01,62.5129660503184,41.90986543937492,1.491605028910128
2,raw_var_cusum,1972-10-01,63.17838739011834,41.90986543937492,1.5074824680959567
2,raw_var_cusum,1972-11-01,62.48339648378309,41.90986543937492,1.4908994774552304
2,raw_var_cusum,1972-12-01,63.293103970900404,41.90986543937492,1.5102196895014515
2,raw_var_cusum,1973-01-01,62.598113064565155,41.90986543937492,1.4936366988607253
3,lsc_composite,1973-02-01,3.330731008269799,13.347044899361553,0.2495481983752915
3,lsc_composite,1973-03-01,3.0796126720641426,13.347044899361553,0.23073367140702838
3,lsc_composite,1973-04-01,3.345149658639366,13.347044899361553,0.25062848622015044
3,lsc_composite,1973-05-01,2.5041545808446393,13.347044899361553,0.18761865264755526
3,lsc_composite,1973-06-01,2.9807855326728596,13.347044899361553,0.2233292504182288
3,lsc_composite,1973-07-01,2.7598495222533366,13.347044899361553,0.2067760723862817
3,lsc_composite,1973-08-01,2.788540540265565,13.347044899361553,0.20892568814232076
3,lsc_composite,1973-09-01,2.3750204179543806,13.347044899361553,0.17794354000172638
3,lsc_composite,1973-10-01,2.199881802982531,13.347044899361553,0.16482163801574992
3,lsc_composite,1973-11-01,2.2845356006874704,13.347044899361553,0.17116415041030916
3,lsc_composite,1973-12-01,2.4864771769109395,13.347044899361553,0.18629420936688978
3,lsc_composite,1974-01-01,2.3826939442852413,13.347044899361553,0.17851846324419093
3,lsc_composite,1974-02-01,2.4716610437373108,13.347044899361553,0.18518414093711044
3,lsc_composite,1974-03-01,2.1888398126476605,13.347044899361553,0.1639943395074937
3,lsc_composite,1974-04-01,2.399165726506965,13.347044899361553,0.17975257778759157
3,lsc_composite,1974-05-01,1.965629665271523,13.347044899361553,0.14727077642224368
3,lsc_composite,1974-06-01,2.183227843200586,13.347044899361553,0.1635738741918085
3,lsc_composite,1974-07-01,2.1218545541352567,13.347044899361553,0.15897560622102608
3,lsc_composite,1974-08-01,1.9772187100997083,13.347044899361553,0.14813906186786616
3,lsc_composite,1974-09-01,2.8420604686508226,13.347044899361553,0.21293555915038323
3,lsc_composite,1974-10-01,3.818061351855921,13.347044899361553,0.286060426157595
3,lsc_composite,1974-11-01,8.109025870016387,13.347044899361553,0.6075521533912183
3,lsc_composite,1974-12-01,12.83179930900123,13.347044899361553,0.9613962795326351
3,lsc_composite,1975-01-01,21.923067070601647,13.347044899361553,1.6425408947002436
3,lsc_composite,1975-02-01,26.14516926860532,13.347044899361553,1.9588732536485254
3,lsc_composite,1975-03-01,26.864217085695643,13.347044899361553,2.012746438500456
3,lsc_composite,1975-04-01,27.704931180967883,13.347044899361553,2.0757352200330974
3,lsc_composite,1975-05-01,28.921654156248525,13.347044899361553,2.1668956967120097
3,lsc_composite,1975-06-01,37.25963905180909,13.347044899361553,2.7916021361096477
3,lsc_composite,1975-07-01,27.89773591628585,13.347044899361553,2.090180719900052
3,lsc_composite,1975-08-01,29.699646367285748,13.347044899361553,2.2251851695431406
3,lsc_composite,1975-09-01,20.65446843062961,13.347044899361553,1.5474937401025453
3,lsc_composite,1975-10-01,26.12812673045026,13.347044899361553,1.957596376385913
3,lsc_composite,1975-11-01,21.246732258949756,13.347044899361553,1.5918678942906739
3,lsc_composite,1975-12-01,22.946119822135785,13.347044899361553,1.7191910265644943
3,lsc_composite,1976-01-01,21.719707545636386,13.347044899361553,1.627304598838604
3,lsc_composite,1976-02-01,21.366405674441275,13.347044899361553,1.600834179816337
3,lsc_composite,1976-03-01,20.04685544452754,13.347044899361553,1.5019695817076684
3,lsc_composite,1976-04-01,20.34492619224382,13.347044899361553,1.5243019219345704
3,lsc_composite,1976-05-01,24.808030098076404,13.347044899361553,1.8586908401921298
3,lsc_composite,1976-06-01,26.02304862015569,13.347044899361553,1.9497236142062044
3,lsc_composite,1976-07-01,23.37376522821428,13.347044899361553,1.7512314826581836
3,lsc_composite,1976-08-01,24.987628061003242,13.347044899361553,1.8721468496894402
3,lsc_composite,1976-09-01,26.950172016076895,13.347044899361553,2.0191864355956457
3,lsc_composite,1976-10-01,29.69364912407697,13.347044899361553,2.2247358383800258
3,lsc_composite,1976-11-01,35.65092098059259,13.347044899361553,2.6710722298010645
3,lsc_composite,1976-12-01,34.80258209100868,13.347044899361553,2.6075121761726776
3,lsc_composite,1977-01-01,48.70697261188125,13.347044899361553,3.6492701552394653
3,lsc_composite,1977-02-01,31.145674370313294,13.347044899361553,2.3335258557347873
3,lsc_composite,1977-03-01,28.511512315897097,13.347044899361553,2.1361666594274307
3,lsc_composite,1977-04-01,26.032723170553965,13.347044899361553,1.9504484600781722
3,lsc_composite,1977-05-01,26.308612093126996,13.347044899361553,1.9711188724918016
3,lsc_composite,1977-06-01,27.43425503113432,13.347044899361553,2.0554553639395206
3,lsc_composite,1977-07-01,26.799126211576862,13.347044899361553,2.0078696380843657
3,lsc_composite,1977-08-01,29.242767515692815,13.347044899361553,2.190954457423877
3,lsc_composite,1977-09-01,25.28695176015461,13.347044899361553,1.8945730647361647
3,lsc_composite,1977-10-01,27.16661038507106,13.347044899361553,2.035402637056429
3,lsc_composite,1977-11-01,26.102345914435112,13.347044899361553,1.9556648015534661
3,lsc_composite,1977-12-01,28.013715149858292,13.347044899361553,2.098870226412313
3,lsc_composite,1978-01-01,25.306753759971425,13.347044899361553,1.8960566890115098
3,lsc_tail_cusum,1973-02-01,1.3999999999999997,6.000000000000004,0.23333333333333311
3,lsc_tail_cusum,1973-03-01,1.2499999999999996,6.000000000000004,0.2083333333333331
3,lsc_tail_cusum,1973-04-01,1.0999999999999994,6.000000000000004,0.1833333333333331
3,lsc_tail_cusum,1973-05-01,0.9499999999999994,6.000000000000004,0.1583333333333331
3,lsc_tail_cusum,1973-06-01,0.9200000000000043,6.000000000000004,0.15333333333333393
3,lsc_tail_cusum,1973-07-01,1.0000000000000042,6.000000000000004,0.16666666666666724
3,lsc_tail_cusum,1973-08-01,1.0800000000000043,6.000000000000004,0.18000000000000058
3,lsc_tail_cusum,1973-09-01,1.1600000000000044,6.000000000000004,0.1933333333333339
3,lsc_tail_cusum,1973-10-01,1.2400000000000044,6.000000000000004,0.20666666666666725
3,lsc_tail_cusum,1973-11-01,1.3200000000000045,6.000000000000004,0.22000000000000058
3,lsc_tail_cusum,1973-12-01,1.4000000000000046,6.000000000000004,0.23333333333333392
3,lsc_tail_cusum,1974-01-01,1.4800000000000046,6.000000000000004,0.24666666666666726
3,lsc_tail_cusum,1974-02-01,1.5600000000000047,6.000000000000004,0.2600000000000006
3,lsc_tail_cusum,1974-03-01,1.6400000000000048,6.000000000000004,0.2733333333333339
3,lsc_tail_cusum,1974-04-01,1.7200000000000049,6.000000000000004,0.2866666666666673
3,lsc_tail_cusum,1974-05-01,1.800000000000005,6.000000000000004,0.3000000000000006
3,lsc_tail_cusum,1974-06-01,0.880000000000005,6.000000000000004,0.1466666666666674
3,lsc_tail_cusum,1974-07-01,0.960000000000005,6.000000000000004,0.1600000000000007
3,lsc_tail_cusum,1974-08-01,1.040000000000005,6.000000000000004,0.17333333333333403
3,lsc_tail_cusum,1974-09-01,1.3999999999999997,6.000000000000004,0.23333333333333311
3,lsc_tail_cusum,1974-10-01,1.2499999999999996,6.000000000000004,0.2083333333333331
3,lsc_tail_cusum,1974-11-01,2.0999999999999996,6.000000000000004,0.3499999999999997
3,lsc_tail_cusum,1974-12-01,2.9499999999999997,6.000000000000004,0.49166666666666625
3,lsc_tail_cusum,1975-01-01,3.8,6.000000000000004,0.6333333333333329
3,lsc_tail_cusum,1975-02-01,3.65,6.000000000000004,0.6083333333333328
3,lsc_tail_cusum,1975-03-01,4.500000000000001,6.000000000000004,0.7499999999999996
3,lsc_tail_cusum,1975-04-01,5.350000000000001,6.000000000000004,0.8916666666666663
3,lsc_tail_cusum,1975-05-01,5.200000000000002,6.000000000000004,0.8666666666666664
3,lsc_tail_cusum,1975-06-01,5.0500000000000025,6.000000000000004,0.8416666666666665
3,lsc_tail_cusum,1975-07-01,5.900000000000003,6.000000000000004,0.9833333333333331
3,lsc_tail_cusum,1975-08-01,5.7500000000000036,6.000000000000004,0.9583333333333333
3,lsc_tail_cusum,1975-09-01,5.600000000000004,6.000000000000004,0.9333333333333333
3,lsc_tail_cusum,1975-10-01,5.450000000000005,6.000000000000004,0.9083333333333334
3,lsc_tail_cusum,1975-11-01,5.300000000000005,6.000000000000004,0.8833333333333335
3,lsc_tail_cusum,1975-12-01,5.150000000000006,6.000000000000004,0.8583333333333336
3,lsc_tail_cusum,1976-01-01,6.000000000000006,6.000000000000004,1.0000000000000002
3,lsc_tail_cusum,1976-02-01,5.850000000000007,6.000000000000004,0.9750000000000004
3,lsc_tail_cusum,1976-03-01,5.700000000000007,6.000000000000004,0.9500000000000005
3,lsc_tail_cusum,1976-04-01,5.550000000000008,6.000000000000004,0.9250000000000006
3,lsc_tail_cusum,1976-05-01,6.400000000000008,6.000000000000004,1.0666666666666673
3,lsc_tail_cusum,1976-06-01,6.250000000000009,6.000000000000004,1.0416666666666674
3,lsc_tail_cusum,1976-07-01,7.100000000000009,6.000000000000004,1.183333333333334
3,lsc_tail_cusum,1976-08-01,6.95000000000001,6.000000000000004,1.158333333333334
3,lsc_tail_cusum,1976-09-01,6.8000000000000105,6.000000000000004,1.1333333333333342
3,lsc_tail_cusum,1976-10-01,6.650000000000011,6.000000000000004,1.1083333333333343
3,lsc_tail_cusum,1976-11-01,6.5000000000000115,6.000000000000004,1.0833333333333344
3,lsc_tail_cusum,1976-12-01,6.350000000000012,6.000000000000004,1.0583333333333345
3,lsc_tail_cusum,1977-01-01,7.200000000000013,6.000000000000004,1.2000000000000013
3,lsc_tail_cusum,1977-02-01,7.050000000000013,6.000000000000004,1.1750000000000014
3,lsc_tail_cusum,1977-03-01,6.900000000000014,6.000000000000004,1.1500000000000015
3,lsc_tail_cusum,1977-04-01,7.750000000000014,6.000000000000004,1.291666666666668
3,lsc_tail_cusum,1977-05-01,7.600000000000015,6.000000000000004,1.2666666666666682
3,lsc_tail_cusum,1977-06-01,7.450000000000015,6.000000000000004,1.2416666666666683
3,lsc_tail_cusum,1977-07-01,8.300000000000015,6.000000000000004,1.3833333333333349
3,lsc_tail_cusum,1977-08-01,8.150000000000015,6.000000000000004,1.3583333333333347
3,lsc_tail_cusum,1977-09-01,8.000000000000014,6.000000000000004,1.3333333333333348
3,lsc_tail_cusum,1977-10-01,7.850000000000015,6.000000000000004,1.308333333333335
3,lsc_tail_cusum,1977-11-01,7.700000000000015,6.000000000000004,1.283333333333335
3,lsc_tail_cusum,1977-12-01,8.550000000000015,6.000000000000004,1.4250000000000014
3,lsc_tail_cusum,1978-01-01,8.400000000000015,6.000000000000004,1.4000000000000015
3,lsc_kalman_cusum,1973-02-01,2.405248057557781,5.744035447587282,0.418738372961831
3,lsc_kalman_cusum,1973-03-01,2.3053418361423543,5.744035447587282,0.40134533590155463
3,lsc_kalman_cusum,1973-04-01,1.3939220864639275,5.744035447587282,0.24267296035741368
3,lsc_kalman_cusum,1973-05-01,1.3135882211646552,5.744035447587282,0.22868734588266046
3,lsc_kalman_cusum,1973-06-01,1.068733872273103,5.744035447587282,0.1860597626921005
3,lsc_kalman_cusum,1973-07-01,1.0637794911904415,5.744035447587282,0.1851972364894214
3,lsc_kalman_cusum,1973-08-01,0.7640417027702555,5.744035447587282,0.13301479591167611
3,lsc_kalman_cusum,1973-09-01,0.11823175072112557,5.744035447587282,0.020583395036461255
3,lsc_kalman_cusum,1973-10-01,1.086027152857286,5.744035447587282,0.18907041273804456
3,lsc_kalman_cusum,1973-11-01,0.8089215569469712,5.744035447587282,0.1408280927804423
3,lsc_kalman_cusum,1973-12-01,1.158123098872796,5.744035447587282,0.2016218579151096
3,lsc_kalman_cusum,1974-01-01,1.9621579661441704,5.744035447587282,0.3415992091358616
3,lsc_kalman_cusum,1974-02-01,2.314917483294856,5.744035447587282,0.40301239510407466
3,lsc_kalman_cusum,1974-03-01,1.0739139888154106,5.744035447587282,0.18696158800107965
3,lsc_kalman_cusum,1974-04-01,0.5527325222193973,5.744035447587282,0.09622721295210085
3,lsc_kalman_cusum,1974-05-01,0.06815464606558297,5.744035447587282,0.011865289949457148
3,lsc_kalman_cusum,1974-06-01,1.5993736890662311,5.744035447587282,0.27844077629047886
3,lsc_kalman_cusum,1974-07-01,1.983376452259078,5.744035447587282,0.3452932124735012
3,lsc_kalman_cusum,1974-08-01,1.400440839803197,5.744035447587282,0.2438078338098412
3,lsc_kalman_cusum,1974-09-01,3.684089616082609,5.744035447587282,0.6413765461057643
3,lsc_kalman_cusum,1974-10-01,4.080954456415573,5.744035447587282,0.7104681880279364
3,lsc_kalman_cusum,1974-11-01,7.573549661761346,5.744035447587282,1.3185067764410352
3,lsc_kalman_cusum,1974-12-01,11.615671209440162,5.744035447587282,2.022214402301294
3,lsc_kalman_cusum,1975-01-01,17.30013309019002,5.744035447587282,3.0118430236109957
3,lsc_kalman_cusum,1975-02-01,17.343579060098204,5.744035447587282,3.0194066903579397
3,lsc_kalman_cusum,1975-03-01,19.851978361136744,5.744035447587282,3.4561030380610456
3,lsc_kalman_cusum,1975-04-01,21.326721908756845,5.744035447587282,3.712846500227448
3,lsc_kalman_cusum,1975-05-01,21.871957604045637,5.744035447587282,3.80776856334212
3,lsc_kalman_cusum,1975-06-01,20.370699735156727,5.744035447587282,3.5464091266555835
3,lsc_kalman_cusum,1975-07-01,18.11667380422361,5.744035447587282,3.153997563130171
3,lsc_kalman_cusum,1975-08-01,16.410734674913762,5.744035447587282,2.85700442217969
3,lsc_kalman_cusum,1975-09-01,15.667368062294734,5.744035447587282,2.727589027828099
3,lsc_kalman_cusum,1975-10-01,15.344562121205827,5.744035447587282,2.671390568742249
3,lsc_kalman_cusum,1975-11-01,14.03473204100854,5.744035447587282,2.443357491274479
3,lsc_kalman_cusum,1975-12-01,12.882846941054376,5.744035447587282,2.242821629254686
3,lsc_kalman_cusum,1976-01-01,10.254330983362514,5.744035447587282,1.785213736393241
3,lsc_kalman_cusum,1976-02-01,8.260353696260996,5.744035447587282,1.4380749860676199
3,lsc_kalman_cusum,1976-03-01,7.045890340473184,5.744035447587282,1.226644648133697
3,lsc_kalman_cusum,1976-04-01,7.186201065718616,5.744035447587282,1.2510718520612716
3,lsc_kalman_cusum,1976-05-01,5.133708968377202,5.744035447587282,0.8937460458280352
3,lsc_kalman_cusum,1976-06-01,5.336067669610149,5.744035447587282,0.9289754073247414
3,lsc_kalman_cusum,1976-07-01,6.519787881181189,5.744035447587282,1.135053559587581
3,lsc_kalman_cusum,1976-08-01,5.915284388177618,5.744035447587282,1.0298133502400768
3,lsc_kalman_cusum,1976-09-01,4.129741000200607,5.744035447587282,0.7189616146841953
3,lsc_kalman_cusum,1976-10-01,4.12514980408671,5.744035447587282,0.7181623166722331
3,lsc_kalman_cusum,1976-11-01,4.505963521479449,5.744035447587282,0.7844595602856401
3,lsc_kalman_cusum,1976-12-01,3.9253498379163325,5.744035447587282,0.6833784146588322
3,lsc_kalman_cusum,1977-01-01,1.4837533822484377,5.744035447587282,0.2583120170109103
3,lsc_kalman_cusum,1977-02-01,1.3846660514943188,5.744035447587282,0.24106154360101176
3,lsc_kalman_cusum,1977-03-01,1.164209960758694,5.744035447587282,0.2026815418152942
3,lsc_kalman_cusum,1977-04-01,2.3292129271802873,5.744035447587282,0.40550114086754935
3,lsc_kalman_cusum,1977-05-01,3.099969248332259,5.744035447587282,0.5396849090884992
3,lsc_kalman_cusum,1977-06-01,1.4345108975661442,5.744035447587282,0.2497392139473468
3,lsc_kalman_cusum,1977-07-01,2.704118242112334,5.744035447587282,0.4707697692304752
3,lsc_kalman_cusum,1977-08-01,1.91696734528835,5.744035447587282,0.33373180976686884
3,lsc_kalman_cusum,1977-09-01,2.4269698655828575,5.744035447587282,0.42252000143945473
3,lsc_kalman_cusum,1977-10-01,2.3129969798502965,5.744035447587282,0.4026780476819385
3,lsc_kalman_cusum,1977-11-01,1.531932496556271,5.744035447587282,0.2666996940626023
3,lsc_kalman_cusum,1977-12-01,3.959837949762189,5.744035447587282,0.6893825753504838
3,lsc_kalman_cusum,1978-01-01,3.570854259137281,5.744035447587282,0.6216629914143685
3,raw_cusum,1973-02-01,0.21416276954884284,5.955664389342495,0.03595950939278605
3,raw_cusum,1973-03-01,0.1248924233552372,5.955664389342495,0.020970359508290782
3,raw_cusum,1973-04-01,0.21416276954884284,5.955664389342495,0.03595950939278605
3,raw_cusum,1973-05-01,0.1248924233552372,5.955664389342495,0.020970359508290782
3,raw_cusum,1973-06-01,0.0,5.955664389342495,0.0
3,raw_cusum,1973-07-01,0.1248924233552432,5.955664389342495,0.020970359508291788
3,raw_cusum,1973-08-01,0.0,5.955664389342495,0.0
3,raw_cusum,1973-09-01,0.0,5.955664389342495,0.0
3,raw_cusum,1973-10-01,0.7944200198072833,5.955664389342495,0.13338898364200594
3,raw_cusum,1973-11-01,0.8836903660008888,5.955664389342495,0.14837813352650117
3,raw_cusum,1973-12-01,1.0978531355497376,5.955664389342495,0.18433764291928822
3,raw_cusum,1974-01-01,1.9815435015506204,5.955664389342495,0.3327157764457884
3,raw_cusum,1974-02-01,2.1957062710994695,5.955664389342495,0.3686752858385755
3,raw_cusum,1974-03-01,1.0708138477442262,5.955664389342495,0.17979754696393227
3,raw_cusum,1974-04-01,0.615449020841029,5.955664389342495,0.10333843222300419
3,raw_cusum,1974-05-01,0.1600841939378319,5.955664389342495,0.02687931748207612
3,raw_cusum,1974-06-01,1.7133021563907667,5.955664389342495,0.28767607514229243
3,raw_cusum,1974-07-01,1.9274649259396095,5.955664389342495,0.32363558453507846
3,raw_cusum,1974-08-01,1.4721000990364124,5.955664389342495,0.2471764697941504
3,raw_cusum,1974-09-01,3.6948456579413875,5.955664389342495,0.6203918515880809
3,raw_cusum,1974-10-01,3.90900842749023,5.955664389342495,0.6563513609808669
3,raw_cusum,1974-11-01,7.470809179299285,5.955664389342495,1.2544039910422256
3,raw_cusum,1974-12-01,11.032609931108347,5.955664389342495,1.8524566211035856
3,raw_cusum,1975-01-01,16.60299347227353,5.955664389342495,2.787765123566088
3,raw_cusum,1975-02-01,16.147628645370332,5.955664389342495,2.7113060088251597
3,raw_cusum,1975-03-01,19.039901800727346,5.955664389342495,3.1969400147528044
3,raw_cusum,1975-04-01,19.92359216672824,5.955664389342495,3.3453181482793064
3,raw_cusum,1975-05-01,20.807282532729126,5.955664389342495,3.493696281805807
3,raw_cusum,1975-06-01,19.01286251292185,5.955664389342495,3.1923999187974506
3,raw_cusum,1975-07-01,17.21844249311456,5.955664389342495,2.8911035557890923
3,raw_cusum,1975-08-01,15.424022473307282,5.955664389342495,2.589807192780736
3,raw_cusum,1975-09-01,14.968657646404084,5.955664389342495,2.5133480780398076
3,raw_cusum,1975-10-01,14.513292819500887,5.955664389342495,2.4368889632988795
3,raw_cusum,1975-11-01,13.388400396145649,5.955664389342495,2.2480112244242374
3,raw_cusum,1975-12-01,12.2635079727904,5.955664389342495,2.059133485549593
3,raw_cusum,1976-01-01,9.799560356531082,5.955664389342495,1.6454184984075224
3,raw_cusum,1976-02-01,8.005140336723798,5.955664389342495,1.344122135399165
3,raw_cusum,1976-03-01,6.880247913368555,5.955664389342495,1.1552443965245218
3,raw_cusum,1976-04-01,7.094410682917403,5.955664389342495,1.1912039059173087
3,raw_cusum,1976-05-01,4.630463066658081,5.955664389342495,0.7774889187752374
3,raw_cusum,1976-06-01,5.514153432658963,5.955664389342495,0.9258670523017375
3,raw_cusum,1976-07-01,6.397843798659852,5.955664389342495,1.0742451858282387
3,raw_cusum,1976-08-01,5.942478971756655,5.955664389342495,0.9977860710873107
3,raw_cusum,1976-09-01,4.148058951949372,5.955664389342495,0.6964897080789533
3,raw_cusum,1976-10-01,4.36222172149822,5.955664389342495,0.7324492174717403
3,raw_cusum,1976-11-01,4.5763844910470635,5.955664389342495,0.7684087268645264
3,raw_cusum,1976-12-01,4.121019664143867,5.955664389342495,0.6919496121235984
3,raw_cusum,1977-01-01,1.6570720478845433,5.955664389342495,0.2782346249815269
3,raw_cusum,1977-02-01,1.8712348174333862,5.955664389342495,0.31419413437431293
3,raw_cusum,1977-03-01,1.0442048665177577,5.955664389342495,0.1753297026585875
3,raw_cusum,1977-04-01,1.8386248863250412,5.955664389342495,0.30871868630059346
3,raw_cusum,1977-05-01,2.6330449061323247,5.955664389342495,0.4421076699425994
3,raw_cusum,1977-06-01,0.8836903660008888,5.955664389342495,0.14837813352650117
3,raw_cusum,1977-07-01,2.213302156390759,5.955664389342495,0.3716297648254669
3,raw_cusum,1977-08-01,0.9991393868419163,5.955664389342495,0.1677628760663294
3,raw_cusum,1977-09-01,1.7935594066491998,5.955664389342495,0.30115185970833536
3,raw_cusum,1977-10-01,1.248924233552397,5.955664389342495,0.209703595082912
3,raw_cusum,1977-11-01,0.704289060455594,5.955664389342495,0.11825533045748865
3,raw_cusum,1977-12-01,2.8377642731669575,5.955664389342495,0.47648156236692285
3,raw_cusum,1978-01-01,2.293129100070155,5.955664389342495,0.3850332977414995
3,raw_var_cusum,1973-02-01,13.519504436631463,37.63224661549242,0.3592531845033605
3,raw_var_cusum,1973-03-01,12.859994977398243,37.63224661549242,0.3417280692485696
3,raw_var_cusum,1973-04-01,12.320023438807915,37.63224661549242,0.32737942979295886
3,raw_var_cusum,1973-05-01,12.382672024108441,37.63224661549242,0.32904418783785155
3,raw_var_cusum,1973-06-01,13.33067972543106,37.63224661549242,0.35423555392898315
3,raw_var_cusum,1973-07-01,13.890189184664269,37.63224661549242,0.36910337367277896
3,raw_var_cusum,1973-08-01,14.838196885986887,37.63224661549242,0.39429473976391055
3,raw_var_cusum,1973-09-01,15.786204587309506,37.63224661549242,0.41948610585504215
3,raw_var_cusum,1973-10-01,15.060681399631617,37.63224661549242,0.40020681075765074
3,raw_var_cusum,1973-11-01,14.096082370667943,37.63224661549242,0.3745745640618989
3,raw_var_cusum,1973-12-01,14.53605390925826,37.63224661549242,0.38626590800651445
3,raw_var_cusum,1974-01-01,13.571454880294603,37.63224661549242,0.3606336613107631
3,raw_var_cusum,1974-02-01,14.01142641888492,37.63224661549242,0.37232500525537865
3,raw_var_cusum,1974-03-01,14.570935878118132,37.63224661549242,0.38719282499917446
3,raw_var_cusum,1974-04-01,15.51894357944075,37.63224661549242,0.41238419109030605
3,raw_var_cusum,1974-05-01,16.466951280763368,37.63224661549242,0.4375755571814377
3,raw_var_cusum,1974-06-01,13.201247279423987,37.63224661549242,0.35079615135146636
3,raw_var_cusum,1974-07-01,13.641218818014313,37.63224661549242,0.36248749529608215
3,raw_var_cusum,1974-08-01,14.58922651933693,37.63224661549242,0.3876788613872138
3,raw_var_cusum,1974-09-01,14.317302862882954,37.63224661549242,0.38045304627092913
3,raw_var_cusum,1974-10-01,13.777331324292627,37.63224661549242,0.3661044068153184
3,raw_var_cusum,1974-11-01,29.22555667168923,37.63224661549242,0.7766094055000604
3,raw_var_cusum,1974-12-01,44.67378201908589,37.63224661549242,1.187114404184804
3,raw_var_cusum,1975-01-01,80.47333835593503,37.63224661549242,2.1384144076799765
3,raw_var_cusum,1975-02-01,79.42533065461241,37.63224661549242,2.11056574607785
3,raw_var_cusum,1975-03-01,89.88284781516825,37.63224661549242,2.388452880146819
3,raw_var_cusum,1975-04-01,90.74744684413194,37.63224661549242,2.4114278313315762
3,raw_var_cusum,1975-05-01,91.6120458730956,37.63224661549242,2.434402782516333
3,raw_var_cusum,1975-06-01,92.23756906077347,37.63224661549242,2.451024782102729
3,raw_var_cusum,1975-07-01,92.86309224845137,37.63224661549242,2.4676467816891257
3,raw_var_cusum,1975-08-01,93.48861543612924,37.63224661549242,2.4842687812755218
3,raw_var_cusum,1975-09-01,92.44060773480662,37.63224661549242,2.4564201196733952
3,raw_var_cusum,1975-10-01,91.392600033484,37.63224661549242,2.4285714580712687
3,raw_var_cusum,1975-11-01,90.73309057425078,37.63224661549242,2.411046342816478
3,raw_var_cusum,1975-12-01,90.07358111501757,37.63224661549242,2.3935212275616875
3,raw_var_cusum,1976-01-01,92.88067135442823,37.63224661549242,2.468113910483122
3,raw_var_cusum,1976-02-01,93.50619454210612,37.63224661549242,2.4847359100695185
3,raw_var_cusum,1976-03-01,92.84668508287291,37.63224661549242,2.467210794814728
3,raw_var_cusum,1976-04-01,92.3067135442826,37.63224661549242,2.4528621553591177
3,raw_var_cusum,1976-05-01,95.11380378369329,37.63224661549242,2.527454838280553
3,raw_var_cusum,1976-06-01,95.97840281265694,37.63224661549242,2.5504297894653094
3,raw_var_cusum,1976-07-01,96.84300184162062,37.63224661549242,2.5734047406500666
3,raw_var_cusum,1976-08-01,95.794994140298,37.63224661549242,2.54555607904794
3,raw_var_cusum,1976-09-01,96.42051732797589,37.63224661549242,2.5621780786343367
3,raw_var_cusum,1976-10-01,95.88054578938558,37.63224661549242,2.5478294391787264
3,raw_var_cusum,1976-11-01,95.34057425079526,37.63224661549242,2.5334807997231157
3,raw_var_cusum,1976-12-01,94.29256654947264,37.63224661549242,2.505632138120989
3,raw_var_cusum,1977-01-01,97.09965678888332,37.63224661549242,2.5802248210424246
3,raw_var_cusum,1977-02-01,96.559685250293,37.63224661549242,2.5658761815868143
3,raw_var_cusum,1977-03-01,97.18520843797087,37.63224661549242,2.5824981811732104
3,raw_var_cusum,1977-04-01,97.81073162564876,37.63224661549242,2.5991201807596065
3,raw_var_cusum,1977-05-01,98.43625481332664,37.63224661549242,2.615742180346003
3,raw_var_cusum,1977-06-01,99.30085384229032,37.63224661549242,2.6387171315307603
3,raw_var_cusum,1977-07-01,102.107944081701,37.63224661549242,2.7133098144521957
3,raw_var_cusum,1977-08-01,101.56797254311068,37.63224661549242,2.698961174996585
3,raw_var_cusum,1977-09-01,102.19349573078857,37.63224661549242,2.7155831745829815
3,raw_var_cusum,1977-10-01,101.14548802946595,37.63224661549242,2.687734512980855
3,raw_var_cusum,1977-11-01,100.09748032814333,37.63224661549242,2.6598858513787285
3,raw_var_cusum,1977-12-01,105.9826720241085,37.63224661549242,2.816272786129054
3,raw_var_cusum,1978-01-01,104.93466432278588,37.63224661549242,2.7884241245269275
4,lsc_composite,1978-02-01,7.668911967686913,11.11031194193402,0.6902517236029966
4,lsc_composite,1978-03-01,6.528526273277729,11.11031194193402,0.5876096285502925
4,lsc_composite,1978-04-01,5.67836765870661,11.11031194193402,0.5110898495364975
4,lsc_composite,1978-05-01,5.255295731547779,11.11031194193402,0.4730106372362545
4,lsc_composite,1978-06-01,5.6810222406902895,11.11031194193402,0.5113287791000916
4,lsc_composite,1978-07-01,6.7526960593815915,11.11031194193402,0.6077863605156455
4,lsc_composite,1978-08-01,6.06521264836135,11.11031194193402,0.5459084029377443
4,lsc_composite,1978-09-01,4.801584852264592,11.11031194193402,0.4321737208963333
4,lsc_composite,1978-10-01,4.253547770632913,11.11031194193402,0.3828468357021198
4,lsc_composite,1978-11-01,4.282556105958659,11.11031194193402,0.38545777367374046
4,lsc_composite,1978-12-01,4.3335060555733405,11.11031194193402,0.3900435989755827
4,lsc_composite,1979-01-01,4.4285167945681225,11.11031194193402,0.3985951805595507
4,lsc_composite,1979-02-01,4.50270858961878,11.11031194193402,0.4052729224122013
4,lsc_composite,1979-03-01,4.287244876431929,11.11031194193402,0.38587979337019673
4,lsc_composite,1979-04-01,3.833322511973888,11.11031194193402,0.3450238419954395
4,lsc_composite,1979-05-01,3.3160256518194258,11.11031194193402,0.29846377573825267
4,lsc_composite,1979-06-01,3.8355471578231937,11.11031194193402,0.34522407452364684
4,lsc_composite,1979-07-01,3.264193234361596,11.11031194193402,0.2937985226176632
4,lsc_composite,1979-08-01,4.6663845424210715,11.11031194193402,0.4200048177593089
4,lsc_composite,1979-09-01,3.9390177031131826,11.11031194193402,0.35453709344073564
4,lsc_composite,1979-10-01,4.165322738000058,11.11031194193402,0.3749060116195966
4,lsc_composite,1979-11-01,4.2135619838721725,11.11031194193402,0.3792478560362275
4,lsc_composite,1979-12-01,3.381864680263713,11.11031194193402,0.3043897145227245
4,lsc_composite,1980-01-01,3.3278322945648657,11.11031194193402,0.29952645001843
4,lsc_composite,1980-02-01,3.2803013305090785,11.11031194193402,0.2952483555504979
4,lsc_composite,1980-03-01,3.293358399177375,11.11031194193402,0.29642357625865956
4,lsc_composite,1980-04-01,5.354334402042045,11.11031194193402,0.481924758730941
4,lsc_composite,1980-05-01,5.703078057060502,11.11031194193402,0.5133139453569422
4,lsc_composite,1980-06-01,4.651748236498282,11.11031194193402,0.4186874554746779
4,lsc_composite,1980-07-01,5.221224541507211,11.11031194193402,0.4699440095647152
4,lsc_composite,1980-08-01,4.80918067344251,11.11031194193402,0.4328573939756866
4,lsc_composite,1980-09-01,4.6170945080341275,11.11031194193402,0.4155683955738159
4,lsc_composite,1980-10-01,4.797084787718835,11.11031194193402,0.4317686859549855
4,lsc_composite,1980-11-01,4.7750319419638005,11.11031194193402,0.42978378707273185
4,lsc_composite,1980-12-01,5.272103126531908,11.11031194193402,0.4745234115914634
4,lsc_composite,1981-01-01,5.9478180002466665,11.11031194193402,0.5353421246254679
4,lsc_composite,1981-02-01,5.058409309409549,11.11031194193402,0.4552895846531029
4,lsc_composite,1981-03-01,5.097342872758954,11.11031194193402,0.45879385740015843
4,lsc_composite,1981-04-01,5.004177364866346,11.11031194193402,0.45040835856092515
4,lsc_composite,1981-05-01,6.106346124847355,11.11031194193402,0.5496106821087506
4,lsc_composite,1981-06-01,5.381780356863303,11.11031194193402,0.4843950723427189
4,lsc_composite,1981-07-01,5.559908722343484,11.11031194193402,0.5004277783919401
4,lsc_composite,1981-08-01,5.813037749165614,11.11031194193402,0.5232110294964152
4,lsc_composite,1981-09-01,6.035001536995858,11.11031194193402,0.543189207336092
4,lsc_composite,1981-10-01,5.664664092028936,11.11031194193402,0.5098564398222345
4,lsc_composite,1981-11-01,6.521629617582999,11.11031194193402,0.5869888848906388
4,lsc_composite,1981-12-01,7.004288046543846,11.11031194193402,0.6304312681003428
4,lsc_composite,1982-01-01,6.823201553296375,11.11031194193402,0.6141323114019273
4,lsc_composite,1982-02-01,6.908659769183574,11.11031194193402,0.6218241040657004
4,lsc_composite,1982-03-01,6.662501441413458,11.11031194193402,0.5996682610023717
4,lsc_composite,1982-04-01,6.309798358294076,11.11031194193402,0.5679227002149952
4,lsc_composite,1982-05-01,6.344002872799505,11.11031194193402,0.5710013279514794
4,lsc_composite,1982-06-01,7.107369746583417,11.11031194193402,0.6397092884276124
4,lsc_composite,1982-07-01,6.6765848720390455,11.11031194193402,0.600935860931086
4,lsc_composite,1982-08-01,6.262429003738312,11.11031194193402,0.5636591516482825
4,lsc_composite,1982-09-01,8.704903035366447,11.11031194193402,0.7834976264267831
4,lsc_composite,1982-10-01,8.280562589807461,11.11031194193402,0.7453042392584729
4,lsc_composite,1982-11-01,5.503475219079951,11.11031194193402,0.49534839776262285
4,lsc_composite,1982-12-01,4.677916407662098,11.11031194193402,0.42104276028525195
4,lsc_composite,1983-01-01,6.717208156367625,11.11031194193402,0.6045922195050746
4,lsc_tail_cusum,1978-02-01,1.7000000000000037,5.853500000000006,0.29042453233108434
4,lsc_tail_cusum,1978-03-01,1.5500000000000036,5.853500000000006,0.264798838301871
4,lsc_tail_cusum,1978-04-01,1.4000000000000035,5.853500000000006,0.23917314427265773
4,lsc_tail_cusum,1978-05-01,1.2500000000000033,5.853500000000006,0.21354745024344446
4,lsc_tail_cusum,1978-06-01,1.1000000000000032,5.853500000000006,0.18792175621423116
4,lsc_tail_cusum,1978-07-01,1.950000000000003,5.853500000000006,0.33313402237977296
4,lsc_tail_cusum,1978-08-01,2.800000000000003,5.853500000000006,0.4783462885453148
4,lsc_tail_cusum,1978-09-01,2.650000000000003,5.853500000000006,0.4527205945161015
4,lsc_tail_cusum,1978-10-01,2.500000000000003,5.853500000000006,0.4270949004868883
4,lsc_tail_cusum,1978-11-01,2.350000000000003,5.853500000000006,0.40146920645767503
4,lsc_tail_cusum,1978-12-01,2.2000000000000033,5.853500000000006,0.3758435124284618
4,lsc_tail_cusum,1979-01-01,2.0500000000000034,5.853500000000006,0.35021781839924854
4,lsc_tail_cusum,1979-02-01,1.9000000000000032,5.853500000000006,0.32459212437003526
4,lsc_tail_cusum,1979-03-01,1.750000000000003,5.853500000000006,0.298966430340822
4,lsc_tail_cusum,1979-04-01,1.600000000000003,5.853500000000006,0.27334073631160866
4,lsc_tail_cusum,1979-05-01,1.4500000000000028,5.853500000000006,0.24771504228239538
4,lsc_tail_cusum,1979-06-01,1.3000000000000027,5.853500000000006,0.2220893482531821
4,lsc_tail_cusum,1979-07-01,1.1500000000000026,5.853500000000006,0.1964636542239688
4,lsc_tail_cusum,1979-08-01,2.0000000000000027,5.853500000000006,0.34167592038951067
4,lsc_tail_cusum,1979-09-01,1.8500000000000025,5.853500000000006,0.3160502263602974
4,lsc_tail_cusum,1979-10-01,1.7000000000000024,5.853500000000006,0.2904245323310841
4,lsc_tail_cusum,1979-11-01,1.5500000000000023,5.853500000000006,0.2647988383018708
4,lsc_tail_cusum,1979-12-01,1.4000000000000021,5.853500000000006,0.2391731442726575
4,lsc_tail_cusum,1980-01-01,1.250000000000002,5.853500000000006,0.21354745024344424
4,lsc_tail_cusum,1980-02-01,1.1000000000000019,5.853500000000006,0.18792175621423093
4,lsc_tail_cusum,1980-03-01,0.9500000000000017,5.853500000000006,0.16229606218501766
4,lsc_tail_cusum,1980-04-01,1.8000000000000016,5.853500000000006,0.30750832835055947
4,lsc_tail_cusum,1980-05-01,2.6500000000000017,5.853500000000006,0.4527205945161013
4,lsc_tail_cusum,1980-06-01,2.5000000000000018,5.853500000000006,0.4270949004868881
4,lsc_tail_cusum,1980-07-01,2.350000000000002,5.853500000000006,0.4014692064576748
4,lsc_tail_cusum,1980-08-01,2.200000000000002,5.853500000000006,0.3758435124284616
4,lsc_tail_cusum,1980-09-01,2.050000000000002,5.853500000000006,0.3502178183992483
4,lsc_tail_cusum,1980-10-01,1.900000000000002,5.853500000000006,0.32459212437003504
4,lsc_tail_cusum,1980-11-01,1.7500000000000018,5.853500000000006,0.29896643034082176
4,lsc_tail_cusum,1980-12-01,1.6000000000000016,5.853500000000006,0.27334073631160843
4,lsc_tail_cusum,1981-01-01,2.4500000000000015,5.853500000000006,0.41855300247715027
4,lsc_tail_cusum,1981-02-01,2.3000000000000016,5.853500000000006,0.392927308447937
4,lsc_tail_cusum,1981-03-01,2.1500000000000017,5.853500000000006,0.3673016144187238
4,lsc_tail_cusum,1981-04-01,2.0000000000000018,5.853500000000006,0.3416759203895105
4,lsc_tail_cusum,1981-05-01,2.850000000000002,5.853500000000006,0.4868881865550524
4,lsc_tail_cusum,1981-06-01,2.700000000000002,5.853500000000006,0.4612624925258391
4,lsc_tail_cusum,1981-07-01,3.550000000000002,5.853500000000006,0.606474758691381
4,lsc_tail_cusum,1981-08-01,3.400000000000002,5.853500000000006,0.5808490646621677
4,lsc_tail_cusum,1981-09-01,3.250000000000002,5.853500000000006,0.5552233706329545
4,lsc_tail_cusum,1981-10-01,3.1000000000000023,5.853500000000006,0.5295976766037412
4,lsc_tail_cusum,1981-11-01,2.9500000000000024,5.853500000000006,0.503971982574528
4,lsc_tail_cusum,1981-12-01,2.8000000000000025,5.853500000000006,0.47834628854531475
4,lsc_tail_cusum,1982-01-01,2.6500000000000026,5.853500000000006,0.45272059451610147
4,lsc_tail_cusum,1982-02-01,2.5000000000000027,5.853500000000006,0.42709490048688825
4,lsc_tail_cusum,1982-03-01,2.3500000000000028,5.853500000000006,0.401469206457675
4,lsc_tail_cusum,1982-04-01,2.200000000000003,5.853500000000006,0.3758435124284617
4,lsc_tail_cusum,1982-05-01,2.050000000000003,5.853500000000006,0.3502178183992485
4,lsc_tail_cusum,1982-06-01,1.9000000000000028,5.853500000000006,0.3245921243700352
4,lsc_tail_cusum,1982-07-01,1.7500000000000027,5.853500000000006,0.2989664303408219
4,lsc_tail_cusum,1982-08-01,1.6000000000000025,5.853500000000006,0.2733407363116086
4,lsc_tail_cusum,1982-09-01,1.4500000000000024,5.853500000000006,0.24771504228239533
4,lsc_tail_cusum,1982-10-01,1.3000000000000023,5.853500000000006,0.22208934825318202
4,lsc_tail_cusum,1982-11-01,1.28,5.853500000000006,0.21867258904928655
4,lsc_tail_cusum,1982-12-01,1.36,5.853500000000006,0.23233962586486698
4,lsc_tail_cusum,1983-01-01,1.8500000000000016,5.853500000000006,0.3160502263602972
4,lsc_kalman_cusum,1978-02-01,0.14507340090488263,7.483096161220226,0.01938681500001282
4,lsc_kalman_cusum,1978-03-01,0.0,7.483096161220226,0.0
4,lsc_kalman_cusum,1978-04-01,0.3872146317025932,7.483096161220226,0.051745243327122
4,lsc_kalman_cusum,1978-05-01,0.038949314635216115,7.483096161220226,0.005204973154970772
4,lsc_kalman_cusum,1978-06-01,0.0,7.483096161220226,0.0
4,lsc_kalman_cusum,1978-07-01,1.5166462412954678,7.483096161220226,0.2026762998389903
4,lsc_kalman_cusum,1978-08-01,1.3416136701843775,7.483096161220226,0.1792859053632164
4,lsc_kalman_cusum,1978-09-01,0.3437139614922279,7.483096161220226,0.04593205193238896
4,lsc_kalman_cusum,1978-10-01,0.5621849386281896,7.483096161220226,0.0751273171580515
4,lsc_kalman_cusum,1978-11-01,0.3462025672340817,7.483096161220226,0.04626461557827
4,lsc_kalman_cusum,1978-12-01,0.440668481459058,7.483096161220226,0.058888523141362475
4,lsc_kalman_cusum,1979-01-01,0.160749389960685,7.483096161220226,0.021481668349224114
4,lsc_kalman_cusum,1979-02-01,0.0,7.483096161220226,0.0
4,lsc_kalman_cusum,1979-03-01,0.010073193701370942,7.483096161220226,0.0013461264541238186
4,lsc_kalman_cusum,1979-04-01,0.0,7.483096161220226,0.0
4,lsc_kalman_cusum,1979-05-01,0.5070139399489682,7.483096161220226,0.06775456696340144
4,lsc_kalman_cusum,1979-06-01,0.3794672863768048,7.483096161220226,0.05070993051556981
4,lsc_kalman_cusum,1979-07-01,0.0,7.483096161220226,0.0
4,lsc_kalman_cusum,1979-08-01,1.193018352254587,7.483096161220226,0.15942844065497724
4,lsc_kalman_cusum,1979-09-01,0.43330779947217624,7.483096161220226,0.05790488190138655
4,lsc_kalman_cusum,1979-10-01,0.0,7.483096161220226,0.0
4,lsc_kalman_cusum,1979-11-01,0.24396535902079142,7.483096161220226,0.03260219483548764
4,lsc_kalman_cusum,1979-12-01,0.07061041908505405,7.483096161220226,0.00943598980472543
4,lsc_kalman_cusum,1980-01-01,1.1023448015432755,7.483096161220226,0.1473113237881367
4,lsc_kalman_cusum,1980-02-01,0.12350947959194203,7.483096161220226,0.016505130621200254
4,lsc_kalman_cusum,1980-03-01,0.0,7.483096161220226,0.0
4,lsc_kalman_cusum,1980-04-01,2.636227434095689,7.483096161220226,0.35229100058308144
4,lsc_kalman_cusum,1980-05-01,4.532726546275536,7.483096161220226,0.6057287583401053
4,lsc_kalman_cusum,1980-06-01,3.2246310131574782,7.483096161220226,0.430922033298
4,lsc_kalman_cusum,1980-07-01,2.8733737057495157,7.483096161220226,0.38398192991829344
4,lsc_kalman_cusum,1980-08-01,0.9764216415893581,7.483096161220226,0.13048364213859553
4,lsc_kalman_cusum,1980-09-01,1.8752028457080199,7.483096161220226,0.2505918413057305
4,lsc_kalman_cusum,1980-10-01,1.3315791855841403,7.483096161220226,0.17794495178143044
4,lsc_kalman_cusum,1980-11-01,0.8052768014196683,7.483096161220226,0.10761278273996633
4,lsc_kalman_cusum,1980-12-01,1.9445684580283884,7.483096161220226,0.2598614819499124
4,lsc_kalman_cusum,1981-01-01,1.5691352771396478,7.483096161220226,0.20969064720448252
4,lsc_kalman_cusum,1981-02-01,0.3626028518793988,7.483096161220226,0.048456259824445604
4,lsc_kalman_cusum,1981-03-01,0.0,7.483096161220226,0.0
4,lsc_kalman_cusum,1981-04-01,0.5784337140443969,7.483096161220226,0.07729871454038284
4,lsc_kalman_cusum,1981-05-01,1.4398391393989383,7.483096161220226,0.1924122192710339
4,lsc_kalman_cusum,1981-06-01,0.707065887111662,7.483096161220226,0.09448841387017065
4,lsc_kalman_cusum,1981-07-01,1.2954983320288511,7.483096161220226,0.17312330405996032
4,lsc_kalman_cusum,1981-08-01,0.9232354664836107,7.483096161220226,0.12337613289912125
4,lsc_kalman_cusum,1981-09-01,1.4498745392902233,7.483096161220226,0.19375329516730416
4,lsc_kalman_cusum,1981-10-01,2.289107169921235,7.483096161220226,0.3059037490102176
4,lsc_kalman_cusum,1981-11-01,3.4010722994869695,7.483096161220226,0.4545006807626505
4,lsc_kalman_cusum,1981-12-01,3.1065857843220885,7.483096161220226,0.41514711523037745
4,lsc_kalman_cusum,1982-01-01,2.347296600863129,7.483096161220226,0.3136798659661175
4,lsc_kalman_cusum,1982-02-01,2.8786525624811827,7.483096161220226,0.3846873674294434
4,lsc_kalman_cusum,1982-03-01,2.1498366186530844,7.483096161220226,0.2872923950642541
4,lsc_kalman_cusum,1982-04-01,2.6995660696397703,7.483096161220226,0.36075522904941093
4,lsc_kalman_cusum,1982-05-01,1.9818282099165652,7.483096161220226,0.2648406711899583
4,lsc_kalman_cusum,1982-06-01,1.9865202720933701,7.483096161220226,0.26546769268957776
4,lsc_kalman_cusum,1982-07-01,1.959334163262053,7.483096161220226,0.26183468995306286
4,lsc_kalman_cusum,1982-08-01,0.8094938934179519,7.483096161220226,0.10817633182545555
4,lsc_kalman_cusum,1982-09-01,1.57283055304395,7.483096161220226,0.21018446364418727
4,lsc_kalman_cusum,1982-10-01,2.0873182875429768,7.483096161220226,0.2789377875912007
4,lsc_kalman_cusum,1982-11-01,3.003482216813752,7.483096161220226,0.40136891897484195
4,lsc_kalman_cusum,1982-12-01,1.4875060353744487,7.483096161220226,0.1987821622663592
4,lsc_kalman_cusum,1983-01-01,2.83541450435001,7.483096161220226,0.37890927007513625
4,raw_cusum,1978-02-01,0.11319280973338719,19.479272544258507,0.005810936187488718
4,raw_cusum,1978-03-01,0.0,19.479272544258507,0.0
4,raw_cusum,1978-04-01,0.6137583686994135,19.479272544258507,0.03150827975248583
4,raw_cusum,1978-05-01,0.7269511784327962,19.479272544258507,0.03731921593997432
4,raw_cusum,1978-06-01,0.840143988166179,19.479272544258507,0.04313015212746281
4,raw_cusum,1978-07-01,0.889069426130727,19.479272544258507,0.045641818713234195
4,raw_cusum,1978-08-01,1.11432392766544,19.479272544258507,0.057205623317482954
4,raw_cusum,1978-09-01,0.22638561946676994,19.479272544258507,0.011621872374977209
4,raw_cusum,1978-10-01,0.8401439881661834,19.479272544258507,0.04313015212746304
4,raw_cusum,1978-11-01,0.0,19.479272544258507,0.0
4,raw_cusum,1978-12-01,0.0,19.479272544258507,0.0
4,raw_cusum,1979-01-01,0.11319280973338275,19.479272544258507,0.00581093618748849
4,raw_cusum,1979-02-01,0.0,19.479272544258507,0.0
4,raw_cusum,1979-03-01,0.11319280973338719,19.479272544258507,0.005810936187488718
4,raw_cusum,1979-04-01,0.0,19.479272544258507,0.0
4,raw_cusum,1979-05-01,0.6137583686994135,19.479272544258507,0.03150827975248583
4,raw_cusum,1979-06-01,0.0,19.479272544258507,0.0
4,raw_cusum,1979-07-01,0.0,19.479272544258507,0.0
4,raw_cusum,1979-08-01,0.889069426130727,19.479272544258507,0.045641818713234195
4,raw_cusum,1979-09-01,0.11319280973338275,19.479272544258507,0.00581093618748849
4,raw_cusum,1979-10-01,0.0,19.479272544258507,0.0
4,raw_cusum,1979-11-01,0.11319280973338275,19.479272544258507,0.00581093618748849
4,raw_cusum,1979-12-01,0.0,19.479272544258507,0.0
4,raw_cusum,1980-01-01,0.889069426130727,19.479272544258507,0.045641818713234195
4,raw_cusum,1980-02-01,0.2764421753633707,19.479272544258507,0.014191606731476823
4,raw_cusum,1980-03-01,0.0,19.479272544258507,0.0
4,raw_cusum,1980-04-01,2.3907661030288154,19.479272544258507,0.12273384940822603
4,raw_cusum,1980-05-01,4.781532206057626,19.479272544258507,0.24546769881645183
4,raw_cusum,1980-06-01,4.669470514256297,19.479272544258507,0.23971483039969158
4,raw_cusum,1980-07-01,5.057974381420998,19.479272544258507,0.25965930554792865
4,raw_cusum,1980-08-01,3.9447815716876153,19.479272544258507,0.20251175000117422
4,raw_cusum,1980-09-01,2.331023202988202,19.479272544258507,0.11966685088942237
4,raw_cusum,1980-10-01,1.7183959522208454,19.479272544258507,0.08821663890766498
4,raw_cusum,1980-11-01,1.1057687014534892,19.479272544258507,0.05676642692590762
4,raw_cusum,1980-12-01,1.11432392766544,19.479272544258507,0.057205623317482954
4,raw_cusum,1981-01-01,0.889069426130727,19.479272544258507,0.045641818713234195
4,raw_cusum,1981-02-01,0.11319280973338275,19.479272544258507,0.00581093618748849
4,raw_cusum,1981-03-01,0.0,19.479272544258507,0.0
4,raw_cusum,1981-04-01,0.6137583686994135,19.479272544258507,0.03150827975248583
4,raw_cusum,1981-05-01,0.889069426130727,19.479272544258507,0.045641818713234195
4,raw_cusum,1981-06-01,0.2764421753633707,19.479272544258507,0.014191606731476823
4,raw_cusum,1981-07-01,1.11432392766544,19.479272544258507,0.057205623317482954
4,raw_cusum,1981-08-01,0.38850386716470087,19.479272544258507,0.01994447514823709
4,raw_cusum,1981-09-01,0.7770077343293973,19.479272544258507,0.039888950296473956
4,raw_cusum,1981-10-01,1.6660771604601288,19.479272544258507,0.08553076900970838
4,raw_cusum,1981-11-01,3.0557121455568863,19.479272544258507,0.1568699312879399
4,raw_cusum,1981-12-01,3.444216012721583,19.479272544258507,0.17681440643617677
4,raw_cusum,1982-01-01,3.3321543209202527,19.479272544258507,0.1710615380194165
4,raw_cusum,1982-02-01,4.221223747050984,19.479272544258507,0.21670335673265093
4,raw_cusum,1982-03-01,4.109162055249654,19.479272544258507,0.21095048831589067
4,raw_cusum,1982-04-01,4.998231481380386,19.479272544258507,0.2565923070291251
4,raw_cusum,1982-05-01,4.886169789579056,19.479272544258507,0.25083943861236485
4,raw_cusum,1982-06-01,5.274673656743753,19.479272544258507,0.27078391376060174
4,raw_cusum,1982-07-01,5.663177523908458,19.479272544258507,0.29072838890883906
4,raw_cusum,1982-08-01,5.050550273141102,19.479272544258507,0.2592781769270817
4,raw_cusum,1982-09-01,5.939619699271825,19.479272544258507,0.3049199956403157
4,raw_cusum,1982-10-01,6.828689125402557,19.479272544258507,0.3505618143535501
4,raw_cusum,1982-11-01,8.218324110499314,19.479272544258507,0.4219009766317816
4,raw_cusum,1982-12-01,7.605696859731957,19.479272544258507,0.3904507646500242
4,raw_cusum,1983-01-01,4.990807373100486,19.479272544258507,0.2562111784082779
4,raw_var_cusum,1978-02-01,33.70728272885207,53.28280869135369,0.6326108468512813
4,raw_var_cusum,1978-03-01,32.66996762646749,53.28280869135369,0.6131427458284292
4,raw_var_cusum,1978-04-01,32.86042533031547,53.28280869135369,0.6167172140016673
4,raw_var_cusum,1978-05-01,32.1864307522242,53.28280869135369,0.604067832434801
4,raw_var_cusum,1978-06-01,31.51243617413292,53.28280869135369,0.5914184508679347
4,raw_var_cusum,1978-07-01,32.39195004474407,53.28280869135369,0.6079249731818357
4,raw_var_cusum,1978-08-01,33.94799178817725,53.28280869135369,0.6371284213792968
4,raw_var_cusum,1978-09-01,33.048487919145295,53.28280869135369,0.6202467311845771
4,raw_var_cusum,1978-10-01,33.23894562299328,53.28280869135369,0.6238211993578152
4,raw_var_cusum,1978-11-01,32.33944175396133,53.28280869135369,0.6069395091630956
4,raw_var_cusum,1978-12-01,31.43993788492938,53.28280869135369,0.5900578189683758
4,raw_var_cusum,1979-01-01,30.7659433068381,53.28280869135369,0.5774084374015095
4,raw_var_cusum,1979-02-01,29.72862820445351,53.28280869135369,0.5579403363786571
4,raw_var_cusum,1979-03-01,29.054633626362236,53.28280869135369,0.5452909548117908
4,raw_var_cusum,1979-04-01,28.017318523977647,53.28280869135369,0.5258228537889384
4,raw_var_cusum,1979-05-01,28.207776227825626,53.28280869135369,0.5293973219621766
4,raw_var_cusum,1979-06-01,27.308272358793676,53.28280869135369,0.5125156317674568
4,raw_var_cusum,1979-07-01,26.270957256409087,53.28280869135369,0.4930475307446045
4,raw_var_cusum,1979-08-01,27.150471127020232,53.28280869135369,0.5095540530585054
4,raw_var_cusum,1979-09-01,26.476476548928954,53.28280869135369,0.496904671491639
4,raw_var_cusum,1979-10-01,25.576972679897,53.28280869135369,0.48002298129691934
4,raw_var_cusum,1979-11-01,24.90297810180572,53.28280869135369,0.4673735997300528
4,raw_var_cusum,1979-12-01,24.003474232773765,53.28280869135369,0.4504919095353331
4,raw_var_cusum,1980-01-01,24.88298810338491,53.28280869135369,0.46699843184923406
4,raw_var_cusum,1980-02-01,23.84567300100032,53.28280869135369,0.4475303308263817
4,raw_var_cusum,1980-03-01,22.808357898615732,53.28280869135369,0.4280622298035293
4,raw_var_cusum,1980-04-01,30.114886561036133,53.28280869135369,0.5651895480112508
4,raw_var_cusum,1980-05-01,37.42141522345651,53.28280869135369,0.7023168662189718
4,raw_var_cusum,1980-06-01,36.52191135442456,53.28280869135369,0.6854351760242521
4,raw_var_cusum,1980-07-01,36.26135047639119,53.28280869135369,0.6805450269417835
4,raw_var_cusum,1980-08-01,35.58735589829992,53.28280869135369,0.6678956453749172
4,raw_var_cusum,1980-09-01,35.7778136021479,53.28280869135369,0.6714701135481554
4,raw_var_cusum,1980-10-01,34.74049849976332,53.28280869135369,0.6520020125253032
4,raw_var_cusum,1980-11-01,33.70318339737874,53.28280869135369,0.632533911502451
4,raw_var_cusum,1980-12-01,35.259225140811914,53.28280869135369,0.661737359699912
4,raw_var_cusum,1981-01-01,36.13873901142306,53.28280869135369,0.678243882013813
4,raw_var_cusum,1981-02-01,35.46474443333179,53.28280869135369,0.6655945004469467
4,raw_var_cusum,1981-03-01,34.427429330947206,53.28280869135369,0.6461263994240944
4,raw_var_cusum,1981-04-01,34.61788703479519,53.28280869135369,0.6497008675973327
4,raw_var_cusum,1981-05-01,35.49740090540634,53.28280869135369,0.6662073899112337
4,raw_var_cusum,1981-06-01,34.460085803021755,53.28280869135369,0.6467392888883815
4,raw_var_cusum,1981-07-01,36.01612754645493,53.28280869135369,0.6759427370858425
4,raw_var_cusum,1981-08-01,35.755566668421565,53.28280869135369,0.6710525880033741
4,raw_var_cusum,1981-09-01,35.49500579038819,53.28280869135369,0.6661624389209054
4,raw_var_cusum,1981-10-01,36.374519660999354,53.28280869135369,0.6826689612348068
4,raw_var_cusum,1981-11-01,38.89524003790098,53.28280869135369,0.7299772852291961
4,raw_var_cusum,1981-12-01,38.63467915986761,53.28280869135369,0.7250871361467276
4,raw_var_cusum,1982-01-01,37.735175290835656,53.28280869135369,0.7082054459520079
4,raw_var_cusum,1982-02-01,38.61468916144682,53.28280869135369,0.7247119682659091
4,raw_var_cusum,1982-03-01,37.715185292414866,53.28280869135369,0.7078302780711894
4,raw_var_cusum,1982-04-01,38.59469916302603,53.28280869135369,0.7243368003850906
4,raw_var_cusum,1982-05-01,37.695195293994075,53.28280869135369,0.7074551101903709
4,raw_var_cusum,1982-06-01,37.4346344159607,53.28280869135369,0.7025649611079023
4,raw_var_cusum,1982-07-01,37.17407353792734,53.28280869135369,0.6976748120254339
4,raw_var_cusum,1982-08-01,36.13675843554276,53.28280869135369,0.6782067110025817
4,raw_var_cusum,1982-09-01,37.016272306153894,53.28280869135369,0.6947132333164825
4,raw_var_cusum,1982-10-01,37.89578617676506,53.28280869135369,0.7112197556303838
4,raw_var_cusum,1982-11-01,40.416506553666686,53.28280869135369,0.7585280796247732
4,raw_var_cusum,1982-12-01,39.379191451282104,53.28280869135369,0.739059978601921
4,raw_var_cusum,1983-01-01,42.80194899194643,53.28280869135369,0.8032975371077237
5,lsc_composite,1983-02-01,0.7702694605371351,10.902451559729329,0.07065103259731963
5,lsc_composite,1983-03-01,0.7714019698435769,10.902451559729329,0.07075490917042224
5,lsc_composite,1983-04-01,1.2446791002914765,10.902451559729329,0.11416506585445244
5,lsc_composite,1983-05-01,1.3541279323043829,10.902451559729329,0.12420398521247833
5,lsc_composite,1983-06-01,1.2705356351426114,10.902451559729329,0.1165366916038978
5,lsc_composite,1983-07-01,2.839898228789555,10.902451559729329,0.260482535806842
5,lsc_composite,1983-08-01,2.24913297121702,10.902451559729329,0.20629607560236282
5,lsc_composite,1983-09-01,1.9505711239729475,10.902451559729329,0.1789112396681333
5,lsc_composite,1983-10-01,2.321466706035502,10.902451559729329,0.21293070584329532
5,lsc_composite,1983-11-01,3.0054719868000572,10.902451559729329,0.27566937310700357
5,lsc_composite,1983-12-01,2.791849821278625,10.902451559729329,0.25607541624775054
5,lsc_composite,1984-01-01,2.678479689808772,10.902451559729329,0.2456768255409951
5,lsc_composite,1984-02-01,2.632293003525199,10.902451559729329,0.24144046768785185
5,lsc_composite,1984-03-01,3.0283797298541693,10.902451559729329,0.2777705283314603
5,lsc_composite,1984-04-01,2.9774048263661483,10.902451559729329,0.27309498327549253
5,lsc_composite,1984-05-01,1.9589003356995471,10.902451559729329,0.17967521570425396
5,lsc_composite,1984-06-01,2.0657469344410133,10.902451559729329,0.18947545174805608
5,lsc_composite,1984-07-01,1.2732704453317156,10.902451559729329,0.11678753520307561
5,lsc_composite,1984-08-01,1.0697408757098625,10.902451559729329,0.09811929636644225
5,lsc_composite,1984-09-01,1.017784819482397,10.902451559729329,0.0933537575385169
5,lsc_composite,1984-10-01,1.025055994091957,10.902451559729329,0.09402068777615424
5,lsc_composite,1984-11-01,1.049081802954293,10.902451559729329,0.09622439478009827
5,lsc_composite,1984-12-01,1.0820107956001135,10.902451559729329,0.0992447239661917
5,lsc_composite,1985-01-01,1.3674842643863798,10.902451559729329,0.12542906124320627
5,lsc_composite,1985-02-01,1.7350873938296258,10.902451559729329,0.15914653546717544
5,lsc_composite,1985-03-01,1.9116563048616726,10.902451559729329,0.17534187557620595
5,lsc_composite,1985-04-01,2.635573548725532,10.902451559729329,0.24174136746093136
5,lsc_composite,1985-05-01,2.614034876440844,10.902451559729329,0.23976578681590965
5,lsc_composite,1985-06-01,2.667109496878039,10.902451559729329,0.2446339231379492
5,lsc_composite,1985-07-01,2.939858263879913,10.902451559729329,0.2696511190876504
5,lsc_composite,1985-08-01,3.059155979301108,10.902451559729329,0.28059340255184373
5,lsc_composite,1985-09-01,2.475856420914523,10.902451559729329,0.22709171486344035
5,lsc_composite,1985-10-01,1.97746256416729,10.902451559729329,0.1813777895121768
5,lsc_composite,1985-11-01,1.477726875072976,10.902451559729329,0.13554078795738883
5,lsc_composite,1985-12-01,1.402069213888333,10.902451559729329,0.12860127891484452
5,lsc_composite,1986-01-01,1.0799759424730708,10.902451559729329,0.09905808217137202
5,lsc_composite,1986-02-01,1.9234137904313995,10.902451559729329,0.17642030142431114
5,lsc_composite,1986-03-01,1.6587306356529339,10.902451559729329,0.15214290350803583
5,lsc_composite,1986-04-01,2.1583161772283947,10.902451559729329,0.1979661331585846
5,lsc_composite,1986-05-01,2.1174474425131304,10.902451559729329,0.19421755106295557
5,lsc_composite,1986-06-01,2.1580552793026815,10.902451559729329,0.19794220295130197
5,lsc_composite,1986-07-01,2.2948985743525316,10.902451559729329,0.2104938106608296
5,lsc_composite,1986-08-01,1.789840386564378,10.902451559729329,0.1641686162748531
5,lsc_composite,1986-09-01,1.930674319043535,10.902451559729329,0.17708625518456025
5,lsc_composite,1986-10-01,2.1067036359439326,10.902451559729329,0.19323210237645255
5,lsc_composite,1986-11-01,1.792339986793731,10.902451559729329,0.16439788583093956
5,lsc_composite,1986-12-01,0.9903225370242157,10.902451559729329,0.09083484862085478
5,lsc_composite,1987-01-01,1.572121631998326,10.902451559729329,0.14419891006948501
5,lsc_composite,1987-02-01,1.8900942543508374,10.902451559729329,0.1733641506220792
5,lsc_composite,1987-03-01,1.8307358564045657,10.902451559729329,0.1679196505827004
5,lsc_composite,1987-04-01,2.0029233043221013,10.902451559729329,0.1837131119866977
5,lsc_composite,1987-05-01,2.342253274590188,10.902451559729329,0.2148373016617501
5,lsc_composite,1987-06-01,1.870475331749873,10.902451559729329,0.1715646541974923
5,lsc_composite,1987-07-01,1.826484113995771,10.902451559729329,0.16752967018375053
5,lsc_composite,1987-08-01,1.5785190617176836,10.902451559729329,0.14478569825050183
5,lsc_composite,1987-09-01,1.8564852665852614,10.902451559729329,0.17028145059067354
5,lsc_composite,1987-10-01,1.5740314776527025,10.902451559729329,0.14437408586769088
5,lsc_composite,1987-11-01,2.184612438258735,10.902451559729329,0.200378091687937
5,lsc_composite,1987-12-01,1.8918581942316826,10.902451559729329,0.17352594357948709
5,lsc_composite,1988-01-01,1.8029615994187753,10.902451559729329,0.16537212658466852
5,lsc_tail_cusum,1983-02-01,1.3600000000000039,5.8000000000000025,0.23448275862069023
5,lsc_tail_cusum,1983-03-01,1.440000000000004,5.8000000000000025,0.2482758620689661
5,lsc_tail_cusum,1983-04-01,1.520000000000004,5.8000000000000025,0.26206896551724196
5,lsc_tail_cusum,1983-05-01,1.600000000000004,5.8000000000000025,0.27586206896551785
5,lsc_tail_cusum,1983-06-01,1.6800000000000042,5.8000000000000025,0.2896551724137937
5,lsc_tail_cusum,1983-07-01,0.9499999999999998,5.8000000000000025,0.16379310344827577
5,lsc_tail_cusum,1983-08-01,0.8400000000000042,5.8000000000000025,0.1448275862068972
5,lsc_tail_cusum,1983-09-01,0.9200000000000041,5.8000000000000025,0.15862068965517306
5,lsc_tail_cusum,1983-10-01,1.0000000000000042,5.8000000000000025,0.17241379310344893
5,lsc_tail_cusum,1983-11-01,1.0800000000000043,5.8000000000000025,0.1862068965517248
5,lsc_tail_cusum,1983-12-01,1.1600000000000044,5.8000000000000025,0.20000000000000068
5,lsc_tail_cusum,1984-01-01,1.2400000000000044,5.8000000000000025,0.21379310344827654
5,lsc_tail_cusum,1984-02-01,1.3200000000000045,5.8000000000000025,0.2275862068965524
5,lsc_tail_cusum,1984-03-01,1.4000000000000046,5.8000000000000025,0.24137931034482826
5,lsc_tail_cusum,1984-04-01,1.4800000000000046,5.8000000000000025,0.2551724137931041
5,lsc_tail_cusum,1984-05-01,1.5600000000000047,5.8000000000000025,0.26896551724138
5,lsc_tail_cusum,1984-06-01,1.6400000000000048,5.8000000000000025,0.2827586206896559
5,lsc_tail_cusum,1984-07-01,0.85,5.8000000000000025,0.14655172413793097
5,lsc_tail_cusum,1984-08-01,0.8000000000000048,5.8000000000000025,0.1379310344827594
5,lsc_tail_cusum,1984-09-01,0.8800000000000048,5.8000000000000025,0.15172413793103523
5,lsc_tail_cusum,1984-10-01,0.9600000000000047,5.8000000000000025,0.1655172413793111
5,lsc_tail_cusum,1984-11-01,1.0400000000000047,5.8000000000000025,0.17931034482758695
5,lsc_tail_cusum,1984-12-01,1.1200000000000048,5.8000000000000025,0.19310344827586282
5,lsc_tail_cusum,1985-01-01,1.2000000000000048,5.8000000000000025,0.20689655172413868
5,lsc_tail_cusum,1985-02-01,1.280000000000005,5.8000000000000025,0.22068965517241454
5,lsc_tail_cusum,1985-03-01,1.360000000000005,5.8000000000000025,0.2344827586206904
5,lsc_tail_cusum,1985-04-01,1.440000000000005,5.8000000000000025,0.2482758620689663
5,lsc_tail_cusum,1985-05-01,1.5200000000000051,5.8000000000000025,0.2620689655172421
5,lsc_tail_cusum,1985-06-01,1.6000000000000052,5.8000000000000025,0.275862068965518
5,lsc_tail_cusum,1985-07-01,1.6800000000000053,5.8000000000000025,0.2896551724137939
5,lsc_tail_cusum,1985-08-01,1.7600000000000053,5.8000000000000025,0.30344827586206974
5,lsc_tail_cusum,1985-09-01,1.8400000000000054,5.8000000000000025,0.31724137931034563
5,lsc_tail_cusum,1985-10-01,1.9200000000000055,5.8000000000000025,0.3310344827586215
5,lsc_tail_cusum,1985-11-01,2.0000000000000053,5.8000000000000025,0.3448275862068973
5,lsc_tail_cusum,1985-12-01,2.0800000000000054,5.8000000000000025,0.3586206896551732
5,lsc_tail_cusum,1986-01-01,2.1600000000000055,5.8000000000000025,0.3724137931034491
5,lsc_tail_cusum,1986-02-01,1.2400000000000055,5.8000000000000025,0.21379310344827673
5,lsc_tail_cusum,1986-03-01,1.3200000000000056,5.8000000000000025,0.2275862068965526
5,lsc_tail_cusum,1986-04-01,1.4000000000000057,5.8000000000000025,0.24137931034482846
5,lsc_tail_cusum,1986-05-01,1.4800000000000058,5.8000000000000025,0.25517241379310435
5,lsc_tail_cusum,1986-06-01,1.5600000000000058,5.8000000000000025,0.2689655172413802
5,lsc_tail_cusum,1986-07-01,1.640000000000006,5.8000000000000025,0.28275862068965607
5,lsc_tail_cusum,1986-08-01,1.720000000000006,5.8000000000000025,0.29655172413793196
5,lsc_tail_cusum,1986-09-01,1.800000000000006,5.8000000000000025,0.3103448275862078
5,lsc_tail_cusum,1986-10-01,1.880000000000006,5.8000000000000025,0.3241379310344837
5,lsc_tail_cusum,1986-11-01,1.9600000000000062,5.8000000000000025,0.3379310344827595
5,lsc_tail_cusum,1986-12-01,2.0400000000000063,5.8000000000000025,0.3517241379310354
5,lsc_tail_cusum,1987-01-01,2.1200000000000063,5.8000000000000025,0.3655172413793113
5,lsc_tail_cusum,1987-02-01,2.2000000000000064,5.8000000000000025,0.37931034482758713
5,lsc_tail_cusum,1987-03-01,2.2800000000000065,5.8000000000000025,0.393103448275863
5,lsc_tail_cusum,1987-04-01,2.3600000000000065,5.8000000000000025,0.4068965517241389
5,lsc_tail_cusum,1987-05-01,2.4400000000000066,5.8000000000000025,0.42068965517241474
5,lsc_tail_cusum,1987-06-01,2.5200000000000067,5.8000000000000025,0.43448275862069063
5,lsc_tail_cusum,1987-07-01,2.6000000000000068,5.8000000000000025,0.44827586206896647
5,lsc_tail_cusum,1987-08-01,2.680000000000007,5.8000000000000025,0.46206896551724236
5,lsc_tail_cusum,1987-09-01,2.760000000000007,5.8000000000000025,0.47586206896551825
5,lsc_tail_cusum,1987-10-01,2.840000000000007,5.8000000000000025,0.4896551724137941
5,lsc_tail_cusum,1987-11-01,2.920000000000007,5.8000000000000025,0.50344827586207
5,lsc_tail_cusum,1987-12-01,3.000000000000007,5.8000000000000025,0.5172413793103459
5,lsc_tail_cusum,1988-01-01,3.080000000000007,5.8000000000000025,0.5310344827586218
5,lsc_kalman_cusum,1983-02-01,1.5696988533109848,8.968858017422106,0.1750165796204854
5,lsc_kalman_cusum,1983-03-01,1.4568669003928296,8.968858017422106,0.16243616495688187
5,lsc_kalman_cusum,1983-04-01,1.2678000912750058,8.968858017422106,0.1413557990116791
5,lsc_kalman_cusum,1983-05-01,1.0328661197682303,8.968858017422106,0.11516138596038386
5,lsc_kalman_cusum,1983-06-01,0.2987031612559897,8.968858017422106,0.03330448098027146
5,lsc_kalman_cusum,1983-07-01,2.959246719855577,8.968858017422106,0.3299468799826252
5,lsc_kalman_cusum,1983-08-01,1.1336833733425415,8.968858017422106,0.12640219871251715
5,lsc_kalman_cusum,1983-09-01,1.6446898992461505,8.968858017422106,0.1833778498947494
5,lsc_kalman_cusum,1983-10-01,2.458574402535504,8.968858017422106,0.27412346117640574
5,lsc_kalman_cusum,1983-11-01,2.5894130037975103,8.968858017422106,0.28871156157980726
5,lsc_kalman_cusum,1983-12-01,2.2313017129385835,8.968858017422106,0.24878325742299134
5,lsc_kalman_cusum,1984-01-01,2.4442850310288913,8.968858017422106,0.27253024033615436
5,lsc_kalman_cusum,1984-02-01,2.1355966059557803,8.968858017422106,0.23811243324483009
5,lsc_kalman_cusum,1984-03-01,0.9634172963227967,8.968858017422106,0.107418056395959
5,lsc_kalman_cusum,1984-04-01,0.5306292798623917,8.968858017422106,0.059163527712406475
5,lsc_kalman_cusum,1984-05-01,1.0923244322440189,8.968858017422106,0.121790804372437
5,lsc_kalman_cusum,1984-06-01,0.9934405916839641,8.968858017422106,0.11076556120681082
5,lsc_kalman_cusum,1984-07-01,1.4608473061102651,8.968858017422106,0.16287996791481738
5,lsc_kalman_cusum,1984-08-01,0.9596783353578915,8.968858017422106,0.10700117378307314
5,lsc_kalman_cusum,1984-09-01,0.4439687809176909,8.968858017422106,0.04950114942786212
5,lsc_kalman_cusum,1984-10-01,0.1909712800056913,8.968858017422106,0.021292708573904
5,lsc_kalman_cusum,1984-11-01,0.42117995016643994,8.968858017422106,0.0469602651026801
5,lsc_kalman_cusum,1984-12-01,0.2046823178803301,8.968858017422106,0.022821446998350564
5,lsc_kalman_cusum,1985-01-01,0.0,8.968858017422106,0.0
5,lsc_kalman_cusum,1985-02-01,0.0,8.968858017422106,0.0
5,lsc_kalman_cusum,1985-03-01,0.0,8.968858017422106,0.0
5,lsc_kalman_cusum,1985-04-01,0.04434994119375968,8.968858017422106,0.0049448816234585755
5,lsc_kalman_cusum,1985-05-01,0.03776283430110994,8.968858017422106,0.004210439526164336
5,lsc_kalman_cusum,1985-06-01,0.5133587383061209,8.968858017422106,0.05723791560853298
5,lsc_kalman_cusum,1985-07-01,0.0,8.968858017422106,0.0
5,lsc_kalman_cusum,1985-08-01,1.0217460877553854,8.968858017422106,0.11392153669626974
5,lsc_kalman_cusum,1985-09-01,0.25638921278878657,8.968858017422106,0.028586606264782842
5,lsc_kalman_cusum,1985-10-01,0.0,8.968858017422106,0.0
5,lsc_kalman_cusum,1985-11-01,0.0,8.968858017422106,0.0
5,lsc_kalman_cusum,1985-12-01,0.0,8.968858017422106,0.0
5,lsc_kalman_cusum,1986-01-01,0.8140162090164749,8.968858017422106,0.090760296063918
5,lsc_kalman_cusum,1986-02-01,2.2485024695830433,8.968858017422106,0.2507010887244845
5,lsc_kalman_cusum,1986-03-01,1.4339479166206834,8.968858017422106,0.15988076897139233
5,lsc_kalman_cusum,1986-04-01,0.27306153574524095,8.968858017422106,0.03044551884028222
5,lsc_kalman_cusum,1986-05-01,0.24070951616497271,8.968858017422106,0.02683836846311892
5,lsc_kalman_cusum,1986-06-01,0.0,8.968858017422106,0.0
5,lsc_kalman_cusum,1986-07-01,0.5108183819915,8.968858017422106,0.05695467371645639
5,lsc_kalman_cusum,1986-08-01,0.3033330314486564,8.968858017422106,0.03382069722359621
5,lsc_kalman_cusum,1986-09-01,0.18928106096496666,8.968858017422106,0.02110425436519188
5,lsc_kalman_cusum,1986-10-01,0.0,8.968858017422106,0.0
5,lsc_kalman_cusum,1986-11-01,0.0,8.968858017422106,0.0
5,lsc_kalman_cusum,1986-12-01,0.7973907256738979,8.968858017422106,0.08890660596086565
5,lsc_kalman_cusum,1987-01-01,0.0,8.968858017422106,0.0
5,lsc_kalman_cusum,1987-02-01,0.0,8.968858017422106,0.0
5,lsc_kalman_cusum,1987-03-01,0.0,8.968858017422106,0.0
5,lsc_kalman_cusum,1987-04-01,0.8277063982083697,8.968858017422106,0.09228670992455683
5,lsc_kalman_cusum,1987-05-01,0.0,8.968858017422106,0.0
5,lsc_kalman_cusum,1987-06-01,0.0,8.968858017422106,0.0
5,lsc_kalman_cusum,1987-07-01,0.0,8.968858017422106,0.0
5,lsc_kalman_cusum,1987-08-01,0.0,8.968858017422106,0.0
5,lsc_kalman_cusum,1987-09-01,0.0,8.968858017422106,0.0
5,lsc_kalman_cusum,1987-10-01,0.24145573005377685,8.968858017422106,0.026921569009649437
5,lsc_kalman_cusum,1987-11-01,0.39080567540677946,8.968858017422106,0.04357362717166836
5,lsc_kalman_cusum,1987-12-01,0.11111395397186263,8.968858017422106,0.01238886308112165
5,lsc_kalman_cusum,1988-01-01,0.0,8.968858017422106,0.0
5,raw_cusum,1983-02-01,0.0,20.36644780581264,0.0
5,raw_cusum,1983-03-01,0.1410816995826979,20.36644780581264,0.00692716279872982
5,raw_cusum,1983-04-01,0.28216339916540367,20.36644780581264,0.013854325597460027
5,raw_cusum,1983-05-01,0.42324509874810157,20.36644780581264,0.02078148839618985
5,raw_cusum,1983-06-01,0.12472791861694998,20.36644780581264,0.0061241862010591895
5,raw_cusum,1983-07-01,2.9034028964827527,20.36644780581264,0.14255813896295227
5,raw_cusum,1983-08-01,2.1652868366377516,20.36644780581264,0.10631637177396112
5,raw_cusum,1983-09-01,3.1855662956481563,20.36644780581264,0.1564124645604123
5,raw_cusum,1983-10-01,4.645444634372403,20.36644780581264,0.22809302234072357
5,raw_cusum,1983-11-01,5.665724093382808,20.36644780581264,0.27818911512717476
5,raw_cusum,1983-12-01,6.246404672679356,20.36644780581264,0.30670074291976507
5,raw_cusum,1984-01-01,7.266684131689761,20.36644780581264,0.35679683570621623
5,raw_cusum,1984-02-01,7.847364710986312,20.36644780581264,0.3853084634988067
5,raw_cusum,1984-03-01,7.548847530855161,20.36644780581264,0.3706511613036761
5,raw_cusum,1984-04-01,7.689929230437858,20.36644780581264,0.3775783241024059
5,raw_cusum,1984-05-01,8.710208689448258,20.36644780581264,0.4276744168888568
5,raw_cusum,1984-06-01,9.29088926874481,20.36644780581264,0.4561860446814473
5,raw_cusum,1984-07-01,7.673575449472105,20.36644780581264,0.376775347504735
5,raw_cusum,1984-08-01,7.375058269340954,20.36644780581264,0.36211804530960434
5,raw_cusum,1984-09-01,7.955738848637505,20.36644780581264,0.3906296731021949
5,raw_cusum,1984-10-01,7.2176227887925,20.36644780581264,0.3543879059132035
5,raw_cusum,1984-11-01,7.7983033680890514,20.36644780581264,0.382899533705794
5,raw_cusum,1984-12-01,7.060187308244051,20.36644780581264,0.34665776651680286
5,raw_cusum,1985-01-01,6.7616701281128995,20.36644780581264,0.33200046432167224
5,raw_cusum,1985-02-01,6.902751827695598,20.36644780581264,0.3389276271204021
5,raw_cusum,1985-03-01,6.6042346475644464,20.36644780581264,0.3242703249252714
5,raw_cusum,1985-04-01,5.866118587719446,20.36644780581264,0.28802855773628033
5,raw_cusum,1985-05-01,6.007200287302144,20.36644780581264,0.2949557205350102
5,raw_cusum,1985-06-01,4.829485347743289,20.36644780581264,0.23712948835215833
5,raw_cusum,1985-07-01,4.530968167612138,20.36644780581264,0.22247218615702768
5,raw_cusum,1985-08-01,5.551247626622542,20.36644780581264,0.27256827894347885
5,raw_cusum,1985-09-01,5.252730446491391,20.36644780581264,0.2579109767483482
5,raw_cusum,1985-10-01,4.95421326636024,20.36644780581264,0.24325367455321756
5,raw_cusum,1985-11-01,5.095294965942938,20.36644780581264,0.2501808373519474
5,raw_cusum,1985-12-01,4.796777785811787,20.36644780581264,0.23552353515681676
5,raw_cusum,1986-01-01,5.817057244822188,20.36644780581264,0.28561962794326773
5,raw_cusum,1986-02-01,3.320545666121781,20.36644780581264,0.1630400007788343
5,raw_cusum,1986-03-01,3.0220284859906292,20.36644780581264,0.14838269858370362
5,raw_cusum,1986-04-01,3.163110185573331,20.36644780581264,0.15530986138243363
5,raw_cusum,1986-05-01,2.424994125728326,20.36644780581264,0.1190680941934423
5,raw_cusum,1986-06-01,2.126476945597174,20.36644780581264,0.10441079199831164
5,raw_cusum,1986-07-01,2.7071575248937254,20.36644780581264,0.13292241979090214
5,raw_cusum,1986-08-01,2.848239224476423,20.36644780581264,0.13984958258963195
5,raw_cusum,1986-09-01,2.110123164631422,20.36644780581264,0.1036078154006408
5,raw_cusum,1986-10-01,1.8116059845002703,20.36644780581264,0.08895051320551015
5,raw_cusum,1986-11-01,1.9526876840829681,20.36644780581264,0.09587767600423995
5,raw_cusum,1986-12-01,2.972967143093373,20.36644780581264,0.14597376879069113
5,raw_cusum,1987-01-01,2.674449962962221,20.36644780581264,0.13131646659556045
5,raw_cusum,1987-02-01,2.3759327828310695,20.36644780581264,0.1166591644004298
5,raw_cusum,1987-03-01,2.0774156026999178,20.36644780581264,0.10200186220529912
5,raw_cusum,1987-04-01,3.0976950617103185,20.36644780581264,0.1520979549917501
5,raw_cusum,1987-05-01,2.799177881579167,20.36644780581264,0.13744065279661943
5,raw_cusum,1987-06-01,2.9402595811618646,20.36644780581264,0.14436781559534925
5,raw_cusum,1987-07-01,3.0813412807445664,20.36644780581264,0.15129497839407927
5,raw_cusum,1987-08-01,3.222422980327264,20.36644780581264,0.15822214119280908
5,raw_cusum,1987-09-01,3.363504679909962,20.36644780581264,0.16514930399153888
5,raw_cusum,1987-10-01,2.6253886200649608,20.36644780581264,0.12890753680254774
5,raw_cusum,1987-11-01,3.206069199361512,20.36644780581264,0.15741916459513824
5,raw_cusum,1987-12-01,3.34715089894421,20.36644780581264,0.16434632739386806
5,raw_cusum,1988-01-01,3.048633718813058,20.36644780581264,0.1496890251987374
5,raw_var_cusum,1983-02-01,9.191197532534899,53.17649843136046,0.17284322592994306
5,raw_var_cusum,1983-03-01,9.730211786995058,53.17649843136046,0.18297955062901877
5,raw_var_cusum,1983-04-01,10.269226041455207,53.17649843136046,0.19311587532809427
5,raw_var_cusum,1983-05-01,10.808240295915367,53.17649843136046,0.20325220002716998
5,raw_var_cusum,1983-06-01,11.717644969213064,53.17649843136046,0.2203538276281589
5,raw_var_cusum,1983-07-01,13.207990504544632,53.17649843136046,0.24838022235693719
5,raw_var_cusum,1983-08-01,12.21468976250074,53.17649843136046,0.2297009040237447
5,raw_var_cusum,1983-09-01,13.475939395989709,53.17649843136046,0.25341908161524174
5,raw_var_cusum,1983-10-01,16.26706249859022,53.17649843136046,0.3059069885842058
5,raw_var_cusum,1983-11-01,17.52831213207919,53.17649843136046,0.3296251661757028
5,raw_var_cusum,1983-12-01,17.64618264654791,53.17649843136046,0.33184175654824993
5,raw_var_cusum,1984-01-01,18.90743228003688,53.17649843136046,0.3555599341397469
5,raw_var_cusum,1984-02-01,19.02530279450561,53.17649843136046,0.3577765245122942
5,raw_var_cusum,1984-03-01,18.01589812120791,53.17649843136046,0.3387943669224968
5,raw_var_cusum,1984-04-01,17.37688386674775,53.17649843136046,0.3267775122346126
5,raw_var_cusum,1984-05-01,18.638133500236705,53.17649843136046,0.35049568982610935
5,raw_var_cusum,1984-06-01,18.756004014705436,53.17649843136046,0.35271228019865664
5,raw_var_cusum,1984-07-01,18.954394185443192,53.17649843136046,0.3564430668542285
5,raw_var_cusum,1984-08-01,17.944989512145494,53.17649843136046,0.3374609092644311
5,raw_var_cusum,1984-09-01,18.06286002661422,53.17649843136046,0.33967749963697835
5,raw_var_cusum,1984-10-01,17.06955928457033,53.17649843136046,0.32099818130378593
5,raw_var_cusum,1984-11-01,17.187429799039062,53.17649843136046,0.3232147716763332
5,raw_var_cusum,1984-12-01,16.19412905699517,53.17649843136046,0.30453545334314075
5,raw_var_cusum,1985-01-01,15.184724383697471,53.17649843136046,0.2855532957533434
5,raw_var_cusum,1985-02-01,14.54571012923731,53.17649843136046,0.27353644106545916
5,raw_var_cusum,1985-03-01,13.536305455939612,53.17649843136046,0.2545542834756617
5,raw_var_cusum,1985-04-01,12.54300471389572,53.17649843136046,0.23587496514246925
5,raw_var_cusum,1985-05-01,11.903990459435558,53.17649843136046,0.22385811045458506
5,raw_var_cusum,1985-06-01,11.31328799873682,53.17649843136046,0.21274977353651572
5,raw_var_cusum,1985-07-01,10.303883325439122,53.17649843136046,0.19376761594671832
5,raw_var_cusum,1985-08-01,11.56513295892809,53.17649843136046,0.2174857935382153
5,raw_var_cusum,1985-09-01,10.55572828563039,53.17649843136046,0.19850363594841788
5,raw_var_cusum,1985-10-01,9.546323612332692,53.17649843136046,0.17952147835862048
5,raw_var_cusum,1985-11-01,8.907309357872531,53.17649843136046,0.16750462367073626
5,raw_var_cusum,1985-12-01,9.356489500868342,53.17649843136046,0.1759515909635453
5,raw_var_cusum,1986-01-01,9.159154318063791,53.17649843136046,0.1722406436724357
5,raw_var_cusum,1986-02-01,12.09521280194858,53.17649843136046,0.2274541039508445
5,raw_var_cusum,1986-03-01,11.085808128650882,53.17649843136046,0.2084719463610471
5,raw_var_cusum,1986-04-01,10.446793874190726,53.17649843136046,0.196455091673163
5,raw_var_cusum,1986-05-01,9.453493132146836,53.17649843136046,0.17777577333997055
5,raw_var_cusum,1986-06-01,8.444088458849137,53.17649843136046,0.15879361575017314
5,raw_var_cusum,1986-07-01,8.561958973317866,53.17649843136046,0.1610102061227204
5,raw_var_cusum,1986-08-01,8.531449466585464,53.17649843136046,0.16043646569918005
5,raw_var_cusum,1986-09-01,9.424750208629355,53.17649843136046,0.17723525404356402
5,raw_var_cusum,1986-10-01,10.334154881927052,53.17649843136046,0.19433688164455293
5,raw_var_cusum,1986-11-01,10.873169136387212,53.17649843136046,0.20447320634362864
5,raw_var_cusum,1986-12-01,9.511919502898241,53.17649843136046,0.17887449876332315
5,raw_var_cusum,1987-01-01,10.421324176195938,53.17649843136046,0.19597612636431205
5,raw_var_cusum,1987-02-01,11.330728849493635,53.17649843136046,0.21307775396530093
5,raw_var_cusum,1987-03-01,12.240133522791332,53.17649843136046,0.23017938156628984
5,raw_var_cusum,1987-04-01,10.878883889302376,53.17649843136046,0.20458067398598462
5,raw_var_cusum,1987-05-01,11.788288562600073,53.17649843136046,0.22168230158697352
5,raw_var_cusum,1987-06-01,12.327302817060232,53.17649843136046,0.2318186262860492
5,raw_var_cusum,1987-07-01,12.866317071520387,53.17649843136046,0.24195495098512482
5,raw_var_cusum,1987-08-01,13.405331325980546,53.17649843136046,0.25209127568420053
5,raw_var_cusum,1987-09-01,13.944345580440705,53.17649843136046,0.26222760038327625
5,raw_var_cusum,1987-10-01,14.837646322484597,53.17649843136046,0.2790263887276602
5,raw_var_cusum,1987-11-01,14.619775808015866,53.17649843136046,0.27492926836630444
5,raw_var_cusum,1987-12-01,15.158790062476026,53.17649843136046,0.28506559306538015
5,raw_var_cusum,1988-01-01,16.068194735773723,53.17649843136046,0.30216722066636903
6,lsc_composite,1988-02-01,2.0109343888798055,14.245163977973101,0.14116611026656184
6,lsc_composite,1988-03-01,1.8325940417512085,14.245163977973101,0.12864674949231175
6,lsc_composite,1988-04-01,1.9321125224987785,14.245163977973101,0.13563287340787022
6,lsc_composite,1988-05-01,2.005736982140128,14.245163977973101,0.1408012561485107
6,lsc_composite,1988-06-01,2.2398134388206925,14.245163977973101,0.15723325068662272
6,lsc_composite,1988-07-01,2.4759654693438455,14.245163977973101,0.1738109489769554
6,lsc_composite,1988-08-01,2.157492352702853,14.245163977973101,0.151454371184419
6,lsc_composite,1988-09-01,2.000848845663473,14.245163977973101,0.14045811257471866
6,lsc_composite,1988-10-01,1.9090631581816007,14.245163977973101,0.13401482504052123
6,lsc_composite,1988-11-01,2.2213195406289334,14.245163977973101,0.15593499267988054
6,lsc_composite,1988-12-01,2.1635917445849437,14.245163977973101,0.15188254399390874
6,lsc_composite,1989-01-01,2.0658382636991965,14.245163977973101,0.14502032176628815
6,lsc_composite,1989-02-01,2.070382118065308,14.245163977973101,0.14533929698995968
6,lsc_composite,1989-03-01,2.292764305155682,14.245163977973101,0.16095036243183436
6,lsc_composite,1989-04-01,2.1851784005690877,14.245163977973101,0.15339791131558528
6,lsc_composite,1989-05-01,2.8118884053869038,14.245163977973101,0.19739249121560468
6,lsc_composite,1989-06-01,3.1256508627865713,14.245163977973101,0.2194183842053119
6,lsc_composite,1989-07-01,3.1264473672729163,14.245163977973101,0.2194742982325268
6,lsc_composite,1989-08-01,2.986309773008476,14.245163977973101,0.20963674252020711
6,lsc_composite,1989-09-01,3.5079630228796317,14.245163977973101,0.24625641574248613
6,lsc_composite,1989-10-01,3.8156257009755037,14.245163977973101,0.2678541087259858
6,lsc_composite,1989-11-01,3.762948838518496,14.245163977973101,0.26415623185082593
6,lsc_composite,1989-12-01,4.701199643302195,14.245163977973101,0.3300207460280225
6,lsc_composite,1990-01-01,4.5381738295284375,14.245163977973101,0.31857645419495967
6,lsc_composite,1990-02-01,4.14246978818486,14.245163977973101,0.2907983224756307
6,lsc_composite,1990-03-01,4.190845536559279,14.245163977973101,0.2941942643159086
6,lsc_composite,1990-04-01,3.4136200038269666,14.245163977973101,0.23963360541902864
6,lsc_composite,1990-05-01,3.8539353068300772,14.245163977973101,0.2705434147889985
6,lsc_composite,1990-06-01,3.53266532654595,14.245163977973101,0.24799049923247016
6,lsc_composite,1990-07-01,4.273947325159992,14.245163977973101,0.30002794855634357
6,lsc_composite,1990-08-01,4.613232530736682,14.245163977973101,0.3238455196352948
6,lsc_composite,1990-09-01,4.219195679652156,14.245163977973101,0.2961844234419611
6,lsc_composite,1990-10-01,4.192770405402461,14.245163977973101,0.29432938868837344
6,lsc_composite,1990-11-01,3.7809570022633836,14.245163977973101,0.26542039165781256
6,lsc_composite,1990-12-01,4.280851131401016,14.245163977973101,0.3005125906602673
6,lsc_composite,1991-01-01,4.099740137979546,14.245163977973101,0.28779873256066824
6,lsc_composite,1991-02-01,4.588934119660519,14.245163977973101,0.3221397891071145
6,lsc_composite,1991-03-01,4.1211569108140305,14.245163977973101,0.28930217421059246
6,lsc_composite,1991-04-01,4.355303764391849,14.245163977973101,0.3057391105589471
6,lsc_composite,1991-05-01,4.438599882111233,14.245163977973101,0.31158643656012075
6,lsc_composite,1991-06-01,3.9728556268784985,14.245163977973101,0.27889153350720386
6,lsc_composite,1991-07-01,3.790871540770118,14.245163977973101,0.26611638494522327
6,lsc_composite,1991-08-01,3.5279781537623545,14.245163977973101,0.24766146316164336
6,lsc_composite,1991-09-01,3.661657191190661,14.245163977973101,0.257045632949721
6,lsc_composite,1991-10-01,4.182042394348022,14.245163977973101,0.2935762902283608
6,lsc_composite,1991-11-01,4.181769602276498,14.245163977973101,0.29355714042622827
6,lsc_composite,1991-12-01,3.9837101946572915,14.245163977973101,0.2796535161558822
6,lsc_composite,1992-01-01,4.131401866300491,14.245163977973101,0.29002136252617117
6,lsc_composite,1992-02-01,4.113269171048185,14.245163977973101,0.2887484606992533
6,lsc_composite,1992-03-01,3.9352615738884538,14.245163977973101,0.27625245872728726
6,lsc_composite,1992-04-01,4.364184153217991,14.245163977973101,0.306362507301861
6,lsc_composite,1992-05-01,4.133432235093363,14.245163977973101,0.2901638929172577
6,lsc_composite,1992-06-01,4.0979061544954725,14.245163977973101,0.28766998827335016
6,lsc_composite,1992-07-01,4.250087808159421,14.245163977973101,0.2983530280684177
6,lsc_composite,1992-08-01,4.174163470498451,14.245163977973101,0.293023195587839
6,lsc_composite,1992-09-01,5.648788525642115,14.245163977973101,0.39654078635926404
6,lsc_composite,1992-10-01,5.303934770426194,14.245163977973101,0.3723323072045727
6,lsc_composite,1992-11-01,5.877572729358453,14.245163977973101,0.41260126864434693
6,lsc_composite,1992-12-01,4.897103578111217,14.245163977973101,0.3437730576975787
6,lsc_composite,1993-01-01,5.2002592245652375,14.245163977973101,0.3650543603854791
6,lsc_tail_cusum,1988-02-01,2.4400000000000013,5.900000000000004,0.4135593220338982
6,lsc_tail_cusum,1988-03-01,2.5200000000000014,5.900000000000004,0.42711864406779654
6,lsc_tail_cusum,1988-04-01,2.6000000000000014,5.900000000000004,0.44067796610169485
6,lsc_tail_cusum,1988-05-01,2.6800000000000015,5.900000000000004,0.45423728813559316
6,lsc_tail_cusum,1988-06-01,2.7600000000000016,5.900000000000004,0.4677966101694915
6,lsc_tail_cusum,1988-07-01,2.8400000000000016,5.900000000000004,0.4813559322033898
6,lsc_tail_cusum,1988-08-01,2.9200000000000017,5.900000000000004,0.4949152542372881
6,lsc_tail_cusum,1988-09-01,3.0000000000000018,5.900000000000004,0.5084745762711864
6,lsc_tail_cusum,1988-10-01,3.080000000000002,5.900000000000004,0.5220338983050847
6,lsc_tail_cusum,1988-11-01,3.160000000000002,5.900000000000004,0.535593220338983
6,lsc_tail_cusum,1988-12-01,3.240000000000002,5.900000000000004,0.5491525423728814
6,lsc_tail_cusum,1989-01-01,3.320000000000002,5.900000000000004,0.5627118644067797
6,lsc_tail_cusum,1989-02-01,3.400000000000002,5.900000000000004,0.576271186440678
6,lsc_tail_cusum,1989-03-01,3.480000000000002,5.900000000000004,0.5898305084745763
6,lsc_tail_cusum,1989-04-01,3.5600000000000023,5.900000000000004,0.6033898305084746
6,lsc_tail_cusum,1989-05-01,3.6400000000000023,5.900000000000004,0.6169491525423729
6,lsc_tail_cusum,1989-06-01,3.7200000000000024,5.900000000000004,0.6305084745762711
6,lsc_tail_cusum,1989-07-01,3.8000000000000025,5.900000000000004,0.6440677966101694
6,lsc_tail_cusum,1989-08-01,3.8800000000000026,5.900000000000004,0.6576271186440678
6,lsc_tail_cusum,1989-09-01,3.9600000000000026,5.900000000000004,0.6711864406779661
6,lsc_tail_cusum,1989-10-01,4.040000000000003,5.900000000000004,0.6847457627118644
6,lsc_tail_cusum,1989-11-01,4.120000000000003,5.900000000000004,0.6983050847457627
6,lsc_tail_cusum,1989-12-01,4.200000000000003,5.900000000000004,0.711864406779661
6,lsc_tail_cusum,1990-01-01,4.280000000000003,5.900000000000004,0.7254237288135593
6,lsc_tail_cusum,1990-02-01,4.360000000000003,5.900000000000004,0.7389830508474576
6,lsc_tail_cusum,1990-03-01,4.440000000000003,5.900000000000004,0.752542372881356
6,lsc_tail_cusum,1990-04-01,4.520000000000003,5.900000000000004,0.7661016949152543
6,lsc_tail_cusum,1990-05-01,4.600000000000003,5.900000000000004,0.7796610169491526
6,lsc_tail_cusum,1990-06-01,4.680000000000003,5.900000000000004,0.7932203389830509
6,lsc_tail_cusum,1990-07-01,3.760000000000003,5.900000000000004,0.6372881355932204
6,lsc_tail_cusum,1990-08-01,3.840000000000003,5.900000000000004,0.6508474576271187
6,lsc_tail_cusum,1990-09-01,3.920000000000003,5.900000000000004,0.664406779661017
6,lsc_tail_cusum,1990-10-01,4.0000000000000036,5.900000000000004,0.6779661016949154
6,lsc_tail_cusum,1990-11-01,4.080000000000004,5.900000000000004,0.6915254237288138
6,lsc_tail_cusum,1990-12-01,4.160000000000004,5.900000000000004,0.7050847457627121
6,lsc_tail_cusum,1991-01-01,4.240000000000004,5.900000000000004,0.7186440677966104
6,lsc_tail_cusum,1991-02-01,4.320000000000004,5.900000000000004,0.7322033898305086
6,lsc_tail_cusum,1991-03-01,4.400000000000004,5.900000000000004,0.7457627118644069
6,lsc_tail_cusum,1991-04-01,4.480000000000004,5.900000000000004,0.7593220338983052
6,lsc_tail_cusum,1991-05-01,4.560000000000004,5.900000000000004,0.7728813559322035
6,lsc_tail_cusum,1991-06-01,4.640000000000004,5.900000000000004,0.7864406779661018
6,lsc_tail_cusum,1991-07-01,4.720000000000004,5.900000000000004,0.8000000000000002
6,lsc_tail_cusum,1991-08-01,4.800000000000004,5.900000000000004,0.8135593220338985
6,lsc_tail_cusum,1991-09-01,4.880000000000004,5.900000000000004,0.8271186440677968
6,lsc_tail_cusum,1991-10-01,4.960000000000004,5.900000000000004,0.8406779661016951
6,lsc_tail_cusum,1991-11-01,5.0400000000000045,5.900000000000004,0.8542372881355934
6,lsc_tail_cusum,1991-12-01,5.1200000000000045,5.900000000000004,0.8677966101694917
6,lsc_tail_cusum,1992-01-01,5.200000000000005,5.900000000000004,0.88135593220339
6,lsc_tail_cusum,1992-02-01,5.280000000000005,5.900000000000004,0.8949152542372883
6,lsc_tail_cusum,1992-03-01,5.360000000000005,5.900000000000004,0.9084745762711867
6,lsc_tail_cusum,1992-04-01,5.440000000000005,5.900000000000004,0.922033898305085
6,lsc_tail_cusum,1992-05-01,5.520000000000005,5.900000000000004,0.9355932203389833
6,lsc_tail_cusum,1992-06-01,5.600000000000005,5.900000000000004,0.9491525423728816
6,lsc_tail_cusum,1992-07-01,5.680000000000005,5.900000000000004,0.9627118644067799
6,lsc_tail_cusum,1992-08-01,5.760000000000005,5.900000000000004,0.9762711864406782
6,lsc_tail_cusum,1992-09-01,5.840000000000005,5.900000000000004,0.9898305084745765
6,lsc_tail_cusum,1992-10-01,5.920000000000005,5.900000000000004,1.0033898305084747
6,lsc_tail_cusum,1992-11-01,6.000000000000005,5.900000000000004,1.016949152542373
6,lsc_tail_cusum,1992-12-01,6.080000000000005,5.900000000000004,1.0305084745762714
6,lsc_tail_cusum,1993-01-01,6.1600000000000055,5.900000000000004,1.0440677966101697
6,lsc_kalman_cusum,1988-02-01,0.0,9.567969570067548,0.0
6,lsc_kalman_cusum,1988-03-01,0.0,9.567969570067548,0.0
6,lsc_kalman_cusum,1988-04-01,0.9173469548921289,9.567969570067548,0.09587686793674163
6,lsc_kalman_cusum,1988-05-01,0.8234526805526303,9.567969570067548,0.08606347193334739
6,lsc_kalman_cusum,1988-06-01,0.4438550096380899,9.567969570067548,0.046389676136371356
6,lsc_kalman_cusum,1988-07-01,0.0,9.567969570067548,0.0
6,lsc_kalman_cusum,1988-08-01,0.6637579122291957,9.567969570067548,0.06937291212815903
6,lsc_kalman_cusum,1988-09-01,0.5601819494160449,9.567969570067548,0.058547630750051614
6,lsc_kalman_cusum,1988-10-01,0.0,9.567969570067548,0.0
6,lsc_kalman_cusum,1988-11-01,0.0,9.567969570067548,0.0
6,lsc_kalman_cusum,1988-12-01,0.0,9.567969570067548,0.0
6,lsc_kalman_cusum,1989-01-01,0.1116402216665392,9.567969570067548,0.011668120477284402
6,lsc_kalman_cusum,1989-02-01,0.5143693379837566,9.567969570067548,0.053759508139836744
6,lsc_kalman_cusum,1989-03-01,0.8691976260517462,9.567969570067548,0.09084452241267003
6,lsc_kalman_cusum,1989-04-01,0.7852164835007451,9.567969570067548,0.08206720117058248
6,lsc_kalman_cusum,1989-05-01,0.3254238686670856,9.567969570067548,0.03401180013000273
6,lsc_kalman_cusum,1989-06-01,0.360669706356035,9.567969570067548,0.03769553233993916
6,lsc_kalman_cusum,1989-07-01,0.06406007723849405,9.567969570067548,0.006695263479819136
6,lsc_kalman_cusum,1989-08-01,0.0,9.567969570067548,0.0
6,lsc_kalman_cusum,1989-09-01,0.032992064276079924,9.567969570067548,0.003448178219472222
6,lsc_kalman_cusum,1989-10-01,0.0,9.567969570067548,0.0
6,lsc_kalman_cusum,1989-11-01,0.0,9.567969570067548,0.0
6,lsc_kalman_cusum,1989-12-01,0.0,9.567969570067548,0.0
6,lsc_kalman_cusum,1990-01-01,0.0,9.567969570067548,0.0
6,lsc_kalman_cusum,1990-02-01,0.06492915566250135,9.567969570067548,0.006786095543784527
6,lsc_kalman_cusum,1990-03-01,0.03440628957376757,9.567969570067548,0.003595986517495233
6,lsc_kalman_cusum,1990-04-01,0.6179256230241121,9.567969570067548,0.06458273288799242
6,lsc_kalman_cusum,1990-05-01,0.036272824188345765,9.567969570067548,0.003791068096811441
6,lsc_kalman_cusum,1990-06-01,0.5713934961991722,9.567969570067548,0.0597194098512521
6,lsc_kalman_cusum,1990-07-01,1.1334206897653352,9.567969570067548,0.11845989699958184
6,lsc_kalman_cusum,1990-08-01,1.4911930542967893,9.567969570067548,0.15585261255029909
6,lsc_kalman_cusum,1990-09-01,1.7319509386099003,9.567969570067548,0.18101551493517898
6,lsc_kalman_cusum,1990-10-01,0.8755567109355809,9.567969570067548,0.0915091446020767
6,lsc_kalman_cusum,1990-11-01,1.633819747154714,9.567969570067548,0.1707592959185362
6,lsc_kalman_cusum,1990-12-01,1.21235744388401,9.567969570067548,0.1267100020548509
6,lsc_kalman_cusum,1991-01-01,0.8275309863511326,9.567969570067548,0.08648971762410093
6,lsc_kalman_cusum,1991-02-01,0.9753487393131617,9.567969570067548,0.10193894662504407
6,lsc_kalman_cusum,1991-03-01,1.0631687552630809,9.567969570067548,0.1111174891890438
6,lsc_kalman_cusum,1991-04-01,0.47375666985603804,9.567969570067548,0.04951485959342295
6,lsc_kalman_cusum,1991-05-01,0.25059176591055843,9.567969570067548,0.026190694282150533
6,lsc_kalman_cusum,1991-06-01,0.0,9.567969570067548,0.0
6,lsc_kalman_cusum,1991-07-01,0.2603487675796392,9.567969570067548,0.027210451044296244
6,lsc_kalman_cusum,1991-08-01,0.0,9.567969570067548,0.0
6,lsc_kalman_cusum,1991-09-01,0.0,9.567969570067548,0.0
6,lsc_kalman_cusum,1991-10-01,0.0,9.567969570067548,0.0
6,lsc_kalman_cusum,1991-11-01,0.0,9.567969570067548,0.0
6,lsc_kalman_cusum,1991-12-01,0.8994959343875057,9.567969570067548,0.09401116169949895
6,lsc_kalman_cusum,1992-01-01,0.07495488402423822,9.567969570067548,0.007833938379019014
6,lsc_kalman_cusum,1992-02-01,0.0,9.567969570067548,0.0
6,lsc_kalman_cusum,1992-03-01,0.0,9.567969570067548,0.0
6,lsc_kalman_cusum,1992-04-01,0.0,9.567969570067548,0.0
6,lsc_kalman_cusum,1992-05-01,0.3783891846539339,9.567969570067548,0.03954749039312241
6,lsc_kalman_cusum,1992-06-01,0.6341650411772801,9.567969570067548,0.06628000188892773
6,lsc_kalman_cusum,1992-07-01,0.3514120924045693,9.567969570067548,0.03672796927614898
6,lsc_kalman_cusum,1992-08-01,0.529572852458879,9.567969570067548,0.05534850927155909
6,lsc_kalman_cusum,1992-09-01,0.07557417274216416,9.567969570067548,0.007898663576292144
6,lsc_kalman_cusum,1992-10-01,1.1269554066681686,9.567969570067548,0.11778417546328092
6,lsc_kalman_cusum,1992-11-01,0.2198602367283129,9.567969570067548,0.022978776752815355
6,lsc_kalman_cusum,1992-12-01,0.0,9.567969570067548,0.0
6,lsc_kalman_cusum,1993-01-01,0.0,9.567969570067548,0.0
6,raw_cusum,1988-02-01,0.0,18.331867791106326,0.0
6,raw_cusum,1988-03-01,0.0,18.331867791106326,0.0
6,raw_cusum,1988-04-01,0.9010584260820544,18.331867791106326,0.04915257061362844
6,raw_cusum,1988-05-01,0.48034399785344606,18.331867791106326,0.026202676308111066
6,raw_cusum,1988-06-01,0.42477794129495106,18.331867791106326,0.02317155819228804
6,raw_cusum,1988-07-01,0.0,18.331867791106326,0.0
6,raw_cusum,1988-08-01,0.48034399785344606,18.331867791106326,0.026202676308111066
6,raw_cusum,1988-09-01,0.42477794129495106,18.331867791106326,0.02317155819228804
6,raw_cusum,1988-10-01,0.0,18.331867791106326,0.0
6,raw_cusum,1988-11-01,0.0,18.331867791106326,0.0
6,raw_cusum,1988-12-01,0.0,18.331867791106326,0.0
6,raw_cusum,1989-01-01,0.004063513066350999,18.331867791106326,0.00022166388677112353
6,raw_cusum,1989-02-01,0.4247779412949553,18.331867791106326,0.02317155819228827
6,raw_cusum,1989-03-01,0.8495558825899105,18.331867791106326,0.04634311638457654
6,raw_cusum,1989-04-01,0.4803439978534503,18.331867791106326,0.026202676308111295
6,raw_cusum,1989-05-01,0.00812702613269789,18.331867791106326,0.00044332777354202295
6,raw_cusum,1989-06-01,0.01219053919904467,18.331867791106326,0.0006649916603129163
6,raw_cusum,1989-07-01,0.0,18.331867791106326,0.0
6,raw_cusum,1989-08-01,0.0,18.331867791106326,0.0
6,raw_cusum,1989-09-01,0.00406351306634678,18.331867791106326,0.00022166388677089338
6,raw_cusum,1989-10-01,0.0,18.331867791106326,0.0
6,raw_cusum,1989-11-01,0.004063513066350999,18.331867791106326,0.00022166388677112353
6,raw_cusum,1989-12-01,0.0,18.331867791106326,0.0
6,raw_cusum,1990-01-01,0.0,18.331867791106326,0.0
6,raw_cusum,1990-02-01,0.0,18.331867791106326,0.0
6,raw_cusum,1990-03-01,0.0,18.331867791106326,0.0
6,raw_cusum,1990-04-01,0.4803439978534503,18.331867791106326,0.026202676308111295
6,raw_cusum,1990-05-01,0.00812702613269789,18.331867791106326,0.00044332777354202295
6,raw_cusum,1990-06-01,0.4247779412949553,18.331867791106326,0.02317155819228827
6,raw_cusum,1990-07-01,0.9566244826405497,18.331867791106326,0.05218368872945147
6,raw_cusum,1990-08-01,1.436968480494,18.331867791106326,0.07838636503756277
6,raw_cusum,1990-09-01,1.9173124783474504,18.331867791106326,0.10458904134567408
6,raw_cusum,1990-10-01,1.445095506626698,18.331867791106326,0.0788296928111048
6,raw_cusum,1990-11-01,2.4017199892672476,18.331867791106326,0.13101338154055628
6,raw_cusum,1990-12-01,2.4057835023335943,18.331867791106326,0.13123504542732717
6,raw_cusum,1991-01-01,2.4098470153999454,18.331867791106326,0.13145670931409828
6,raw_cusum,1991-02-01,2.8901910132533914,18.331867791106326,0.15765938562220935
6,raw_cusum,1991-03-01,3.370535011106842,18.331867791106326,0.18386206193032065
6,raw_cusum,1991-04-01,2.4220375545989903,18.331867791106326,0.13212170097441123
6,raw_cusum,1991-05-01,2.9023815524524403,18.331867791106326,0.1583243772825225
6,raw_cusum,1991-06-01,2.430164580731688,18.331867791106326,0.13256502874795323
6,raw_cusum,1991-07-01,1.4816671242238322,18.331867791106326,0.08082466779204356
6,raw_cusum,1991-08-01,1.485730637290183,18.331867791106326,0.08104633167881467
6,raw_cusum,1991-09-01,1.0135136655694306,18.331867791106326,0.0552869831442454
6,raw_cusum,1991-10-01,1.0175771786357775,18.331867791106326,0.055508647031016295
6,raw_cusum,1991-11-01,0.545360206915025,18.331867791106326,0.02974929849644702
6,raw_cusum,1991-12-01,1.5019846895555746,18.331867791106326,0.0819329872258985
6,raw_cusum,1992-01-01,1.0297677178348221,18.331867791106326,0.056173638691329214
6,raw_cusum,1992-02-01,1.033831230901173,18.331867791106326,0.05639530257810033
6,raw_cusum,1992-03-01,0.5616142591804205,18.331867791106326,0.030635954043531054
6,raw_cusum,1992-04-01,0.08939728745966813,18.331867791106326,0.00487660550896178
6,raw_cusum,1992-05-01,0.5697412853131141,18.331867791106326,0.03107928181707284
6,raw_cusum,1992-06-01,1.0500852831665644,18.331867791106326,0.057281958125184135
6,raw_cusum,1992-07-01,0.10158782665871269,18.331867791106326,0.00554159716927469
6,raw_cusum,1992-08-01,0.0,18.331867791106326,0.0
6,raw_cusum,1992-09-01,0.0,18.331867791106326,0.0
6,raw_cusum,1992-10-01,0.9010584260820544,18.331867791106326,0.04915257061362844
6,raw_cusum,1992-11-01,0.004063513066350999,18.331867791106326,0.00022166388677112353
6,raw_cusum,1992-12-01,0.0,18.331867791106326,0.0
6,raw_cusum,1993-01-01,0.0,18.331867791106326,0.0
6,raw_var_cusum,1988-02-01,19.062555135475712,42.031308972366055,0.45353227395341406
6,raw_var_cusum,1988-03-01,20.011783238815347,42.031308972366055,0.47611610792260395
6,raw_var_cusum,1988-04-01,18.998818525519823,42.031308972366055,0.45201586603003024
6,raw_var_cusum,1988-05-01,18.987744171392546,42.031308972366055,0.4517523873424034
6,raw_var_cusum,1988-06-01,19.082529930686817,42.031308972366055,0.45400751005001616
6,raw_var_cusum,1988-07-01,20.031758034026453,42.031308972366055,0.47659134401920605
6,raw_var_cusum,1988-08-01,20.020683679899175,42.031308972366055,0.4763278653315792
6,raw_var_cusum,1988-09-01,20.115469439193447,42.031308972366055,0.47858298803919197
6,raw_var_cusum,1988-10-01,21.064697542533082,42.031308972366055,0.5011668220083818
6,raw_var_cusum,1988-11-01,21.813547574039067,42.031308972366055,0.5189833033365823
6,raw_var_cusum,1988-12-01,22.762775677378702,42.031308972366055,0.5415671373057722
6,raw_var_cusum,1989-01-01,23.45869565217391,42.031308972366055,0.5581243179363528
6,raw_var_cusum,1989-02-01,23.553481411468173,42.031308972366055,0.5603794406439654
6,raw_var_cusum,1989-03-01,23.648267170762438,42.031308972366055,0.562634563351578
6,raw_var_cusum,1989-04-01,23.637192816635153,42.031308972366055,0.562371084663951
6,raw_var_cusum,1989-05-01,24.58642091997479,42.031308972366055,0.5849549186331409
6,raw_var_cusum,1989-06-01,25.28234089477,42.031308972366055,0.6015120992637216
6,raw_var_cusum,1989-07-01,26.03119092627599,42.031308972366055,0.6193285805919221
6,raw_var_cusum,1989-08-01,26.980419029615625,42.031308972366055,0.641912414561112
6,raw_var_cusum,1989-09-01,27.67633900441084,42.031308972366055,0.6584695951916927
6,raw_var_cusum,1989-10-01,28.625567107750474,42.031308972366055,0.6810534291608826
6,raw_var_cusum,1989-11-01,29.32148708254568,42.031308972366055,0.6976106097914632
6,raw_var_cusum,1989-12-01,30.270715185885315,42.031308972366055,0.720194443760653
6,raw_var_cusum,1990-01-01,31.21994328922495,42.031308972366055,0.7427782777298428
6,raw_var_cusum,1990-02-01,31.968793320730935,42.031308972366055,0.7605947590580433
6,raw_var_cusum,1990-03-01,32.71764335223693,42.031308972366055,0.778411240386244
6,raw_var_cusum,1990-04-01,32.706568998109645,42.031308972366055,0.778147761698617
6,raw_var_cusum,1990-05-01,33.65579710144928,42.031308972366055,0.8007315956678069
6,raw_var_cusum,1990-06-01,33.75058286074355,42.031308972366055,0.8029867183754196
6,raw_var_cusum,1990-07-01,32.578827977315704,42.031308972366055,0.7751085743899866
6,raw_var_cusum,1990-08-01,32.56775362318842,42.031308972366055,0.7748450957023596
6,raw_var_cusum,1990-09-01,32.55667926906114,42.031308972366055,0.7745816170147327
6,raw_var_cusum,1990-10-01,33.50590737240078,42.031308972366055,0.7971654509839226
6,raw_var_cusum,1990-11-01,32.33415248897293,42.031308972366055,0.7692873069984896
6,raw_var_cusum,1990-12-01,33.03007246376815,42.031308972366055,0.7858444876290703
6,raw_var_cusum,1991-01-01,33.72599243856336,42.031308972366055,0.802401668259651
6,raw_var_cusum,1991-02-01,33.714918084436086,42.031308972366055,0.8021381895720242
6,raw_var_cusum,1991-03-01,33.703843730308805,42.031308972366055,0.8018747108843973
6,raw_var_cusum,1991-04-01,34.45269376181479,42.031308972366055,0.8196911922125979
6,raw_var_cusum,1991-05-01,34.44161940768751,42.031308972366055,0.8194277135249709
6,raw_var_cusum,1991-06-01,35.39084751102715,42.031308972366055,0.8420115474941607
6,raw_var_cusum,1991-07-01,36.139697542533135,42.031308972366055,0.8598280288223613
6,raw_var_cusum,1991-08-01,36.835617517328345,42.031308972366055,0.876385209452942
6,raw_var_cusum,1991-09-01,37.78484562066798,42.031308972366055,0.8989690434221318
6,raw_var_cusum,1991-10-01,38.4807655954632,42.031308972366055,0.9155262240527127
6,raw_var_cusum,1991-11-01,39.42999369880283,42.031308972366055,0.9381100580219025
6,raw_var_cusum,1991-12-01,38.25823881537499,42.031308972366055,0.9102319140364695
6,raw_var_cusum,1992-01-01,39.20746691871462,42.031308972366055,0.9328157480056594
6,raw_var_cusum,1992-02-01,39.90338689350983,42.031308972366055,0.94937292863624
6,raw_var_cusum,1992-03-01,40.85261499684947,42.031308972366055,0.9719567626054298
6,raw_var_cusum,1992-04-01,41.8018431001891,42.031308972366055,0.9945405965746197
6,raw_var_cusum,1992-05-01,41.79076874606183,42.031308972366055,0.9942771178869929
6,raw_var_cusum,1992-06-01,41.77969439193455,42.031308972366055,0.994013639199366
6,raw_var_cusum,1992-07-01,42.528544423440536,42.031308972366055,1.0118301205275666
6,raw_var_cusum,1992-08-01,43.277394454946524,42.031308972366055,1.029646601855767
6,raw_var_cusum,1992-09-01,44.22662255828616,42.031308972366055,1.052230435824957
6,raw_var_cusum,1992-10-01,43.213657844990635,42.031308972366055,1.0281301939323833
6,raw_var_cusum,1992-11-01,43.909577819785845,42.031308972366055,1.044687374562964
6,raw_var_cusum,1992-12-01,44.85880592312548,42.031308972366055,1.0672712085321538
6,raw_var_cusum,1993-01-01,45.60765595463147,42.031308972366055,1.0850876898603543
7,lsc_composite,1993-02-01,2.874509194301702,16.274795709264595,0.1766233657031626
7,lsc_composite,1993-03-01,2.4352434237363583,16.274795709264595,0.14963281058883404
7,lsc_composite,1993-04-01,2.49868574394819,16.274795709264595,0.15353100515576903
7,lsc_composite,1993-05-01,2.825772372218319,16.274795709264595,0.17362874611137016
7,lsc_composite,1993-06-01,2.7720084359499744,16.274795709264595,0.17032523697805804
7,lsc_composite,1993-07-01,2.877766883738424,16.274795709264595,0.1768235334653218
7,lsc_composite,1993-08-01,2.9311886570641437,16.274795709264595,0.18010601849801006
7,lsc_composite,1993-09-01,3.1910412488658677,16.274795709264595,0.1960725840048078
7,lsc_composite,1993-10-01,3.2099313787381805,16.274795709264595,0.1972332824375113
7,lsc_composite,1993-11-01,3.110985425356321,16.274795709264595,0.19115357765046234
7,lsc_composite,1993-12-01,3.054981027607708,16.274795709264595,0.18771240402536227
7,lsc_composite,1994-01-01,3.037624751860759,16.274795709264595,0.18664595280489818
7,lsc_composite,1994-02-01,3.1145439348732995,16.274795709264595,0.19137222921331745
7,lsc_composite,1994-03-01,3.560646550505956,16.274795709264595,0.21878287224699364
7,lsc_composite,1994-04-01,3.5501020606087113,16.274795709264595,0.21813496918967648
7,lsc_composite,1994-05-01,4.047944236764152,16.274795709264595,0.24872473418881796
7,lsc_composite,1994-06-01,4.237996963459031,16.274795709264595,0.26040246766639946
7,lsc_composite,1994-07-01,4.75921274941018,16.274795709264595,0.2924284171936456
7,lsc_composite,1994-08-01,4.473086919363464,16.274795709264595,0.27484750034786076
7,lsc_composite,1994-09-01,4.244443849953767,16.274795709264595,0.2607985946968031
7,lsc_composite,1994-10-01,4.558602944456767,16.274795709264595,0.2801020071706175
7,lsc_composite,1994-11-01,4.56534865226816,16.274795709264595,0.28051649518827987
7,lsc_composite,1994-12-01,5.71563196224943,16.274795709264595,0.35119531233167783
7,lsc_composite,1995-01-01,5.868278600405215,16.274795709264595,0.3605746397827063
7,lsc_composite,1995-02-01,5.676741184998853,16.274795709264595,0.3488056800471732
7,lsc_composite,1995-03-01,6.088831077415205,16.274795709264595,0.374126421381073
7,lsc_composite,1995-04-01,3.8492526593162233,16.274795709264595,0.23651618908647784
7,lsc_composite,1995-05-01,3.588043447409204,16.274795709264595,0.2204662664592879
7,lsc_composite,1995-06-01,3.3080216853064366,16.274795709264595,0.20326041225963354
7,lsc_composite,1995-07-01,3.6687147953047816,16.274795709264595,0.22542309352714812
7,lsc_composite,1995-08-01,3.7738164502834133,16.274795709264595,0.23188103357482573
7,lsc_composite,1995-09-01,4.132967446176565,16.274795709264595,0.25394896009808776
7,lsc_composite,1995-10-01,4.356030121265076,16.274795709264595,0.26765498007359695
7,lsc_composite,1995-11-01,4.599959225298697,16.274795709264595,0.28264313159274396
7,lsc_composite,1995-12-01,5.165586958937384,16.274795709264595,0.31739796008602555
7,lsc_composite,1996-01-01,4.208574663442809,16.274795709264595,0.2585946231599721
7,lsc_composite,1996-02-01,4.873924341998735,16.274795709264595,0.2994768370102614
7,lsc_composite,1996-03-01,4.816457950142283,16.274795709264595,0.29594583159040605
7,lsc_composite,1996-04-01,4.744258702544691,16.274795709264595,0.2915095702150026
7,lsc_composite,1996-05-01,5.565646924434056,16.274795709264595,0.3419795261249119
7,lsc_composite,1996-06-01,4.902669732254913,16.274795709264595,0.3012430889970568
7,lsc_composite,1996-07-01,3.812283621126766,16.274795709264595,0.23424463748915658
7,lsc_composite,1996-08-01,2.8387144064711918,16.274795709264595,0.1744239655712068
7,lsc_composite,1996-09-01,2.758604868448188,16.274795709264595,0.16950165874449802
7,lsc_composite,1996-10-01,2.8143603330964653,16.274795709264595,0.17292753674900888
7,lsc_composite,1996-11-01,3.0775744390639006,16.274795709264595,0.18910064949767447
7,lsc_composite,1996-12-01,3.1677446431361553,16.274795709264595,0.1946411309687214
7,lsc_composite,1997-01-01,2.875949582598506,16.274795709264595,0.17671186993526083
7,lsc_composite,1997-02-01,3.4412091562072105,16.274795709264595,0.21144407694458903
7,lsc_composite,1997-03-01,3.1901770404336967,16.274795709264595,0.19601948297376512
7,lsc_composite,1997-04-01,3.3618250499432043,16.274795709264595,0.2065663440573605
7,lsc_composite,1997-05-01,3.193392649783759,16.274795709264595,0.1962170651374682
7,lsc_composite,1997-06-01,3.1633034293575863,16.274795709264595,0.1943682419040654
7,lsc_composite,1997-07-01,3.554213284703071,16.274795709264595,0.21838758213596493
7,lsc_composite,1997-08-01,3.5291835679280927,16.274795709264595,0.21684963860523723
7,lsc_composite,1997-09-01,4.071036836418651,16.274795709264595,0.2501436521320616
7,lsc_composite,1997-10-01,4.098136871108457,16.274795709264595,0.25180880573361364
7,lsc_composite,1997-11-01,4.487019674971226,16.274795709264595,0.2757035943877897
7,lsc_composite,1997-12-01,3.6732232294865774,16.274795709264595,0.22570011292956244
7,lsc_composite,1998-01-01,3.7905974804319498,16.274795709264595,0.23291213899994537
7,lsc_tail_cusum,1993-02-01,1.5600000000000018,5.964500000000006,0.2615474893117613
7,lsc_tail_cusum,1993-03-01,1.640000000000002,5.964500000000006,0.2749601810713388
7,lsc_tail_cusum,1993-04-01,1.720000000000002,5.964500000000006,0.2883728728309163
7,lsc_tail_cusum,1993-05-01,1.800000000000002,5.964500000000006,0.30178556459049377
7,lsc_tail_cusum,1993-06-01,1.8800000000000021,5.964500000000006,0.31519825635007126
7,lsc_tail_cusum,1993-07-01,1.9600000000000022,5.964500000000006,0.32861094810964875
7,lsc_tail_cusum,1993-08-01,2.0400000000000023,5.964500000000006,0.3420236398692263
7,lsc_tail_cusum,1993-09-01,2.1200000000000023,5.964500000000006,0.3554363316288038
7,lsc_tail_cusum,1993-10-01,2.2000000000000024,5.964500000000006,0.36884902338838127
7,lsc_tail_cusum,1993-11-01,2.2800000000000025,5.964500000000006,0.38226171514795876
7,lsc_tail_cusum,1993-12-01,2.3600000000000025,5.964500000000006,0.39567440690753625
7,lsc_tail_cusum,1994-01-01,2.4400000000000026,5.964500000000006,0.40908709866711374
7,lsc_tail_cusum,1994-02-01,2.5200000000000027,5.964500000000006,0.4224997904266913
7,lsc_tail_cusum,1994-03-01,2.6000000000000028,5.964500000000006,0.43591248218626877
7,lsc_tail_cusum,1994-04-01,2.680000000000003,5.964500000000006,0.44932517394584626
7,lsc_tail_cusum,1994-05-01,1.760000000000003,5.964500000000006,0.2950792187107052
7,lsc_tail_cusum,1994-06-01,1.840000000000003,5.964500000000006,0.3084919104702827
7,lsc_tail_cusum,1994-07-01,1.920000000000003,5.964500000000006,0.32190460222986017
7,lsc_tail_cusum,1994-08-01,2.000000000000003,5.964500000000006,0.33531729398943766
7,lsc_tail_cusum,1994-09-01,2.080000000000003,5.964500000000006,0.34872998574901515
7,lsc_tail_cusum,1994-10-01,2.1600000000000033,5.964500000000006,0.3621426775085927
7,lsc_tail_cusum,1994-11-01,2.2400000000000033,5.964500000000006,0.3755553692681702
7,lsc_tail_cusum,1994-12-01,2.3200000000000034,5.964500000000006,0.38896806102774767
7,lsc_tail_cusum,1995-01-01,2.4000000000000035,5.964500000000006,0.40238075278732516
7,lsc_tail_cusum,1995-02-01,2.4800000000000035,5.964500000000006,0.41579344454690265
7,lsc_tail_cusum,1995-03-01,2.5600000000000036,5.964500000000006,0.42920613630648013
7,lsc_tail_cusum,1995-04-01,1.6400000000000037,5.964500000000006,0.27496018107133907
7,lsc_tail_cusum,1995-05-01,1.7200000000000037,5.964500000000006,0.28837287283091656
7,lsc_tail_cusum,1995-06-01,1.8000000000000038,5.964500000000006,0.30178556459049405
7,lsc_tail_cusum,1995-07-01,1.880000000000004,5.964500000000006,0.3151982563500716
7,lsc_tail_cusum,1995-08-01,1.960000000000004,5.964500000000006,0.3286109481096491
7,lsc_tail_cusum,1995-09-01,2.040000000000004,5.964500000000006,0.34202363986922657
7,lsc_tail_cusum,1995-10-01,2.120000000000004,5.964500000000006,0.35543633162880406
7,lsc_tail_cusum,1995-11-01,2.200000000000004,5.964500000000006,0.36884902338838155
7,lsc_tail_cusum,1995-12-01,2.2800000000000042,5.964500000000006,0.38226171514795904
7,lsc_tail_cusum,1996-01-01,2.3600000000000043,5.964500000000006,0.3956744069075366
7,lsc_tail_cusum,1996-02-01,2.4400000000000044,5.964500000000006,0.40908709866711407
7,lsc_tail_cusum,1996-03-01,2.5200000000000045,5.964500000000006,0.42249979042669156
7,lsc_tail_cusum,1996-04-01,2.6000000000000045,5.964500000000006,0.43591248218626905
7,lsc_tail_cusum,1996-05-01,2.6800000000000046,5.964500000000006,0.44932517394584653
7,lsc_tail_cusum,1996-06-01,1.7600000000000047,5.964500000000006,0.29507921871070547
7,lsc_tail_cusum,1996-07-01,1.8400000000000047,5.964500000000006,0.30849191047028296
7,lsc_tail_cusum,1996-08-01,1.5499999999999998,5.964500000000006,0.25987090284181374
7,lsc_tail_cusum,1996-09-01,1.3999999999999997,5.964500000000006,0.23472210579260594
7,lsc_tail_cusum,1996-10-01,1.2499999999999996,5.964500000000006,0.20957330874339813
7,lsc_tail_cusum,1996-11-01,1.160000000000005,5.964500000000006,0.1944840305138744
7,lsc_tail_cusum,1996-12-01,1.240000000000005,5.964500000000006,0.20789672227345188
7,lsc_tail_cusum,1997-01-01,1.3200000000000052,5.964500000000006,0.2213094140330294
7,lsc_tail_cusum,1997-02-01,1.4000000000000052,5.964500000000006,0.23472210579260688
7,lsc_tail_cusum,1997-03-01,1.4800000000000053,5.964500000000006,0.24813479755218437
7,lsc_tail_cusum,1997-04-01,1.5600000000000054,5.964500000000006,0.26154748931176186
7,lsc_tail_cusum,1997-05-01,1.6400000000000055,5.964500000000006,0.27496018107133935
7,lsc_tail_cusum,1997-06-01,1.7200000000000055,5.964500000000006,0.2883728728309169
7,lsc_tail_cusum,1997-07-01,1.8000000000000056,5.964500000000006,0.3017855645904944
7,lsc_tail_cusum,1997-08-01,1.8800000000000057,5.964500000000006,0.31519825635007187
7,lsc_tail_cusum,1997-09-01,1.9600000000000057,5.964500000000006,0.32861094810964936
7,lsc_tail_cusum,1997-10-01,2.040000000000006,5.964500000000006,0.34202363986922685
7,lsc_tail_cusum,1997-11-01,2.120000000000006,5.964500000000006,0.35543633162880434
7,lsc_tail_cusum,1997-12-01,2.200000000000006,5.964500000000006,0.3688490233883819
7,lsc_tail_cusum,1998-01-01,2.280000000000006,5.964500000000006,0.38226171514795937
7,lsc_kalman_cusum,1993-02-01,1.4979906128503129,8.787909008572857,0.1704604145751828
7,lsc_kalman_cusum,1993-03-01,1.4780071625757343,8.787909008572857,0.16818644357080803
7,lsc_kalman_cusum,1993-04-01,0.2909495616033697,8.787909008572857,0.0331079397066515
7,lsc_kalman_cusum,1993-05-01,0.0,8.787909008572857,0.0
7,lsc_kalman_cusum,1993-06-01,0.03242108340770766,8.787909008572857,0.003689283011018886
7,lsc_kalman_cusum,1993-07-01,0.017497039767948364,8.787909008572857,0.0019910356093673135
7,lsc_kalman_cusum,1993-08-01,0.0,8.787909008572857,0.0
7,lsc_kalman_cusum,1993-09-01,0.0,8.787909008572857,0.0
7,lsc_kalman_cusum,1993-10-01,0.3537297861136829,8.787909008572857,0.04025187172154483
7,lsc_kalman_cusum,1993-11-01,0.5806694500996052,8.787909008572857,0.06607595157541407
7,lsc_kalman_cusum,1993-12-01,0.449412817828881,8.787909008572857,0.05113990340483338
7,lsc_kalman_cusum,1994-01-01,0.38785917289010685,8.787909008572857,0.044135547206023536
7,lsc_kalman_cusum,1994-02-01,0.06729912016617134,8.787909008572857,0.0076581494073868
7,lsc_kalman_cusum,1994-03-01,0.0,8.787909008572857,0.0
7,lsc_kalman_cusum,1994-04-01,0.0,8.787909008572857,0.0
7,lsc_kalman_cusum,1994-05-01,1.1184743719761487,8.787909008572857,0.1272742322303343
7,lsc_kalman_cusum,1994-06-01,0.246597004703346,8.787909008572857,0.028060941967285227
7,lsc_kalman_cusum,1994-07-01,0.0,8.787909008572857,0.0
7,lsc_kalman_cusum,1994-08-01,0.0,8.787909008572857,0.0
7,lsc_kalman_cusum,1994-09-01,0.0,8.787909008572857,0.0
7,lsc_kalman_cusum,1994-10-01,0.0,8.787909008572857,0.0
7,lsc_kalman_cusum,1994-11-01,0.391472410391306,8.787909008572857,0.04454670730083953
7,lsc_kalman_cusum,1994-12-01,0.09544102066493798,8.787909008572857,0.01086049258951504
7,lsc_kalman_cusum,1995-01-01,0.5313641703066982,8.787909008572857,0.060465370065659226
7,lsc_kalman_cusum,1995-02-01,0.42596479607163906,8.787909008572857,0.048471689415092736
7,lsc_kalman_cusum,1995-03-01,0.0,8.787909008572857,0.0
7,lsc_kalman_cusum,1995-04-01,2.2927505986222716,8.787909008572857,0.2608983088452131
7,lsc_kalman_cusum,1995-05-01,0.6733777454173837,8.787909008572857,0.076625479936181
7,lsc_kalman_cusum,1995-06-01,0.28508111544155423,8.787909008572857,0.03244015330193445
7,lsc_kalman_cusum,1995-07-01,0.5445918988657481,8.787909008572857,0.06197058917365702
7,lsc_kalman_cusum,1995-08-01,0.1122511609013046,8.787909008572857,0.012773364038225746
7,lsc_kalman_cusum,1995-09-01,0.0562672375988158,8.787909008572857,0.0064028015701944
7,lsc_kalman_cusum,1995-10-01,0.06211119476470739,8.787909008572857,0.0070678013056480376
7,lsc_kalman_cusum,1995-11-01,0.2684560553451697,8.787909008572857,0.03054834262431292
7,lsc_kalman_cusum,1995-12-01,0.0,8.787909008572857,0.0
7,lsc_kalman_cusum,1996-01-01,0.0,8.787909008572857,0.0
7,lsc_kalman_cusum,1996-02-01,0.05796445680272422,8.787909008572857,0.0065959327464790805
7,lsc_kalman_cusum,1996-03-01,0.0,8.787909008572857,0.0
7,lsc_kalman_cusum,1996-04-01,0.20913910666044855,8.787909008572857,0.02379850615845332
7,lsc_kalman_cusum,1996-05-01,0.0,8.787909008572857,0.0
7,lsc_kalman_cusum,1996-06-01,1.3248594628143298,8.787909008572857,0.15075935145913452
7,lsc_kalman_cusum,1996-07-01,0.9225188217323443,8.787909008572857,0.10497591871199403
7,lsc_kalman_cusum,1996-08-01,1.9094984016609433,8.787909008572857,0.2172870019248234
7,lsc_kalman_cusum,1996-09-01,0.5175329099203954,8.787909008572857,0.05889147343418408
7,lsc_kalman_cusum,1996-10-01,0.07498169842140645,8.787909008572857,0.008532370823168475
7,lsc_kalman_cusum,1996-11-01,0.9647590318066437,8.787909008572857,0.10978254677711087
7,lsc_kalman_cusum,1996-12-01,0.4875166656319876,8.787909008572857,0.055475843588776476
7,lsc_kalman_cusum,1997-01-01,0.09537279077823346,8.787909008572857,0.010852728525658899
7,lsc_kalman_cusum,1997-02-01,0.1352744057713403,8.787909008572857,0.01539324151392285
7,lsc_kalman_cusum,1997-03-01,0.0,8.787909008572857,0.0
7,lsc_kalman_cusum,1997-04-01,0.00754588244706067,8.787909008572857,0.0008586664290332827
7,lsc_kalman_cusum,1997-05-01,0.5861504061682148,8.787909008572857,0.06669964443150336
7,lsc_kalman_cusum,1997-06-01,0.36344057323772083,8.787909008572857,0.041356888525265124
7,lsc_kalman_cusum,1997-07-01,0.0,8.787909008572857,0.0
7,lsc_kalman_cusum,1997-08-01,0.0,8.787909008572857,0.0
7,lsc_kalman_cusum,1997-09-01,0.34373504779144304,8.787909008572857,0.039114543340869785
7,lsc_kalman_cusum,1997-10-01,0.5893740291216651,8.787909008572857,0.06706646923024737
7,lsc_kalman_cusum,1997-11-01,0.46569835530211856,8.787909008572857,0.05299307888233896
7,lsc_kalman_cusum,1997-12-01,0.3812567937408452,8.787909008572857,0.04338424457614642
7,lsc_kalman_cusum,1998-01-01,0.0,8.787909008572857,0.0
7,raw_cusum,1993-02-01,0.5229024490122884,23.955101994833463,0.02182843759651142
7,raw_cusum,1993-03-01,0.45849248710842794,23.955101994833463,0.019139659150994793
7,raw_cusum,1993-04-01,0.23903478373614817,23.955101994833463,0.009978449842864464
7,raw_cusum,1993-05-01,0.0,23.955101994833463,0.0
7,raw_cusum,1993-06-01,0.0,23.955101994833463,0.0
7,raw_cusum,1993-07-01,0.0,23.955101994833463,0.0
7,raw_cusum,1993-08-01,0.0,23.955101994833463,0.0
7,raw_cusum,1993-09-01,0.0,23.955101994833463,0.0
7,raw_cusum,1993-10-01,0.23903478373614817,23.955101994833463,0.009978449842864464
7,raw_cusum,1993-11-01,0.5229024490122884,23.955101994833463,0.02182843759651142
7,raw_cusum,1993-12-01,0.45849248710842794,23.955101994833463,0.019139659150994793
7,raw_cusum,1994-01-01,0.23903478373614817,23.955101994833463,0.009978449842864464
7,raw_cusum,1994-02-01,0.0,23.955101994833463,0.0
7,raw_cusum,1994-03-01,0.0,23.955101994833463,0.0
7,raw_cusum,1994-04-01,0.0,23.955101994833463,0.0
7,raw_cusum,1994-05-01,1.1102148599284376,23.955101994833463,0.04634565363853947
7,raw_cusum,1994-06-01,0.45849248710843327,23.955101994833463,0.01913965915099502
7,raw_cusum,1994-07-01,0.0,23.955101994833463,0.0
7,raw_cusum,1994-08-01,0.0,23.955101994833463,0.0
7,raw_cusum,1994-09-01,0.0,23.955101994833463,0.0
7,raw_cusum,1994-10-01,0.0,23.955101994833463,0.0
7,raw_cusum,1994-11-01,0.5229024490122884,23.955101994833463,0.02182843759651142
7,raw_cusum,1994-12-01,0.45849248710842794,23.955101994833463,0.019139659150994793
7,raw_cusum,1995-01-01,0.23903478373614817,23.955101994833463,0.009978449842864464
7,raw_cusum,1995-02-01,0.5229024490122831,23.955101994833463,0.021828437596511197
7,raw_cusum,1995-03-01,0.0,23.955101994833463,0.0
7,raw_cusum,1995-04-01,2.000972016484585,23.955101994833463,0.08353009796894817
7,raw_cusum,1995-05-01,0.5229024490122884,23.955101994833463,0.02182843759651142
7,raw_cusum,1995-06-01,0.12979194029230068,23.955101994833463,0.005418133486565562
7,raw_cusum,1995-07-01,0.36882672402845407,23.955101994833463,0.015396583329430244
7,raw_cusum,1995-08-01,0.020549096848458404,23.955101994833463,0.0008578171302668779
7,raw_cusum,1995-09-01,0.0,23.955101994833463,0.0
7,raw_cusum,1995-10-01,0.0,23.955101994833463,0.0
7,raw_cusum,1995-11-01,0.23903478373614817,23.955101994833463,0.009978449842864464
7,raw_cusum,1995-12-01,0.0,23.955101994833463,0.0
7,raw_cusum,1996-01-01,0.0,23.955101994833463,0.0
7,raw_cusum,1996-02-01,0.0,23.955101994833463,0.0
7,raw_cusum,1996-03-01,0.0,23.955101994833463,0.0
7,raw_cusum,1996-04-01,0.23903478373614817,23.955101994833463,0.009978449842864464
7,raw_cusum,1996-05-01,0.0,23.955101994833463,0.0
7,raw_cusum,1996-06-01,1.1102148599284323,23.955101994833463,0.04634565363853925
7,raw_cusum,1996-07-01,0.8263471946522973,23.955101994833463,0.034495665884892515
7,raw_cusum,1996-08-01,1.6975272708445814,23.955101994833463,0.0708628696805673
7,raw_cusum,1996-09-01,0.45849248710842805,23.955101994833463,0.0191396591509948
7,raw_cusum,1996-10-01,0.0,23.955101994833463,0.0
7,raw_cusum,1996-11-01,0.8263471946522973,23.955101994833463,0.034495665884892515
7,raw_cusum,1996-12-01,0.47806956747230167,23.955101994833463,0.01995689968572915
7,raw_cusum,1997-01-01,0.0,23.955101994833463,0.0
7,raw_cusum,1997-02-01,0.0,23.955101994833463,0.0
7,raw_cusum,1997-03-01,0.0,23.955101994833463,0.0
7,raw_cusum,1997-04-01,0.0,23.955101994833463,0.0
7,raw_cusum,1997-05-01,0.5229024490122831,23.955101994833463,0.021828437596511197
7,raw_cusum,1997-06-01,0.23903478373614817,23.955101994833463,0.009978449842864464
7,raw_cusum,1997-07-01,0.0,23.955101994833463,0.0
7,raw_cusum,1997-08-01,0.0,23.955101994833463,0.0
7,raw_cusum,1997-09-01,0.2390347837361534,23.955101994833463,0.009978449842864681
7,raw_cusum,1997-10-01,0.5229024490122884,23.955101994833463,0.02182843759651142
7,raw_cusum,1997-11-01,0.45849248710843304,23.955101994833463,0.019139659150995008
7,raw_cusum,1997-12-01,0.2390347837361534,23.955101994833463,0.009978449842864681
7,raw_cusum,1998-01-01,0.0,23.955101994833463,0.0
7,raw_var_cusum,1993-02-01,19.750402183627582,59.04937988908797,0.33447264341682537
7,raw_var_cusum,1993-03-01,20.510663502338986,59.04937988908797,0.34734765277576185
7,raw_var_cusum,1993-04-01,20.91449109076705,59.04937988908797,0.3541864644480702
7,raw_var_cusum,1993-05-01,21.841471412352917,59.04937988908797,0.36988485659591336
7,raw_var_cusum,1993-06-01,22.60173273106432,59.04937988908797,0.3827598659548499
7,raw_var_cusum,1993-07-01,23.361994049775724,59.04937988908797,0.3956348753137864
7,raw_var_cusum,1993-08-01,24.122255368487124,59.04937988908797,0.4085098846727228
7,raw_var_cusum,1993-09-01,24.882516687198528,59.04937988908797,0.4213848940316593
7,raw_var_cusum,1993-10-01,25.286344275626593,59.04937988908797,0.4282237057039676
7,raw_var_cusum,1993-11-01,25.190014855431254,59.04937988908797,0.4265923690095557
7,raw_var_cusum,1993-12-01,25.950276174142658,59.04937988908797,0.4394673783684922
7,raw_var_cusum,1994-01-01,26.354103762570723,59.04937988908797,0.4463061900408006
7,raw_var_cusum,1994-02-01,27.28108408415659,59.04937988908797,0.4620045821886437
7,raw_var_cusum,1994-03-01,28.041345402867993,59.04937988908797,0.4748795915475802
7,raw_var_cusum,1994-04-01,28.801606721579397,59.04937988908797,0.4877546009065167
7,raw_var_cusum,1994-05-01,27.158814826445038,59.04937988908797,0.45993395489431466
7,raw_var_cusum,1994-06-01,28.085795148030904,59.04937988908797,0.4756323470421578
7,raw_var_cusum,1994-07-01,29.01277546961677,59.04937988908797,0.4913307391900009
7,raw_var_cusum,1994-08-01,29.773036788328174,59.04937988908797,0.5042057485489374
7,raw_var_cusum,1994-09-01,30.533298107039577,59.04937988908797,0.5170807579078739
7,raw_var_cusum,1994-10-01,31.293559425750978,59.04937988908797,0.5299557672668104
7,raw_var_cusum,1994-11-01,31.19723000555564,59.04937988908797,0.5283244305723984
7,raw_var_cusum,1994-12-01,31.957491324267043,59.04937988908797,0.5411994399313349
7,raw_var_cusum,1995-01-01,32.36131891269511,59.04937988908797,0.5480382516036434
7,raw_var_cusum,1995-02-01,32.26498949249979,59.04937988908797,0.5464069149092317
7,raw_var_cusum,1995-03-01,33.19196981408566,59.04937988908797,0.562105307057075
7,raw_var_cusum,1995-04-01,27.88710878684669,59.04937988908797,0.4722675977161292
7,raw_var_cusum,1995-05-01,27.79077936665135,59.04937988908797,0.4706362610217173
7,raw_var_cusum,1995-06-01,28.717759688237216,59.04937988908797,0.4863346531695604
7,raw_var_cusum,1995-07-01,29.121587276665274,59.04937988908797,0.49317346484186864
7,raw_var_cusum,1995-08-01,30.04856759825114,59.04937988908797,0.5088718569897118
7,raw_var_cusum,1995-09-01,30.80882891696254,59.04937988908797,0.5217468663486482
7,raw_var_cusum,1995-10-01,31.569090235673944,59.04937988908797,0.5346218757075847
7,raw_var_cusum,1995-11-01,31.97291782410201,59.04937988908797,0.5414606873798931
7,raw_var_cusum,1995-12-01,32.89989814568788,59.04937988908797,0.5571590795277362
7,raw_var_cusum,1996-01-01,33.82687846727375,59.04937988908797,0.5728574716755795
7,raw_var_cusum,1996-02-01,34.58713978598516,59.04937988908797,0.5857324810345161
7,raw_var_cusum,1996-03-01,35.51412010757103,59.04937988908797,0.6014308731823594
7,raw_var_cusum,1996-04-01,35.917947695999096,59.04937988908797,0.6082696848546677
7,raw_var_cusum,1996-05-01,36.84492801758497,59.04937988908797,0.623968077002511
7,raw_var_cusum,1996-06-01,35.20213612245063,59.04937988908797,0.5961474309903093
7,raw_var_cusum,1996-07-01,34.392939241688616,59.04937988908797,0.5824436989226411
7,raw_var_cusum,1996-08-01,30.513813135582982,59.04937988908797,0.5167507803282076
7,raw_var_cusum,1996-09-01,30.91764072401104,59.04937988908797,0.5235895920005159
7,raw_var_cusum,1996-10-01,31.844621045596906,59.04937988908797,0.539287984148359
7,raw_var_cusum,1996-11-01,31.035424164834886,59.04937988908797,0.5255842520806908
7,raw_var_cusum,1996-12-01,31.962404486420755,59.04937988908797,0.541282644228534
7,raw_var_cusum,1997-01-01,32.72266580513216,59.04937988908797,0.5541576535874705
7,raw_var_cusum,1997-02-01,33.48292712384357,59.04937988908797,0.5670326629464071
7,raw_var_cusum,1997-03-01,34.40990744542944,59.04937988908797,0.5827310550942503
7,raw_var_cusum,1997-04-01,35.17016876414084,59.04937988908797,0.5956060644531868
7,raw_var_cusum,1997-05-01,35.073839343945515,59.04937988908797,0.593974727758775
7,raw_var_cusum,1997-06-01,35.47766693237358,59.04937988908797,0.6008135394310834
7,raw_var_cusum,1997-07-01,36.23792825108499,59.04937988908797,0.61368854879002
7,raw_var_cusum,1997-08-01,36.99818956979639,59.04937988908797,0.6265635581489564
7,raw_var_cusum,1997-09-01,37.402017158224446,59.04937988908797,0.6334023698212646
7,raw_var_cusum,1997-10-01,37.305687738029114,59.04937988908797,0.6317710331268528
7,raw_var_cusum,1997-11-01,38.065949056740514,59.04937988908797,0.6446460424857893
7,raw_var_cusum,1997-12-01,38.46977664516857,59.04937988908797,0.6514848541580974
7,raw_var_cusum,1998-01-01,39.23003796387997,59.04937988908797,0.6643598635170339
8,lsc_composite,1998-02-01,2.031658699656156,15.243884017789965,0.13327697175373174
8,lsc_composite,1998-03-01,1.869148688667951,15.243884017789965,0.12261630215020078
8,lsc_composite,1998-04-01,2.6691321666893755,15.243884017789965,0.17509528172573582
8,lsc_composite,1998-05-01,2.0887337958122147,15.243884017789965,0.13702110258610037
8,lsc_composite,1998-06-01,1.7750900464441073,15.243884017789965,0.11644604776397775
8,lsc_composite,1998-07-01,1.9164857086856588,15.243884017789965,0.12572161441592417
8,lsc_composite,1998-08-01,1.7302870170698568,15.243884017789965,0.11350696548534296
8,lsc_composite,1998-09-01,1.7071550360748853,15.243884017789965,0.11198950569832439
8,lsc_composite,1998-10-01,1.39424612765876,15.243884017789965,0.09146265650090506
8,lsc_composite,1998-11-01,1.588199327224717,15.243884017789965,0.10418600176774186
8,lsc_composite,1998-12-01,1.634174443235942,15.243884017789965,0.10720197302267734
8,lsc_composite,1999-01-01,1.621622609371286,15.243884017789965,0.10637857172613062
8,lsc_composite,1999-02-01,1.5893283003852483,15.243884017789965,0.10426006249657013
8,lsc_composite,1999-03-01,1.8518887522765726,15.243884017789965,0.12148404895467425
8,lsc_composite,1999-04-01,2.2890613451222257,15.243884017789965,0.15016260570146284
8,lsc_composite,1999-05-01,2.093791770781304,15.243884017789965,0.137352906145035
8,lsc_composite,1999-06-01,2.4686956611856603,15.243884017789965,0.16194663107542903
8,lsc_composite,1999-07-01,1.8211437187581736,15.243884017789965,0.11946717231860704
8,lsc_composite,1999-08-01,1.9457861105168954,15.243884017789965,0.12764372309879282
8,lsc_composite,1999-09-01,1.9322571186748236,15.243884017789965,0.1267562201614651
8,lsc_composite,1999-10-01,1.79845939662847,15.243884017789965,0.11797907898863744
8,lsc_composite,1999-11-01,1.6851367687748333,15.243884017789965,0.11054510561798028
8,lsc_composite,1999-12-01,2.5514699635073654,15.243884017789965,0.16737663186952492
8,lsc_composite,2000-01-01,1.722663493355148,15.243884017789965,0.11300686172531618
8,lsc_composite,2000-02-01,1.7419477579470592,15.243884017789965,0.11427191101127285
8,lsc_composite,2000-03-01,2.051870295134786,15.243884017789965,0.13460285401936975
8,lsc_composite,2000-04-01,2.0787291711263984,15.243884017789965,0.1363647984136112
8,lsc_composite,2000-05-01,2.972691439002037,15.243884017789965,0.19500879405359142
8,lsc_composite,2000-06-01,2.584167352816283,15.243884017789965,0.16952158320021984
8,lsc_composite,2000-07-01,2.3623301200783065,15.243884017789965,0.15496904314683926
8,lsc_composite,2000-08-01,2.284890173356147,15.243884017789965,0.14988897650294555
8,lsc_composite,2000-09-01,2.295664146452841,15.243884017789965,0.15059574999217704
8,lsc_composite,2000-10-01,2.2165577344903795,15.243884017789965,0.14540636309641333
8,lsc_composite,2000-11-01,2.570857862312092,15.243884017789965,0.1686484795680577
8,lsc_composite,2000-12-01,2.614764839177863,15.243884017789965,0.17152878073110317
8,lsc_composite,2001-01-01,2.934562808438691,15.243884017789965,0.19250755286605362
8,lsc_composite,2001-02-01,2.189587364457177,15.243884017789965,0.143637104684205
8,lsc_composite,2001-03-01,2.1224450580343417,15.243884017789965,0.13923256406027487
8,lsc_composite,2001-04-01,2.2410989853607868,15.243884017789965,0.14701627109897797
8,lsc_composite,2001-05-01,2.3813809952985703,15.243884017789965,0.1562187820715143
8,lsc_composite,2001-06-01,2.6677301902823047,15.243884017789965,0.17500331196229268
8,lsc_composite,2001-07-01,2.8577642726156585,15.243884017789965,0.18746956282798935
8,lsc_composite,2001-08-01,3.5475132910683964,15.243884017789965,0.23271715311716926
8,lsc_composite,2001-09-01,4.402784536908133,15.243884017789965,0.2888230146444293
8,lsc_composite,2001-10-01,5.182334861984895,15.243884017789965,0.33996157776699104
8,lsc_composite,2001-11-01,7.763721807485673,15.243884017789965,0.5093007660269018
8,lsc_composite,2001-12-01,10.839246906390228,15.243884017789965,0.7110554563220618
8,lsc_composite,2002-01-01,9.022348392518168,15.243884017789965,0.5918667697805152
8,lsc_composite,2002-02-01,9.653297124070424,15.243884017789965,0.6332570565877307
8,lsc_composite,2002-03-01,8.053427605949464,15.243884017789965,0.5283054893720608
8,lsc_composite,2002-04-01,8.688540118108989,15.243884017789965,0.5699689205171898
8,lsc_composite,2002-05-01,8.251229381705961,15.243884017789965,0.5412813015420864
8,lsc_composite,2002-06-01,5.378669300305934,15.243884017789965,0.3528411324849299
8,lsc_composite,2002-07-01,4.448377508685617,15.243884017789965,0.29181391720733757
8,lsc_composite,2002-08-01,3.937319952915492,15.243884017789965,0.25828850103559886
8,lsc_composite,2002-09-01,3.611017972369891,15.243884017789965,0.2368830652447729
8,lsc_composite,2002-10-01,2.703986015342976,15.243884017789965,0.17738169696039158
8,lsc_composite,2002-11-01,4.177396429323245,15.243884017789965,0.2740375369196018
8,lsc_composite,2002-12-01,4.1877739032628565,15.243884017789965,0.27471830003269687
8,lsc_composite,2003-01-01,3.571825576064694,15.243884017789965,0.23431204094024144
8,lsc_tail_cusum,1998-02-01,1.4400000000000002,5.567000000000004,0.2586671456798993
8,lsc_tail_cusum,1998-03-01,1.5200000000000002,5.567000000000004,0.2730375426621159
8,lsc_tail_cusum,1998-04-01,0.85,5.567000000000004,0.15268546793605162
8,lsc_tail_cusum,1998-05-01,0.7,5.567000000000004,0.12574097359439546
8,lsc_tail_cusum,1998-06-01,0.7600000000000002,5.567000000000004,0.13651877133105797
8,lsc_tail_cusum,1998-07-01,0.8400000000000002,5.567000000000004,0.1508891683132746
8,lsc_tail_cusum,1998-08-01,0.9200000000000002,5.567000000000004,0.1652595652954912
8,lsc_tail_cusum,1998-09-01,1.0000000000000002,5.567000000000004,0.17962996227770783
8,lsc_tail_cusum,1998-10-01,1.0800000000000003,5.567000000000004,0.19400035925992448
8,lsc_tail_cusum,1998-11-01,1.1600000000000004,5.567000000000004,0.2083707562421411
8,lsc_tail_cusum,1998-12-01,1.2400000000000004,5.567000000000004,0.22274115322435775
8,lsc_tail_cusum,1999-01-01,1.3200000000000005,5.567000000000004,0.2371115502065744
8,lsc_tail_cusum,1999-02-01,1.4000000000000006,5.567000000000004,0.251481947188791
8,lsc_tail_cusum,1999-03-01,1.4800000000000006,5.567000000000004,0.26585234417100767
8,lsc_tail_cusum,1999-04-01,1.5600000000000007,5.567000000000004,0.2802227411532243
8,lsc_tail_cusum,1999-05-01,1.6400000000000008,5.567000000000004,0.2945931381354409
8,lsc_tail_cusum,1999-06-01,1.7200000000000009,5.567000000000004,0.30896353511765756
8,lsc_tail_cusum,1999-07-01,1.800000000000001,5.567000000000004,0.3233339320998742
8,lsc_tail_cusum,1999-08-01,1.880000000000001,5.567000000000004,0.33770432908209086
8,lsc_tail_cusum,1999-09-01,1.960000000000001,5.567000000000004,0.3520747260643075
8,lsc_tail_cusum,1999-10-01,2.040000000000001,5.567000000000004,0.3664451230465241
8,lsc_tail_cusum,1999-11-01,2.120000000000001,5.567000000000004,0.3808155200287407
8,lsc_tail_cusum,1999-12-01,2.200000000000001,5.567000000000004,0.39518591701095734
8,lsc_tail_cusum,2000-01-01,2.280000000000001,5.567000000000004,0.409556313993174
8,lsc_tail_cusum,2000-02-01,2.360000000000001,5.567000000000004,0.42392671097539064
8,lsc_tail_cusum,2000-03-01,2.4400000000000013,5.567000000000004,0.4382971079576073
8,lsc_tail_cusum,2000-04-01,2.5200000000000014,5.567000000000004,0.4526675049398239
8,lsc_tail_cusum,2000-05-01,2.6000000000000014,5.567000000000004,0.46703790192204053
8,lsc_tail_cusum,2000-06-01,2.6800000000000015,5.567000000000004,0.4814082989042572
8,lsc_tail_cusum,2000-07-01,2.7600000000000016,5.567000000000004,0.49577869588647383
8,lsc_tail_cusum,2000-08-01,2.8400000000000016,5.567000000000004,0.5101490928686905
8,lsc_tail_cusum,2000-09-01,2.9200000000000017,5.567000000000004,0.5245194898509071
8,lsc_tail_cusum,2000-10-01,3.0000000000000018,5.567000000000004,0.5388898868331238
8,lsc_tail_cusum,2000-11-01,3.080000000000002,5.567000000000004,0.5532602838153403
8,lsc_tail_cusum,2000-12-01,3.160000000000002,5.567000000000004,0.567630680797557
8,lsc_tail_cusum,2001-01-01,2.240000000000002,5.567000000000004,0.40237111550206583
8,lsc_tail_cusum,2001-02-01,2.320000000000002,5.567000000000004,0.4167415124842825
8,lsc_tail_cusum,2001-03-01,2.400000000000002,5.567000000000004,0.43111190946649913
8,lsc_tail_cusum,2001-04-01,2.480000000000002,5.567000000000004,0.4454823064487157
8,lsc_tail_cusum,2001-05-01,2.5600000000000023,5.567000000000004,0.4598527034309324
8,lsc_tail_cusum,2001-06-01,2.6400000000000023,5.567000000000004,0.474223100413149
8,lsc_tail_cusum,2001-07-01,2.7200000000000024,5.567000000000004,0.4885934973953657
8,lsc_tail_cusum,2001-08-01,1.8000000000000025,5.567000000000004,0.3233339320998745
8,lsc_tail_cusum,2001-09-01,1.8800000000000026,5.567000000000004,0.33770432908209114
8,lsc_tail_cusum,2001-10-01,1.5499999999999998,5.567000000000004,0.27842644153044704
8,lsc_tail_cusum,2001-11-01,2.4,5.567000000000004,0.4311119094664987
8,lsc_tail_cusum,2001-12-01,2.25,5.567000000000004,0.40416741512484256
8,lsc_tail_cusum,2002-01-01,2.1,5.567000000000004,0.3772229207831864
8,lsc_tail_cusum,2002-02-01,1.95,5.567000000000004,0.3502784264415302
8,lsc_tail_cusum,2002-03-01,1.7999999999999998,5.567000000000004,0.323333932099874
8,lsc_tail_cusum,2002-04-01,1.6499999999999997,5.567000000000004,0.2963894377582178
8,lsc_tail_cusum,2002-05-01,1.4999999999999996,5.567000000000004,0.2694449434165616
8,lsc_tail_cusum,2002-06-01,1.3499999999999994,5.567000000000004,0.24250044907490542
8,lsc_tail_cusum,2002-07-01,1.1999999999999993,5.567000000000004,0.21555595473324923
8,lsc_tail_cusum,2002-08-01,1.0499999999999992,5.567000000000004,0.18861146039159304
8,lsc_tail_cusum,2002-09-01,0.8999999999999991,5.567000000000004,0.16166696604993686
8,lsc_tail_cusum,2002-10-01,0.9200000000000025,5.567000000000004,0.16525956529549163
8,lsc_tail_cusum,2002-11-01,1.0000000000000024,5.567000000000004,0.17962996227770825
8,lsc_tail_cusum,2002-12-01,1.0800000000000025,5.567000000000004,0.19400035925992487
8,lsc_tail_cusum,2003-01-01,1.1600000000000026,5.567000000000004,0.20837075624214152
8,lsc_kalman_cusum,1998-02-01,0.0,6.545392284422983,0.0
8,lsc_kalman_cusum,1998-03-01,0.20820534404750668,6.545392284422983,0.031809452359792566
8,lsc_kalman_cusum,1998-04-01,2.2310316407869295,6.545392284422983,0.34085529848171797
8,lsc_kalman_cusum,1998-05-01,1.3324263809562913,6.545392284422983,0.20356707788580666
8,lsc_kalman_cusum,1998-06-01,0.30164414724668887,6.545392284422983,0.046084960860872326
8,lsc_kalman_cusum,1998-07-01,0.0,6.545392284422983,0.0
8,lsc_kalman_cusum,1998-08-01,0.0,6.545392284422983,0.0
8,lsc_kalman_cusum,1998-09-01,0.20160765106141487,6.545392284422983,0.0308014618988093
8,lsc_kalman_cusum,1998-10-01,0.12713377568798134,6.545392284422983,0.019423400487475744
8,lsc_kalman_cusum,1998-11-01,0.40874226182031304,6.545392284422983,0.06244732845013066
8,lsc_kalman_cusum,1998-12-01,0.0,6.545392284422983,0.0
8,lsc_kalman_cusum,1999-01-01,0.19523602990039612,6.545392284422983,0.029828010517418117
8,lsc_kalman_cusum,1999-02-01,0.12657515987650947,6.545392284422983,0.0193380555933582
8,lsc_kalman_cusum,1999-03-01,0.8216619676461465,6.545392284422983,0.12553288358309317
8,lsc_kalman_cusum,1999-04-01,0.04601109217510102,6.545392284422983,0.0070295392813354025
8,lsc_kalman_cusum,1999-05-01,0.11349223991416046,6.545392284422983,0.017339257141891155
8,lsc_kalman_cusum,1999-06-01,0.11940847930614762,6.545392284422983,0.01824313564678488
8,lsc_kalman_cusum,1999-07-01,0.0,6.545392284422983,0.0
8,lsc_kalman_cusum,1999-08-01,0.20822366716854235,6.545392284422983,0.03181225175213445
8,lsc_kalman_cusum,1999-09-01,0.0,6.545392284422983,0.0
8,lsc_kalman_cusum,1999-10-01,0.19467196018467714,6.545392284422983,0.02974183238000359
8,lsc_kalman_cusum,1999-11-01,0.0,6.545392284422983,0.0
8,lsc_kalman_cusum,1999-12-01,0.1945677954866606,6.545392284422983,0.029725918177540212
8,lsc_kalman_cusum,2000-01-01,0.0,6.545392284422983,0.0
8,lsc_kalman_cusum,2000-02-01,0.20764595784513995,6.545392284422983,0.03172398976594651
8,lsc_kalman_cusum,2000-03-01,0.1276631690022877,6.545392284422983,0.01950428079094758
8,lsc_kalman_cusum,2000-04-01,1.1103317182481423,6.545392284422983,0.16963562610151867
8,lsc_kalman_cusum,2000-05-01,0.7612334143791906,6.545392284422983,0.11630065568274768
8,lsc_kalman_cusum,2000-06-01,0.4216267195042932,6.545392284422983,0.06441580598732016
8,lsc_kalman_cusum,2000-07-01,0.0,6.545392284422983,0.0
8,lsc_kalman_cusum,2000-08-01,0.202339333585825,6.545392284422983,0.030913247792246343
8,lsc_kalman_cusum,2000-09-01,0.8283044004443196,6.545392284422983,0.12654770935816262
8,lsc_kalman_cusum,2000-10-01,0.48281742606747324,6.545392284422983,0.0737644750821893
8,lsc_kalman_cusum,2000-11-01,0.0,6.545392284422983,0.0
8,lsc_kalman_cusum,2000-12-01,0.0,6.545392284422983,0.0
8,lsc_kalman_cusum,2001-01-01,1.6034235539906132,6.545392284422983,0.2449698175931353
8,lsc_kalman_cusum,2001-02-01,1.3254643447311933,6.545392284422983,0.2025034233449373
8,lsc_kalman_cusum,2001-03-01,1.5071039548865737,6.545392284422983,0.23025418330895875
8,lsc_kalman_cusum,2001-04-01,1.783933779484936,6.545392284422983,0.27254803103710395
8,lsc_kalman_cusum,2001-05-01,0.6502050894965725,6.545392284422983,0.09933783358469739
8,lsc_kalman_cusum,2001-06-01,1.472494224848923,6.545392284422983,0.2249665353676709
8,lsc_kalman_cusum,2001-07-01,1.828641100001024,6.545392284422983,0.27937838108693747
8,lsc_kalman_cusum,2001-08-01,3.492384393047432,6.545392284422983,0.533563802028912
8,lsc_kalman_cusum,2001-09-01,3.9102432791729402,6.545392284422983,0.5974039613299744
8,lsc_kalman_cusum,2001-10-01,5.568576127339367,6.545392284422983,0.8507627786636583
8,lsc_kalman_cusum,2001-11-01,6.688015836907533,6.545392284422983,1.0217899166752729
8,lsc_kalman_cusum,2001-12-01,7.719217261429776,6.545392284422983,1.179336077350217
8,lsc_kalman_cusum,2002-01-01,7.35594180231926,6.545392284422983,1.1238351320554552
8,lsc_kalman_cusum,2002-02-01,6.843954823114496,6.545392284422983,1.045614155075479
8,lsc_kalman_cusum,2002-03-01,6.345005751276482,6.545392284422983,0.9693850995572276
8,lsc_kalman_cusum,2002-04-01,7.247126566474759,6.545392284422983,1.107210423998848
8,lsc_kalman_cusum,2002-05-01,6.194061447815655,6.545392284422983,0.946323944946212
8,lsc_kalman_cusum,2002-06-01,5.607065655369629,6.545392284422983,0.8566431791588068
8,lsc_kalman_cusum,2002-07-01,5.114692792006317,6.545392284422983,0.7814188317144095
8,lsc_kalman_cusum,2002-08-01,3.9129176257059877,6.545392284422983,0.5978125459367996
8,lsc_kalman_cusum,2002-09-01,3.338959611533109,6.545392284422983,0.5101236818882979
8,lsc_kalman_cusum,2002-10-01,2.8454436938503616,6.545392284422983,0.43472469948395237
8,lsc_kalman_cusum,2002-11-01,3.7470881709644015,6.545392284422983,0.5724772493593531
8,lsc_kalman_cusum,2002-12-01,4.096277766718847,6.545392284422983,0.6258261672821891
8,lsc_kalman_cusum,2003-01-01,2.2550986400009707,6.545392284422983,0.3445322361148247
8,raw_cusum,1998-02-01,0.0,6.503459682690091,0.0
8,raw_cusum,1998-03-01,0.2592823994233967,6.503459682690091,0.039868379612395345
8,raw_cusum,1998-04-01,2.2183469109127603,6.503459682690091,0.34110258526199755
8,raw_cusum,1998-05-01,0.9590645114893634,6.503459682690091,0.14746989422292475
8,raw_cusum,1998-06-01,0.5185647988467872,6.503459682690091,0.07973675922478973
8,raw_cusum,1998-07-01,0.08232133620295001,6.503459682690091,0.012658083576970623
8,raw_cusum,1998-08-01,0.0,6.503459682690091,0.0
8,raw_cusum,1998-09-01,0.2592823994233905,6.503459682690091,0.03986837961239439
8,raw_cusum,1998-10-01,0.13176932471106495,6.503459682690091,0.020261419481355177
8,raw_cusum,1998-11-01,0.2635386494221299,6.503459682690091,0.040522838962710354
8,raw_cusum,1998-12-01,0.0,6.503459682690091,0.0
8,raw_cusum,1999-01-01,0.13176932471107106,6.503459682690091,0.020261419481356114
8,raw_cusum,1999-02-01,0.2592823994233967,6.503459682690091,0.039868379612395345
8,raw_cusum,1999-03-01,0.8272951867782987,6.503459682690091,0.12720847474156963
8,raw_cusum,1999-04-01,0.2592823994233905,6.503459682690091,0.03986837961239439
8,raw_cusum,1999-05-01,0.13176932471106495,6.503459682690091,0.020261419481355177
8,raw_cusum,1999-06-01,0.2592823994233905,6.503459682690091,0.03986837961239439
8,raw_cusum,1999-07-01,0.0,6.503459682690091,0.0
8,raw_cusum,1999-08-01,0.13176932471106495,6.503459682690091,0.020261419481355177
8,raw_cusum,1999-09-01,0.0,6.503459682690091,0.0
8,raw_cusum,1999-10-01,0.13176932471107106,6.503459682690091,0.020261419481356114
8,raw_cusum,1999-11-01,0.0,6.503459682690091,0.0
8,raw_cusum,1999-12-01,0.13176932471106495,6.503459682690091,0.020261419481355177
8,raw_cusum,2000-01-01,0.0,6.503459682690091,0.0
8,raw_cusum,2000-02-01,0.2592823994233905,6.503459682690091,0.03986837961239439
8,raw_cusum,2000-03-01,0.13176932471106495,6.503459682690091,0.020261419481355177
8,raw_cusum,2000-04-01,0.9590645114893637,6.503459682690091,0.14746989422292478
8,raw_cusum,2000-05-01,0.9548082614906244,6.503459682690091,0.14681543487260884
8,raw_cusum,2000-06-01,0.5185647988467872,6.503459682690091,0.07973675922478973
8,raw_cusum,2000-07-01,0.08232133620295001,6.503459682690091,0.012658083576970623
8,raw_cusum,2000-08-01,0.3416037356263405,6.503459682690091,0.05252646318936501
8,raw_cusum,2000-09-01,0.8272951867782956,6.503459682690091,0.12720847474156913
8,raw_cusum,2000-10-01,0.2635386494221328,6.503459682690091,0.0405228389627108
8,raw_cusum,2000-11-01,0.0,6.503459682690091,0.0
8,raw_cusum,2000-12-01,0.0,6.503459682690091,0.0
8,raw_cusum,2001-01-01,1.650334123557855,6.503459682690091,0.2537624901328228
8,raw_cusum,2001-02-01,1.2140906609140178,6.503459682690091,0.18668381448500368
8,raw_cusum,2001-03-01,1.4733730603374084,6.503459682690091,0.2265521940973981
8,raw_cusum,2001-04-01,1.7326554597608053,6.503459682690091,0.26642057370979344
8,raw_cusum,2001-05-01,0.6008861350497341,6.503459682690091,0.09239484280175987
8,raw_cusum,2001-06-01,1.5556943965403587,6.503459682690091,0.23921027767436875
8,raw_cusum,2001-07-01,1.8149767959637493,6.503459682690091,0.2790786572867632
8,raw_cusum,2001-08-01,3.4653109195216074,6.503459682690091,0.5328411474195864
8,raw_cusum,2001-09-01,3.724593318944998,6.503459682690091,0.5727095270319809
8,raw_cusum,2001-10-01,5.37492744250285,6.503459682690091,0.8264720171648031
8,raw_cusum,2001-11-01,6.3297357039934745,6.503459682690091,0.9732874520374121
8,raw_cusum,2001-12-01,7.284543965484099,6.503459682690091,1.120102886910021
8,raw_cusum,2002-01-01,6.848300502840262,6.503459682690091,1.053024211262202
8,raw_cusum,2002-02-01,6.412057040196425,6.503459682690091,0.9859455356143827
8,raw_cusum,2002-03-01,5.975813577552588,6.503459682690091,0.9188668599665636
8,raw_cusum,2002-04-01,6.930621839043212,6.503459682690091,1.0656822948391724
8,raw_cusum,2002-05-01,5.798852514332141,6.503459682690091,0.891656563931139
8,raw_cusum,2002-06-01,5.362609051688304,6.503459682690091,0.8245778882833199
8,raw_cusum,2002-07-01,4.926365589044467,6.503459682690091,0.7574992126355008
8,raw_cusum,2002-08-01,3.7945962643334017,6.503459682690091,0.583473481727468
8,raw_cusum,2002-09-01,3.3583528016895645,6.503459682690091,0.5163948060796489
8,raw_cusum,2002-10-01,2.9221093390457273,6.503459682690091,0.44931613043182983
8,raw_cusum,2002-11-01,3.876917600536352,6.503459682690091,0.5961315653044387
8,raw_cusum,2002-12-01,4.136199999959742,6.503459682690091,0.6359999449168331
8,raw_cusum,2003-01-01,2.308904813181443,6.503459682690091,0.3550271587485859
8,raw_var_cusum,1998-02-01,6.343881906568622,35.166812268465755,0.18039399926666683
8,raw_var_cusum,1998-03-01,6.717372144494472,35.166812268465755,0.1910145307801461
8,raw_var_cusum,1998-04-01,8.16971978499731,35.166812268465755,0.23231334482719482
8,raw_var_cusum,1998-05-01,7.696229547071461,35.166812268465755,0.21884922319139816
8,raw_var_cusum,1998-06-01,7.222739309145602,35.166812268465755,0.20538510155560122
8,raw_var_cusum,1998-07-01,6.17680420520125,35.166812268465755,0.17564299425398927
8,raw_var_cusum,1998-08-01,5.1308691012568985,35.166812268465755,0.14590088695237735
8,raw_var_cusum,1998-09-01,4.65737886333104,35.166812268465755,0.1324367653165804
8,raw_var_cusum,1998-10-01,4.006511342976915,35.166812268465755,0.11392876079841824
8,raw_var_cusum,1998-11-01,4.392038178800049,35.166812268465755,0.12489156382076774
8,raw_var_cusum,1998-12-01,5.337973282744401,35.166812268465755,0.15179008100006228
8,raw_var_cusum,1999-01-01,5.888840803098518,35.166812268465755,0.16745449539590682
8,raw_var_cusum,1999-02-01,6.262331041024368,35.166812268465755,0.1780750269093861
8,raw_var_cusum,1999-03-01,5.45061852817953,35.166812268465755,0.15499325007251583
8,raw_var_cusum,1999-04-01,5.824108766105389,35.166812268465755,0.16561378158599535
8,raw_var_cusum,1999-05-01,6.374976286459514,35.166812268465755,0.1812781959818401
8,raw_var_cusum,1999-06-01,6.748466524385373,35.166812268465755,0.19189872749531964
8,raw_var_cusum,1999-07-01,7.694401628329725,35.166812268465755,0.21879724467461417
8,raw_var_cusum,1999-08-01,8.24526914868385,35.166812268465755,0.2344616590704589
8,raw_var_cusum,1999-09-01,9.191204252628202,35.166812268465755,0.26136017624975344
8,raw_var_cusum,1999-10-01,9.74207177298232,35.166812268465755,0.277024590645598
8,raw_var_cusum,1999-11-01,10.688006876926671,35.166812268465755,0.3039231078248925
8,raw_var_cusum,1999-12-01,11.238874397280796,35.166812268465755,0.3195875222207373
8,raw_var_cusum,2000-01-01,12.184809501225148,35.166812268465755,0.3464860394000318
8,raw_var_cusum,2000-02-01,12.558299739151007,35.166812268465755,0.35710657091351133
8,raw_var_cusum,2000-03-01,13.109167259505131,35.166812268465755,0.3727709853093561
8,raw_var_cusum,2000-04-01,12.297454746660291,35.166812268465755,0.34968920847248575
8,raw_var_cusum,2000-05-01,11.130987668958918,35.166812268465755,0.3165196658708849
8,raw_var_cusum,2000-06-01,12.07692277290327,35.166812268465755,0.34341818305017946
8,raw_var_cusum,2000-07-01,13.022857876847622,35.166812268465755,0.37031670022947405
8,raw_var_cusum,2000-08-01,13.396348114773481,35.166812268465755,0.3809372317429535
8,raw_var_cusum,2000-09-01,12.58463560192865,35.166812268465755,0.35785545490608345
8,raw_var_cusum,2000-10-01,13.530570705873002,35.166812268465755,0.384753972085378
8,raw_var_cusum,2000-11-01,14.476505809817354,35.166812268465755,0.41165248926467257
8,raw_var_cusum,2000-12-01,15.422440913761706,35.166812268465755,0.4385510064439671
8,raw_var_cusum,2001-01-01,11.748504070824378,35.166812268465755,0.33407930127802105
8,raw_var_cusum,2001-02-01,12.69443917476873,35.166812268465755,0.3609778184573156
8,raw_var_cusum,2001-03-01,13.067929412694589,35.166812268465755,0.3715983499707951
8,raw_var_cusum,2001-04-01,13.441419650620437,35.166812268465755,0.38221888148427435
8,raw_var_cusum,2001-05-01,13.992287170974555,35.166812268465755,0.3978832958801189
8,raw_var_cusum,2001-06-01,12.825820093273181,35.166812268465755,0.36471375327851807
8,raw_var_cusum,2001-07-01,13.19931033119904,35.166812268465755,0.3753342847919976
8,raw_var_cusum,2001-08-01,9.525373488261698,35.166812268465755,0.27086257962605115
8,raw_var_cusum,2001-09-01,9.898863726187557,35.166812268465755,0.2814831111395307
8,raw_var_cusum,2001-10-01,8.197514030511464,35.166812268465755,0.23310369924720795
8,raw_var_cusum,2001-11-01,9.263981108212835,35.166812268465755,0.2634296517264913
8,raw_var_cusum,2001-12-01,10.330448185914207,35.166812268465755,0.2937556042057747
8,raw_var_cusum,2002-01-01,9.284513081969854,35.166812268465755,0.2640134969041627
8,raw_var_cusum,2002-02-01,8.2385779780255,35.166812268465755,0.23427138960255067
8,raw_var_cusum,2002-03-01,7.192642874081148,35.166812268465755,0.20452928230093873
8,raw_var_cusum,2002-04-01,8.25910995178252,35.166812268465755,0.2348552347802221
8,raw_var_cusum,2002-05-01,7.608242431428403,35.166812268465755,0.21634723026206015
8,raw_var_cusum,2002-06-01,7.06013358627765,35.166812268465755,0.20076126128180533
8,raw_var_cusum,2002-07-01,8.006068690222001,35.166812268465755,0.22765977846109983
8,raw_var_cusum,2002-08-01,8.556936210576126,35.166812268465755,0.24332419285694457
8,raw_var_cusum,2002-09-01,9.502871314520478,35.166812268465755,0.2702227100362391
8,raw_var_cusum,2002-10-01,10.44880641846483,35.166812268465755,0.29712122721553363
8,raw_var_cusum,2002-11-01,9.282339340763457,35.166812268465755,0.2639516846139328
8,raw_var_cusum,2002-12-01,9.655829578689316,35.166812268465755,0.27457221612741234
8,raw_var_cusum,2003-01-01,8.844117065844475,35.166812268465755,0.25149043929054204
9,lsc_composite,2003-02-01,2.822298917973897,13.970766890336751,0.20201460235701266
9,lsc_composite,2003-03-01,2.418897511153837,13.970766890336751,0.17313992353754976
9,lsc_composite,2003-04-01,2.822718721932487,13.970766890336751,0.20204465109820813
9,lsc_composite,2003-05-01,2.8159910393626033,13.970766890336751,0.20156309681971415
9,lsc_composite,2003-06-01,3.3680453914285287,13.970766890336751,0.24107806091576303
9,lsc_composite,2003-07-01,1.8880806760295021,13.970766890336751,0.13514509910944422
9,lsc_composite,2003-08-01,1.2781719819913986,13.970766890336751,0.09148903507047132
9,lsc_composite,2003-09-01,1.3556118114278808,13.970766890336751,0.09703202566249426
9,lsc_composite,2003-10-01,1.434221340076694,13.970766890336751,0.10265874102220623
9,lsc_composite,2003-11-01,2.1361334556640963,13.970766890336751,0.1529002289159666
9,lsc_composite,2003-12-01,2.333094583915276,13.970766890336751,0.16699831886315578
9,lsc_composite,2004-01-01,1.8983936491555535,13.970766890336751,0.13588328143021464
9,lsc_composite,2004-02-01,2.128891220188713,13.970766890336751,0.15238184395312018
9,lsc_composite,2004-03-01,1.8378561928083152,13.970766890336751,0.1315501294406048
9,lsc_composite,2004-04-01,1.746292929819415,13.970766890336751,0.12499621126935304
9,lsc_composite,2004-05-01,1.8253261098633995,13.970766890336751,0.13065325076219933
9,lsc_composite,2004-06-01,2.066556592791334,13.970766890336751,0.14792005399651484
9,lsc_composite,2004-07-01,1.936247260266495,13.970766890336751,0.13859276841887266
9,lsc_composite,2004-08-01,2.069914347343505,13.970766890336751,0.14816039545940857
9,lsc_composite,2004-09-01,2.3269514763400183,13.970766890336751,0.16655860731235272
9,lsc_composite,2004-10-01,2.2287967138801306,13.970766890336751,0.15953288258082213
9,lsc_composite,2004-11-01,2.0699694276123397,13.970766890336751,0.14816433799665563
9,lsc_composite,2004-12-01,2.0525163497659973,13.970766890336751,0.1469150810314983
9,lsc_composite,2005-01-01,2.0001987226764784,13.970766890336751,0.143170288243802
9,lsc_composite,2005-02-01,1.3737965302311022,13.970766890336751,0.09833365204749961
9,lsc_composite,2005-03-01,1.1774092436243098,13.970766890336751,0.08427663655591418
9,lsc_composite,2005-04-01,1.3161855198394736,13.970766890336751,0.09420996930024278
9,lsc_composite,2005-05-01,1.433403318911505,13.970766890336751,0.10260018867704078
9,lsc_composite,2005-06-01,1.781592279141906,13.970766890336751,0.12752286922589706
9,lsc_composite,2005-07-01,2.0776798014500235,13.970766890336751,0.14871623138219459
9,lsc_composite,2005-08-01,2.6713144401982976,13.970766890336751,0.1912074305703277
9,lsc_composite,2005-09-01,2.828381435373553,13.970766890336751,0.2024499769822856
9,lsc_composite,2005-10-01,2.838509924072482,13.970766890336751,0.20317495427082188
9,lsc_composite,2005-11-01,2.7955512684188393,13.970766890336751,0.2001000582403573
9,lsc_composite,2005-12-01,2.885830310128726,13.970766890336751,0.20656205437976255
9,lsc_composite,2006-01-01,3.029122306787477,13.970766890336751,0.2168186135066536
9,lsc_composite,2006-02-01,3.201837729348582,13.970766890336751,0.22918124355529954
9,lsc_composite,2006-03-01,3.139851678866381,13.970766890336751,0.22474440404829474
9,lsc_composite,2006-04-01,3.3484704885115497,13.970766890336751,0.2396769278877316
9,lsc_composite,2006-05-01,3.4914058956878504,13.970766890336751,0.24990796304122526
9,lsc_composite,2006-06-01,3.7086233113750677,13.970766890336751,0.2654559581793777
9,lsc_composite,2006-07-01,4.066322699827138,13.970766890336751,0.29105937646413077
9,lsc_composite,2006-08-01,4.328773295171504,13.970766890336751,0.3098450735847303
9,lsc_composite,2006-09-01,3.4012440649772895,13.970766890336751,0.24345435663448436
9,lsc_composite,2006-10-01,3.561124043638777,13.970766890336751,0.25489825086852763
9,lsc_composite,2006-11-01,3.6199202828976396,13.970766890336751,0.2591067699656096
9,lsc_composite,2006-12-01,3.738265992424382,13.970766890336751,0.2675777229530651
9,lsc_composite,2007-01-01,3.1738957400418237,13.970766890336751,0.22718121094963886
9,lsc_composite,2007-02-01,3.070028566480237,13.970766890336751,0.21974660307328606
9,lsc_composite,2007-03-01,2.9473267246955057,13.970766890336751,0.2109638467115289
9,lsc_composite,2007-04-01,2.899077555592043,13.970766890336751,0.20751026613988288
9,lsc_composite,2007-05-01,2.92467865285588,13.970766890336751,0.2093427422999099
9,lsc_composite,2007-06-01,2.6479499930585266,13.970766890336751,0.18953504942452737
9,lsc_composite,2007-07-01,2.622840498298223,13.970766890336751,0.1877377612042457
9,lsc_composite,2007-08-01,2.413627049231664,13.970766890336751,0.17276267424525654
9,lsc_composite,2007-09-01,2.361169377951429,13.970766890336751,0.1690078573699912
9,lsc_composite,2007-10-01,2.599388538918625,13.970766890336751,0.18605911610453973
9,lsc_composite,2007-11-01,2.816705090935983,13.970766890336751,0.20161420722610662
9,lsc_composite,2007-12-01,2.130667775799505,13.970766890336751,0.15250900630753758
9,lsc_composite,2008-01-01,2.3371718006294553,13.970766890336751,0.16729015801172817
9,lsc_tail_cusum,2003-02-01,1.15,5.652500000000012,0.20344980097302032
9,lsc_tail_cusum,2003-03-01,1.2,5.652500000000012,0.21229544449358645
9,lsc_tail_cusum,2003-04-01,1.28,5.652500000000012,0.22644847412649222
9,lsc_tail_cusum,2003-05-01,1.36,5.652500000000012,0.24060150375939798
9,lsc_tail_cusum,2003-06-01,1.4400000000000002,5.652500000000012,0.25475453339230375
9,lsc_tail_cusum,2003-07-01,1.5200000000000002,5.652500000000012,0.2689075630252095
9,lsc_tail_cusum,2003-08-01,1.6000000000000003,5.652500000000012,0.28306059265811534
9,lsc_tail_cusum,2003-09-01,1.6800000000000004,5.652500000000012,0.2972136222910211
9,lsc_tail_cusum,2003-10-01,1.7600000000000005,5.652500000000012,0.3113666519239269
9,lsc_tail_cusum,2003-11-01,1.8400000000000005,5.652500000000012,0.32551968155683264
9,lsc_tail_cusum,2003-12-01,1.9200000000000006,5.652500000000012,0.3396727111897384
9,lsc_tail_cusum,2004-01-01,2.0000000000000004,5.652500000000012,0.3538257408226442
9,lsc_tail_cusum,2004-02-01,2.0800000000000005,5.652500000000012,0.36797877045554994
9,lsc_tail_cusum,2004-03-01,2.1600000000000006,5.652500000000012,0.3821318000884557
9,lsc_tail_cusum,2004-04-01,2.2400000000000007,5.652500000000012,0.3962848297213615
9,lsc_tail_cusum,2004-05-01,2.3200000000000007,5.652500000000012,0.41043785935426724
9,lsc_tail_cusum,2004-06-01,2.400000000000001,5.652500000000012,0.424590888987173
9,lsc_tail_cusum,2004-07-01,2.480000000000001,5.652500000000012,0.43874391862007883
9,lsc_tail_cusum,2004-08-01,2.560000000000001,5.652500000000012,0.4528969482529846
9,lsc_tail_cusum,2004-09-01,2.640000000000001,5.652500000000012,0.46704997788589037
9,lsc_tail_cusum,2004-10-01,2.720000000000001,5.652500000000012,0.48120300751879613
9,lsc_tail_cusum,2004-11-01,2.800000000000001,5.652500000000012,0.4953560371517019
9,lsc_tail_cusum,2004-12-01,2.8800000000000012,5.652500000000012,0.5095090667846077
9,lsc_tail_cusum,2005-01-01,2.9600000000000013,5.652500000000012,0.5236620964175135
9,lsc_tail_cusum,2005-02-01,3.0400000000000014,5.652500000000012,0.5378151260504193
9,lsc_tail_cusum,2005-03-01,3.1200000000000014,5.652500000000012,0.551968155683325
9,lsc_tail_cusum,2005-04-01,3.2000000000000015,5.652500000000012,0.5661211853162308
9,lsc_tail_cusum,2005-05-01,3.2800000000000016,5.652500000000012,0.5802742149491366
9,lsc_tail_cusum,2005-06-01,3.3600000000000017,5.652500000000012,0.5944272445820423
9,lsc_tail_cusum,2005-07-01,3.4400000000000017,5.652500000000012,0.6085802742149481
9,lsc_tail_cusum,2005-08-01,3.520000000000002,5.652500000000012,0.6227333038478539
9,lsc_tail_cusum,2005-09-01,3.600000000000002,5.652500000000012,0.6368863334807596
9,lsc_tail_cusum,2005-10-01,3.680000000000002,5.652500000000012,0.6510393631136654
9,lsc_tail_cusum,2005-11-01,3.760000000000002,5.652500000000012,0.6651923927465713
9,lsc_tail_cusum,2005-12-01,3.840000000000002,5.652500000000012,0.679345422379477
9,lsc_tail_cusum,2006-01-01,3.920000000000002,5.652500000000012,0.6934984520123828
9,lsc_tail_cusum,2006-02-01,4.000000000000003,5.652500000000012,0.7076514816452887
9,lsc_tail_cusum,2006-03-01,4.080000000000003,5.652500000000012,0.7218045112781944
9,lsc_tail_cusum,2006-04-01,4.160000000000003,5.652500000000012,0.7359575409111002
9,lsc_tail_cusum,2006-05-01,4.240000000000003,5.652500000000012,0.750110570544006
9,lsc_tail_cusum,2006-06-01,4.320000000000003,5.652500000000012,0.7642636001769118
9,lsc_tail_cusum,2006-07-01,4.400000000000003,5.652500000000012,0.7784166298098175
9,lsc_tail_cusum,2006-08-01,4.480000000000003,5.652500000000012,0.7925696594427233
9,lsc_tail_cusum,2006-09-01,4.560000000000003,5.652500000000012,0.806722689075629
9,lsc_tail_cusum,2006-10-01,4.640000000000003,5.652500000000012,0.8208757187085348
9,lsc_tail_cusum,2006-11-01,4.720000000000003,5.652500000000012,0.8350287483414406
9,lsc_tail_cusum,2006-12-01,4.800000000000003,5.652500000000012,0.8491817779743464
9,lsc_tail_cusum,2007-01-01,4.8800000000000034,5.652500000000012,0.8633348076072521
9,lsc_tail_cusum,2007-02-01,4.9600000000000035,5.652500000000012,0.8774878372401579
9,lsc_tail_cusum,2007-03-01,5.040000000000004,5.652500000000012,0.8916408668730638
9,lsc_tail_cusum,2007-04-01,5.120000000000004,5.652500000000012,0.9057938965059695
9,lsc_tail_cusum,2007-05-01,5.200000000000004,5.652500000000012,0.9199469261388753
9,lsc_tail_cusum,2007-06-01,5.280000000000004,5.652500000000012,0.9340999557717811
9,lsc_tail_cusum,2007-07-01,5.360000000000004,5.652500000000012,0.9482529854046868
9,lsc_tail_cusum,2007-08-01,5.440000000000004,5.652500000000012,0.9624060150375926
9,lsc_tail_cusum,2007-09-01,5.520000000000004,5.652500000000012,0.9765590446704984
9,lsc_tail_cusum,2007-10-01,5.600000000000004,5.652500000000012,0.9907120743034041
9,lsc_tail_cusum,2007-11-01,5.680000000000004,5.652500000000012,1.00486510393631
9,lsc_tail_cusum,2007-12-01,4.760000000000004,5.652500000000012,0.8421052631578937
9,lsc_tail_cusum,2008-01-01,4.840000000000004,5.652500000000012,0.8562582927907995
9,lsc_kalman_cusum,2003-02-01,2.7842853107083276,6.108874065936729,0.4557771662430543
9,lsc_kalman_cusum,2003-03-01,2.381121123320781,6.108874065936729,0.3897806858710652
9,lsc_kalman_cusum,2003-04-01,2.5965358144802613,6.108874065936729,0.425043270896453
9,lsc_kalman_cusum,2003-05-01,2.902323426449377,6.108874065936729,0.47509956746904025
9,lsc_kalman_cusum,2003-06-01,3.924555877052833,6.108874065936729,0.6424352236914291
9,lsc_kalman_cusum,2003-07-01,2.829012707548015,6.108874065936729,0.4630988750157214
9,lsc_kalman_cusum,2003-08-01,1.504118270165919,6.108874065936729,0.2462185754577802
9,lsc_kalman_cusum,2003-09-01,0.9466308530040819,6.108874065936729,0.15495995543311736
9,lsc_kalman_cusum,2003-10-01,0.22168659721170758,6.108874065936729,0.036289272756143215
9,lsc_kalman_cusum,2003-11-01,1.257324261863026,6.108874065936729,0.2058193127394629
9,lsc_kalman_cusum,2003-12-01,1.6213438952481178,6.108874065936729,0.2654079749800019
9,lsc_kalman_cusum,2004-01-01,1.172594983055336,6.108874065936729,0.19194944443097328
9,lsc_kalman_cusum,2004-02-01,1.3952756150015033,6.108874065936729,0.2284014369819151
9,lsc_kalman_cusum,2004-03-01,0.8879198112646773,6.108874065936729,0.14534917591700666
9,lsc_kalman_cusum,2004-04-01,0.8049842718134428,6.108874065936729,0.13177293608032617
9,lsc_kalman_cusum,2004-05-01,0.4749189603145686,6.108874065936729,0.077742470247133
9,lsc_kalman_cusum,2004-06-01,0.0,6.108874065936729,0.0
9,lsc_kalman_cusum,2004-07-01,0.23516720571998673,6.108874065936729,0.03849599831027559
9,lsc_kalman_cusum,2004-08-01,0.5378063814136202,6.108874065936729,0.08803690755591857
9,lsc_kalman_cusum,2004-09-01,0.09884115822962392,6.108874065936729,0.01617993056703612
9,lsc_kalman_cusum,2004-10-01,0.24057834761779007,6.108874065936729,0.03938178214529947
9,lsc_kalman_cusum,2004-11-01,0.1599228452173671,6.108874065936729,0.026178775907184246
9,lsc_kalman_cusum,2004-12-01,0.0,6.108874065936729,0.0
9,lsc_kalman_cusum,2005-01-01,0.21749524459083014,6.108874065936729,0.0356031638962064
9,lsc_kalman_cusum,2005-02-01,0.1562435324545256,6.108874065936729,0.02557648607060741
9,lsc_kalman_cusum,2005-03-01,0.8773301228765698,6.108874065936729,0.1436156832514505
9,lsc_kalman_cusum,2005-04-01,0.5357333022541322,6.108874065936729,0.0876975521956489
9,lsc_kalman_cusum,2005-05-01,0.7413345121823851,6.108874065936729,0.12135370678470674
9,lsc_kalman_cusum,2005-06-01,1.0486863361510694,6.108874065936729,0.1716660590531039
9,lsc_kalman_cusum,2005-07-01,0.6089699441608276,6.108874065936729,0.09968611852001712
9,lsc_kalman_cusum,2005-08-01,0.8302108447665764,6.108874065936729,0.1359024323968074
9,lsc_kalman_cusum,2005-09-01,0.15684056830212,6.108874065936729,0.025674218621835384
9,lsc_kalman_cusum,2005-10-01,0.0,6.108874065936729,0.0
9,lsc_kalman_cusum,2005-11-01,0.0,6.108874065936729,0.0
9,lsc_kalman_cusum,2005-12-01,0.22870864397563484,6.108874065936729,0.037438755735843585
9,lsc_kalman_cusum,2006-01-01,1.2632270350938564,6.108874065936729,0.20678557479808748
9,lsc_kalman_cusum,2006-02-01,0.16572555791754584,6.108874065936729,0.02712865842850431
9,lsc_kalman_cusum,2006-03-01,0.30284277969387885,6.108874065936729,0.04957423846442335
9,lsc_kalman_cusum,2006-04-01,0.0,6.108874065936729,0.0
9,lsc_kalman_cusum,2006-05-01,0.21691583326112052,6.108874065936729,0.035508316413109565
9,lsc_kalman_cusum,2006-06-01,0.0,6.108874065936729,0.0
9,lsc_kalman_cusum,2006-07-01,0.24275627868617544,6.108874065936729,0.03973830137370026
9,lsc_kalman_cusum,2006-08-01,0.0,6.108874065936729,0.0
9,lsc_kalman_cusum,2006-09-01,0.9729495212533661,6.108874065936729,0.1592682236942095
9,lsc_kalman_cusum,2006-10-01,1.3469612811655476,6.108874065936729,0.22049255994263253
9,lsc_kalman_cusum,2006-11-01,0.18119135735247693,6.108874065936729,0.029660352365553835
9,lsc_kalman_cusum,2006-12-01,0.3162268271691986,6.108874065936729,0.05176515733602845
9,lsc_kalman_cusum,2007-01-01,0.8764077677551272,6.108874065936729,0.14346469714312887
9,lsc_kalman_cusum,2007-02-01,0.0722995607007858,6.108874065936729,0.01183516961070296
9,lsc_kalman_cusum,2007-03-01,0.40089889453580885,6.108874065936729,0.06562566034406135
9,lsc_kalman_cusum,2007-04-01,0.17395287998388587,6.108874065936729,0.028475440499559895
9,lsc_kalman_cusum,2007-05-01,0.1493031320397359,6.108874065936729,0.024440368295076627
9,lsc_kalman_cusum,2007-06-01,0.8762238632980508,6.108874065936729,0.1434345926664133
9,lsc_kalman_cusum,2007-07-01,1.265653132173137,6.108874065936729,0.2071827178809362
9,lsc_kalman_cusum,2007-08-01,0.18364881887454232,6.108874065936729,0.030062629691218194
9,lsc_kalman_cusum,2007-09-01,0.23285292177044692,6.108874065936729,0.0381171586215604
9,lsc_kalman_cusum,2007-10-01,0.0,6.108874065936729,0.0
9,lsc_kalman_cusum,2007-11-01,0.0,6.108874065936729,0.0
9,lsc_kalman_cusum,2007-12-01,1.6947146539116544,6.108874065936729,0.277418495719438
9,lsc_kalman_cusum,2008-01-01,1.4118022859725794,6.108874065936729,0.23110679165000841
9,raw_cusum,2003-02-01,0.3179262384118239,6.490851267926383,0.04898066914316942
9,raw_cusum,2003-03-01,0.0,6.490851267926383,0.0
9,raw_cusum,2003-04-01,0.31792623841181744,6.490851267926383,0.048980669143168426
9,raw_cusum,2003-05-01,0.6358524768236349,6.490851267926383,0.09796133828633685
9,raw_cusum,2003-06-01,1.6808242604904073,6.490851267926383,0.2589528231521744
9,raw_cusum,2003-07-01,0.5446594083923277,6.490851267926383,0.08391186085000664
9,raw_cusum,2003-08-01,0.27232970419616587,6.490851267926383,0.041955930425003625
9,raw_cusum,2003-09-01,0.0,6.490851267926383,0.0
9,raw_cusum,2003-10-01,0.13616485209807971,6.490851267926383,0.020977965212501316
9,raw_cusum,2003-11-01,0.9993752494511141,6.490851267926383,0.15396674614767167
9,raw_cusum,2003-12-01,1.1355401015491937,6.490851267926383,0.17494471136017298
9,raw_cusum,2004-01-01,0.5446594083923249,6.490851267926383,0.0839118608500062
9,raw_cusum,2004-02-01,0.6808242604904109,6.490851267926383,0.10488982606250848
9,raw_cusum,2004-03-01,1.0449717836667725,6.490851267926383,0.1609914848658375
9,raw_cusum,2004-04-01,0.8632103973530345,6.490851267926383,0.13298878093517036
9,raw_cusum,2004-05-01,0.27232970419616565,6.490851267926383,0.04195593042500359
9,raw_cusum,2004-06-01,0.0,6.490851267926383,0.0
9,raw_cusum,2004-07-01,0.13616485209807971,6.490851267926383,0.020977965212501316
9,raw_cusum,2004-08-01,0.27232970419615943,6.490851267926383,0.04195593042500263
9,raw_cusum,2004-09-01,0.0,6.490851267926383,0.0
9,raw_cusum,2004-10-01,0.31792623841181744,6.490851267926383,0.048980669143168426
9,raw_cusum,2004-11-01,0.13616485209807971,6.490851267926383,0.020977965212501316
9,raw_cusum,2004-12-01,0.0,6.490851267926383,0.0
9,raw_cusum,2005-01-01,0.13616485209808615,6.490851267926383,0.02097796521250231
9,raw_cusum,2005-02-01,0.3179262384118239,6.490851267926383,0.04898066914316942
9,raw_cusum,2005-03-01,0.8632103973530345,6.490851267926383,0.13298878093517036
9,raw_cusum,2005-04-01,0.27232970419616565,6.490851267926383,0.04195593042500359
9,raw_cusum,2005-05-01,0.4084945562942518,6.490851267926383,0.0629338956375059
9,raw_cusum,2005-06-01,0.5446594083923315,6.490851267926383,0.08391186085000721
9,raw_cusum,2005-07-01,0.0,6.490851267926383,0.0
9,raw_cusum,2005-08-01,0.13616485209807971,6.490851267926383,0.020977965212501316
9,raw_cusum,2005-09-01,0.31792623841181744,6.490851267926383,0.048980669143168426
9,raw_cusum,2005-10-01,0.0,6.490851267926383,0.0
9,raw_cusum,2005-11-01,0.0,6.490851267926383,0.0
9,raw_cusum,2005-12-01,0.13616485209807971,6.490851267926383,0.020977965212501316
9,raw_cusum,2006-01-01,0.9993752494511141,6.490851267926383,0.15396674614767167
9,raw_cusum,2006-02-01,0.31792623841181744,6.490851267926383,0.048980669143168426
9,raw_cusum,2006-03-01,0.13616485209807971,6.490851267926383,0.020977965212501316
9,raw_cusum,2006-04-01,0.0,6.490851267926383,0.0
9,raw_cusum,2006-05-01,0.13616485209808615,6.490851267926383,0.02097796521250231
9,raw_cusum,2006-06-01,0.0,6.490851267926383,0.0
9,raw_cusum,2006-07-01,0.3179262384118239,6.490851267926383,0.04898066914316942
9,raw_cusum,2006-08-01,0.0,6.490851267926383,0.0
9,raw_cusum,2006-09-01,0.8632103973530345,6.490851267926383,0.13298878093517036
9,raw_cusum,2006-10-01,0.9993752494511141,6.490851267926383,0.15396674614767167
9,raw_cusum,2006-11-01,0.31792623841181744,6.490851267926383,0.048980669143168426
9,raw_cusum,2006-12-01,0.13616485209807971,6.490851267926383,0.020977965212501316
9,raw_cusum,2007-01-01,1.044971783666766,6.490851267926383,0.16099148486583653
9,raw_cusum,2007-02-01,0.13616485209807971,6.490851267926383,0.020977965212501316
9,raw_cusum,2007-03-01,0.27232970419615943,6.490851267926383,0.04195593042500263
9,raw_cusum,2007-04-01,0.31792623841181744,6.490851267926383,0.048980669143168426
9,raw_cusum,2007-05-01,0.13616485209807971,6.490851267926383,0.020977965212501316
9,raw_cusum,2007-06-01,1.044971783666766,6.490851267926383,0.16099148486583653
9,raw_cusum,2007-07-01,1.36289802207859,6.490851267926383,0.20997215400900596
9,raw_cusum,2007-08-01,0.22673316998050386,6.490851267926383,0.034931191706837214
9,raw_cusum,2007-09-01,0.5446594083923277,6.490851267926383,0.08391186085000664
9,raw_cusum,2007-10-01,0.1355401015491966,6.490851267926383,0.02088171427050697
9,raw_cusum,2007-11-01,0.0,6.490851267926383,0.0
9,raw_cusum,2007-12-01,1.772017328921721,6.490851267926383,0.2730023005885056
9,raw_cusum,2008-01-01,1.3628980220785898,6.490851267926383,0.20997215400900593
9,raw_var_cusum,2003-02-01,7.273431426985043,30.731297840751438,0.23667830316427646
9,raw_var_cusum,2003-03-01,6.231690727373716,30.731297840751438,0.20277993984068393
9,raw_var_cusum,2003-04-01,5.850694058856222,30.731297840751438,0.19038226400896974
9,raw_var_cusum,2003-05-01,5.96628262076624,30.731297840751438,0.1941435292347013
9,raw_var_cusum,2003-06-01,6.806635202665216,30.731297840751438,0.22148869982442568
9,raw_var_cusum,2003-07-01,6.161340921710188,30.731297840751438,0.20049074899596014
9,raw_var_cusum,2003-08-01,5.6199333703498,30.731297840751438,0.18287328441096462
9,raw_var_cusum,2003-09-01,6.561674069961128,30.731297840751438,0.21351763612339134
9,raw_var_cusum,2003-10-01,7.106968350916156,30.731297840751438,0.23126157534069108
9,raw_var_cusum,2003-11-01,6.1986257634647375,30.731297840751438,0.20170400207585798
9,raw_var_cusum,2003-12-01,6.743920044419766,30.731297840751438,0.2194479412931577
9,raw_var_cusum,2004-01-01,7.685660744031093,30.731297840751438,0.25009229300558444
9,raw_var_cusum,2004-02-01,8.230955024986113,30.731297840751438,0.2678362322228839
9,raw_var_cusum,2004-03-01,6.794017212659624,30.731297840751438,0.22107810896454796
9,raw_var_cusum,2004-04-01,5.885674625208206,30.731297840751438,0.19152053569971486
9,raw_var_cusum,2004-05-01,6.827415324819533,30.731297840751438,0.2221648874121416
9,raw_var_cusum,2004-06-01,7.769156024430861,30.731297840751438,0.2528092391245683
9,raw_var_cusum,2004-07-01,8.314450305385888,30.731297840751438,0.27055317834186804
9,raw_var_cusum,2004-08-01,8.859744586340916,30.731297840751438,0.28829711755916776
9,raw_var_cusum,2004-09-01,9.801485285952243,30.731297840751438,0.3189414692715945
9,raw_var_cusum,2004-10-01,10.082481954469737,30.731297840751438,0.32808513349214286
9,raw_var_cusum,2004-11-01,10.627776235424765,30.731297840751438,0.3458290727094426
9,raw_var_cusum,2004-12-01,11.569516935036091,30.731297840751438,0.37647342442186926
9,raw_var_cusum,2005-01-01,12.11481121599111,30.731297840751438,0.39421736363916876
9,raw_var_cusum,2005-02-01,12.395807884508594,30.731297840751438,0.4033610278597167
9,raw_var_cusum,2005-03-01,11.487465297057176,30.731297840751438,0.3738034545948836
9,raw_var_cusum,2005-04-01,12.429205996668502,30.731297840751438,0.40444780630731036
9,raw_var_cusum,2005-05-01,12.974500277623521,30.731297840751438,0.4221917455246098
9,raw_var_cusum,2005-06-01,13.51979455857855,30.731297840751438,0.4399356847419095
9,raw_var_cusum,2005-07-01,14.461535258189876,30.731297840751438,0.4705800364543362
9,raw_var_cusum,2005-08-01,15.006829539144904,30.731297840751438,0.488323975671636
9,raw_var_cusum,2005-09-01,15.287826207662398,30.731297840751438,0.49746763989218434
9,raw_var_cusum,2005-10-01,16.229566907273725,30.731297840751438,0.5281119916046111
9,raw_var_cusum,2005-11-01,17.17130760688505,30.731297840751438,0.5587563433170377
9,raw_var_cusum,2005-12-01,17.716601887840078,30.731297840751438,0.5765002825343374
9,raw_var_cusum,2006-01-01,16.80825930038866,30.731297840751438,0.5469427092695043
9,raw_var_cusum,2006-02-01,17.089255968906155,30.731297840751438,0.5560863734900527
9,raw_var_cusum,2006-03-01,17.63455024986118,30.731297840751438,0.5738303127073524
9,raw_var_cusum,2006-04-01,18.576290949472508,30.731297840751438,0.6044746644197792
9,raw_var_cusum,2006-05-01,19.121585230427527,30.731297840751438,0.6222186036370786
9,raw_var_cusum,2006-06-01,20.063325930038854,30.731297840751438,0.6528629553495052
9,raw_var_cusum,2006-07-01,20.34432259855634,30.731297840751438,0.6620066195700534
9,raw_var_cusum,2006-08-01,21.286063298167665,30.731297840751438,0.6926509712824801
9,raw_var_cusum,2006-09-01,20.377720710716247,30.731297840751438,0.6630933980176469
9,raw_var_cusum,2006-10-01,20.923014991671273,30.731297840751438,0.6808373372349467
9,raw_var_cusum,2006-11-01,21.20401166018877,30.731297840751438,0.689981001455495
9,raw_var_cusum,2006-12-01,21.749305941143795,30.731297840751438,0.7077249406727947
9,raw_var_cusum,2007-01-01,20.312368128817326,30.731297840751438,0.6609668174144594
9,raw_var_cusum,2007-02-01,20.857662409772352,30.731297840751438,0.6787107566317591
9,raw_var_cusum,2007-03-01,21.40295669072738,30.731297840751438,0.6964546958490587
9,raw_var_cusum,2007-04-01,21.683953359244875,30.731297840751438,0.7055983600696072
9,raw_var_cusum,2007-05-01,22.2292476401999,30.731297840751438,0.7233422992869069
9,raw_var_cusum,2007-06-01,20.79230982787343,30.731297840751438,0.6765841760285716
9,raw_var_cusum,2007-07-01,21.073306496390916,30.731297840751438,0.6857278402491196
9,raw_var_cusum,2007-08-01,21.618600777345936,30.731297840751438,0.703471779466419
9,raw_var_cusum,2007-09-01,21.89959744586342,30.731297840751438,0.7126154436869672
9,raw_var_cusum,2007-10-01,22.841338145474747,30.731297840751438,0.7432597953993938
9,raw_var_cusum,2007-11-01,23.783078845086074,30.731297840751438,0.7739041471118205
9,raw_var_cusum,2007-12-01,19.571016102165483,30.731297840751438,0.6368431363875954
9,raw_var_cusum,2008-01-01,20.51275680177681,30.731297840751438,0.6674874881000221
10,lsc_composite,2008-02-01,1.4063114033744626,13.666690704934428,0.10290065340153683
10,lsc_composite,2008-03-01,1.267459492039035,13.666690704934428,0.09274077532034966
10,lsc_composite,2008-04-01,1.366776799594612,13.666690704934428,0.10000788260329403
10,lsc_composite,2008-05-01,3.2285133092383784,13.666690704934428,0.23623226565540897
10,lsc_composite,2008-06-01,4.16295458240126,13.666690704934428,0.3046058970880349
10,lsc_composite,2008-07-01,4.717654730571552,13.666690704934428,0.34519364141812464
10,lsc_composite,2008-08-01,5.303871033064245,13.666690704934428,0.38808744176446863
10,lsc_composite,2008-09-01,5.2365114913190975,13.666690704934428,0.3831587034766528
10,lsc_composite,2008-10-01,11.741430935227243,13.666690704934428,0.8591275817040287
10,lsc_composite,2008-11-01,15.429571349574148,13.666690704934428,1.1289910397989196
10,lsc_composite,2008-12-01,16.366742042226164,13.666690704934428,1.1975643845014263
10,lsc_composite,2009-01-01,23.00826693062613,13.666690704934428,1.6835287654764062
10,lsc_composite,2009-02-01,28.79733512815419,13.666690704934428,2.107118376342326
10,lsc_composite,2009-03-01,31.432111784129656,13.666690704934428,2.2999065730507042
10,lsc_composite,2009-04-01,39.594847142674965,13.666690704934428,2.89717884142787
10,lsc_composite,2009-05-01,31.828283680554875,13.666690704934428,2.328894709606848
10,lsc_composite,2009-06-01,35.99238937101621,13.666690704934428,2.6335848339657657
10,lsc_composite,2009-07-01,43.52930266604113,13.666690704934428,3.1850653245796114
10,lsc_composite,2009-08-01,50.72860530909877,13.666690704934428,3.7118426402071827
10,lsc_composite,2009-09-01,43.31623274964585,13.666690704934428,3.169474870314165
10,lsc_composite,2009-10-01,43.48220862300061,13.666690704934428,3.181619425052265
10,lsc_composite,2009-11-01,46.29428956434141,13.666690704934428,3.387381083236677
10,lsc_composite,2009-12-01,34.79566681550823,13.666690704934428,2.5460199229463116
10,lsc_composite,2010-01-01,34.383795367699996,13.666690704934428,2.5158830407485224
10,lsc_composite,2010-02-01,42.356577748615344,13.666690704934428,3.0992563352093923
10,lsc_composite,2010-03-01,41.295059555396,13.666690704934428,3.021584408907872
10,lsc_composite,2010-04-01,32.33364991891059,13.666690704934428,2.3658726620070767
10,lsc_composite,2010-05-01,34.333894227471035,13.666690704934428,2.5122317442271966
10,lsc_composite,2010-06-01,36.32776573488595,13.666690704934428,2.65812452474465
10,lsc_composite,2010-07-01,30.402171287066835,13.666690704934428,2.224545205818551
10,lsc_composite,2010-08-01,28.45279090017121,13.666690704934428,2.0819078674179834
10,lsc_composite,2010-09-01,28.4490591360685,13.666690704934428,2.0816348119883052
10,lsc_composite,2010-10-01,31.194532332650372,13.666690704934428,2.2825227413237226
10,lsc_composite,2010-11-01,29.67125491267107,13.666690704934428,2.1710636139557993
10,lsc_composite,2010-12-01,32.46505648823616,13.666690704934428,2.375487759923804
10,lsc_composite,2011-01-01,37.43447077777747,13.666690704934428,2.7391028000847024
10,lsc_composite,2011-02-01,26.64521944065943,13.666690704934428,1.949646773745969
10,lsc_composite,2011-03-01,26.382696635715273,13.666690704934428,1.930437821804928
10,lsc_composite,2011-04-01,27.908824129226183,13.666690704934428,2.0421054907717755
10,lsc_composite,2011-05-01,29.8284753762729,13.666690704934428,2.182567530082698
10,lsc_composite,2011-06-01,32.5934882930648,13.666690704934428,2.3848851925284853
10,lsc_composite,2011-07-01,28.000167355125846,13.666690704934428,2.048789129691524
10,lsc_composite,2011-08-01,29.85982692553664,13.666690704934428,2.184861541847552
10,lsc_composite,2011-09-01,28.048463406934285,13.666690704934428,2.0523229809252395
10,lsc_composite,2011-10-01,33.32473815133702,13.666690704934428,2.4383911856075704
10,lsc_composite,2011-11-01,36.40303695801244,13.666690704934428,2.6636321655299438
10,lsc_composite,2011-12-01,33.27894770204355,13.666690704934428,2.435040670820773
10,lsc_composite,2012-01-01,24.649225234803957,13.666690704934428,1.8035986741036167
10,lsc_composite,2012-02-01,28.59494022384618,13.666690704934428,2.09230901914842
10,lsc_composite,2012-03-01,31.334230035512306,13.666690704934428,2.2927445064809233
10,lsc_composite,2012-04-01,31.916671365659525,13.666690704934428,2.3353620898244114
10,lsc_composite,2012-05-01,32.40489719855262,13.666690704934428,2.3710858684211433
10,lsc_composite,2012-06-01,27.245417660018926,13.666690704934428,1.9935636393806608
10,lsc_composite,2012-07-01,28.609610101719916,13.666690704934428,2.0933824229584905
10,lsc_composite,2012-08-01,33.74268967445717,13.666690704934428,2.468972950582265
10,lsc_composite,2012-09-01,35.63050646630742,13.666690704934428,2.60710564361004
10,lsc_composite,2012-10-01,33.236281296303154,13.666690704934428,2.431918744184576
10,lsc_composite,2012-11-01,36.45020259244236,13.666690704934428,2.667083303442422
10,lsc_composite,2012-12-01,42.692431697235456,13.666690704934428,3.1238309711524486
10,lsc_composite,2013-01-01,37.21888266049393,13.666690704934428,2.723328087541768
10,lsc_tail_cusum,2008-02-01,1.0800000000000018,5.455500000000005,0.19796535606268917
10,lsc_tail_cusum,2008-03-01,1.160000000000002,5.455500000000005,0.21262945651177725
10,lsc_tail_cusum,2008-04-01,1.240000000000002,5.455500000000005,0.22729355696086534
10,lsc_tail_cusum,2008-05-01,1.0999999999999999,5.455500000000005,0.20163138117496082
10,lsc_tail_cusum,2008-06-01,1.9499999999999995,5.455500000000005,0.3574374484465214
10,lsc_tail_cusum,2008-07-01,2.7999999999999994,5.455500000000005,0.513243515718082
10,lsc_tail_cusum,2008-08-01,3.6499999999999995,5.455500000000005,0.6690495829896428
10,lsc_tail_cusum,2008-09-01,3.4999999999999996,5.455500000000005,0.6415543946476027
10,lsc_tail_cusum,2008-10-01,4.3500000000000005,5.455500000000005,0.7973604619191635
10,lsc_tail_cusum,2008-11-01,5.200000000000001,5.455500000000005,0.9531665291907243
10,lsc_tail_cusum,2008-12-01,6.050000000000002,5.455500000000005,1.108972596462285
10,lsc_tail_cusum,2009-01-01,6.900000000000002,5.455500000000005,1.2647786637338458
10,lsc_tail_cusum,2009-02-01,7.750000000000003,5.455500000000005,1.4205847310054065
10,lsc_tail_cusum,2009-03-01,8.600000000000003,5.455500000000005,1.5763907982769674
10,lsc_tail_cusum,2009-04-01,9.450000000000003,5.455500000000005,1.7321968655485278
10,lsc_tail_cusum,2009-05-01,10.300000000000002,5.455500000000005,1.8880029328200885
10,lsc_tail_cusum,2009-06-01,10.150000000000002,5.455500000000005,1.8605077444780482
10,lsc_tail_cusum,2009-07-01,10.000000000000002,5.455500000000005,1.8330125561360082
10,lsc_tail_cusum,2009-08-01,9.850000000000001,5.455500000000005,1.805517367793968
10,lsc_tail_cusum,2009-09-01,10.700000000000001,5.455500000000005,1.9613234350655286
10,lsc_tail_cusum,2009-10-01,11.55,5.455500000000005,2.117129502337089
10,lsc_tail_cusum,2009-11-01,11.4,5.455500000000005,2.089634313995049
10,lsc_tail_cusum,2009-12-01,11.25,5.455500000000005,2.0621391256530086
10,lsc_tail_cusum,2010-01-01,11.1,5.455500000000005,2.034643937310969
10,lsc_tail_cusum,2010-02-01,10.95,5.455500000000005,2.0071487489689286
10,lsc_tail_cusum,2010-03-01,10.799999999999999,5.455500000000005,1.9796535606268881
10,lsc_tail_cusum,2010-04-01,10.649999999999999,5.455500000000005,1.9521583722848481
10,lsc_tail_cusum,2010-05-01,11.499999999999998,5.455500000000005,2.1079644395564086
10,lsc_tail_cusum,2010-06-01,12.349999999999998,5.455500000000005,2.2637705068279694
10,lsc_tail_cusum,2010-07-01,12.199999999999998,5.455500000000005,2.236275318485929
10,lsc_tail_cusum,2010-08-01,12.049999999999997,5.455500000000005,2.208780130143889
10,lsc_tail_cusum,2010-09-01,11.899999999999997,5.455500000000005,2.1812849418018487
10,lsc_tail_cusum,2010-10-01,11.749999999999996,5.455500000000005,2.1537897534598085
10,lsc_tail_cusum,2010-11-01,12.599999999999996,5.455500000000005,2.309595820731369
10,lsc_tail_cusum,2010-12-01,13.449999999999996,5.455500000000005,2.46540188800293
10,lsc_tail_cusum,2011-01-01,14.299999999999995,5.455500000000005,2.6212079552744902
10,lsc_tail_cusum,2011-02-01,14.149999999999995,5.455500000000005,2.59371276693245
10,lsc_tail_cusum,2011-03-01,13.999999999999995,5.455500000000005,2.5662175785904098
10,lsc_tail_cusum,2011-04-01,13.849999999999994,5.455500000000005,2.53872239024837
10,lsc_tail_cusum,2011-05-01,13.699999999999994,5.455500000000005,2.5112272019063298
10,lsc_tail_cusum,2011-06-01,13.549999999999994,5.455500000000005,2.4837320135642895
10,lsc_tail_cusum,2011-07-01,13.399999999999993,5.455500000000005,2.4562368252222493
10,lsc_tail_cusum,2011-08-01,13.249999999999993,5.455500000000005,2.428741636880209
10,lsc_tail_cusum,2011-09-01,13.099999999999993,5.455500000000005,2.401246448538169
10,lsc_tail_cusum,2011-10-01,13.949999999999992,5.455500000000005,2.5570525158097293
10,lsc_tail_cusum,2011-11-01,14.799999999999992,5.455500000000005,2.71285858308129
10,lsc_tail_cusum,2011-12-01,14.649999999999991,5.455500000000005,2.68536339473925
10,lsc_tail_cusum,2012-01-01,15.499999999999991,5.455500000000005,2.8411694620108103
10,lsc_tail_cusum,2012-02-01,15.34999999999999,5.455500000000005,2.81367427366877
10,lsc_tail_cusum,2012-03-01,15.19999999999999,5.455500000000005,2.7861790853267303
10,lsc_tail_cusum,2012-04-01,15.04999999999999,5.455500000000005,2.75868389698469
10,lsc_tail_cusum,2012-05-01,14.89999999999999,5.455500000000005,2.73118870864265
10,lsc_tail_cusum,2012-06-01,14.74999999999999,5.455500000000005,2.7036935203006096
10,lsc_tail_cusum,2012-07-01,14.599999999999989,5.455500000000005,2.6761983319585694
10,lsc_tail_cusum,2012-08-01,14.449999999999989,5.455500000000005,2.648703143616529
10,lsc_tail_cusum,2012-09-01,15.299999999999988,5.455500000000005,2.80450921088809
10,lsc_tail_cusum,2012-10-01,15.149999999999988,5.455500000000005,2.77701402254605
10,lsc_tail_cusum,2012-11-01,14.999999999999988,5.455500000000005,2.7495188342040096
10,lsc_tail_cusum,2012-12-01,14.849999999999987,5.455500000000005,2.7220236458619693
10,lsc_tail_cusum,2013-01-01,14.699999999999987,5.455500000000005,2.694528457519929
10,lsc_kalman_cusum,2008-02-01,0.3812006150534868,6.933242564621045,0.05498157773949487
10,lsc_kalman_cusum,2008-03-01,1.3477271358260445,6.933242564621045,0.19438626634862416
10,lsc_kalman_cusum,2008-04-01,0.21673338495586758,6.933242564621045,0.031260032075296894
10,lsc_kalman_cusum,2008-05-01,2.8139585762940147,6.933242564621045,0.4058647234777396
10,lsc_kalman_cusum,2008-06-01,4.2902916836120815,6.933242564621045,0.6188001708615511
10,lsc_kalman_cusum,2008-07-01,5.453545983361048,6.933242564621045,0.7865794298312028
10,lsc_kalman_cusum,2008-08-01,7.52202251799671,6.933242564621045,1.0849212973421833
10,lsc_kalman_cusum,2008-09-01,7.216044979111421,6.933242564621045,1.0407893437817193
10,lsc_kalman_cusum,2008-10-01,9.88761900083794,6.933242564621045,1.426117564571084
10,lsc_kalman_cusum,2008-11-01,12.148817238096676,6.933242564621045,1.7522561954041056
10,lsc_kalman_cusum,2008-12-01,15.822779924668648,6.933242564621045,2.2821615971449116
10,lsc_kalman_cusum,2009-01-01,19.71914922751838,6.933242564621045,2.84414529619103
10,lsc_kalman_cusum,2009-02-01,23.546426359770386,6.933242564621045,3.396163647861263
10,lsc_kalman_cusum,2009-03-01,26.587205343958836,6.933242564621045,3.83474328153872
10,lsc_kalman_cusum,2009-04-01,28.733707477842252,6.933242564621045,4.144338988580125
10,lsc_kalman_cusum,2009-05-01,31.635339196968474,6.933242564621045,4.562849042437561
10,lsc_kalman_cusum,2009-06-01,32.20914417375758,6.933242564621045,4.645610459111069
10,lsc_kalman_cusum,2009-07-01,31.70620503462267,6.933242564621045,4.573070210526474
10,lsc_kalman_cusum,2009-08-01,32.015080212757155,6.933242564621045,4.617620098296247
10,lsc_kalman_cusum,2009-09-01,33.2103675962013,6.933242564621045,4.790019574054309
10,lsc_kalman_cusum,2009-10-01,34.460930715375895,6.933242564621045,4.970391616070546
10,lsc_kalman_cusum,2009-11-01,33.27043569868414,6.933242564621045,4.7986833561047675
10,lsc_kalman_cusum,2009-12-01,32.65429691829448,6.933242564621045,4.709816022437012
10,lsc_kalman_cusum,2010-01-01,31.38241412855162,6.933242564621045,4.526368987678265
10,lsc_kalman_cusum,2010-02-01,30.791559028990918,6.933242564621045,4.4411483864871695
10,lsc_kalman_cusum,2010-03-01,31.1277459150128,6.933242564621045,4.4896375144656675
10,lsc_kalman_cusum,2010-04-01,30.698624497396985,6.933242564621045,4.42774419202437
10,lsc_kalman_cusum,2010-05-01,27.752719228109633,6.933242564621045,4.0028484463714324
10,lsc_kalman_cusum,2010-06-01,25.40469491827611,6.933242564621045,3.6641866603530078
10,lsc_kalman_cusum,2010-07-01,24.817504821365993,6.933242564621045,3.579494672233851
10,lsc_kalman_cusum,2010-08-01,25.15255314868574,6.933242564621045,3.6278195828650515
10,lsc_kalman_cusum,2010-09-01,24.723785432292487,6.933242564621045,3.5659772756910364
10,lsc_kalman_cusum,2010-10-01,23.39369451126566,6.933242564621045,3.3741347274706674
10,lsc_kalman_cusum,2010-11-01,26.05277063076509,6.933242564621045,3.7576603426089816
10,lsc_kalman_cusum,2010-12-01,21.854154516671635,6.933242564621045,3.1520827827644498
10,lsc_kalman_cusum,2011-01-01,19.234001819092995,6.933242564621045,2.7741711962077127
10,lsc_kalman_cusum,2011-02-01,17.923388194773363,6.933242564621045,2.585137910251812
10,lsc_kalman_cusum,2011-03-01,17.344565099811973,6.933242564621045,2.501652717058802
10,lsc_kalman_cusum,2011-04-01,17.67701415946735,6.933242564621045,2.549602728407287
10,lsc_kalman_cusum,2011-05-01,16.44109180974093,6.933242564621045,2.3713423634760082
10,lsc_kalman_cusum,2011-06-01,16.64702746203331,6.933242564621045,2.4010450098745677
10,lsc_kalman_cusum,2011-07-01,15.450407386990605,6.933242564621045,2.228453316465654
10,lsc_kalman_cusum,2011-08-01,14.83617139880914,6.933242564621045,2.139860427574706
10,lsc_kalman_cusum,2011-09-01,14.371659607370244,6.933242564621045,2.0728626574679443
10,lsc_kalman_cusum,2011-10-01,12.244710719199155,6.933242564621045,1.7660871670178502
10,lsc_kalman_cusum,2011-11-01,9.972917768588687,6.933242564621045,1.4384204325229437
10,lsc_kalman_cusum,2011-12-01,8.554083752853861,6.933242564621045,1.2337782319204647
10,lsc_kalman_cusum,2012-01-01,6.392955851233431,6.933242564621045,0.9220730115307678
10,lsc_kalman_cusum,2012-02-01,5.7477050781776216,6.933242564621045,0.8290067777964405
10,lsc_kalman_cusum,2012-03-01,5.567904498233466,6.933242564621045,0.8030736623359137
10,lsc_kalman_cusum,2012-04-01,5.161569131204901,6.933242564621045,0.7444668325241295
10,lsc_kalman_cusum,2012-05-01,4.632471557991727,6.933242564621045,0.6681536834770944
10,lsc_kalman_cusum,2012-06-01,4.141510922584702,6.933242564621045,0.5973411263177214
10,lsc_kalman_cusum,2012-07-01,3.6387027807631798,6.933242564621045,0.5248197718237575
10,lsc_kalman_cusum,2012-08-01,3.947537263666222,6.933242564621045,0.5693637900121535
10,lsc_kalman_cusum,2012-09-01,5.950799403377919,6.933242564621045,0.8582996120377587
10,lsc_kalman_cusum,2012-10-01,5.665081172308756,6.933242564621045,0.8170897122821775
10,lsc_kalman_cusum,2012-11-01,5.906475156364335,6.933242564621045,0.8519066081005013
10,lsc_kalman_cusum,2012-12-01,3.8908775885960623,6.933242564621045,0.5611916145052295
10,lsc_kalman_cusum,2013-01-01,2.3924546856512583,6.933242564621045,0.3450700971951389
10,raw_cusum,2008-02-01,0.32682417198707314,6.948476141117674,0.04703537370634231
10,raw_cusum,2008-03-01,1.0736331015237839,6.948476141117674,0.15451346161650462
10,raw_cusum,2008-04-01,0.32682417198707314,6.948476141117674,0.04703537370634231
10,raw_cusum,2008-05-01,2.6739379505310357,6.948476141117674,0.38482364999542595
10,raw_cusum,2008-06-01,3.7475710520548198,6.948476141117674,0.5393371116119305
10,raw_cusum,2008-07-01,4.821204153578611,6.948476141117674,0.6938505732284362
10,raw_cusum,2008-08-01,6.694989679606021,6.948476141117674,0.9635191290344015
10,raw_cusum,2008-09-01,6.168317932122567,6.948476141117674,0.8877224022719868
10,raw_cusum,2008-10-01,8.842255882653603,6.948476141117674,1.2725460522674128
10,raw_cusum,2008-11-01,10.716041408681013,6.948476141117674,1.542214608073378
10,raw_cusum,2008-12-01,14.190131783715668,6.948476141117674,2.0421933522582636
10,raw_cusum,2009-01-01,17.664222158750324,6.948476141117674,2.5421720964431493
10,raw_cusum,2009-02-01,21.138312533784987,6.948476141117674,3.0421508406280364
10,raw_cusum,2009-03-01,23.81225048431601,6.948476141117674,3.4269744906234605
10,raw_cusum,2009-04-01,25.68603601034343,6.948476141117674,3.696643046429427
10,raw_cusum,2009-05-01,28.359973960874463,6.948476141117674,4.081466696424853
10,raw_cusum,2009-06-01,28.633454637894626,6.948476141117674,4.120825063851897
10,raw_cusum,2009-07-01,28.10678289041117,6.948476141117674,4.045028337089483
10,raw_cusum,2009-08-01,28.380263567431335,6.948476141117674,4.084386704516527
10,raw_cusum,2009-09-01,29.45389666895513,6.948476141117674,4.238900166133034
10,raw_cusum,2009-10-01,30.527529770478914,6.948476141117674,4.393413627749538
10,raw_cusum,2009-11-01,29.20070559849184,6.948476141117674,4.202461806797664
10,raw_cusum,2009-12-01,28.674033851008385,6.948476141117674,4.126665080035249
10,raw_cusum,2010-01-01,27.34720967902131,6.948476141117674,3.9357132590833745
10,raw_cusum,2010-02-01,26.820537931537856,6.948476141117674,3.8599165323209594
10,raw_cusum,2010-03-01,27.09401860855802,6.948476141117674,3.8992748997480042
10,raw_cusum,2010-04-01,26.567346861074565,6.948476141117674,3.8234781729855896
10,raw_cusum,2010-05-01,23.64021784008024,6.948476141117674,3.402216163654794
10,raw_cusum,2010-06-01,21.513241243589547,6.948476141117674,3.09610924851346
10,raw_cusum,2010-07-01,20.986569496106092,6.948476141117674,3.020312521751045
10,raw_cusum,2010-08-01,21.260050173126256,6.948476141117674,3.0596708891780895
10,raw_cusum,2010-09-01,20.7333784256428,6.948476141117674,2.983874162415675
10,raw_cusum,2010-10-01,19.406554253655727,6.948476141117674,2.7929223414638003
10,raw_cusum,2010-11-01,22.08049220418676,6.948476141117674,3.177745991459226
10,raw_cusum,2010-12-01,17.5530583341852,6.948476141117674,2.526173793749511
10,raw_cusum,2011-01-01,15.426081737694492,6.948476141117674,2.220066878608175
10,raw_cusum,2011-02-01,14.099257565707418,6.948476141117674,2.0291150576563006
10,raw_cusum,2011-03-01,13.572585818223965,6.948476141117674,1.953318330893886
10,raw_cusum,2011-04-01,13.84606649524413,6.948476141117674,1.992676698320931
10,raw_cusum,2011-05-01,12.519242323257057,6.948476141117674,1.8017248773690566
10,raw_cusum,2011-06-01,12.792723000277222,6.948476141117674,1.8410832447961016
10,raw_cusum,2011-07-01,11.465898828290149,6.948476141117674,1.650131423844227
10,raw_cusum,2011-08-01,10.939227080806695,6.948476141117674,1.5743346970818126
10,raw_cusum,2011-09-01,10.412555333323242,6.948476141117674,1.498537970319398
10,raw_cusum,2011-10-01,8.28557873683255,6.948476141117674,1.192431055178064
10,raw_cusum,2011-11-01,6.158602140341843,6.948476141117674,0.8863241400367278
10,raw_cusum,2011-12-01,4.83177796835477,6.948476141117674,0.6953723190848534
10,raw_cusum,2012-01-01,5.375690832322684,6.948476141117674,0.7736503260782579
10,raw_cusum,2012-02-01,4.902362579806138,6.948476141117674,0.7055306055951406
10,raw_cusum,2012-03-01,5.229186751793225,6.948476141117674,0.7525659793014849
10,raw_cusum,2012-04-01,4.7558584992766795,6.948476141117674,0.6844462588183675
10,raw_cusum,2012-05-01,4.282530246760134,6.948476141117674,0.6163265383352502
10,raw_cusum,2012-06-01,3.8092019942435877,6.948476141117674,0.5482068178521329
10,raw_cusum,2012-07-01,3.335873741727042,6.948476141117674,0.4800870973690155
10,raw_cusum,2012-08-01,3.6626979137141147,6.948476141117674,0.5271224710753577
10,raw_cusum,2012-09-01,5.589826934708433,6.948476141117674,0.8044680331606204
10,raw_cusum,2012-10-01,5.116498682191887,6.948476141117674,0.736348312677503
10,raw_cusum,2012-11-01,5.44332285417896,6.948476141117674,0.7833836863838453
10,raw_cusum,2012-12-01,3.3696897526551686,6.948476141117674,0.48495377752180757
10,raw_cusum,2013-01-01,2.0962090756350036,6.948476141117674,0.3016789628492305
10,raw_var_cusum,2008-02-01,9.722967479674834,37.28456782119217,0.2607772611527603
10,raw_var_cusum,2008-03-01,8.19664634146347,37.28456782119217,0.21984018644852255
10,raw_var_cusum,2008-04-01,8.463008130081361,37.28456782119217,0.22698420887343834
10,raw_var_cusum,2008-05-01,13.25304878048778,37.28456782119217,0.35545668234767314
10,raw_var_cusum,2008-06-01,14.679369918699145,37.28456782119217,0.39371168224606695
10,raw_var_cusum,2008-07-01,16.10569105691053,37.28456782119217,0.4319666821444614
10,raw_var_cusum,2008-08-01,20.690548780487756,37.28456782119217,0.5549359960323171
10,raw_var_cusum,2008-09-01,19.641260162601576,37.28456782119217,0.5267932903714035
10,raw_var_cusum,2008-10-01,28.665142276422724,37.28456782119217,0.76882055905526
10,raw_var_cusum,2008-11-01,33.24999999999996,37.28456782119217,0.8917898729431161
10,raw_var_cusum,2008-12-01,47.993394308943046,37.28456782119217,1.287218737229511
10,raw_var_cusum,2009-01-01,62.736788617886134,37.28456782119217,1.682647601515906
10,raw_var_cusum,2009-02-01,77.48018292682927,37.28456782119217,2.0780764658023023
10,raw_var_cusum,2009-03-01,86.50406504065033,37.28456782119217,2.3201037344861564
10,raw_var_cusum,2009-04-01,91.08892276422759,37.28456782119217,2.4430730483740133
10,raw_var_cusum,2009-05-01,100.11280487804875,37.28456782119217,2.68510031705787
10,raw_var_cusum,2009-06-01,99.66107723577232,37.28456782119217,2.672984643773341
10,raw_var_cusum,2009-07-01,98.61178861788615,37.28456782119217,2.6448419381124277
10,raw_var_cusum,2009-08-01,98.16006097560972,37.28456782119217,2.6327262648278986
10,raw_var_cusum,2009-09-01,99.58638211382113,37.28456782119217,2.6709812647262936
10,raw_var_cusum,2009-10-01,101.0127032520325,37.28456782119217,2.7092362646246873
10,raw_var_cusum,2009-11-01,100.6463414634146,37.28456782119217,2.6994101673939275
10,raw_var_cusum,2009-12-01,99.59705284552842,37.28456782119217,2.6712674617330143
10,raw_var_cusum,2010-01-01,99.23069105691053,37.28456782119217,2.661441364502254
10,raw_var_cusum,2010-02-01,98.18140243902435,37.28456782119217,2.633298658841341
10,raw_var_cusum,2010-03-01,97.72967479674793,37.28456782119217,2.621182985556812
10,raw_var_cusum,2010-04-01,96.68038617886175,37.28456782119217,2.5930402798958987
10,raw_var_cusum,2010-05-01,101.52134146341463,37.28456782119217,2.722878321945063
10,raw_var_cusum,2010-06-01,103.11839430894307,37.28456782119217,2.7657124739509955
10,raw_var_cusum,2010-07-01,102.06910569105689,37.28456782119217,2.737569768290082
10,raw_var_cusum,2010-08-01,101.61737804878047,37.28456782119217,2.725454095005553
10,raw_var_cusum,2010-09-01,100.56808943089429,37.28456782119217,2.6973113893446397
10,raw_var_cusum,2010-10-01,100.2017276422764,37.28456782119217,2.68748529211388
10,raw_var_cusum,2010-11-01,109.22560975609755,37.28456782119217,2.9295125607977366
10,raw_var_cusum,2010-12-01,124.39583333333333,37.28456782119217,3.3363893053529776
10,raw_var_cusum,2011-01-01,125.99288617886181,37.28456782119217,3.3792234573589113
10,raw_var_cusum,2011-02-01,125.62652439024392,37.28456782119217,3.3693973601281515
10,raw_var_cusum,2011-03-01,124.57723577235774,37.28456782119217,3.341254654467238
10,raw_var_cusum,2011-04-01,124.12550813008131,37.28456782119217,3.329138981182709
10,raw_var_cusum,2011-05-01,123.75914634146342,37.28456782119217,3.319312883951949
10,raw_var_cusum,2011-06-01,123.307418699187,37.28456782119217,3.3071972106674203
10,raw_var_cusum,2011-07-01,122.9410569105691,37.28456782119217,3.2973711134366606
10,raw_var_cusum,2011-08-01,121.89176829268293,37.28456782119217,3.269228407775747
10,raw_var_cusum,2011-09-01,120.84247967479675,37.28456782119217,3.2410857021148334
10,raw_var_cusum,2011-10-01,122.43953252032519,37.28456782119217,3.2839198541207657
10,raw_var_cusum,2011-11-01,124.03658536585367,37.28456782119217,3.3267540061266994
10,raw_var_cusum,2011-12-01,123.67022357723577,37.28456782119217,3.3169279088959396
10,raw_var_cusum,2012-01-01,125.26727642276421,37.28456782119217,3.359762060901872
10,raw_var_cusum,2012-02-01,124.21798780487804,37.28456782119217,3.3316193552409583
10,raw_var_cusum,2012-03-01,123.85162601626017,37.28456782119217,3.321793258010199
10,raw_var_cusum,2012-04-01,122.802337398374,37.28456782119217,3.293650552349286
10,raw_var_cusum,2012-05-01,121.75304878048782,37.28456782119217,3.2655078466883722
10,raw_var_cusum,2012-06-01,120.70376016260164,37.28456782119217,3.2373651410274586
10,raw_var_cusum,2012-07-01,119.65447154471546,37.28456782119217,3.2092224353665455
10,raw_var_cusum,2012-08-01,119.28810975609757,37.28456782119217,3.1993963381357853
10,raw_var_cusum,2012-09-01,124.1290650406504,37.28456782119217,3.329234380184949
10,raw_var_cusum,2012-10-01,123.07977642276423,37.28456782119217,3.3010916745240353
10,raw_var_cusum,2012-11-01,122.71341463414633,37.28456782119217,3.2912655772932755
10,raw_var_cusum,2012-12-01,124.13973577235772,37.28456782119217,3.32952057719167
10,raw_var_cusum,2013-01-01,123.6880081300813,37.28456782119217,3.3174049039071414
11,lsc_composite,2013-02-01,5.874869144969944,14.445420215578329,0.40669423646356284
11,lsc_composite,2013-03-01,4.250979685476195,14.445420215578329,0.29427871408626965
11,lsc_composite,2013-04-01,3.600963710583531,14.445420215578329,0.24928064790390486
11,lsc_composite,2013-05-01,3.4366522838716764,14.445420215578329,0.23790600983455631
11,lsc_composite,2013-06-01,3.750375356898063,14.445420215578329,0.2596238323931593
11,lsc_composite,2013-07-01,3.5733697472085857,14.445420215578329,0.24737042563531436
11,lsc_composite,2013-08-01,2.263668393468657,14.445420215578329,0.15670491821535631
11,lsc_composite,2013-09-01,2.1928837426538346,14.445420215578329,0.15180477341108914
11,lsc_composite,2013-10-01,1.983514715550115,14.445420215578329,0.137310973716849
11,lsc_composite,2013-11-01,2.1908182937388037,14.445420215578329,0.15166179045287767
11,lsc_composite,2013-12-01,2.2283476664278217,14.445420215578329,0.15425980228838976
11,lsc_composite,2014-01-01,2.4532848914190666,14.445420215578329,0.16983132749391244
11,lsc_composite,2014-02-01,2.4307178483864087,14.445420215578329,0.16826909927930359
11,lsc_composite,2014-03-01,2.180010561449038,14.445420215578329,0.1509136133747121
11,lsc_composite,2014-04-01,4.512449965402449,14.445420215578329,0.31237927994203324
11,lsc_composite,2014-05-01,4.092995931673334,14.445420215578329,0.2833421160887613
11,lsc_composite,2014-06-01,4.601358925399336,14.445420215578329,0.31853409985519887
11,lsc_composite,2014-07-01,4.29147478418777,14.445420215578329,0.29708203154656093
11,lsc_composite,2014-08-01,4.623425726514152,14.445420215578329,0.3200616982763939
11,lsc_composite,2014-09-01,3.79850918944251,14.445420215578329,0.2629559495504392
11,lsc_composite,2014-10-01,3.9574590247650074,14.445420215578329,0.273959425596853
11,lsc_composite,2014-11-01,5.163440875915334,14.445420215578329,0.3574448371080919
11,lsc_composite,2014-12-01,4.004044140814533,14.445420215578329,0.2771843311623752
11,lsc_composite,2015-01-01,4.3181716356211215,14.445420215578329,0.29893015026065417
11,lsc_composite,2015-02-01,5.2612610509455475,14.445420215578329,0.3642165456198818
11,lsc_composite,2015-03-01,4.240040125399919,14.445420215578329,0.293521411085525
11,lsc_composite,2015-04-01,3.8738189851681564,14.445420215578329,0.26816935245611795
11,lsc_composite,2015-05-01,3.8713189033946036,14.445420215578329,0.26799628156331995
11,lsc_composite,2015-06-01,4.54416772844834,14.445420215578329,0.31457497674922513
11,lsc_composite,2015-07-01,4.757962456363734,14.445420215578329,0.32937515041844334
11,lsc_composite,2015-08-01,4.109970086188318,14.445420215578329,0.28451717048397224
11,lsc_composite,2015-09-01,3.2919675501210164,14.445420215578329,0.22789005103298207
11,lsc_composite,2015-10-01,3.4618183439193757,14.445420215578329,0.23964815784216909
11,lsc_composite,2015-11-01,3.0281703866026732,14.445420215578329,0.20962840411779873
11,lsc_composite,2015-12-01,3.4493025084533127,14.445420215578329,0.23878173545505393
11,lsc_composite,2016-01-01,3.2736257449964166,14.445420215578329,0.22662031952978776
11,lsc_composite,2016-02-01,3.647205513164281,14.445420215578329,0.25248178721938713
11,lsc_composite,2016-03-01,3.2074383499037085,14.445420215578329,0.22203842477664448
11,lsc_composite,2016-04-01,2.6802296472913643,14.445420215578329,0.18554182621845314
11,lsc_composite,2016-05-01,3.4329801677529894,14.445420215578329,0.23765180358344795
11,lsc_composite,2016-06-01,3.7086359718686843,14.445420215578329,0.2567343778527946
11,lsc_composite,2016-07-01,4.020977995755443,14.445420215578329,0.2783565957755325
11,lsc_composite,2016-08-01,3.867266599608089,14.445420215578329,0.2677157564054471
11,lsc_composite,2016-09-01,4.343320101353608,14.445420215578329,0.3006710802825697
11,lsc_composite,2016-10-01,3.1696705305033794,14.445420215578329,0.21942390620697358
11,lsc_composite,2016-11-01,3.2293355469800695,14.445420215578329,0.22355428217293863
11,lsc_composite,2016-12-01,3.0684407662699273,14.445420215578329,0.2124161651566798
11,lsc_composite,2017-01-01,3.1467458246401465,14.445420215578329,0.2178369183920736
11,lsc_composite,2017-02-01,2.762263768605251,14.445420215578329,0.19122072791114456
11,lsc_composite,2017-03-01,2.8378923961761053,14.445420215578329,0.1964562022997189
11,lsc_composite,2017-04-01,2.591547358628142,14.445420215578329,0.17940269787606095
11,lsc_composite,2017-05-01,2.615407733583066,14.445420215578329,0.1810544584063079
11,lsc_composite,2017-06-01,2.5308631331290994,14.445420215578329,0.17520176605175866
11,lsc_composite,2017-07-01,2.3957256394252964,14.445420215578329,0.1658467253754018
11,lsc_composite,2017-08-01,2.4048907318713177,14.445420215578329,0.1664811889153504
11,lsc_composite,2017-09-01,2.6614810004559764,14.445420215578329,0.18424393065324357
11,lsc_composite,2017-10-01,2.7340939834583478,14.445420215578329,0.18927064375114733
11,lsc_composite,2017-11-01,2.944979219682103,14.445420215578329,0.20386940467859554
11,lsc_composite,2017-12-01,2.0738805039880646,14.445420215578329,0.14356664417083112
11,lsc_composite,2018-01-01,2.0935543593992922,14.445420215578329,0.1449285883107469
11,lsc_tail_cusum,2013-02-01,2.0999999999999996,6.455000000000012,0.3253292021688607
11,lsc_tail_cusum,2013-03-01,1.9499999999999995,6.455000000000012,0.3020914020139421
11,lsc_tail_cusum,2013-04-01,1.7999999999999994,6.455000000000012,0.2788536018590234
11,lsc_tail_cusum,2013-05-01,1.6499999999999992,6.455000000000012,0.25561580170410475
11,lsc_tail_cusum,2013-06-01,1.4999999999999991,6.455000000000012,0.23237800154918611
11,lsc_tail_cusum,2013-07-01,1.349999999999999,6.455000000000012,0.20914020139426748
11,lsc_tail_cusum,2013-08-01,1.1999999999999988,6.455000000000012,0.18590240123934884
11,lsc_tail_cusum,2013-09-01,1.0499999999999987,6.455000000000012,0.16266460108443018
11,lsc_tail_cusum,2013-10-01,0.8999999999999987,6.455000000000012,0.13942680092951154
11,lsc_tail_cusum,2013-11-01,1.7499999999999984,6.455000000000012,0.2711076684740504
11,lsc_tail_cusum,2013-12-01,1.5999999999999983,6.455000000000012,0.24786986831913174
11,lsc_tail_cusum,2014-01-01,1.4499999999999982,6.455000000000012,0.2246320681642131
11,lsc_tail_cusum,2014-02-01,1.299999999999998,6.455000000000012,0.20139426800929444
11,lsc_tail_cusum,2014-03-01,1.149999999999998,6.455000000000012,0.1781564678543758
11,lsc_tail_cusum,2014-04-01,1.9999999999999976,6.455000000000012,0.3098373353989146
11,lsc_tail_cusum,2014-05-01,1.8499999999999974,6.455000000000012,0.286599535243996
11,lsc_tail_cusum,2014-06-01,1.6999999999999973,6.455000000000012,0.26336173508907734
11,lsc_tail_cusum,2014-07-01,1.5499999999999972,6.455000000000012,0.2401239349341587
11,lsc_tail_cusum,2014-08-01,1.399999999999997,6.455000000000012,0.21688613477924004
11,lsc_tail_cusum,2014-09-01,1.249999999999997,6.455000000000012,0.1936483346243214
11,lsc_tail_cusum,2014-10-01,1.0999999999999968,6.455000000000012,0.17041053446940274
11,lsc_tail_cusum,2014-11-01,0.9499999999999967,6.455000000000012,0.14717273431448413
11,lsc_tail_cusum,2014-12-01,0.7999999999999967,6.455000000000012,0.1239349341595655
11,lsc_tail_cusum,2015-01-01,0.7199999999999999,6.455000000000012,0.11154144074360939
11,lsc_tail_cusum,2015-02-01,0.7999999999999998,6.455000000000012,0.12393493415956598
11,lsc_tail_cusum,2015-03-01,0.8799999999999998,6.455000000000012,0.13632842757552258
11,lsc_tail_cusum,2015-04-01,0.9599999999999997,6.455000000000012,0.14872192099147916
11,lsc_tail_cusum,2015-05-01,1.0499999999999965,6.455000000000012,0.16266460108442984
11,lsc_tail_cusum,2015-06-01,1.8999999999999961,6.455000000000012,0.29434546862896865
11,lsc_tail_cusum,2015-07-01,1.749999999999996,6.455000000000012,0.27110766847405
11,lsc_tail_cusum,2015-08-01,1.5999999999999959,6.455000000000012,0.24786986831913138
11,lsc_tail_cusum,2015-09-01,1.4499999999999957,6.455000000000012,0.22463206816421272
11,lsc_tail_cusum,2015-10-01,1.2999999999999956,6.455000000000012,0.20139426800929408
11,lsc_tail_cusum,2015-11-01,1.1499999999999955,6.455000000000012,0.17815646785437542
11,lsc_tail_cusum,2015-12-01,0.9999999999999953,6.455000000000012,0.15491866769945678
11,lsc_tail_cusum,2016-01-01,0.8499999999999953,6.455000000000012,0.13168086754453814
11,lsc_tail_cusum,2016-02-01,0.6999999999999953,6.455000000000012,0.10844306738961952
11,lsc_tail_cusum,2016-03-01,0.7199999999999999,6.455000000000012,0.11154144074360939
11,lsc_tail_cusum,2016-04-01,0.7999999999999998,6.455000000000012,0.12393493415956598
11,lsc_tail_cusum,2016-05-01,1.2499999999999951,6.455000000000012,0.19364833462432113
11,lsc_tail_cusum,2016-06-01,1.099999999999995,6.455000000000012,0.1704105344694025
11,lsc_tail_cusum,2016-07-01,0.949999999999995,6.455000000000012,0.14717273431448386
11,lsc_tail_cusum,2016-08-01,0.7999999999999949,6.455000000000012,0.12393493415956522
11,lsc_tail_cusum,2016-09-01,0.6499999999999949,6.455000000000012,0.1006971340046466
11,lsc_tail_cusum,2016-10-01,0.49999999999999495,6.455000000000012,0.07745933384972797
11,lsc_tail_cusum,2016-11-01,0.48,6.455000000000012,0.0743609604957396
11,lsc_tail_cusum,2016-12-01,0.5599999999999999,6.455000000000012,0.0867544539116962
11,lsc_tail_cusum,2017-01-01,0.6399999999999999,6.455000000000012,0.0991479473276528
11,lsc_tail_cusum,2017-02-01,0.7199999999999999,6.455000000000012,0.11154144074360939
11,lsc_tail_cusum,2017-03-01,0.7999999999999998,6.455000000000012,0.12393493415956598
11,lsc_tail_cusum,2017-04-01,0.8799999999999998,6.455000000000012,0.13632842757552258
11,lsc_tail_cusum,2017-05-01,0.9599999999999997,6.455000000000012,0.14872192099147916
11,lsc_tail_cusum,2017-06-01,1.0399999999999998,6.455000000000012,0.16111541440743576
11,lsc_tail_cusum,2017-07-01,1.1199999999999999,6.455000000000012,0.1735089078233924
11,lsc_tail_cusum,2017-08-01,1.2,6.455000000000012,0.185902401239349
11,lsc_tail_cusum,2017-09-01,1.28,6.455000000000012,0.19829589465530562
11,lsc_tail_cusum,2017-10-01,1.36,6.455000000000012,0.21068938807126222
11,lsc_tail_cusum,2017-11-01,1.4400000000000002,6.455000000000012,0.22308288148721883
11,lsc_tail_cusum,2017-12-01,1.5200000000000002,6.455000000000012,0.23547637490317544
11,lsc_tail_cusum,2018-01-01,1.6000000000000003,6.455000000000012,0.24786986831913205
11,lsc_kalman_cusum,2013-02-01,1.6364923980300294,9.291759631517042,0.17612298024576034
11,lsc_kalman_cusum,2013-03-01,2.124175671264201,9.291759631517042,0.22860854730455313
11,lsc_kalman_cusum,2013-04-01,0.7043693078091366,9.291759631517042,0.0758058038242791
11,lsc_kalman_cusum,2013-05-01,0.3569073722329825,9.291759631517042,0.038411171445113156
11,lsc_kalman_cusum,2013-06-01,0.0,9.291759631517042,0.0
11,lsc_kalman_cusum,2013-07-01,0.6175975219001788,9.291759631517042,0.06646722971667587
11,lsc_kalman_cusum,2013-08-01,0.3384644841150384,9.291759631517042,0.03642630648418723
11,lsc_kalman_cusum,2013-09-01,0.0,9.291759631517042,0.0
11,lsc_kalman_cusum,2013-10-01,0.0,9.291759631517042,0.0
11,lsc_kalman_cusum,2013-11-01,1.2744789195493005,9.291759631517042,0.13716227820039073
11,lsc_kalman_cusum,2013-12-01,1.508125037938283,9.291759631517042,0.16230779720375257
11,lsc_kalman_cusum,2014-01-01,0.9595602581192846,9.291759631517042,0.10327002593400272
11,lsc_kalman_cusum,2014-02-01,0.8163274181519331,9.291759631517042,0.08785498662524628
11,lsc_kalman_cusum,2014-03-01,0.6248267328143364,9.291759631517042,0.06724525360029385
11,lsc_kalman_cusum,2014-04-01,2.618693123603921,9.291759631517042,0.28182962403821604
11,lsc_kalman_cusum,2014-05-01,1.054604353265493,9.291759631517042,0.11349888450496974
11,lsc_kalman_cusum,2014-06-01,0.9224534652002716,9.291759631517042,0.09927650970128087
11,lsc_kalman_cusum,2014-07-01,0.7951165469898505,9.291759631517042,0.08557222512438516
11,lsc_kalman_cusum,2014-08-01,0.0,9.291759631517042,0.0
11,lsc_kalman_cusum,2014-09-01,0.4809005920930093,9.291759631517042,0.051755599710288015
11,lsc_kalman_cusum,2014-10-01,0.7728781896771701,9.291759631517042,0.08317888326077848
11,lsc_kalman_cusum,2014-11-01,0.8417026282087823,9.291759631517042,0.09058592361276566
11,lsc_kalman_cusum,2014-12-01,0.507765067251345,9.291759631517042,0.05464681474637366
11,lsc_kalman_cusum,2015-01-01,0.690277230802177,9.291759631517042,0.07428918290791786
11,lsc_kalman_cusum,2015-02-01,0.6140254122802544,9.291759631517042,0.06608279127212033
11,lsc_kalman_cusum,2015-03-01,0.3323857038361955,9.291759631517042,0.03577209452435305
11,lsc_kalman_cusum,2015-04-01,0.0,9.291759631517042,0.0
11,lsc_kalman_cusum,2015-05-01,1.1582591500113701,9.291759631517042,0.12465444608388607
11,lsc_kalman_cusum,2015-06-01,1.567874465492559,9.291759631517042,0.1687381645317676
11,lsc_kalman_cusum,2015-07-01,1.3403706902460906,9.291759631517042,0.14425369826611104
11,lsc_kalman_cusum,2015-08-01,1.083413713674896,9.291759631517042,0.11659941245144002
11,lsc_kalman_cusum,2015-09-01,0.8057884252579084,9.291759631517042,0.08672075658573072
11,lsc_kalman_cusum,2015-10-01,0.0,9.291759631517042,0.0
11,lsc_kalman_cusum,2015-11-01,0.48924681251792523,9.291759631517042,0.05265383866134806
11,lsc_kalman_cusum,2015-12-01,0.08805977107683671,9.291759631517042,0.00947718995852451
11,lsc_kalman_cusum,2016-01-01,0.7195799685112343,9.291759631517042,0.07744280922533403
11,lsc_kalman_cusum,2016-02-01,0.6034340521969577,9.291759631517042,0.06494292535830874
11,lsc_kalman_cusum,2016-03-01,0.9295743747176353,9.291759631517042,0.10004287794580691
11,lsc_kalman_cusum,2016-04-01,1.0611282679180545,9.291759631517042,0.11420100282391903
11,lsc_kalman_cusum,2016-05-01,1.6731360715592802,9.291759631517042,0.18006665453162518
11,lsc_kalman_cusum,2016-06-01,0.4877091594721996,9.291759631517042,0.0524883529937561
11,lsc_kalman_cusum,2016-07-01,0.2745657065376289,9.291759631517042,0.02954937680547826
11,lsc_kalman_cusum,2016-08-01,0.3688291583580864,9.291759631517042,0.03969422079183387
11,lsc_kalman_cusum,2016-09-01,0.530339257734304,9.291759631517042,0.057076299728571096
11,lsc_kalman_cusum,2016-10-01,0.31804375535897256,9.291759631517042,0.034228581880248916
11,lsc_kalman_cusum,2016-11-01,1.1109515267372627,9.291759631517042,0.1195630936221152
11,lsc_kalman_cusum,2016-12-01,0.2878041316261266,9.291759631517042,0.030974125788824088
11,lsc_kalman_cusum,2017-01-01,0.0,9.291759631517042,0.0
11,lsc_kalman_cusum,2017-02-01,0.007907860896695929,9.291759631517042,0.0008510617160040366
11,lsc_kalman_cusum,2017-03-01,0.5831827403307082,9.291759631517042,0.06276343377981823
11,lsc_kalman_cusum,2017-04-01,0.0,9.291759631517042,0.0
11,lsc_kalman_cusum,2017-05-01,0.0,9.291759631517042,0.0
11,lsc_kalman_cusum,2017-06-01,0.0,9.291759631517042,0.0
11,lsc_kalman_cusum,2017-07-01,0.0,9.291759631517042,0.0
11,lsc_kalman_cusum,2017-08-01,0.38567440429720856,9.291759631517042,0.04150714392019206
11,lsc_kalman_cusum,2017-09-01,0.1607400481076272,9.291759631517042,0.017299204293060644
11,lsc_kalman_cusum,2017-10-01,0.1762269503804047,9.291759631517042,0.018965939431176672
11,lsc_kalman_cusum,2017-11-01,0.0,9.291759631517042,0.0
11,lsc_kalman_cusum,2017-12-01,0.0,9.291759631517042,0.0
11,lsc_kalman_cusum,2018-01-01,0.0,9.291759631517042,0.0
11,raw_cusum,2013-02-01,1.3252455922982835,35.588503523562764,0.03723802523533626
11,raw_cusum,2013-03-01,2.077115605864124,35.588503523562764,0.05836479200337513
11,raw_cusum,2013-04-01,1.1088588832326287,35.588503523562764,0.03115778336952171
11,raw_cusum,2013-05-01,1.2873533180660206,35.588503523562764,0.036173291670263064
11,raw_cusum,2013-06-01,0.892472174166969,35.588503523562764,0.025077541503707026
11,raw_cusum,2013-07-01,1.6443421877328093,35.588503523562764,0.0462043082717459
11,raw_cusum,2013-08-01,1.822836622566201,35.588503523562764,0.051219816572487246
11,raw_cusum,2013-09-01,1.4279554786671493,35.588503523562764,0.04012406640593121
11,raw_cusum,2013-10-01,1.0330743347680977,35.588503523562764,0.029028316239375178
11,raw_cusum,2013-11-01,2.3583199270663813,35.588503523562764,0.06626634147471143
11,raw_cusum,2013-12-01,3.1101899406322215,35.588503523562764,0.08739310824275032
11,raw_cusum,2014-01-01,3.2886843754656185,35.588503523562764,0.0924086165434918
11,raw_cusum,2014-02-01,2.3204276528341183,35.588503523562764,0.06520160790963823
11,raw_cusum,2014-03-01,1.9255465089350667,35.588503523562764,0.05410585774308221
11,raw_cusum,2014-04-01,4.397543258698242,35.588503523562764,0.12356639991301338
11,raw_cusum,2014-05-01,3.4292865360667473,35.588503523562764,0.09635939127915996
11,raw_cusum,2014-06-01,4.181156549632588,35.588503523562764,0.11748615804719885
11,raw_cusum,2014-07-01,3.212899827001088,35.588503523562764,0.09027914941334528
11,raw_cusum,2014-08-01,3.391394261834485,35.588503523562764,0.09529465771408678
11,raw_cusum,2014-09-01,4.14326427540032,35.588503523562764,0.1164214244821255
11,raw_cusum,2014-10-01,4.89513428896616,35.588503523562764,0.13754819125016438
11,raw_cusum,2014-11-01,3.9268775663346647,35.588503523562764,0.11034118261631096
11,raw_cusum,2014-12-01,4.678747579900505,35.588503523562764,0.13146794938434983
11,raw_cusum,2015-01-01,3.710490857269005,35.588503523562764,0.10426094075049627
11,raw_cusum,2015-02-01,4.4623608708348454,35.588503523562764,0.12538770751853515
11,raw_cusum,2015-03-01,4.640855305668238,35.588503523562764,0.1304032158192765
11,raw_cusum,2015-04-01,4.245974161769186,35.588503523562764,0.11930746565272048
11,raw_cusum,2015-05-01,2.7043418604052474,35.588503523562764,0.07598919855156966
11,raw_cusum,2015-06-01,4.029587452703531,35.588503523562764,0.11322722378690592
11,raw_cusum,2015-07-01,4.208081887536923,35.588503523562764,0.11824273208764728
11,raw_cusum,2015-08-01,4.38657632237032,35.588503523562764,0.12325824038838876
11,raw_cusum,2015-09-01,4.565070757203712,35.588503523562764,0.1282737486891301
11,raw_cusum,2015-10-01,4.17018961330466,35.588503523562764,0.11717799852257409
11,raw_cusum,2015-11-01,3.201932890673165,35.588503523562764,0.08997098988872067
11,raw_cusum,2015-12-01,3.380427325506557,35.588503523562764,0.09498649818946202
11,raw_cusum,2016-01-01,4.132297339072397,35.588503523562764,0.11611326495750089
11,raw_cusum,2016-02-01,3.164040616440897,35.588503523562764,0.08890625632364732
11,raw_cusum,2016-03-01,2.195783893809402,35.588503523562764,0.0616992476897939
11,raw_cusum,2016-04-01,1.227527171177907,35.588503523562764,0.03449223905594048
11,raw_cusum,2016-05-01,2.5527727634761908,35.588503523562764,0.07173026429127674
11,raw_cusum,2016-06-01,1.5845160408446906,35.588503523562764,0.044523255657423176
11,raw_cusum,2016-07-01,1.7630104756780876,35.588503523562764,0.04953876395816467
11,raw_cusum,2016-08-01,0.7947537530465874,35.588503523562764,0.022331755324311107
11,raw_cusum,2016-09-01,0.0,35.588503523562764,0.0
11,raw_cusum,2016-10-01,0.17849443483339178,35.588503523562764,0.005015508300741349
11,raw_cusum,2016-11-01,0.9303644483992319,35.588503523562764,0.02614227506878022
11,raw_cusum,2016-12-01,0.5354833045001803,35.588503523562764,0.015046524902224186
11,raw_cusum,2017-01-01,0.14060216060112873,35.588503523562764,0.003950774735668151
11,raw_cusum,2017-02-01,0.3190965954345256,35.588503523562764,0.008966283036409643
11,raw_cusum,2017-03-01,1.0709666090003607,35.588503523562764,0.030093049804448373
11,raw_cusum,2017-04-01,0.6760854651013091,35.588503523562764,0.01899729963789234
11,raw_cusum,2017-05-01,0.28120432120225747,35.588503523562764,0.007901549471336302
11,raw_cusum,2017-06-01,0.45969875603565435,35.588503523562764,0.012917057772077793
11,raw_cusum,2017-07-01,0.06481761213660264,35.588503523562764,0.001821307605521755
11,raw_cusum,2017-08-01,0.0,35.588503523562764,0.0
11,raw_cusum,2017-09-01,0.1784944348333969,35.588503523562764,0.005015508300741493
11,raw_cusum,2017-10-01,0.35698886966678867,35.588503523562764,0.010031016601482841
11,raw_cusum,2017-11-01,0.0,35.588503523562764,0.0
11,raw_cusum,2017-12-01,0.1784944348333969,35.588503523562764,0.005015508300741493
11,raw_cusum,2018-01-01,0.35698886966678867,35.588503523562764,0.010031016601482841
11,raw_var_cusum,2013-02-01,32.15520919667264,85.37848157266826,0.37661959552776003
11,raw_var_cusum,2013-03-01,32.67238772753797,85.37848157266826,0.3826770765386533
11,raw_var_cusum,2013-04-01,31.841652085827562,85.37848157266826,0.3729470412134953
11,raw_var_cusum,2013-05-01,31.252006783927445,85.37848157266826,0.36604078929803757
11,raw_var_cusum,2013-06-01,30.213056757835417,85.37848157266826,0.35387203193722944
11,raw_var_cusum,2013-07-01,30.730235288700754,85.37848157266826,0.35992951294812264
11,raw_var_cusum,2013-08-01,30.140589986800638,85.37848157266826,0.3530232610326649
11,raw_var_cusum,2013-09-01,29.10163996070861,85.37848157266826,0.34085450367185677
11,raw_var_cusum,2013-10-01,28.062689934616582,85.37848157266826,0.32868574631104863
11,raw_var_cusum,2013-11-01,30.344211406820893,85.37848157266826,0.35540818772929333
11,raw_var_cusum,2013-12-01,30.86138993768623,85.37848157266826,0.3614656687401866
11,raw_var_cusum,2014-01-01,30.27174463578612,85.37848157266826,0.35455941682472886
11,raw_var_cusum,2014-02-01,29.441008994075712,85.37848157266826,0.34482938149957093
11,raw_var_cusum,2014-03-01,28.402058967983685,85.37848157266826,0.3326606241387628
11,raw_var_cusum,2014-04-01,36.184823648586566,85.37848157266826,0.42381666881471236
11,raw_var_cusum,2014-05-01,35.354088006876154,85.37848157266826,0.4140866334895544
11,raw_var_cusum,2014-06-01,35.87126653774149,85.37848157266826,0.4201441145004476
11,raw_var_cusum,2014-07-01,35.040530896031086,85.37848157266826,0.4104140791752897
11,raw_var_cusum,2014-08-01,34.45088559413098,85.37848157266826,0.4035078272598321
11,raw_var_cusum,2014-09-01,34.96806412499631,85.37848157266826,0.40956530827072524
11,raw_var_cusum,2014-10-01,35.48524265586165,85.37848157266826,0.41562278928161844
11,raw_var_cusum,2014-11-01,34.654507014151235,85.37848157266826,0.4058927539564605
11,raw_var_cusum,2014-12-01,35.17168554501657,85.37848157266826,0.4119502349673537
11,raw_var_cusum,2015-01-01,34.34094990330617,85.37848157266826,0.40222019964219585
11,raw_var_cusum,2015-02-01,34.858128434171505,85.37848157266826,0.4082776806530891
11,raw_var_cusum,2015-03-01,34.26848313227139,85.37848157266826,0.4013714287376314
11,raw_var_cusum,2015-04-01,33.22953310617937,85.37848157266826,0.3892026713768233
11,raw_var_cusum,2015-05-01,33.26453095742411,85.37848157266826,0.389612585568316
11,raw_var_cusum,2015-06-01,35.546052429628425,85.37848157266826,0.4163350269865608
11,raw_var_cusum,2015-07-01,34.95640712772831,85.37848157266826,0.40942877507110303
11,raw_var_cusum,2015-08-01,34.366761825828206,85.37848157266826,0.4025225231556454
11,raw_var_cusum,2015-09-01,33.77711652392809,85.37848157266826,0.39561627124018767
11,raw_var_cusum,2015-10-01,32.73816649783607,85.37848157266826,0.3834475138793796
11,raw_var_cusum,2015-11-01,31.907430856125657,85.37848157266826,0.3737174785542216
11,raw_var_cusum,2015-12-01,31.31778555422554,85.37848157266826,0.36681122663876387
11,raw_var_cusum,2016-01-01,31.834964085090878,85.37848157266826,0.37286870764965707
11,raw_var_cusum,2016-02-01,31.00422844338047,85.37848157266826,0.36313867232449915
11,raw_var_cusum,2016-03-01,30.173492801670058,85.37848157266826,0.35340863699934116
11,raw_var_cusum,2016-04-01,29.342757159959646,85.37848157266826,0.3436786016741832
11,raw_var_cusum,2016-05-01,31.624278632163957,85.37848157266826,0.3704010430924279
11,raw_var_cusum,2016-06-01,30.79354299045355,85.37848157266826,0.36067100776726996
11,raw_var_cusum,2016-07-01,30.20389768855344,85.37848157266826,0.3537647558518123
11,raw_var_cusum,2016-08-01,29.37316204684303,85.37848157266826,0.3440347205266543
11,raw_var_cusum,2016-09-01,28.54242640513262,85.37848157266826,0.3343046852014963
11,raw_var_cusum,2016-10-01,27.952781103232503,85.37848157266826,0.32739843328603857
11,raw_var_cusum,2016-11-01,28.46995963409784,85.37848157266826,0.33345591429693183
11,raw_var_cusum,2016-12-01,27.431009608005812,85.37848157266826,0.3212871569361237
11,raw_var_cusum,2017-01-01,26.392059581913784,85.37848157266826,0.30911839957531556
11,raw_var_cusum,2017-02-01,25.802414280013675,85.37848157266826,0.3022121476598579
11,raw_var_cusum,2017-03-01,26.319592810878998,85.37848157266826,0.308269628670751
11,raw_var_cusum,2017-04-01,25.28064278478697,85.37848157266826,0.29610087130994284
11,raw_var_cusum,2017-05-01,24.241692758694942,85.37848157266826,0.2839321139491347
11,raw_var_cusum,2017-06-01,23.652047456794833,85.37848157266826,0.277025862033677
11,raw_var_cusum,2017-07-01,22.613097430702805,85.37848157266826,0.2648571046728689
11,raw_var_cusum,2017-08-01,21.782361788992397,85.37848157266826,0.25512706934771096
11,raw_var_cusum,2017-09-01,21.192716487092287,85.37848157266826,0.24822081743225324
11,raw_var_cusum,2017-10-01,20.60307118519217,85.37848157266826,0.24131456551679548
11,raw_var_cusum,2017-11-01,19.564121159100143,85.37848157266826,0.22914580815598734
11,raw_var_cusum,2017-12-01,18.974475857200034,85.37848157266826,0.22223955624052966
11,raw_var_cusum,2018-01-01,18.384830555299917,85.37848157266826,0.2153333043250719
12,lsc_composite,2018-02-01,2.734535499762226,15.275672889075421,0.17901244152183055
12,lsc_composite,2018-03-01,2.553839419729277,15.275672889075421,0.1671834320015903
12,lsc_composite,2018-04-01,2.5374524730269834,15.275672889075421,0.16611068405645638
12,lsc_composite,2018-05-01,2.710578888185823,15.275672889075421,0.1774441563307058
12,lsc_composite,2018-06-01,2.051616667083178,15.275672889075421,0.13430614035669852
12,lsc_composite,2018-07-01,2.3109666649050595,15.275672889075421,0.15128411571039693
12,lsc_composite,2018-08-01,2.448195416491441,15.275672889075421,0.16026759896399045
12,lsc_composite,2018-09-01,2.7057111828462537,15.275672889075421,0.17712549898743085
12,lsc_composite,2018-10-01,2.4656564360202435,15.275672889075421,0.16141065954505918
12,lsc_composite,2018-11-01,2.9120443257089286,15.275672889075421,0.19063280202808686
12,lsc_composite,2018-12-01,2.651512527458878,15.275672889075421,0.173577461805636
12,lsc_composite,2019-01-01,2.6559945163381395,15.275672889075421,0.17387086877446856
12,lsc_composite,2019-02-01,2.4714031828388117,15.275672889075421,0.16178686207703916
12,lsc_composite,2019-03-01,2.613321675446748,15.275672889075421,0.1710773524952669
12,lsc_composite,2019-04-01,3.078211228092546,15.275672889075421,0.2015106797877274
12,lsc_composite,2019-05-01,3.6194839982251326,15.275672889075421,0.23694432477757818
12,lsc_composite,2019-06-01,3.737621556242763,15.275672889075421,0.24467803044642095
12,lsc_composite,2019-07-01,4.108894258607894,15.275672889075421,0.2689828650066485
12,lsc_composite,2019-08-01,3.7705310962605365,15.275672889075421,0.24683240624752292
12,lsc_composite,2019-09-01,4.009790057297964,15.275672889075421,0.262495150715463
12,lsc_composite,2019-10-01,4.399223578125418,15.275672889075421,0.28798885718949735
12,lsc_composite,2019-11-01,4.013522519813281,15.275672889075421,0.26273949101670013
12,lsc_composite,2019-12-01,5.307305506469001,15.275672889075421,0.3474351372281992
12,lsc_composite,2020-01-01,5.353300572491383,15.275672889075421,0.35044613820710047
12,lsc_composite,2020-02-01,4.610783739810208,15.275672889075421,0.3018383395148285
12,lsc_composite,2020-03-01,9.098242711630329,15.275672889075421,0.595603400105343
12,lsc_composite,2020-04-01,1168.0058810182331,15.275672889075421,76.46182852302017
12,lsc_composite,2020-05-01,1495.8233137698155,15.275672889075421,97.92192623079612
12,lsc_composite,2020-06-01,1513.1449327747878,15.275672889075421,99.05586115665852
12,lsc_composite,2020-07-01,1376.8374691105387,15.275672889075421,90.13268869453209
12,lsc_composite,2020-08-01,1532.481560912893,15.275672889075421,100.32170576321161
12,lsc_composite,2020-09-01,1490.5228074701763,15.275672889075421,97.5749361938839
12,lsc_composite,2020-10-01,1445.990384937374,15.275672889075421,94.6596850716469
12,lsc_composite,2020-11-01,1445.3333430071957,15.275672889075421,94.616672764762
12,lsc_composite,2020-12-01,1358.4029951857494,15.275672889075421,88.92590231866168
12,lsc_composite,2021-01-01,1047.5905123074017,15.275672889075421,68.57900924656474
12,lsc_composite,2021-02-01,1042.1954340795232,15.275672889075421,68.2258281941126
12,lsc_composite,2021-03-01,1179.0482960080258,15.275672889075421,77.18470437078004
12,lsc_composite,2021-04-01,1045.167277137793,15.275672889075421,68.42037563433665
12,lsc_composite,2021-05-01,1095.6001597208974,15.275672889075421,71.72189190463936
12,lsc_composite,2021-06-01,1171.146378103709,15.275672889075421,76.66741665706053
12,lsc_composite,2021-07-01,1302.5731192270428,15.275672889075421,85.27107962350996
12,lsc_composite,2021-08-01,1288.0938512644093,15.275672889075421,84.3232151289129
12,lsc_composite,2021-09-01,1548.2332585970858,15.275672889075421,101.35286804316968
12,lsc_composite,2021-10-01,1343.8076534668853,15.275672889075421,87.97043922221752
12,lsc_composite,2021-11-01,1138.7411744870944,15.275672889075421,74.54605651456956
12,lsc_composite,2021-12-01,1328.0519898067903,15.275672889075421,86.9390173153395
12,lsc_composite,2022-01-01,1324.4541474113953,15.275672889075421,86.70348972702828
12,lsc_composite,2022-02-01,1457.702152753984,15.275672889075421,95.4263791414699
12,lsc_composite,2022-03-01,1415.9777319837528,15.275672889075421,92.69494982420095
12,lsc_composite,2022-04-01,1461.1465929908802,15.275672889075421,95.65186447765824
12,lsc_composite,2022-05-01,1344.3875837007874,15.275672889075421,88.0084035225867
12,lsc_composite,2022-06-01,1489.1991849435112,15.275672889075421,97.48828714501538
12,lsc_composite,2022-07-01,1394.2879476503892,15.275672889075421,91.27505922488893
12,lsc_composite,2022-08-01,1823.5145102412773,15.275672889075421,119.37376006168509
12,lsc_composite,2022-09-01,1614.6600158803349,15.275672889075421,105.701400364175
12,lsc_composite,2022-10-01,1546.5111693058968,15.275672889075421,101.24013393949426
12,lsc_composite,2022-11-01,1406.729737163841,15.275672889075421,92.08954311727115
12,lsc_composite,2022-12-01,1211.9807656390328,15.275672889075421,79.3405812261007
12,lsc_composite,2023-01-01,1147.6043675892138,15.275672889075421,75.12627272936282
12,lsc_tail_cusum,2018-02-01,1.8,6.412000000000006,0.28072364316905773
12,lsc_tail_cusum,2018-03-01,1.8800000000000001,6.412000000000006,0.293200249532127
12,lsc_tail_cusum,2018-04-01,1.9600000000000002,6.412000000000006,0.3056768558951962
12,lsc_tail_cusum,2018-05-01,2.04,6.412000000000006,0.31815346225826546
12,lsc_tail_cusum,2018-06-01,2.12,6.412000000000006,0.3306300686213347
12,lsc_tail_cusum,2018-07-01,2.2,6.412000000000006,0.34310667498440395
12,lsc_tail_cusum,2018-08-01,2.2800000000000002,6.412000000000006,0.3555832813474732
12,lsc_tail_cusum,2018-09-01,2.3600000000000003,6.412000000000006,0.36805988771054243
12,lsc_tail_cusum,2018-10-01,2.4400000000000004,6.412000000000006,0.3805364940736117
12,lsc_tail_cusum,2018-11-01,2.5200000000000005,6.412000000000006,0.3930131004366809
12,lsc_tail_cusum,2018-12-01,2.6000000000000005,6.412000000000006,0.40548970679975016
12,lsc_tail_cusum,2019-01-01,2.6800000000000006,6.412000000000006,0.4179663131628194
12,lsc_tail_cusum,2019-02-01,2.7600000000000007,6.412000000000006,0.43044291952588865
12,lsc_tail_cusum,2019-03-01,2.8400000000000007,6.412000000000006,0.4429195258889579
12,lsc_tail_cusum,2019-04-01,2.920000000000001,6.412000000000006,0.45539613225202713
12,lsc_tail_cusum,2019-05-01,3.000000000000001,6.412000000000006,0.4678727386150964
12,lsc_tail_cusum,2019-06-01,3.080000000000001,6.412000000000006,0.4803493449781656
12,lsc_tail_cusum,2019-07-01,3.160000000000001,6.412000000000006,0.49282595134123486
12,lsc_tail_cusum,2019-08-01,3.240000000000001,6.412000000000006,0.5053025577043041
12,lsc_tail_cusum,2019-09-01,3.320000000000001,6.412000000000006,0.5177791640673733
12,lsc_tail_cusum,2019-10-01,3.4000000000000012,6.412000000000006,0.5302557704304426
12,lsc_tail_cusum,2019-11-01,3.4800000000000013,6.412000000000006,0.5427323767935118
12,lsc_tail_cusum,2019-12-01,3.5600000000000014,6.412000000000006,0.5552089831565811
12,lsc_tail_cusum,2020-01-01,3.6400000000000015,6.412000000000006,0.5676855895196503
12,lsc_tail_cusum,2020-02-01,3.7200000000000015,6.412000000000006,0.5801621958827196
12,lsc_tail_cusum,2020-03-01,2.8000000000000016,6.412000000000006,0.43668122270742343
12,lsc_tail_cusum,2020-04-01,1.8800000000000017,6.412000000000006,0.29320024953212726
12,lsc_tail_cusum,2020-05-01,2.5500000000000003,6.412000000000006,0.39769182782283186
12,lsc_tail_cusum,2020-06-01,3.4000000000000004,6.412000000000006,0.5302557704304425
12,lsc_tail_cusum,2020-07-01,4.250000000000001,6.412000000000006,0.6628197130380532
12,lsc_tail_cusum,2020-08-01,5.100000000000001,6.412000000000006,0.7953836556456638
12,lsc_tail_cusum,2020-09-01,5.950000000000002,6.412000000000006,0.9279475982532746
12,lsc_tail_cusum,2020-10-01,6.8000000000000025,6.412000000000006,1.0605115408608852
12,lsc_tail_cusum,2020-11-01,6.650000000000003,6.412000000000006,1.0371179039301306
12,lsc_tail_cusum,2020-12-01,7.5000000000000036,6.412000000000006,1.1696818465377412
12,lsc_tail_cusum,2021-01-01,7.350000000000004,6.412000000000006,1.1462882096069864
12,lsc_tail_cusum,2021-02-01,7.200000000000005,6.412000000000006,1.1228945726762316
12,lsc_tail_cusum,2021-03-01,7.050000000000005,6.412000000000006,1.099500935745477
12,lsc_tail_cusum,2021-04-01,6.900000000000006,6.412000000000006,1.0761072988147222
12,lsc_tail_cusum,2021-05-01,6.750000000000006,6.412000000000006,1.0527136618839674
12,lsc_tail_cusum,2021-06-01,6.600000000000007,6.412000000000006,1.0293200249532128
12,lsc_tail_cusum,2021-07-01,7.450000000000007,6.412000000000006,1.1618839675608235
12,lsc_tail_cusum,2021-08-01,7.300000000000008,6.412000000000006,1.1384903306300687
12,lsc_tail_cusum,2021-09-01,7.150000000000008,6.412000000000006,1.115096693699314
12,lsc_tail_cusum,2021-10-01,7.000000000000009,6.412000000000006,1.0917030567685593
12,lsc_tail_cusum,2021-11-01,6.850000000000009,6.412000000000006,1.0683094198378045
12,lsc_tail_cusum,2021-12-01,6.70000000000001,6.412000000000006,1.04491578290705
12,lsc_tail_cusum,2022-01-01,7.5500000000000105,6.412000000000006,1.1774797255146605
12,lsc_tail_cusum,2022-02-01,7.400000000000011,6.412000000000006,1.1540860885839057
12,lsc_tail_cusum,2022-03-01,7.2500000000000115,6.412000000000006,1.1306924516531511
12,lsc_tail_cusum,2022-04-01,7.100000000000012,6.412000000000006,1.1072988147223963
12,lsc_tail_cusum,2022-05-01,6.950000000000013,6.412000000000006,1.0839051777916415
12,lsc_tail_cusum,2022-06-01,6.800000000000013,6.412000000000006,1.060511540860887
12,lsc_tail_cusum,2022-07-01,6.650000000000014,6.412000000000006,1.0371179039301321
12,lsc_tail_cusum,2022-08-01,6.500000000000014,6.412000000000006,1.0137242669993773
12,lsc_tail_cusum,2022-09-01,6.350000000000015,6.412000000000006,0.9903306300686227
12,lsc_tail_cusum,2022-10-01,6.200000000000015,6.412000000000006,0.966936993137868
12,lsc_tail_cusum,2022-11-01,6.050000000000016,6.412000000000006,0.9435433562071133
12,lsc_tail_cusum,2022-12-01,5.900000000000016,6.412000000000006,0.9201497192763585
12,lsc_tail_cusum,2023-01-01,5.750000000000017,6.412000000000006,0.8967560823456038
12,lsc_kalman_cusum,2018-02-01,0.4018084298427649,10.592734392881962,0.03793245586453763
12,lsc_kalman_cusum,2018-03-01,0.0,10.592734392881962,0.0
12,lsc_kalman_cusum,2018-04-01,0.0,10.592734392881962,0.0
12,lsc_kalman_cusum,2018-05-01,0.5621138829282741,10.592734392881962,0.053065984860906155
12,lsc_kalman_cusum,2018-06-01,1.0489084429940874,10.592734392881962,0.09902149946277575
12,lsc_kalman_cusum,2018-07-01,0.6735890457942335,10.592734392881962,0.06358972299417491
12,lsc_kalman_cusum,2018-08-01,0.0,10.592734392881962,0.0
12,lsc_kalman_cusum,2018-09-01,0.0,10.592734392881962,0.0
12,lsc_kalman_cusum,2018-10-01,0.3621573236731699,10.592734392881962,0.034189219727488875
12,lsc_kalman_cusum,2018-11-01,0.0,10.592734392881962,0.0
12,lsc_kalman_cusum,2018-12-01,0.17628337868793353,10.592734392881962,0.016641914367870048
12,lsc_kalman_cusum,2019-01-01,0.22957241730429667,10.592734392881962,0.021672630388860057
12,lsc_kalman_cusum,2019-02-01,0.8651999589081754,10.592734392881962,0.08167862298988322
12,lsc_kalman_cusum,2019-03-01,0.2657448141431997,10.592734392881962,0.025087461300056124
12,lsc_kalman_cusum,2019-04-01,0.29695145630224895,10.592734392881962,0.028033503464581583
12,lsc_kalman_cusum,2019-05-01,0.23838609520144982,10.592734392881962,0.022504679751211263
12,lsc_kalman_cusum,2019-06-01,0.0,10.592734392881962,0.0
12,lsc_kalman_cusum,2019-07-01,0.28958593037958213,10.592734392881962,0.02733816592004575
12,lsc_kalman_cusum,2019-08-01,0.07512795074883671,10.592734392881962,0.0070924039027468406
12,lsc_kalman_cusum,2019-09-01,0.050425989974281826,10.592734392881962,0.0047604318303465405
12,lsc_kalman_cusum,2019-10-01,0.3174444257711466,10.592734392881962,0.029968128530104644
12,lsc_kalman_cusum,2019-11-01,0.0,10.592734392881962,0.0
12,lsc_kalman_cusum,2019-12-01,0.0,10.592734392881962,0.0
12,lsc_kalman_cusum,2020-01-01,0.0,10.592734392881962,0.0
12,lsc_kalman_cusum,2020-02-01,0.0830286585289729,10.592734392881962,0.007838264932307371
12,lsc_kalman_cusum,2020-03-01,5.09747770681724,10.592734392881962,0.4812239708608771
12,lsc_kalman_cusum,2020-04-01,66.94924165007423,10.592734392881962,6.320298344784549
12,lsc_kalman_cusum,2020-05-01,44.89098579870851,10.592734392881962,4.237903466065766
12,lsc_kalman_cusum,2020-06-01,41.33700175036044,10.592734392881962,3.9023919808786878
12,lsc_kalman_cusum,2020-07-01,49.04825052486987,10.592734392881962,4.630367259829436
12,lsc_kalman_cusum,2020-08-01,61.21299151738325,10.592734392881962,5.778771490628214
12,lsc_kalman_cusum,2020-09-01,63.75660894203861,10.592734392881962,6.018899991005285
12,lsc_kalman_cusum,2020-10-01,67.61814381110185,10.592734392881962,6.383445605559548
12,lsc_kalman_cusum,2020-11-01,66.51254833038821,10.592734392881962,6.279072604244933
12,lsc_kalman_cusum,2020-12-01,64.39360669772356,10.592734392881962,6.079035337749463
12,lsc_kalman_cusum,2021-01-01,64.4690602283774,10.592734392881962,6.0861584778052125
12,lsc_kalman_cusum,2021-02-01,63.900469478188526,10.592734392881962,6.03248104862593
12,lsc_kalman_cusum,2021-03-01,62.80344608623352,10.592734392881962,5.9289172896127535
12,lsc_kalman_cusum,2021-04-01,61.26712681419199,10.592734392881962,5.783882097087404
12,lsc_kalman_cusum,2021-05-01,61.79178313206405,10.592734392881962,5.8334119255917996
12,lsc_kalman_cusum,2021-06-01,59.745868299720385,10.592734392881962,5.640268705299364
12,lsc_kalman_cusum,2021-07-01,61.66941231931403,10.592734392881962,5.821859590924346
12,lsc_kalman_cusum,2021-08-01,61.981562528515376,10.592734392881962,5.851327922482919
12,lsc_kalman_cusum,2021-09-01,62.811238743205,10.592734392881962,5.929652950178048
12,lsc_kalman_cusum,2021-10-01,62.24814164230422,10.592734392881962,5.8764941452825745
12,lsc_kalman_cusum,2021-11-01,62.97901402425708,10.592734392881962,5.945491663283592
12,lsc_kalman_cusum,2021-12-01,62.339739007689396,10.592734392881962,5.885141333250087
12,lsc_kalman_cusum,2022-01-01,59.972444490526776,10.592734392881962,5.661658478931245
12,lsc_kalman_cusum,2022-02-01,59.216657368819114,10.592734392881962,5.590308901600624
12,lsc_kalman_cusum,2022-03-01,59.15920525680823,10.592734392881962,5.584885173422422
12,lsc_kalman_cusum,2022-04-01,57.84838386539555,10.592734392881962,5.461137957378421
12,lsc_kalman_cusum,2022-05-01,57.3311259749106,10.592734392881962,5.412306572459289
12,lsc_kalman_cusum,2022-06-01,56.241806847035825,10.592734392881962,5.309470129339676
12,lsc_kalman_cusum,2022-07-01,55.89532756183811,10.592734392881962,5.2767609843402
12,lsc_kalman_cusum,2022-08-01,54.32979229581855,10.592734392881962,5.128967675459392
12,lsc_kalman_cusum,2022-09-01,54.19216286017405,10.592734392881962,5.115974860711107
12,lsc_kalman_cusum,2022-10-01,52.78765116769031,10.592734392881962,4.9833828745070985
12,lsc_kalman_cusum,2022-11-01,52.16628444856179,10.592734392881962,4.924723165306227
12,lsc_kalman_cusum,2022-12-01,52.18059723126458,10.592734392881962,4.92607435397687
12,lsc_kalman_cusum,2023-01-01,51.50111995659985,10.592734392881962,4.861928756677525
12,raw_cusum,2018-02-01,0.07179046517453014,35.6589950199354,0.002013249816333724
12,raw_cusum,2018-03-01,0.0,35.6589950199354,0.0
12,raw_cusum,2018-04-01,0.0,35.6589950199354,0.0
12,raw_cusum,2018-05-01,0.5116292845395576,35.6589950199354,0.014347832412369662
12,raw_cusum,2018-06-01,0.5995970484125626,35.6589950199354,0.016814748931576837
12,raw_cusum,2018-07-01,0.5116292845395576,35.6589950199354,0.014347832412369662
12,raw_cusum,2018-08-01,0.0,35.6589950199354,0.0
12,raw_cusum,2018-09-01,0.0,35.6589950199354,0.0
12,raw_cusum,2018-10-01,0.07179046517453014,35.6589950199354,0.002013249816333724
12,raw_cusum,2018-11-01,0.0,35.6589950199354,0.0
12,raw_cusum,2018-12-01,0.07179046517453247,35.6589950199354,0.0020132498163337896
12,raw_cusum,2019-01-01,0.14358093034906494,35.6589950199354,0.004026499632667579
12,raw_cusum,2019-02-01,0.5116292845395576,35.6589950199354,0.014347832412369662
12,raw_cusum,2019-03-01,0.0,35.6589950199354,0.0
12,raw_cusum,2019-04-01,0.0,35.6589950199354,0.0
12,raw_cusum,2019-05-01,0.0,35.6589950199354,0.0
12,raw_cusum,2019-06-01,0.0,35.6589950199354,0.0
12,raw_cusum,2019-07-01,0.07179046517453247,35.6589950199354,0.0020132498163337896
12,raw_cusum,2019-08-01,0.0,35.6589950199354,0.0
12,raw_cusum,2019-09-01,0.0,35.6589950199354,0.0
12,raw_cusum,2019-10-01,0.07179046517453247,35.6589950199354,0.0020132498163337896
12,raw_cusum,2019-11-01,0.0,35.6589950199354,0.0
12,raw_cusum,2019-12-01,0.0,35.6589950199354,0.0
12,raw_cusum,2020-01-01,0.0,35.6589950199354,0.0
12,raw_cusum,2020-02-01,0.0,35.6589950199354,0.0
12,raw_cusum,2020-03-01,4.294243131078771,35.6589950199354,0.1204252427382781
12,raw_cusum,2020-04-01,58.73011166977035,35.6589950199354,1.6469929014246443
12,raw_cusum,2020-05-01,49.82919021989837,35.6589950199354,1.3973806662818462
12,raw_cusum,2020-06-01,37.76142927059823,35.6589950199354,1.0589594364475905
12,raw_cusum,2020-07-01,33.08296048663049,35.6589950199354,0.9277591942267368
12,raw_cusum,2020-08-01,31.603685799487884,35.6589950199354,0.8862752801030884
12,raw_cusum,2020-09-01,34.226541416979565,35.6589950199354,0.9598291089764304
12,raw_cusum,2020-10-01,38.43281678418533,35.6589950199354,1.0777874351955012
12,raw_cusum,2020-11-01,38.944446068724886,35.6589950199354,1.0921352676078708
12,raw_cusum,2020-12-01,38.40046218678838,35.6589950199354,1.0768801017897545
12,raw_cusum,2021-01-01,39.439898054565965,35.6589950199354,1.106029433317367
12,raw_cusum,2021-02-01,39.951527339105525,35.6589950199354,1.1203772657297366
12,raw_cusum,2021-03-01,39.93535004040705,35.6589950199354,1.1199235990268632
12,raw_cusum,2021-04-01,39.39136615847055,35.6589950199354,1.1046684332087469
12,raw_cusum,2021-05-01,40.43080202624813,35.6589950199354,1.1338177647363594
12,raw_cusum,2021-06-01,39.359011561073594,35.6589950199354,1.1037610998029999
12,raw_cusum,2021-07-01,41.45406059532724,35.6589950199354,1.1625134295610986
12,raw_cusum,2021-08-01,42.49349646310483,35.6589950199354,1.1916627610887114
12,raw_cusum,2021-09-01,44.06073891412045,35.6589950199354,1.2356135917315672
12,raw_cusum,2021-10-01,44.57236819866001,35.6589950199354,1.2499614241439367
12,raw_cusum,2021-11-01,46.139610649675625,35.6589950199354,1.2939122547867925
12,raw_cusum,2021-12-01,46.65123993421518,35.6589950199354,1.308260087199162
12,raw_cusum,2022-01-01,45.57944946904065,35.6589950199354,1.2782034222658027
12,raw_cusum,2022-02-01,45.563272170342174,35.6589950199354,1.2777497555629294
12,raw_cusum,2022-03-01,46.074901454881726,35.6589950199354,1.2920975879752987
12,raw_cusum,2022-04-01,45.53091757294522,35.6589950199354,1.2768424221571824
12,raw_cusum,2022-05-01,45.51474027424675,35.6589950199354,1.276388755454309
12,raw_cusum,2022-06-01,44.97075639231024,35.6589950199354,1.2611335896361924
12,raw_cusum,2022-07-01,44.95457909361177,35.6589950199354,1.260679922933319
12,raw_cusum,2022-08-01,43.88278862843724,35.6589950199354,1.2306232579999596
12,raw_cusum,2022-09-01,43.86661132973877,35.6589950199354,1.2301695912970863
12,raw_cusum,2022-10-01,42.79482086456424,35.6589950199354,1.2001129263637267
12,raw_cusum,2022-11-01,42.25083698262773,35.6589950199354,1.1848577605456103
12,raw_cusum,2022-12-01,42.23465968392926,35.6589950199354,1.184404093842737
12,raw_cusum,2023-01-01,41.690675801992754,35.6589950199354,1.1691489280246203
12,raw_var_cusum,2018-02-01,33.877015866822696,80.74540040302745,0.4195535064255192
12,raw_var_cusum,2018-03-01,34.59293146052799,80.74540040302745,0.4284198392461123
12,raw_var_cusum,2018-04-01,35.54099687865779,80.74540040302745,0.4401612562605514
12,raw_var_cusum,2018-05-01,35.46760306931978,80.74540040302745,0.43925230282206845
12,raw_var_cusum,2018-06-01,35.20848940044216,80.74540040302745,0.4360432820285088
12,raw_var_cusum,2018-07-01,35.13509559110415,80.74540040302745,0.4351343285900258
12,raw_var_cusum,2018-08-01,36.08316100923395,80.74540040302745,0.44687574560446486
12,raw_var_cusum,2018-09-01,36.799076602939245,80.74540040302745,0.455742078425058
12,raw_var_cusum,2018-10-01,37.42213226687474,80.74540040302745,0.4634583775681128
12,raw_var_cusum,2018-11-01,38.37019768500454,80.74540040302745,0.47519979458255185
12,raw_var_cusum,2018-12-01,38.99325334894004,80.74540040302745,0.4829160937256066
12,raw_var_cusum,2019-01-01,39.61630901287553,80.74540040302745,0.4906323928686614
12,raw_var_cusum,2019-02-01,39.54291520353752,80.74540040302745,0.48972343943017843
12,raw_var_cusum,2019-03-01,40.49098062166732,80.74540040302745,0.5014648564446175
12,raw_var_cusum,2019-04-01,41.206896215372616,80.74540040302745,0.5103311892652107
12,raw_var_cusum,2019-05-01,41.92281180907791,80.74540040302745,0.5191975220858038
12,raw_var_cusum,2019-06-01,42.870877227207714,80.74540040302745,0.5309389391002428
12,raw_var_cusum,2019-07-01,43.49393289114321,80.74540040302745,0.5386552382432976
12,raw_var_cusum,2019-08-01,44.20984848484851,80.74540040302745,0.5475215710638908
12,raw_var_cusum,2019-09-01,44.925764078553804,80.74540040302745,0.5563879038844839
12,raw_var_cusum,2019-10-01,45.5488197424893,80.74540040302745,0.5641042030275387
12,raw_var_cusum,2019-11-01,46.4968851606191,80.74540040302745,0.5758456200419778
12,raw_var_cusum,2019-12-01,47.4449505787489,80.74540040302745,0.5875870370564168
12,raw_var_cusum,2020-01-01,48.3930159968787,80.74540040302745,0.5993284540708559
12,raw_var_cusum,2020-02-01,49.108931590584,80.74540040302745,0.608194786891449
12,raw_var_cusum,2020-03-01,27.074164390688022,80.74540040302745,0.3353028687151437
12,raw_var_cusum,2020-04-01,3038.834419300299,80.74540040302745,37.634768099885
12,raw_var_cusum,2020-05-01,3108.359900507218,80.74540040302745,38.49581381716294
12,raw_var_cusum,2020-06-01,3241.122993887371,80.74540040302745,40.140032468844495
12,raw_var_cusum,2020-07-01,3257.5325952659637,80.74540040302745,40.343258922570485
12,raw_var_cusum,2020-08-01,3345.9086422161517,80.74540040302745,41.43776147638871
12,raw_var_cusum,2020-09-01,3354.610869423851,80.74540040302745,41.54553513487902
12,raw_var_cusum,2020-10-01,3375.7098972558188,80.74540040302745,41.8068382893207
12,raw_var_cusum,2020-11-01,3375.6832910651565,80.74540040302745,41.8065087821224
12,raw_var_cusum,2020-12-01,3374.6352256470263,80.74540040302745,41.79352890447118
12,raw_var_cusum,2021-01-01,3375.9550884380265,80.74540040302745,41.80987488559719
12,raw_var_cusum,2021-02-01,3375.928482247364,80.74540040302745,41.809545378398894
12,raw_var_cusum,2021-03-01,3375.1125666536586,80.74540040302745,41.799440584941514
12,raw_var_cusum,2021-04-01,3374.0645012355285,80.74540040302745,41.786460707290296
12,raw_var_cusum,2021-05-01,3375.3843640265286,80.74540040302745,41.80280668841631
12,raw_var_cusum,2021-06-01,3374.661308362593,80.74540040302745,41.79385192863647
12,raw_var_cusum,2021-07-01,3380.3455878527734,80.74540040302745,41.86424949260678
12,raw_var_cusum,2021-08-01,3381.6654506437735,80.74540040302745,41.8805954737328
12,raw_var_cusum,2021-09-01,3384.888941995054,80.74540040302745,41.92051714524834
12,raw_var_cusum,2021-10-01,3384.862335804392,80.74540040302745,41.92018763805004
12,raw_var_cusum,2021-11-01,3388.0858271556726,80.74540040302745,41.96010930956558
12,raw_var_cusum,2021-12-01,3388.0592209650104,80.74540040302745,41.95977980236729
12,raw_var_cusum,2022-01-01,3387.3361653010747,80.74540040302745,41.950825042587454
12,raw_var_cusum,2022-02-01,3386.520249707369,80.74540040302745,41.94072024913008
12,raw_var_cusum,2022-03-01,3386.493643516707,80.74540040302745,41.94039074193178
12,raw_var_cusum,2022-04-01,3385.445578098577,80.74540040302745,41.92741086428056
12,raw_var_cusum,2022-05-01,3384.6296625048712,80.74540040302745,41.91730607082319
12,raw_var_cusum,2022-06-01,3383.581597086741,80.74540040302745,41.90432619317196
12,raw_var_cusum,2022-07-01,3382.7656814930356,80.74540040302745,41.89422139971459
12,raw_var_cusum,2022-08-01,3382.0426258291,80.74540040302745,41.885266639934756
12,raw_var_cusum,2022-09-01,3381.2267102353944,80.74540040302745,41.87516184647738
12,raw_var_cusum,2022-10-01,3380.503654571459,80.74540040302745,41.86620708669755
12,raw_var_cusum,2022-11-01,3379.4555891533287,80.74540040302745,41.85322720904633
12,raw_var_cusum,2022-12-01,3378.639673559623,80.74540040302745,41.84312241558896
12,raw_var_cusum,2023-01-01,3377.591608141493,80.74540040302745,41.83014253793773
