segment,method,date,score,threshold,score_over_threshold
0,lsc_composite,1958-01-01,1.7956137291149668,11.459065680539819,0.15669809207607038
0,lsc_composite,1958-02-01,1.8395726287203578,11.459065680539819,0.1605342599479453
0,lsc_composite,1958-03-01,2.553718254083611,11.459065680539819,0.22285571313378746
0,lsc_composite,1958-04-01,2.501653815413162,11.459065680539819,0.21831219797104023
0,lsc_composite,1958-05-01,2.214387982316903,11.459065680539819,0.19324332751469023
0,lsc_composite,1958-06-01,1.745593275060686,11.459065680539819,0.15233294962477723
0,lsc_composite,1958-07-01,1.8538299400059504,11.459065680539819,0.1617784548660183
0,lsc_composite,1958-08-01,2.136204087041548,11.459065680539819,0.18642044182269796
0,lsc_composite,1958-09-01,2.181174063054479,11.459065680539819,0.19034484345077313
0,lsc_composite,1958-10-01,2.576253928352784,11.459065680539819,0.22482233719349975
0,lsc_composite,1958-11-01,4.131317324318746,11.459065680539819,0.3605282873397516
0,lsc_composite,1958-12-01,1.9090902459809858,11.459065680539819,0.16660086425920995
0,lsc_composite,1959-01-01,2.0797382816198464,11.459065680539819,0.18149283192884824
0,lsc_composite,1959-02-01,2.346499346554123,11.459065680539819,0.2047723097127394
0,lsc_composite,1959-03-01,2.61134069461429,11.459065680539819,0.22788425927682382
0,lsc_composite,1959-04-01,2.6485095372009155,11.459065680539819,0.23112787822646882
0,lsc_composite,1959-05-01,2.497786739347227,11.459065680539819,0.21797472926514896
0,lsc_composite,1959-06-01,2.2551679476320095,11.459065680539819,0.1968020788520144
0,lsc_composite,1959-07-01,1.6049171613223017,11.459065680539819,0.14005654614999086
0,lsc_composite,1959-08-01,2.8948657308050585,11.459065680539819,0.2526266810496792
0,lsc_composite,1959-09-01,1.50633289373776,11.459065680539819,0.13145337811405222
0,lsc_composite,1959-10-01,1.533419593746026,11.459065680539819,0.13381715721816065
0,lsc_composite,1959-11-01,2.540869545679252,11.459065680539819,0.22173444297419853
0,lsc_composite,1959-12-01,5.495685684322281,11.459065680539819,0.47959282523838265
0,lsc_composite,1960-01-01,6.73660538310484,11.459065680539819,0.5878843503397643
0,lsc_composite,1960-02-01,8.039651385000154,11.459065680539819,0.7015974608342953
0,lsc_composite,1960-03-01,7.1227834375597645,11.459065680539819,0.6215850084231493
0,lsc_composite,1960-04-01,6.180123230070045,11.459065680539819,0.5393217389935502
0,lsc_composite,1960-05-01,5.640887403026105,11.459065680539819,0.49226416535910555
0,lsc_composite,1960-06-01,4.2461813637637835,11.459065680539819,0.3705521446634864
0,lsc_composite,1960-07-01,3.4328621614013075,11.459065680539819,0.29957609608880353
0,lsc_composite,1960-08-01,3.480528216176846,11.459065680539819,0.30373577682581915
0,lsc_composite,1960-09-01,3.218870430714731,11.459065680539819,0.2809016476955122
0,lsc_composite,1960-10-01,2.859794819560252,11.459065680539819,0.24956614258847074
0,lsc_composite,1960-11-01,3.0082017183572103,11.459065680539819,0.26251718964015036
0,lsc_composite,1960-12-01,2.753179614775738,11.459065680539819,0.24026213755378703
0,lsc_composite,1961-01-01,2.41278870099775,11.459065680539819,0.21055719272952864
0,lsc_composite,1961-02-01,2.3888251494160633,11.459065680539819,0.20846596188665265
0,lsc_composite,1961-03-01,2.360441919226464,11.459065680539819,0.205989038289138
0,lsc_composite,1961-04-01,2.3434543970490536,11.459065680539819,0.20450658564849564
0,lsc_composite,1961-05-01,2.2659448326409803,11.459065680539819,0.197742546889236
0,lsc_composite,1961-06-01,2.1603316494588745,11.459065680539819,0.18852598542371776
0,lsc_composite,1961-07-01,1.8842802213689467,11.459065680539819,0.16443576412768943
0,lsc_composite,1961-08-01,2.097436871016866,11.459065680539819,0.1830373373789807
0,lsc_composite,1961-09-01,1.912452361685696,11.459065680539819,0.16689426651367298
0,lsc_composite,1961-10-01,2.296550745392104,11.459065680539819,0.2004134376585506
0,lsc_composite,1961-11-01,2.020445948574838,11.459065680539819,0.17631855902580512
0,lsc_composite,1961-12-01,2.080177519270836,11.459065680539819,0.18153116294668467
0,lsc_composite,1962-01-01,2.0575539412781914,11.459065680539819,0.17955686777957827
0,lsc_composite,1962-02-01,2.058910335372474,11.459065680539819,0.17967523642603658
0,lsc_composite,1962-03-01,2.0023012455068314,11.459065680539819,0.17473512250716988
0,lsc_composite,1962-04-01,2.36646523854265,11.459065680539819,0.20651467619750735
0,lsc_composite,1962-05-01,2.0176667286868044,11.459065680539819,0.1760760244278271
0,lsc_composite,1962-06-01,2.078252025579989,11.459065680539819,0.18136313060054696
0,lsc_composite,1962-07-01,2.295407846071895,11.459065680539819,0.20031370009249846
0,lsc_composite,1962-08-01,2.089788531565211,11.459065680539819,0.18236988859520736
0,lsc_composite,1962-09-01,1.8855374960556748,11.459065680539819,0.16454548290597196
0,lsc_composite,1962-10-01,1.5645215269819923,11.459065680539819,0.13653133428137312
0,lsc_composite,1962-11-01,1.4351924613156508,11.459065680539819,0.12524515534917863
0,lsc_composite,1962-12-01,1.890617605184679,11.459065680539819,0.16498880954975162
0,lsc_tail_cusum,1958-01-01,2.0000000000000018,5.855000000000015,0.3415883859948756
0,lsc_tail_cusum,1958-02-01,2.080000000000002,5.855000000000015,0.35525192143467066
0,lsc_tail_cusum,1958-03-01,2.160000000000002,5.855000000000015,0.3689154568744657
0,lsc_tail_cusum,1958-04-01,2.240000000000002,5.855000000000015,0.3825789923142607
0,lsc_tail_cusum,1958-05-01,1.320000000000002,5.855000000000015,0.22544833475661807
0,lsc_tail_cusum,1958-06-01,1.7,5.855000000000015,0.29035012809564403
0,lsc_tail_cusum,1958-07-01,1.5499999999999998,5.855000000000015,0.2647309991460283
0,lsc_tail_cusum,1958-08-01,1.3999999999999997,5.855000000000015,0.23911187019641267
0,lsc_tail_cusum,1958-09-01,1.2499999999999996,5.855000000000015,0.213492741246797
0,lsc_tail_cusum,1958-10-01,1.0999999999999994,5.855000000000015,0.18787361229718133
0,lsc_tail_cusum,1958-11-01,1.9499999999999995,5.855000000000015,0.33304867634500335
0,lsc_tail_cusum,1958-12-01,1.7999999999999994,5.855000000000015,0.3074295473953877
0,lsc_tail_cusum,1959-01-01,1.6499999999999992,5.855000000000015,0.28181041844577204
0,lsc_tail_cusum,1959-02-01,1.4999999999999991,5.855000000000015,0.2561912894961563
0,lsc_tail_cusum,1959-03-01,1.349999999999999,5.855000000000015,0.23057216054654067
0,lsc_tail_cusum,1959-04-01,1.1999999999999988,5.855000000000015,0.204953031596925
0,lsc_tail_cusum,1959-05-01,1.0499999999999987,5.855000000000015,0.17933390264730933
0,lsc_tail_cusum,1959-06-01,0.8999999999999987,5.855000000000015,0.15371477369769368
0,lsc_tail_cusum,1959-07-01,1.7499999999999984,5.855000000000015,0.29888983774551564
0,lsc_tail_cusum,1959-08-01,2.5999999999999983,5.855000000000015,0.44406490179333763
0,lsc_tail_cusum,1959-09-01,2.4499999999999984,5.855000000000015,0.418445772843722
0,lsc_tail_cusum,1959-10-01,2.2999999999999985,5.855000000000015,0.3928266438941064
0,lsc_tail_cusum,1959-11-01,2.1499999999999986,5.855000000000015,0.3672075149444907
0,lsc_tail_cusum,1959-12-01,2.9999999999999987,5.855000000000015,0.5123825789923128
0,lsc_tail_cusum,1960-01-01,2.8499999999999988,5.855000000000015,0.4867634500426971
0,lsc_tail_cusum,1960-02-01,3.699999999999999,5.855000000000015,0.6319385140905192
0,lsc_tail_cusum,1960-03-01,3.549999999999999,5.855000000000015,0.6063193851409036
0,lsc_tail_cusum,1960-04-01,3.399999999999999,5.855000000000015,0.5807002561912878
0,lsc_tail_cusum,1960-05-01,3.249999999999999,5.855000000000015,0.5550811272416722
0,lsc_tail_cusum,1960-06-01,3.099999999999999,5.855000000000015,0.5294619982920566
0,lsc_tail_cusum,1960-07-01,2.9499999999999993,5.855000000000015,0.5038428693424409
0,lsc_tail_cusum,1960-08-01,2.7999999999999994,5.855000000000015,0.47822374039282534
0,lsc_tail_cusum,1960-09-01,2.6499999999999995,5.855000000000015,0.4526046114432097
0,lsc_tail_cusum,1960-10-01,2.4999999999999996,5.855000000000015,0.4269854824935941
0,lsc_tail_cusum,1960-11-01,2.3499999999999996,5.855000000000015,0.4013663535439784
0,lsc_tail_cusum,1960-12-01,2.1999999999999997,5.855000000000015,0.3757472245943628
0,lsc_tail_cusum,1961-01-01,2.05,5.855000000000015,0.3501280956447472
0,lsc_tail_cusum,1961-02-01,1.8999999999999997,5.855000000000015,0.3245089666951315
0,lsc_tail_cusum,1961-03-01,1.7499999999999996,5.855000000000015,0.2988898377455158
0,lsc_tail_cusum,1961-04-01,2.5999999999999996,5.855000000000015,0.44406490179333785
0,lsc_tail_cusum,1961-05-01,2.4499999999999997,5.855000000000015,0.4184457728437222
0,lsc_tail_cusum,1961-06-01,2.3,5.855000000000015,0.3928266438941066
0,lsc_tail_cusum,1961-07-01,2.15,5.855000000000015,0.36720751494449094
0,lsc_tail_cusum,1961-08-01,1.9999999999999998,5.855000000000015,0.3415883859948753
0,lsc_tail_cusum,1961-09-01,1.8499999999999996,5.855000000000015,0.31596925704525963
0,lsc_tail_cusum,1961-10-01,1.6999999999999995,5.855000000000015,0.2903501280956439
0,lsc_tail_cusum,1961-11-01,1.5499999999999994,5.855000000000015,0.26473099914602827
0,lsc_tail_cusum,1961-12-01,1.3999999999999992,5.855000000000015,0.23911187019641258
0,lsc_tail_cusum,1962-01-01,1.2499999999999991,5.855000000000015,0.21349274124679693
0,lsc_tail_cusum,1962-02-01,1.099999999999999,5.855000000000015,0.18787361229718125
0,lsc_tail_cusum,1962-03-01,0.9999999999999996,5.855000000000015,0.1707941929974376
0,lsc_tail_cusum,1962-04-01,1.0799999999999996,5.855000000000015,0.1844577284372326
0,lsc_tail_cusum,1962-05-01,1.1599999999999997,5.855000000000015,0.19812126387702764
0,lsc_tail_cusum,1962-06-01,1.2399999999999998,5.855000000000015,0.21178479931682265
0,lsc_tail_cusum,1962-07-01,1.3199999999999998,5.855000000000015,0.22544833475661769
0,lsc_tail_cusum,1962-08-01,1.4,5.855000000000015,0.2391118701964127
0,lsc_tail_cusum,1962-09-01,1.48,5.855000000000015,0.25277540563620776
0,lsc_tail_cusum,1962-10-01,1.56,5.855000000000015,0.26643894107600274
0,lsc_tail_cusum,1962-11-01,1.6400000000000001,5.855000000000015,0.2801024765157978
0,lsc_tail_cusum,1962-12-01,1.7200000000000002,5.855000000000015,0.2937660119555928
0,lsc_kalman_cusum,1958-01-01,1.6762986536892366,8.245718567627868,0.2032932169514336
0,lsc_kalman_cusum,1958-02-01,1.9798053659191623,8.245718567627868,0.24010101117102686
0,lsc_kalman_cusum,1958-03-01,1.5401612802719686,8.245718567627868,0.18678314905368434
0,lsc_kalman_cusum,1958-04-01,1.6064999886595928,8.245718567627868,0.1948283797808238
0,lsc_kalman_cusum,1958-05-01,0.890627201568468,8.245718567627868,0.10801086579221973
0,lsc_kalman_cusum,1958-06-01,2.359363246077216,8.245718567627868,0.2861319152147535
0,lsc_kalman_cusum,1958-07-01,2.3559390278689483,8.245718567627868,0.28571664295191995
0,lsc_kalman_cusum,1958-08-01,2.704059820761099,8.245718567627868,0.32793501240474715
0,lsc_kalman_cusum,1958-09-01,2.145318031463968,8.245718567627868,0.26017356933407126
0,lsc_kalman_cusum,1958-10-01,1.9643782542256805,8.245718567627868,0.2382300873010263
0,lsc_kalman_cusum,1958-11-01,3.085897421717571,8.245718567627868,0.37424238972120577
0,lsc_kalman_cusum,1958-12-01,1.778014588802689,8.245718567627868,0.21562882291217816
0,lsc_kalman_cusum,1959-01-01,1.941154003360242,8.245718567627868,0.23541356492338714
0,lsc_kalman_cusum,1959-02-01,2.330437112191893,8.245718567627868,0.2826238966414681
0,lsc_kalman_cusum,1959-03-01,2.191921679291762,8.245718567627868,0.26582542944129794
0,lsc_kalman_cusum,1959-04-01,2.600397857917816,8.245718567627868,0.3153634018176174
0,lsc_kalman_cusum,1959-05-01,2.424736213866237,8.245718567627868,0.2940600256944964
0,lsc_kalman_cusum,1959-06-01,1.3235914737982295,8.245718567627868,0.16051863314794174
0,lsc_kalman_cusum,1959-07-01,1.6978081940740384,8.245718567627868,0.2059017877155689
0,lsc_kalman_cusum,1959-08-01,3.2899377084426398,8.245718567627868,0.3989873873889793
0,lsc_kalman_cusum,1959-09-01,1.8832041210708326,8.245718567627868,0.2283856895703625
0,lsc_kalman_cusum,1959-10-01,1.456143136385168,8.245718567627868,0.17659384375570217
0,lsc_kalman_cusum,1959-11-01,0.3151912191168327,8.245718567627868,0.03822483347348914
0,lsc_kalman_cusum,1959-12-01,4.220628657712484,8.245718567627868,0.5118569865193296
0,lsc_kalman_cusum,1960-01-01,4.215190859553576,8.245718567627868,0.5111975172305939
0,lsc_kalman_cusum,1960-02-01,1.8452697968465794,8.245718567627868,0.22378520218856165
0,lsc_kalman_cusum,1960-03-01,1.8469522785534815,8.245718567627868,0.22398924525565192
0,lsc_kalman_cusum,1960-04-01,1.8549371652990132,8.245718567627868,0.22495761286122118
0,lsc_kalman_cusum,1960-05-01,1.2192747039253269,8.245718567627868,0.14786761080012076
0,lsc_kalman_cusum,1960-06-01,1.52283290604937,8.245718567627868,0.18468164945962484
0,lsc_kalman_cusum,1960-07-01,0.927353875828989,8.245718567627868,0.11246489535426511
0,lsc_kalman_cusum,1960-08-01,0.2788246071155591,8.245718567627868,0.033814470482925
0,lsc_kalman_cusum,1960-09-01,0.42001823183880604,8.245718567627868,0.05093773555257745
0,lsc_kalman_cusum,1960-10-01,0.0,8.245718567627868,0.0
0,lsc_kalman_cusum,1960-11-01,0.38100589137205254,8.245718567627868,0.04620651168812089
0,lsc_kalman_cusum,1960-12-01,0.8884668597993994,8.245718567627868,0.1077488702182318
0,lsc_kalman_cusum,1961-01-01,0.2163412711892988,8.245718567627868,0.02623680027579888
0,lsc_kalman_cusum,1961-02-01,0.0,8.245718567627868,0.0
0,lsc_kalman_cusum,1961-03-01,0.07790571915202626,8.245718567627868,0.009448020631928773
0,lsc_kalman_cusum,1961-04-01,0.9816907976505853,8.245718567627868,0.11905460871592644
0,lsc_kalman_cusum,1961-05-01,1.0854688922790046,8.245718567627868,0.13164030319206887
0,lsc_kalman_cusum,1961-06-01,1.0203779142930107,8.245718567627868,0.12374639104212763
0,lsc_kalman_cusum,1961-07-01,0.7784161586248435,8.245718567627868,0.09440246501752467
0,lsc_kalman_cusum,1961-08-01,0.4212738704443961,8.245718567627868,0.05109001319767191
0,lsc_kalman_cusum,1961-09-01,0.020574167664436205,8.245718567627868,0.0024951333829423905
0,lsc_kalman_cusum,1961-10-01,0.7267707712906013,8.245718567627868,0.08813916765772895
0,lsc_kalman_cusum,1961-11-01,0.8348358378191814,8.245718567627868,0.10124476490098634
0,lsc_kalman_cusum,1961-12-01,0.38447312869765127,8.245718567627868,0.04662700109691673
0,lsc_kalman_cusum,1962-01-01,0.5935301961709143,8.245718567627868,0.07198040914239708
0,lsc_kalman_cusum,1962-02-01,0.6923244719971144,8.245718567627868,0.0839616907027525
0,lsc_kalman_cusum,1962-03-01,0.205192294045907,8.245718567627868,0.024884707422768226
0,lsc_kalman_cusum,1962-04-01,0.0,8.245718567627868,0.0
0,lsc_kalman_cusum,1962-05-01,0.0,8.245718567627868,0.0
0,lsc_kalman_cusum,1962-06-01,0.0,8.245718567627868,0.0
0,lsc_kalman_cusum,1962-07-01,0.22773596424595866,8.245718567627868,0.027618692340535923
0,lsc_kalman_cusum,1962-08-01,0.0,8.245718567627868,0.0
0,lsc_kalman_cusum,1962-09-01,0.0,8.245718567627868,0.0
0,lsc_kalman_cusum,1962-10-01,0.0,8.245718567627868,0.0
0,lsc_kalman_cusum,1962-11-01,0.0,8.245718567627868,0.0
0,lsc_kalman_cusum,1962-12-01,0.0,8.245718567627868,0.0
0,raw_cusum,1958-01-01,0.9403047356302825,21.935565547037918,0.042866673923401856
0,raw_cusum,1958-02-01,2.085652746397137,21.935565547037918,0.09508087411399221
0,raw_cusum,1958-03-01,2.6140851612431693,21.935565547037918,0.11917108567990232
0,raw_cusum,1958-04-01,3.4339446554551514,21.935565547037918,0.15654689404253158
0,raw_cusum,1958-05-01,2.484473093036715,21.935565547037918,0.11326232221864038
0,raw_cusum,1958-06-01,1.0376122102926606,21.935565547037918,0.047302733456661444
0,raw_cusum,1958-07-01,1.3217078726882951,21.935565547037918,0.06025410513597507
0,raw_cusum,1958-08-01,1.941889835893269,21.935565547037918,0.08852700112651042
0,raw_cusum,1958-09-01,1.8474839355487864,21.935565547037918,0.08422321875344867
0,raw_cusum,1958-10-01,1.918511399212159,21.935565547037918,0.08746122342267243
0,raw_cusum,1958-11-01,3.155160538209688,21.935565547037918,0.14383766543168736
0,raw_cusum,1958-12-01,2.5347458382374928,21.935565547037918,0.11555415942215239
0,raw_cusum,1959-01-01,2.820194243374319,21.935565547037918,0.1285672000262216
0,raw_cusum,1959-02-01,3.4130106130158673,21.935565547037918,0.15559255154361612
0,raw_cusum,1959-03-01,3.665742377368556,21.935565547037918,0.167114103783094
0,raw_cusum,1959-04-01,4.370959284621285,21.935565547037918,0.19926357837678454
0,raw_cusum,1959-05-01,4.666958612409622,21.935565547037918,0.21275761513428712
0,raw_cusum,1959-06-01,4.039698825249745,21.935565547037918,0.1841620548413555
0,raw_cusum,1959-07-01,1.7154838614224852,21.935565547037918,0.07820559072178272
0,raw_cusum,1959-08-01,3.3322667570916042,21.935565547037918,0.15191159534710874
0,raw_cusum,1959-09-01,3.117120839449662,21.935565547037918,0.1421035091511732
0,raw_cusum,1959-10-01,3.308091655288031,21.935565547037918,0.15080949922144776
0,raw_cusum,1959-11-01,2.60551590029731,21.935565547037918,0.118780429650201
0,raw_cusum,1959-12-01,3.3065717886193573,21.935565547037918,0.1507402114401314
0,raw_cusum,1960-01-01,4.335493252510018,21.935565547037918,0.19764675058015377
0,raw_cusum,1960-02-01,3.0341875048860882,21.935565547037918,0.13832273885894006
0,raw_cusum,1960-03-01,1.727492672885738,21.935565547037918,0.07875304920592809
0,raw_cusum,1960-04-01,0.8438951203694192,21.935565547037918,0.03847154606339179
0,raw_cusum,1960-05-01,0.6239259977358071,21.935565547037918,0.028443579282142528
0,raw_cusum,1960-06-01,1.1734894620203056,21.935565547037918,0.053497114514960316
0,raw_cusum,1960-07-01,1.1098327876983762,21.935565547037918,0.05059512987337786
0,raw_cusum,1960-08-01,0.8911934442629197,21.935565547037918,0.04062778515337903
0,raw_cusum,1960-09-01,1.298452237330055,21.935565547037918,0.059193925706893497
0,raw_cusum,1960-10-01,1.0807255855840547,21.935565547037918,0.049268188835459095
0,raw_cusum,1960-11-01,1.734982952742583,21.935565547037918,0.07909451657501794
0,raw_cusum,1960-12-01,2.727773518701743,21.935565547037918,0.12435391797181584
0,raw_cusum,1961-01-01,2.3503135299460927,21.935565547037918,0.10714624726251787
0,raw_cusum,1961-02-01,2.1352603469411218,21.935565547037918,0.09734238865929117
0,raw_cusum,1961-03-01,1.433368977578416,21.935565547037918,0.06534451890491476
0,raw_cusum,1961-04-01,0.6564679966928315,21.935565547037918,0.029927106063671927
0,raw_cusum,1961-05-01,0.9748012447137251,21.935565547037918,0.04443930304068946
0,raw_cusum,1961-06-01,1.2006453112215398,21.935565547037918,0.054735097148369154
0,raw_cusum,1961-07-01,1.2619466084953221,21.935565547037918,0.057529704706689444
0,raw_cusum,1961-08-01,1.163885770684439,21.935565547037918,0.05305930080483405
0,raw_cusum,1961-09-01,0.38480148603634057,21.935565547037918,0.017542355368553624
0,raw_cusum,1961-10-01,0.9518224381311446,21.935565547037918,0.04339174369997835
0,raw_cusum,1961-11-01,1.2767219173603586,21.935565547037918,0.05820328245572686
0,raw_cusum,1961-12-01,1.1536693278122327,21.935565547037918,0.052593552937504236
0,raw_cusum,1962-01-01,0.28470500057522397,21.935565547037918,0.0129791502281859
0,raw_cusum,1962-02-01,0.38101821235344235,21.935565547037918,0.017369883239910056
0,raw_cusum,1962-03-01,0.03516247131414141,21.935565547037918,0.0016029890471134715
0,raw_cusum,1962-04-01,0.0,21.935565547037918,0.0
0,raw_cusum,1962-05-01,0.0,21.935565547037918,0.0
0,raw_cusum,1962-06-01,0.0,21.935565547037918,0.0
0,raw_cusum,1962-07-01,0.0,21.935565547037918,0.0
0,raw_cusum,1962-08-01,0.0,21.935565547037918,0.0
0,raw_cusum,1962-09-01,0.0,21.935565547037918,0.0
0,raw_cusum,1962-10-01,0.0,21.935565547037918,0.0
0,raw_cusum,1962-11-01,0.0,21.935565547037918,0.0
0,raw_cusum,1962-12-01,0.0,21.935565547037918,0.0
0,raw_var_cusum,1958-01-01,11.129742894597006,51.24510067913029,0.21718647728463972
0,raw_var_cusum,1958-02-01,9.37257281806256,51.24510067913029,0.18289695393026256
0,raw_var_cusum,1958-03-01,9.264899586156517,51.24510067913029,0.18079581195807218
0,raw_var_cusum,1958-04-01,8.472870501695008,51.24510067913029,0.16534010840856067
0,raw_var_cusum,1958-05-01,9.220845816272137,51.24510067913029,0.17993614402298075
0,raw_var_cusum,1958-06-01,8.932825715510699,51.24510067913029,0.17431570232329777
0,raw_var_cusum,1958-07-01,8.497631723298348,51.24510067913029,0.16582330038740722
0,raw_var_cusum,1958-08-01,8.702439353988098,51.24510067913029,0.16981992890360717
0,raw_var_cusum,1958-09-01,8.622474294878286,51.24510067913029,0.16825948589442058
0,raw_var_cusum,1958-10-01,9.246401930620461,51.24510067913029,0.1804348475870218
0,raw_var_cusum,1958-11-01,9.058968523902152,51.24510067913029,0.1767772607302427
0,raw_var_cusum,1958-12-01,8.115951998670207,51.24510067913029,0.15837517911200927
0,raw_var_cusum,1959-01-01,8.449022801538222,51.24510067913029,0.16487474294257967
0,raw_var_cusum,1959-02-01,8.204775183781686,51.24510067913029,0.16010848012877657
0,raw_var_cusum,1959-03-01,8.588170074716174,51.24510067913029,0.16759007126341213
0,raw_var_cusum,1959-04-01,8.085622281188341,51.24510067913029,0.15778332316714977
0,raw_var_cusum,1959-05-01,8.402007351348855,51.24510067913029,0.16395728059854503
0,raw_var_cusum,1959-06-01,9.335812297920878,51.24510067913029,0.18217960691260607
0,raw_var_cusum,1959-07-01,8.481368158872161,51.24510067913029,0.16550593220565615
0,raw_var_cusum,1959-08-01,13.72169195656865,51.24510067913029,0.26776592834672386
0,raw_var_cusum,1959-09-01,12.7528338048047,51.24510067913029,0.24885957166239558
0,raw_var_cusum,1959-10-01,12.18027447314504,51.24510067913029,0.2376866141684739
0,raw_var_cusum,1959-11-01,11.1713114096551,51.24510067913029,0.21799764780644967
0,raw_var_cusum,1959-12-01,24.611300191567874,51.24510067913029,0.48026640333230713
0,raw_var_cusum,1960-01-01,25.898901034313436,51.24510067913029,0.5053927242036005
0,raw_var_cusum,1960-02-01,25.49099193548858,51.24510067913029,0.49743276133068187
0,raw_var_cusum,1960-03-01,25.091748487464653,51.24510067913029,0.4896419004926131
0,raw_var_cusum,1960-04-01,24.583289262563152,51.24510067913029,0.47971979636630446
0,raw_var_cusum,1960-05-01,23.611706554841742,51.24510067913029,0.4607602725319198
0,raw_var_cusum,1960-06-01,23.66329002040262,51.24510067913029,0.4617668754047265
0,raw_var_cusum,1960-07-01,22.80368551826642,51.24510067913029,0.44499250105978005
0,raw_var_cusum,1960-08-01,21.83284933732885,51.24510067913029,0.42604754499429326
0,raw_var_cusum,1960-09-01,21.605967854926483,51.24510067913029,0.4216201659981434
0,raw_var_cusum,1960-10-01,20.635646098061006,51.24510067913029,0.40268524843517245
0,raw_var_cusum,1960-11-01,20.91795616770074,51.24510067913029,0.40819426424153044
0,raw_var_cusum,1960-12-01,22.096379841517408,51.24510067913029,0.431190095222434
0,raw_var_cusum,1961-01-01,21.061395895873172,51.24510067913029,0.41099335578923907
0,raw_var_cusum,1961-02-01,20.09259058438877,51.24510067913029,0.39208803023332794
0,raw_var_cusum,1961-03-01,19.083350709411917,51.24510067913029,0.3723936621551739
0,raw_var_cusum,1961-04-01,19.370768936786646,51.24510067913029,0.3780023588611164
0,raw_var_cusum,1961-05-01,18.99043824160307,51.24510067913029,0.37058056262804806
0,raw_var_cusum,1961-06-01,18.46728785048767,51.24510067913029,0.36037177419398697
0,raw_var_cusum,1961-07-01,17.7323469968089,51.24510067913029,0.3460300938393989
0,raw_var_cusum,1961-08-01,16.843902086910187,51.24510067913029,0.32869292602970557
0,raw_var_cusum,1961-09-01,15.871790124847728,51.24510067913029,0.309723074294038
0,raw_var_cusum,1961-10-01,15.960323837057029,51.24510067913029,0.31145072651905076
0,raw_var_cusum,1961-11-01,15.590782987889657,51.24510067913029,0.30423948399498507
0,raw_var_cusum,1961-12-01,14.682872338136029,51.24510067913029,0.2865224605581792
0,raw_var_cusum,1962-01-01,14.248634276063791,51.24510067913029,0.2780487127009702
0,raw_var_cusum,1962-02-01,13.974827366562247,51.24510067913029,0.27270562807682286
0,raw_var_cusum,1962-03-01,12.94858781913279,51.24510067913029,0.2526795273602836
0,raw_var_cusum,1962-04-01,11.902317383027595,51.24510067913029,0.23226254266829546
0,raw_var_cusum,1962-05-01,12.170862736178671,51.24510067913029,0.23750295296298032
0,raw_var_cusum,1962-06-01,13.00093621825346,51.24510067913029,0.2537010571929294
0,raw_var_cusum,1962-07-01,13.760905826315222,51.24510067913029,0.2685311501772381
0,raw_var_cusum,1962-08-01,14.69318920148987,51.24510067913029,0.2867237844548467
0,raw_var_cusum,1962-09-01,15.595203838162046,51.24510067913029,0.3043257527350949
0,raw_var_cusum,1962-10-01,16.527348740312565,51.24510067913029,0.3225156848417194
0,raw_var_cusum,1962-11-01,17.47153243628053,51.24510067913029,0.3409405427004237
0,raw_var_cusum,1962-12-01,18.380021057483383,51.24510067913029,0.3586688447071136
1,lsc_composite,1963-01-01,3.8346059843065547,10.363561037090262,0.3700085299428296
1,lsc_composite,1963-02-01,3.4232104222159125,10.363561037090262,0.33031217840706945
1,lsc_composite,1963-03-01,3.372326636469056,10.363561037090262,0.32540230374480344
1,lsc_composite,1963-04-01,3.1042790306115844,10.363561037090262,0.2995378730825868
1,lsc_composite,1963-05-01,3.464321276228791,10.363561037090262,0.3342790440303573
1,lsc_composite,1963-06-01,3.1847128260324755,10.363561037090262,0.30729908519230714
1,lsc_composite,1963-07-01,3.810745039875435,10.363561037090262,0.36770614137718854
1,lsc_composite,1963-08-01,4.111455814219874,10.363561037090262,0.3967223041872711
1,lsc_composite,1963-09-01,3.5867564595778503,10.363561037090262,0.34609305109905447
1,lsc_composite,1963-10-01,3.9878162719363637,10.363561037090262,0.38479208620128974
1,lsc_composite,1963-11-01,3.964809805412042,10.363561037090262,0.3825721478575116
1,lsc_composite,1963-12-01,4.679533057031219,10.363561037090262,0.4515371733985632
1,lsc_composite,1964-01-01,4.425687614088149,10.363561037090262,0.42704313683771505
1,lsc_composite,1964-02-01,5.019941600043697,10.363561037090262,0.4843838505005927
1,lsc_composite,1964-03-01,5.448876319996985,10.363561037090262,0.5257725892187002
1,lsc_composite,1964-04-01,4.525797777700258,10.363561037090262,0.43670295967793604
1,lsc_composite,1964-05-01,5.17415621582866,10.363561037090262,0.4992643163205017
1,lsc_composite,1964-06-01,4.729380534869876,10.363561037090262,0.4563470527113069
1,lsc_composite,1964-07-01,5.584750255207769,10.363561037090262,0.5388833273833623
1,lsc_composite,1964-08-01,6.236538108751222,10.363561037090262,0.6017755949360656
1,lsc_composite,1964-09-01,7.138871310666557,10.363561037090262,0.6888434665572164
1,lsc_composite,1964-10-01,6.344676791923279,10.363561037090262,0.6122101051189109
1,lsc_composite,1964-11-01,4.667858080853123,10.363561037090262,0.4504106324213535
1,lsc_composite,1964-12-01,4.74930319603666,10.363561037090262,0.4582694287262194
1,lsc_composite,1965-01-01,4.556604230512291,10.363561037090262,0.4396755337479666
1,lsc_composite,1965-02-01,4.202028499057307,10.363561037090262,0.40546183729884167
1,lsc_composite,1965-03-01,4.3584873367206205,10.363561037090262,0.42055885241781105
1,lsc_composite,1965-04-01,4.332913178766909,10.363561037090262,0.41809115257388835
1,lsc_composite,1965-05-01,4.5391970918701166,10.363561037090262,0.4379958853549214
1,lsc_composite,1965-06-01,4.147560541880565,10.363561037090262,0.4002061190199792
1,lsc_composite,1965-07-01,4.295991603261093,10.363561037090262,0.41452851851657185
1,lsc_composite,1965-08-01,5.2164697473845125,10.363561037090262,0.5033472306203661
1,lsc_composite,1965-09-01,5.381033967920901,10.363561037090262,0.519226349771344
1,lsc_composite,1965-10-01,4.9932234256063746,10.363561037090262,0.4818057622988925
1,lsc_composite,1965-11-01,5.129669108980986,10.363561037090262,0.4949716695470174
1,lsc_composite,1965-12-01,6.6375212250936855,10.363561037090262,0.6404672294917344
1,lsc_composite,1966-01-01,7.140473456344597,10.363561037090262,0.6889980606848821
1,lsc_composite,1966-02-01,6.528236221900439,10.363561037090262,0.6299221086783262
1,lsc_composite,1966-03-01,6.407414861196409,10.363561037090262,0.6182638224703692
1,lsc_composite,1966-04-01,7.134646578998779,10.363561037090262,0.688435814047364
1,lsc_composite,1966-05-01,6.789909183129574,10.363561037090262,0.6551714375810683
1,lsc_composite,1966-06-01,6.883983541010069,10.363561037090262,0.6642488538807177
1,lsc_composite,1966-07-01,6.7940630543150045,10.363561037090262,0.6555722526262602
1,lsc_composite,1966-08-01,5.95420096257328,10.363561037090262,0.5745323389579822
1,lsc_composite,1966-09-01,6.423677256349448,10.363561037090262,0.6198330123554712
1,lsc_composite,1966-10-01,6.64432922041747,10.363561037090262,0.6411241460959227
1,lsc_composite,1966-11-01,7.3258797725026366,10.363561037090262,0.7068882738552863
1,lsc_composite,1966-12-01,7.56328925322256,10.363561037090262,0.7297963727095562
1,lsc_composite,1967-01-01,7.23584744627677,10.363561037090262,0.6982008809887177
1,lsc_composite,1967-02-01,7.259439597279516,10.363561037090262,0.700477333157843
1,lsc_composite,1967-03-01,6.972113355916375,10.363561037090262,0.6727526697593426
1,lsc_composite,1967-04-01,6.802799700413837,10.363561037090262,0.6564152684648861
1,lsc_composite,1967-05-01,6.729162377845225,10.363561037090262,0.6493098611338469
1,lsc_composite,1967-06-01,6.813109376250261,10.363561037090262,0.6574100689779072
1,lsc_composite,1967-07-01,6.706202142626382,10.363561037090262,0.6470943837379335
1,lsc_composite,1967-08-01,6.383852902458977,10.363561037090262,0.6159902836111772
1,lsc_composite,1967-09-01,7.058477318096759,10.363561037090262,0.6810860951013938
1,lsc_composite,1967-10-01,6.3098469423949215,10.363561037090262,0.608849305736951
1,lsc_composite,1967-11-01,6.815854469995444,10.363561037090262,0.6576749483697841
1,lsc_composite,1967-12-01,6.381617659560607,10.363561037090262,0.6157746007112195
1,lsc_tail_cusum,1963-01-01,0.8799999999999998,5.962500000000007,0.14758909853249455
1,lsc_tail_cusum,1963-02-01,0.9599999999999997,5.962500000000007,0.16100628930817587
1,lsc_tail_cusum,1963-03-01,1.0399999999999998,5.962500000000007,0.17442348008385722
1,lsc_tail_cusum,1963-04-01,1.1199999999999999,5.962500000000007,0.18784067085953857
1,lsc_tail_cusum,1963-05-01,1.2,5.962500000000007,0.2012578616352199
1,lsc_tail_cusum,1963-06-01,1.28,5.962500000000007,0.21467505241090123
1,lsc_tail_cusum,1963-07-01,1.36,5.962500000000007,0.22809224318658258
1,lsc_tail_cusum,1963-08-01,1.4400000000000002,5.962500000000007,0.2415094339622639
1,lsc_tail_cusum,1963-09-01,1.5200000000000002,5.962500000000007,0.25492662473794525
1,lsc_tail_cusum,1963-10-01,1.6000000000000003,5.962500000000007,0.26834381551362657
1,lsc_tail_cusum,1963-11-01,1.6800000000000004,5.962500000000007,0.28176100628930795
1,lsc_tail_cusum,1963-12-01,1.7600000000000005,5.962500000000007,0.29517819706498927
1,lsc_tail_cusum,1964-01-01,1.8400000000000005,5.962500000000007,0.3085953878406706
1,lsc_tail_cusum,1964-02-01,1.9200000000000006,5.962500000000007,0.32201257861635196
1,lsc_tail_cusum,1964-03-01,2.0000000000000004,5.962500000000007,0.33542976939203323
1,lsc_tail_cusum,1964-04-01,2.0800000000000005,5.962500000000007,0.3488469601677146
1,lsc_tail_cusum,1964-05-01,2.1600000000000006,5.962500000000007,0.3622641509433959
1,lsc_tail_cusum,1964-06-01,2.2400000000000007,5.962500000000007,0.37568134171907724
1,lsc_tail_cusum,1964-07-01,2.3200000000000007,5.962500000000007,0.3890985324947586
1,lsc_tail_cusum,1964-08-01,2.400000000000001,5.962500000000007,0.40251572327043994
1,lsc_tail_cusum,1964-09-01,2.480000000000001,5.962500000000007,0.41593291404612126
1,lsc_tail_cusum,1964-10-01,2.560000000000001,5.962500000000007,0.42935010482180264
1,lsc_tail_cusum,1964-11-01,1.640000000000001,5.962500000000007,0.27505241090146737
1,lsc_tail_cusum,1964-12-01,1.720000000000001,5.962500000000007,0.2884696016771487
1,lsc_tail_cusum,1965-01-01,1.8000000000000012,5.962500000000007,0.30188679245283007
1,lsc_tail_cusum,1965-02-01,1.8800000000000012,5.962500000000007,0.3153039832285114
1,lsc_tail_cusum,1965-03-01,1.9600000000000013,5.962500000000007,0.3287211740041927
1,lsc_tail_cusum,1965-04-01,2.0400000000000014,5.962500000000007,0.3421383647798741
1,lsc_tail_cusum,1965-05-01,2.1200000000000014,5.962500000000007,0.3555555555555554
1,lsc_tail_cusum,1965-06-01,2.2000000000000015,5.962500000000007,0.3689727463312367
1,lsc_tail_cusum,1965-07-01,2.2800000000000016,5.962500000000007,0.3823899371069181
1,lsc_tail_cusum,1965-08-01,2.3600000000000017,5.962500000000007,0.3958071278825994
1,lsc_tail_cusum,1965-09-01,2.4400000000000017,5.962500000000007,0.40922431865828074
1,lsc_tail_cusum,1965-10-01,2.520000000000002,5.962500000000007,0.4226415094339621
1,lsc_tail_cusum,1965-11-01,2.600000000000002,5.962500000000007,0.43605870020964344
1,lsc_tail_cusum,1965-12-01,2.680000000000002,5.962500000000007,0.44947589098532476
1,lsc_tail_cusum,1966-01-01,2.760000000000002,5.962500000000007,0.46289308176100613
1,lsc_tail_cusum,1966-02-01,2.840000000000002,5.962500000000007,0.47631027253668745
1,lsc_tail_cusum,1966-03-01,2.920000000000002,5.962500000000007,0.48972746331236877
1,lsc_tail_cusum,1966-04-01,3.000000000000002,5.962500000000007,0.5031446540880501
1,lsc_tail_cusum,1966-05-01,3.0800000000000023,5.962500000000007,0.5165618448637315
1,lsc_tail_cusum,1966-06-01,3.1600000000000024,5.962500000000007,0.5299790356394128
1,lsc_tail_cusum,1966-07-01,3.2400000000000024,5.962500000000007,0.5433962264150941
1,lsc_tail_cusum,1966-08-01,3.3200000000000025,5.962500000000007,0.5568134171907755
1,lsc_tail_cusum,1966-09-01,3.4000000000000026,5.962500000000007,0.5702306079664569
1,lsc_tail_cusum,1966-10-01,3.4800000000000026,5.962500000000007,0.5836477987421381
1,lsc_tail_cusum,1966-11-01,3.5600000000000027,5.962500000000007,0.5970649895178195
1,lsc_tail_cusum,1966-12-01,3.640000000000003,5.962500000000007,0.6104821802935009
1,lsc_tail_cusum,1967-01-01,3.720000000000003,5.962500000000007,0.6238993710691821
1,lsc_tail_cusum,1967-02-01,3.800000000000003,5.962500000000007,0.6373165618448635
1,lsc_tail_cusum,1967-03-01,3.880000000000003,5.962500000000007,0.6507337526205449
1,lsc_tail_cusum,1967-04-01,3.960000000000003,5.962500000000007,0.6641509433962262
1,lsc_tail_cusum,1967-05-01,4.040000000000004,5.962500000000007,0.6775681341719076
1,lsc_tail_cusum,1967-06-01,4.120000000000004,5.962500000000007,0.6909853249475889
1,lsc_tail_cusum,1967-07-01,4.200000000000004,5.962500000000007,0.7044025157232703
1,lsc_tail_cusum,1967-08-01,3.2800000000000034,5.962500000000007,0.550104821802935
1,lsc_tail_cusum,1967-09-01,3.3600000000000034,5.962500000000007,0.5635220125786163
1,lsc_tail_cusum,1967-10-01,3.4400000000000035,5.962500000000007,0.5769392033542976
1,lsc_tail_cusum,1967-11-01,3.5200000000000036,5.962500000000007,0.590356394129979
1,lsc_tail_cusum,1967-12-01,3.6000000000000036,5.962500000000007,0.6037735849056604
1,lsc_kalman_cusum,1963-01-01,0.07128452260718243,7.058040521686346,0.010099761029729926
1,lsc_kalman_cusum,1963-02-01,0.20113061209442185,7.058040521686346,0.028496664403729808
1,lsc_kalman_cusum,1963-03-01,0.0,7.058040521686346,0.0
1,lsc_kalman_cusum,1963-04-01,0.0,7.058040521686346,0.0
1,lsc_kalman_cusum,1963-05-01,0.10457046210430376,7.058040521686346,0.014815792256080618
1,lsc_kalman_cusum,1963-06-01,0.0,7.058040521686346,0.0
1,lsc_kalman_cusum,1963-07-01,0.0,7.058040521686346,0.0
1,lsc_kalman_cusum,1963-08-01,0.0,7.058040521686346,0.0
1,lsc_kalman_cusum,1963-09-01,0.2214016310424095,7.058040521686346,0.031368710672903734
1,lsc_kalman_cusum,1963-10-01,0.0,7.058040521686346,0.0
1,lsc_kalman_cusum,1963-11-01,0.0,7.058040521686346,0.0
1,lsc_kalman_cusum,1963-12-01,0.0,7.058040521686346,0.0
1,lsc_kalman_cusum,1964-01-01,0.2589662774373571,7.058040521686346,0.03669095928844051
1,lsc_kalman_cusum,1964-02-01,0.0,7.058040521686346,0.0
1,lsc_kalman_cusum,1964-03-01,0.0,7.058040521686346,0.0
1,lsc_kalman_cusum,1964-04-01,0.7765340200470352,7.058040521686346,0.11002119039428544
1,lsc_kalman_cusum,1964-05-01,0.12050125800676725,7.058040521686346,0.01707290538167333
1,lsc_kalman_cusum,1964-06-01,0.0,7.058040521686346,0.0
1,lsc_kalman_cusum,1964-07-01,0.0,7.058040521686346,0.0
1,lsc_kalman_cusum,1964-08-01,0.0,7.058040521686346,0.0
1,lsc_kalman_cusum,1964-09-01,0.0,7.058040521686346,0.0
1,lsc_kalman_cusum,1964-10-01,0.7594946107160425,7.058040521686346,0.10760700627637937
1,lsc_kalman_cusum,1964-11-01,2.431488840759985,7.058040521686346,0.3444991330510299
1,lsc_kalman_cusum,1964-12-01,1.7552358117032556,7.058040521686346,0.24868599242384132
1,lsc_kalman_cusum,1965-01-01,1.612807516430872,7.058040521686346,0.22850641215156003
1,lsc_kalman_cusum,1965-02-01,1.1808102531176115,7.058040521686346,0.1673000104617543
1,lsc_kalman_cusum,1965-03-01,1.4735366223716915,7.058040521686346,0.20877418000706321
1,lsc_kalman_cusum,1965-04-01,0.8154687152781581,7.058040521686346,0.11553755079367578
1,lsc_kalman_cusum,1965-05-01,0.7461276217080046,7.058040521686346,0.10571313942098702
1,lsc_kalman_cusum,1965-06-01,0.5596646819914877,7.058040521686346,0.07929462579194282
1,lsc_kalman_cusum,1965-07-01,0.4999247090338719,7.058040521686346,0.07083052406653328
1,lsc_kalman_cusum,1965-08-01,0.0,7.058040521686346,0.0
1,lsc_kalman_cusum,1965-09-01,0.0,7.058040521686346,0.0
1,lsc_kalman_cusum,1965-10-01,0.1943692853579133,7.058040521686346,0.027538703519864965
1,lsc_kalman_cusum,1965-11-01,0.0,7.058040521686346,0.0
1,lsc_kalman_cusum,1965-12-01,0.30770375837118624,7.058040521686346,0.04359620172564098
1,lsc_kalman_cusum,1966-01-01,0.11506465284951095,7.058040521686346,0.016302634207889057
1,lsc_kalman_cusum,1966-02-01,0.0,7.058040521686346,0.0
1,lsc_kalman_cusum,1966-03-01,0.31999502795510104,7.058040521686346,0.045337658089648666
1,lsc_kalman_cusum,1966-04-01,0.0,7.058040521686346,0.0
1,lsc_kalman_cusum,1966-05-01,0.167324551916339,7.058040521686346,0.023706941239884084
1,lsc_kalman_cusum,1966-06-01,0.0,7.058040521686346,0.0
1,lsc_kalman_cusum,1966-07-01,0.0,7.058040521686346,0.0
1,lsc_kalman_cusum,1966-08-01,0.0,7.058040521686346,0.0
1,lsc_kalman_cusum,1966-09-01,0.19810220219026597,7.058040521686346,0.028067592071989736
1,lsc_kalman_cusum,1966-10-01,0.0,7.058040521686346,0.0
1,lsc_kalman_cusum,1966-11-01,0.32404649554171305,7.058040521686346,0.045911679671724256
1,lsc_kalman_cusum,1966-12-01,0.0,7.058040521686346,0.0
1,lsc_kalman_cusum,1967-01-01,0.0,7.058040521686346,0.0
1,lsc_kalman_cusum,1967-02-01,0.5859347807341846,7.058040521686346,0.0830166359818787
1,lsc_kalman_cusum,1967-03-01,0.11876230795814302,7.058040521686346,0.01682652679497052
1,lsc_kalman_cusum,1967-04-01,0.4780486344968685,7.058040521686346,0.06773106969675637
1,lsc_kalman_cusum,1967-05-01,0.5350696687809677,7.058040521686346,0.07580994571183419
1,lsc_kalman_cusum,1967-06-01,0.0,7.058040521686346,0.0
1,lsc_kalman_cusum,1967-07-01,0.0,7.058040521686346,0.0
1,lsc_kalman_cusum,1967-08-01,1.094575366851713,7.058040521686346,0.1550820462830371
1,lsc_kalman_cusum,1967-09-01,0.33282994527068166,7.058040521686346,0.04715613975975872
1,lsc_kalman_cusum,1967-10-01,0.16969316621838593,7.058040521686346,0.02404253215846399
1,lsc_kalman_cusum,1967-11-01,0.49730095768184657,7.058040521686346,0.07045878472273615
1,lsc_kalman_cusum,1967-12-01,0.30359674084090393,7.058040521686346,0.043014309695174
1,raw_cusum,1963-01-01,0.0,17.215507784447915,0.0
1,raw_cusum,1963-02-01,0.12330542584620074,17.215507784447915,0.007162462321186481
1,raw_cusum,1963-03-01,0.0,17.215507784447915,0.0
1,raw_cusum,1963-04-01,0.0,17.215507784447915,0.0
1,raw_cusum,1963-05-01,0.17254776297697905,17.215507784447915,0.010022809965144023
1,raw_cusum,1963-06-01,0.0,17.215507784447915,0.0
1,raw_cusum,1963-07-01,0.0,17.215507784447915,0.0
1,raw_cusum,1963-08-01,0.0,17.215507784447915,0.0
1,raw_cusum,1963-09-01,0.022982649629280316,17.215507784447915,0.0013349969061059181
1,raw_cusum,1963-10-01,0.0,17.215507784447915,0.0
1,raw_cusum,1963-11-01,0.0,17.215507784447915,0.0
1,raw_cusum,1963-12-01,0.0,17.215507784447915,0.0
1,raw_cusum,1964-01-01,0.0,17.215507784447915,0.0
1,raw_cusum,1964-02-01,0.0,17.215507784447915,0.0
1,raw_cusum,1964-03-01,0.0,17.215507784447915,0.0
1,raw_cusum,1964-04-01,0.4661304139846,17.215507784447915,0.027076193152181734
1,raw_cusum,1964-05-01,0.1900152693133379,17.215507784447915,0.011037447846005055
1,raw_cusum,1964-06-01,0.0,17.215507784447915,0.0
1,raw_cusum,1964-07-01,0.0,17.215507784447915,0.0
1,raw_cusum,1964-08-01,0.0,17.215507784447915,0.0
1,raw_cusum,1964-09-01,0.0,17.215507784447915,0.0
1,raw_cusum,1964-10-01,0.6535550996272104,17.215507784447915,0.037963161343263815
1,raw_cusum,1964-11-01,1.4635669983094022,17.215507784447915,0.08501445421386607
1,raw_cusum,1964-12-01,1.614252122497044,17.215507784447915,0.09376732552468313
1,raw_cusum,1965-01-01,1.692847925016137,17.215507784447915,0.09833273268566704
1,raw_cusum,1965-02-01,1.4542581443323455,17.215507784447915,0.08447372929923612
1,raw_cusum,1965-03-01,1.7041375250816095,17.215507784447915,0.09898851352041368
1,raw_cusum,1965-04-01,1.3353942595143973,17.215507784447915,0.07756926349397379
1,raw_cusum,1965-05-01,1.2077433073442179,17.215507784447915,0.07015438187860278
1,raw_cusum,1965-06-01,1.0756539653240667,17.215507784447915,0.06248168679031281
1,raw_cusum,1965-07-01,1.0584679848464604,17.215507784447915,0.061483401947786606
1,raw_cusum,1965-08-01,0.6811849295355756,17.215507784447915,0.03956809976589491
1,raw_cusum,1965-09-01,0.18460341710713635,17.215507784447915,0.0107230887069101
1,raw_cusum,1965-10-01,0.21537945592953522,17.215507784447915,0.012510781478319447
1,raw_cusum,1965-11-01,0.0,17.215507784447915,0.0
1,raw_cusum,1965-12-01,0.19359134885553486,17.215507784447915,0.011245172159860468
1,raw_cusum,1966-01-01,0.2062167332449213,17.215507784447915,0.011978544915835282
1,raw_cusum,1966-02-01,0.0,17.215507784447915,0.0
1,raw_cusum,1966-03-01,0.2810535921523709,17.215507784447915,0.01632560570802728
1,raw_cusum,1966-04-01,0.0,17.215507784447915,0.0
1,raw_cusum,1966-05-01,0.0,17.215507784447915,0.0
1,raw_cusum,1966-06-01,0.0,17.215507784447915,0.0
1,raw_cusum,1966-07-01,0.0,17.215507784447915,0.0
1,raw_cusum,1966-08-01,0.0,17.215507784447915,0.0
1,raw_cusum,1966-09-01,0.0,17.215507784447915,0.0
1,raw_cusum,1966-10-01,0.0,17.215507784447915,0.0
1,raw_cusum,1966-11-01,0.15900506127584613,17.215507784447915,0.00923615284932156
1,raw_cusum,1966-12-01,0.0,17.215507784447915,0.0
1,raw_cusum,1967-01-01,0.0,17.215507784447915,0.0
1,raw_cusum,1967-02-01,0.4751009070975485,17.215507784447915,0.027597263644279113
1,raw_cusum,1967-03-01,0.546066768781738,17.215507784447915,0.03171946919132074
1,raw_cusum,1967-04-01,0.0,17.215507784447915,0.0
1,raw_cusum,1967-05-01,0.2894832590969897,17.215507784447915,0.016815261142543936
1,raw_cusum,1967-06-01,0.0,17.215507784447915,0.0
1,raw_cusum,1967-07-01,0.0,17.215507784447915,0.0
1,raw_cusum,1967-08-01,0.6591330856582138,17.215507784447915,0.0382871707248542
1,raw_cusum,1967-09-01,0.0,17.215507784447915,0.0
1,raw_cusum,1967-10-01,0.0,17.215507784447915,0.0
1,raw_cusum,1967-11-01,0.32367274597200424,17.215507784447915,0.01880123142602872
1,raw_cusum,1967-12-01,0.40209095204814516,17.215507784447915,0.02335632251355285
1,raw_var_cusum,1963-01-01,17.86540771343174,51.230445547980494,0.34872637788597166
1,raw_var_cusum,1963-02-01,18.426898059542424,51.230445547980494,0.3596864689042083
1,raw_var_cusum,1963-03-01,19.310935549974545,51.230445547980494,0.3769425649809868
1,raw_var_cusum,1963-04-01,20.042447664723436,51.230445547980494,0.39122142019929224
1,raw_var_cusum,1963-05-01,20.540127171238098,51.230445547980494,0.40093594641883396
1,raw_var_cusum,1963-06-01,21.4888231006894,51.230445547980494,0.419454152132325
1,raw_var_cusum,1963-07-01,22.23269104351964,51.230445547980494,0.4339741887018598
1,raw_var_cusum,1963-08-01,23.18154434150723,51.230445547980494,0.45249546619297454
1,raw_var_cusum,1963-09-01,23.858033489693966,51.230445547980494,0.46570029275559266
1,raw_var_cusum,1963-10-01,24.712054783502513,51.230445547980494,0.4823704833946474
1,raw_var_cusum,1963-11-01,25.633338165043803,51.230445547980494,0.500353605963403
1,raw_var_cusum,1963-12-01,26.48663590916204,51.230445547980494,0.5170096731709206
1,raw_var_cusum,1964-01-01,27.24196977232567,51.230445547980494,0.5317535204102778
1,raw_var_cusum,1964-02-01,28.101411545298255,51.230445547980494,0.5485295168666753
1,raw_var_cusum,1964-03-01,29.02116305160376,51.230445547980494,0.5664827377779418
1,raw_var_cusum,1964-04-01,29.037755074777706,51.230445547980494,0.5668066081444099
1,raw_var_cusum,1964-05-01,29.937630646332135,51.230445547980494,0.5843718579080809
1,raw_var_cusum,1964-06-01,30.88704196565749,51.230445547980494,0.60290402777641
1,raw_var_cusum,1964-07-01,31.755095172102916,51.230445547980494,0.6198481163385998
1,raw_var_cusum,1964-08-01,32.624854293876666,51.230445547980494,0.6368255037587262
1,raw_var_cusum,1964-09-01,33.56746419112305,51.230445547980494,0.6552249122972206
1,raw_var_cusum,1964-10-01,33.18677482324711,51.230445547980494,0.6477939918005522
1,raw_var_cusum,1964-11-01,30.281179466397315,51.230445547980494,0.5910778081763335
1,raw_var_cusum,1964-12-01,30.80778833555823,51.230445547980494,0.6013570252225275
1,raw_var_cusum,1965-01-01,31.423015232865513,51.230445547980494,0.6133660345279627
1,raw_var_cusum,1965-02-01,32.304679930102566,51.230445547980494,0.6305758145290231
1,raw_var_cusum,1965-03-01,32.69236084442967,51.230445547980494,0.6381432075153679
1,raw_var_cusum,1965-04-01,33.62513251409572,51.230445547980494,0.6563505773652445
1,raw_var_cusum,1965-05-01,34.436488700675945,51.230445547980494,0.6721879603491645
1,raw_var_cusum,1965-06-01,35.25113044842078,51.230445547980494,0.6880894763135704
1,raw_var_cusum,1965-07-01,35.968021070973414,51.230445547980494,0.7020829252263115
1,raw_var_cusum,1965-08-01,36.902961622459586,51.230445547980494,0.7203326308746948
1,raw_var_cusum,1965-09-01,37.85294993640231,51.230445547980494,0.7388760634718796
1,raw_var_cusum,1965-10-01,38.521226733014316,51.230445547980494,0.7519205878648234
1,raw_var_cusum,1965-11-01,39.45740288175526,51.230445547980494,0.7701944119303228
1,raw_var_cusum,1965-12-01,39.92633392254802,51.230445547980494,0.7793477783665678
1,raw_var_cusum,1966-01-01,40.613549137827654,51.230445547980494,0.7927619739279945
1,raw_var_cusum,1966-02-01,41.48518458444143,51.230445547980494,0.8097759865388634
1,raw_var_cusum,1966-03-01,41.82513987062731,51.230445547980494,0.8164117923092328
1,raw_var_cusum,1966-04-01,42.77122842967633,51.230445547980494,0.8348791030837008
1,raw_var_cusum,1966-05-01,43.479865713797,51.230445547980494,0.8487114497779529
1,raw_var_cusum,1966-06-01,44.405393082713616,51.230445547980494,0.8667774134645229
1,raw_var_cusum,1966-07-01,45.31151295440417,51.230445547980494,0.884464549736682
1,raw_var_cusum,1966-08-01,46.247261772313095,51.230445547980494,0.9027300324569628
1,raw_var_cusum,1966-09-01,46.96867115162897,51.230445547980494,0.9168116858878358
1,raw_var_cusum,1966-10-01,47.821973556141785,51.230445547980494,0.9334678440645912
1,raw_var_cusum,1966-11-01,48.3376858853546,51.230445547980494,0.943534364542728
1,raw_var_cusum,1966-12-01,49.28754537450482,51.230445547980494,0.9620752825259733
1,raw_var_cusum,1967-01-01,50.21299869079009,51.230445547980494,0.9801398007316273
1,raw_var_cusum,1967-02-01,50.21217691176763,51.230445547980494,0.9801237598986097
1,raw_var_cusum,1967-03-01,50.83617489655886,51.230445547980494,0.9923039776991129
1,raw_var_cusum,1967-04-01,51.55052238791487,51.230445547980494,1.0062477855991825
1,raw_var_cusum,1967-05-01,51.877238571520465,51.230445547980494,1.012625168815567
1,raw_var_cusum,1967-06-01,52.79388191794509,51.230445547980494,1.0305177195560469
1,raw_var_cusum,1967-07-01,53.63228456034601,51.230445547980494,1.0468830396978694
1,raw_var_cusum,1967-08-01,53.238695050078476,51.230445547980494,1.0392003130290393
1,raw_var_cusum,1967-09-01,54.1057175514108,51.230445547980494,1.0561242825955404
1,raw_var_cusum,1967-10-01,54.899129717799404,51.230445547980494,1.0716114047140768
1,raw_var_cusum,1967-11-01,55.170692925342344,51.230445547980494,1.0769122215357578
1,raw_var_cusum,1967-12-01,55.786125304222004,51.230445547980494,1.0889252417680972
2,lsc_composite,1968-01-01,9.292648057555628,9.691926340879915,0.9588030006336142
2,lsc_composite,1968-02-01,7.890392610168611,9.691926340879915,0.8141201586404395
2,lsc_composite,1968-03-01,7.570930702540622,9.691926340879915,0.7811585061895207
2,lsc_composite,1968-04-01,7.016381223527162,9.691926340879915,0.7239408324774944
2,lsc_composite,1968-05-01,7.263422142202975,9.691926340879915,0.7494301841282401
2,lsc_composite,1968-06-01,6.495701560886948,9.691926340879915,0.6702178011288118
2,lsc_composite,1968-07-01,8.89092367968307,9.691926340879915,0.9173536165026072
2,lsc_composite,1968-08-01,8.232695798862833,9.691926340879915,0.8494385439288635
2,lsc_composite,1968-09-01,6.794813799359534,9.691926340879915,0.7010798019274508
2,lsc_composite,1968-10-01,7.781017381220488,9.691926340879915,0.8028349687719626
2,lsc_composite,1968-11-01,7.368391576137599,9.691926340879915,0.760260789958566
2,lsc_composite,1968-12-01,8.43314344826931,9.691926340879915,0.8701204643599962
2,lsc_composite,1969-01-01,7.537598942632378,9.691926340879915,0.7777193797727575
2,lsc_composite,1969-02-01,8.320355745330327,9.691926340879915,0.8584831799882349
2,lsc_composite,1969-03-01,8.56588818294025,9.691926340879915,0.8838168885797132
2,lsc_composite,1969-04-01,7.531840057199777,9.691926340879915,0.7771251856744893
2,lsc_composite,1969-05-01,9.194321418942929,9.691926340879915,0.9486577895419901
2,lsc_composite,1969-06-01,9.376520468491949,9.691926340879915,0.9674568438414967
2,lsc_composite,1969-07-01,8.51304314410012,9.691926340879915,0.878364408135528
2,lsc_composite,1969-08-01,11.500167173128952,9.691926340879915,1.1865718711276205
2,lsc_composite,1969-09-01,10.849680419763503,9.691926340879915,1.1194555177333794
2,lsc_composite,1969-10-01,12.25703177223652,9.691926340879915,1.2646641483991843
2,lsc_composite,1969-11-01,12.179329046602332,9.691926340879915,1.2566468850707948
2,lsc_composite,1969-12-01,9.866098157669132,9.691926340879915,1.0179708151572069
2,lsc_composite,1970-01-01,9.828819589939819,9.691926340879915,1.014124462387059
2,lsc_composite,1970-02-01,8.690779113385123,9.691926340879915,0.8967029677813358
2,lsc_composite,1970-03-01,8.123098449016538,9.691926340879915,0.8381304359231289
2,lsc_composite,1970-04-01,8.792662254772514,9.691926340879915,0.9072151340735677
2,lsc_composite,1970-05-01,10.328057378097737,9.691926340879915,1.0656351497983083
2,lsc_composite,1970-06-01,9.337406399643884,9.691926340879915,0.9634211065203118
2,lsc_composite,1970-07-01,9.056255099545456,9.691926340879915,0.9344122913261074
2,lsc_composite,1970-08-01,11.68673637986945,9.691926340879915,1.205821832402456
2,lsc_composite,1970-09-01,10.109812869830186,9.691926340879915,1.0431169732674972
2,lsc_composite,1970-10-01,9.99640447577548,9.691926340879915,1.0314156468163915
2,lsc_composite,1970-11-01,9.500998653653228,9.691926340879915,0.9803003365366733
2,lsc_composite,1970-12-01,12.550986808435088,9.691926340879915,1.2949940359632988
2,lsc_composite,1971-01-01,12.464683689881744,9.691926340879915,1.286089395593786
2,lsc_composite,1971-02-01,13.079106493711244,9.691926340879915,1.349484718898907
2,lsc_composite,1971-03-01,11.85288475320775,9.691926340879915,1.222964799393187
2,lsc_composite,1971-04-01,12.373123396552925,9.691926340879915,1.2766423269607297
2,lsc_composite,1971-05-01,11.331747510166,9.691926340879915,1.1691945555105414
2,lsc_composite,1971-06-01,10.511445850397534,9.691926340879915,1.0845569271467674
2,lsc_composite,1971-07-01,9.478480420192412,9.691926340879915,0.977976935319122
2,lsc_composite,1971-08-01,8.688378325732254,9.691926340879915,0.8964552577215985
2,lsc_composite,1971-09-01,9.315189492358911,9.691926340879915,0.9611287957346567
2,lsc_composite,1971-10-01,9.20148881675605,9.691926340879915,0.9493973120642456
2,lsc_composite,1971-11-01,10.123645477333922,9.691926340879915,1.0445442032130439
2,lsc_composite,1971-12-01,10.863329015048365,9.691926340879915,1.12086376154424
2,lsc_composite,1972-01-01,9.8443818634022,9.691926340879915,1.0157301569533435
2,lsc_composite,1972-02-01,10.79789616847693,9.691926340879915,1.1141124879305062
2,lsc_composite,1972-03-01,8.675643699153646,9.691926340879915,0.8951413159797083
2,lsc_composite,1972-04-01,9.301129965252363,9.691926340879915,0.9596781525279243
2,lsc_composite,1972-05-01,8.631343188372519,9.691926340879915,0.8905704485150774
2,lsc_composite,1972-06-01,9.608822053444237,9.691926340879915,0.9914254107477943
2,lsc_composite,1972-07-01,9.662168487775059,9.691926340879915,0.9969296245082528
2,lsc_composite,1972-08-01,8.399417799427551,9.691926340879915,0.8666406970097733
2,lsc_composite,1972-09-01,8.270195316427253,9.691926340879915,0.853307694007548
2,lsc_composite,1972-10-01,8.414481971564486,9.691926340879915,0.8681949981473496
2,lsc_composite,1972-11-01,9.694694645325622,9.691926340879915,1.0002856299509861
2,lsc_composite,1972-12-01,8.950208649926315,9.691926340879915,0.9234705604576169
2,lsc_tail_cusum,1968-01-01,2.6800000000000033,5.8935,0.45473827097650005
2,lsc_tail_cusum,1968-02-01,2.7600000000000033,5.8935,0.4683125477220672
2,lsc_tail_cusum,1968-03-01,2.8400000000000034,5.8935,0.48188682446763437
2,lsc_tail_cusum,1968-04-01,2.9200000000000035,5.8935,0.4954611012132015
2,lsc_tail_cusum,1968-05-01,3.0000000000000036,5.8935,0.5090353779587687
2,lsc_tail_cusum,1968-06-01,3.0800000000000036,5.8935,0.5226096547043358
2,lsc_tail_cusum,1968-07-01,3.1600000000000037,5.8935,0.5361839314499031
2,lsc_tail_cusum,1968-08-01,3.2400000000000038,5.8935,0.5497582081954702
2,lsc_tail_cusum,1968-09-01,3.320000000000004,5.8935,0.5633324849410374
2,lsc_tail_cusum,1968-10-01,3.400000000000004,5.8935,0.5769067616866045
2,lsc_tail_cusum,1968-11-01,3.480000000000004,5.8935,0.5904810384321717
2,lsc_tail_cusum,1968-12-01,3.560000000000004,5.8935,0.6040553151777388
2,lsc_tail_cusum,1969-01-01,3.640000000000004,5.8935,0.617629591923306
2,lsc_tail_cusum,1969-02-01,3.720000000000004,5.8935,0.6312038686688731
2,lsc_tail_cusum,1969-03-01,3.8000000000000043,5.8935,0.6447781454144403
2,lsc_tail_cusum,1969-04-01,3.8800000000000043,5.8935,0.6583524221600074
2,lsc_tail_cusum,1969-05-01,3.9600000000000044,5.8935,0.6719266989055747
2,lsc_tail_cusum,1969-06-01,4.0400000000000045,5.8935,0.6855009756511418
2,lsc_tail_cusum,1969-07-01,4.1200000000000045,5.8935,0.699075252396709
2,lsc_tail_cusum,1969-08-01,4.200000000000005,5.8935,0.7126495291422761
2,lsc_tail_cusum,1969-09-01,4.280000000000005,5.8935,0.7262238058878433
2,lsc_tail_cusum,1969-10-01,4.360000000000005,5.8935,0.7397980826334104
2,lsc_tail_cusum,1969-11-01,4.440000000000005,5.8935,0.7533723593789776
2,lsc_tail_cusum,1969-12-01,4.520000000000005,5.8935,0.7669466361245447
2,lsc_tail_cusum,1970-01-01,3.6000000000000045,5.8935,0.6108424535505225
2,lsc_tail_cusum,1970-02-01,3.6800000000000046,5.8935,0.6244167302960897
2,lsc_tail_cusum,1970-03-01,3.7600000000000047,5.8935,0.6379910070416568
2,lsc_tail_cusum,1970-04-01,3.8400000000000047,5.8935,0.651565283787224
2,lsc_tail_cusum,1970-05-01,3.920000000000005,5.8935,0.6651395605327911
2,lsc_tail_cusum,1970-06-01,4.000000000000005,5.8935,0.6787138372783583
2,lsc_tail_cusum,1970-07-01,4.080000000000005,5.8935,0.6922881140239255
2,lsc_tail_cusum,1970-08-01,4.1600000000000055,5.8935,0.7058623907694926
2,lsc_tail_cusum,1970-09-01,4.2400000000000055,5.8935,0.7194366675150599
2,lsc_tail_cusum,1970-10-01,3.320000000000005,5.8935,0.5633324849410376
2,lsc_tail_cusum,1970-11-01,3.4000000000000052,5.8935,0.5769067616866047
2,lsc_tail_cusum,1970-12-01,2.4800000000000053,5.8935,0.4208025791125825
2,lsc_tail_cusum,1971-01-01,2.5600000000000054,5.8935,0.43437685585814967
2,lsc_tail_cusum,1971-02-01,2.6400000000000055,5.8935,0.44795113260371683
2,lsc_tail_cusum,1971-03-01,2.7200000000000055,5.8935,0.461525409349284
2,lsc_tail_cusum,1971-04-01,2.8000000000000056,5.8935,0.47509968609485115
2,lsc_tail_cusum,1971-05-01,2.8800000000000057,5.8935,0.48867396284041836
2,lsc_tail_cusum,1971-06-01,2.9600000000000057,5.8935,0.5022482395859855
2,lsc_tail_cusum,1971-07-01,3.040000000000006,5.8935,0.5158225163315526
2,lsc_tail_cusum,1971-08-01,3.120000000000006,5.8935,0.5293967930771198
2,lsc_tail_cusum,1971-09-01,2.200000000000006,5.8935,0.3732926105030976
2,lsc_tail_cusum,1971-10-01,2.280000000000006,5.8935,0.3868668872486648
2,lsc_tail_cusum,1971-11-01,2.360000000000006,5.8935,0.40044116399423196
2,lsc_tail_cusum,1971-12-01,2.440000000000006,5.8935,0.4140154407397991
2,lsc_tail_cusum,1972-01-01,1.599999999999999,5.8935,0.2714855349113428
2,lsc_tail_cusum,1972-02-01,1.6000000000000063,5.8935,0.27148553491134403
2,lsc_tail_cusum,1972-03-01,1.6800000000000064,5.8935,0.28505981165691124
2,lsc_tail_cusum,1972-04-01,1.7600000000000064,5.8935,0.2986340884024784
2,lsc_tail_cusum,1972-05-01,1.8400000000000065,5.8935,0.31220836514804556
2,lsc_tail_cusum,1972-06-01,1.9200000000000066,5.8935,0.3257826418936127
2,lsc_tail_cusum,1972-07-01,2.0000000000000067,5.8935,0.3393569186391799
2,lsc_tail_cusum,1972-08-01,2.0800000000000067,5.8935,0.35293119538474704
2,lsc_tail_cusum,1972-09-01,2.160000000000007,5.8935,0.3665054721303142
2,lsc_tail_cusum,1972-10-01,2.240000000000007,5.8935,0.38007974887588136
2,lsc_tail_cusum,1972-11-01,2.320000000000007,5.8935,0.3936540256214485
2,lsc_tail_cusum,1972-12-01,2.400000000000007,5.8935,0.4072283023670157
2,lsc_kalman_cusum,1968-01-01,0.09618529449876001,6.614388583805666,0.014541827000345158
2,lsc_kalman_cusum,1968-02-01,0.0,6.614388583805666,0.0
2,lsc_kalman_cusum,1968-03-01,0.0,6.614388583805666,0.0
2,lsc_kalman_cusum,1968-04-01,0.0,6.614388583805666,0.0
2,lsc_kalman_cusum,1968-05-01,0.4218174269292678,6.614388583805666,0.06377270122321271
2,lsc_kalman_cusum,1968-06-01,0.0,6.614388583805666,0.0
2,lsc_kalman_cusum,1968-07-01,0.0,6.614388583805666,0.0
2,lsc_kalman_cusum,1968-08-01,0.0,6.614388583805666,0.0
2,lsc_kalman_cusum,1968-09-01,0.0,6.614388583805666,0.0
2,lsc_kalman_cusum,1968-10-01,0.0,6.614388583805666,0.0
2,lsc_kalman_cusum,1968-11-01,0.548596756373428,6.614388583805666,0.0829399043347082
2,lsc_kalman_cusum,1968-12-01,0.0,6.614388583805666,0.0
2,lsc_kalman_cusum,1969-01-01,0.0,6.614388583805666,0.0
2,lsc_kalman_cusum,1969-02-01,0.0,6.614388583805666,0.0
2,lsc_kalman_cusum,1969-03-01,0.0,6.614388583805666,0.0
2,lsc_kalman_cusum,1969-04-01,0.1781561303938065,6.614388583805666,0.02693463320706542
2,lsc_kalman_cusum,1969-05-01,0.0,6.614388583805666,0.0
2,lsc_kalman_cusum,1969-06-01,0.5348421194195838,6.614388583805666,0.08086040193179218
2,lsc_kalman_cusum,1969-07-01,0.118883286391686,6.614388583805666,0.017973435471081003
2,lsc_kalman_cusum,1969-08-01,0.0,6.614388583805666,0.0
2,lsc_kalman_cusum,1969-09-01,0.0,6.614388583805666,0.0
2,lsc_kalman_cusum,1969-10-01,0.0,6.614388583805666,0.0
2,lsc_kalman_cusum,1969-11-01,0.35704819227684315,6.614388583805666,0.053980528623767565
2,lsc_kalman_cusum,1969-12-01,0.0,6.614388583805666,0.0
2,lsc_kalman_cusum,1970-01-01,1.0192770816209813,6.614388583805666,0.15409996989238395
2,lsc_kalman_cusum,1970-02-01,0.22660116346544723,6.614388583805666,0.03425882235286963
2,lsc_kalman_cusum,1970-03-01,0.0,6.614388583805666,0.0
2,lsc_kalman_cusum,1970-04-01,0.0,6.614388583805666,0.0
2,lsc_kalman_cusum,1970-05-01,0.0,6.614388583805666,0.0
2,lsc_kalman_cusum,1970-06-01,0.0,6.614388583805666,0.0
2,lsc_kalman_cusum,1970-07-01,0.0,6.614388583805666,0.0
2,lsc_kalman_cusum,1970-08-01,0.0,6.614388583805666,0.0
2,lsc_kalman_cusum,1970-09-01,0.05143236512947558,6.614388583805666,0.007775830596859697
2,lsc_kalman_cusum,1970-10-01,1.0620408129245589,6.614388583805666,0.16056522828501577
2,lsc_kalman_cusum,1970-11-01,0.24234684239781268,6.614388583805666,0.03663934153961901
2,lsc_kalman_cusum,1970-12-01,1.8567824479459554,6.614388583805666,0.28071868237254877
2,lsc_kalman_cusum,1971-01-01,1.1342154154914035,6.614388583805666,0.1714769855324737
2,lsc_kalman_cusum,1971-02-01,0.07159313514723897,6.614388583805666,0.01082384777370413
2,lsc_kalman_cusum,1971-03-01,0.0,6.614388583805666,0.0
2,lsc_kalman_cusum,1971-04-01,0.04804844828740007,6.614388583805666,0.007264231255635549
2,lsc_kalman_cusum,1971-05-01,0.0,6.614388583805666,0.0
2,lsc_kalman_cusum,1971-06-01,0.0,6.614388583805666,0.0
2,lsc_kalman_cusum,1971-07-01,0.0,6.614388583805666,0.0
2,lsc_kalman_cusum,1971-08-01,0.0,6.614388583805666,0.0
2,lsc_kalman_cusum,1971-09-01,1.1877166680545541,6.614388583805666,0.17956560202140218
2,lsc_kalman_cusum,1971-10-01,0.7110891857708939,6.614388583805666,0.10750641223466802
2,lsc_kalman_cusum,1971-11-01,0.22032371770186998,6.614388583805666,0.03330976323968921
2,lsc_kalman_cusum,1971-12-01,0.5346405769737892,6.614388583805666,0.08082993162554376
2,lsc_kalman_cusum,1972-01-01,1.6484432349494935,6.614388583805666,0.2492208031117885
2,lsc_kalman_cusum,1972-02-01,1.0223790081716948,6.614388583805666,0.15456893637528885
2,lsc_kalman_cusum,1972-03-01,0.6264567291265466,6.614388583805666,0.09471120742139819
2,lsc_kalman_cusum,1972-04-01,0.6819106339331555,6.614388583805666,0.10309503672081059
2,lsc_kalman_cusum,1972-05-01,0.0,6.614388583805666,0.0
2,lsc_kalman_cusum,1972-06-01,0.0,6.614388583805666,0.0
2,lsc_kalman_cusum,1972-07-01,0.0,6.614388583805666,0.0
2,lsc_kalman_cusum,1972-08-01,0.7695555316438596,6.614388583805666,0.11634567910449053
2,lsc_kalman_cusum,1972-09-01,0.41066935017397777,6.614388583805666,0.06208727306699818
2,lsc_kalman_cusum,1972-10-01,0.6549110278352472,6.614388583805666,0.09901308632497012
2,lsc_kalman_cusum,1972-11-01,0.6462620609215117,6.614388583805666,0.0977054874737458
2,lsc_kalman_cusum,1972-12-01,0.5968992202981389,6.614388583805666,0.09024253908510255
2,raw_cusum,1968-01-01,0.0,16.17883831048365,0.0
2,raw_cusum,1968-02-01,0.0,16.17883831048365,0.0
2,raw_cusum,1968-03-01,0.0,16.17883831048365,0.0
2,raw_cusum,1968-04-01,0.0,16.17883831048365,0.0
2,raw_cusum,1968-05-01,0.036320846861270684,16.17883831048365,0.0022449601240983608
2,raw_cusum,1968-06-01,0.0,16.17883831048365,0.0
2,raw_cusum,1968-07-01,0.02533324392415015,16.17883831048365,0.0015658258916979584
2,raw_cusum,1968-08-01,0.0,16.17883831048365,0.0
2,raw_cusum,1968-09-01,0.0,16.17883831048365,0.0
2,raw_cusum,1968-10-01,0.0,16.17883831048365,0.0
2,raw_cusum,1968-11-01,0.17820880745662082,16.17883831048365,0.011014932224221818
2,raw_cusum,1968-12-01,0.0,16.17883831048365,0.0
2,raw_cusum,1969-01-01,0.0,16.17883831048365,0.0
2,raw_cusum,1969-02-01,0.0,16.17883831048365,0.0
2,raw_cusum,1969-03-01,0.0,16.17883831048365,0.0
2,raw_cusum,1969-04-01,0.20514949663533744,16.17883831048365,0.012680112916537622
2,raw_cusum,1969-05-01,0.41904159666614327,16.17883831048365,0.02590059858590777
2,raw_cusum,1969-06-01,0.0,16.17883831048365,0.0
2,raw_cusum,1969-07-01,0.0,16.17883831048365,0.0
2,raw_cusum,1969-08-01,0.0,16.17883831048365,0.0
2,raw_cusum,1969-09-01,0.0,16.17883831048365,0.0
2,raw_cusum,1969-10-01,0.0,16.17883831048365,0.0
2,raw_cusum,1969-11-01,0.6892832454446094,16.17883831048365,0.04260400111656744
2,raw_cusum,1969-12-01,0.8110659366644648,16.17883831048365,0.05013128390923507
2,raw_cusum,1970-01-01,2.2715196312193164,16.17883831048365,0.14040066336205395
2,raw_cusum,1970-02-01,2.2234885157178557,16.17883831048365,0.13743190166361127
2,raw_cusum,1970-03-01,2.2290850879166886,16.17883831048365,0.13777782094974486
2,raw_cusum,1970-04-01,2.341364032806245,16.17883831048365,0.14471768540322671
2,raw_cusum,1970-05-01,2.3358671476129453,16.17883831048365,0.14437792768466806
2,raw_cusum,1970-06-01,2.5038091610091877,16.17883831048365,0.1547582782496044
2,raw_cusum,1970-07-01,2.195693318186557,16.17883831048365,0.13571390454923948
2,raw_cusum,1970-08-01,2.241877840182075,16.17883831048365,0.13856852990052884
2,raw_cusum,1970-09-01,2.717336864628251,16.17883831048365,0.16795624089199637
2,raw_cusum,1970-10-01,4.3047004636465305,16.17883831048365,0.2660698117526243
2,raw_cusum,1970-11-01,4.709785283239969,16.17883831048365,0.291107754021381
2,raw_cusum,1970-12-01,2.7072508564873123,16.17883831048365,0.16733283345399735
2,raw_cusum,1971-01-01,1.9631808999565346,16.17883831048365,0.1213425131200194
2,raw_cusum,1971-02-01,2.019647682645952,16.17883831048365,0.12483267610983233
2,raw_cusum,1971-03-01,2.0071661732097845,16.17883831048365,0.12406120480907276
2,raw_cusum,1971-04-01,1.4355526104623804,16.17883831048365,0.08873026498646466
2,raw_cusum,1971-05-01,0.90917838569852,16.17883831048365,0.056195529509024504
2,raw_cusum,1971-06-01,0.4559695605026254,16.17883831048365,0.02818308408503989
2,raw_cusum,1971-07-01,0.5959039223069931,16.17883831048365,0.03683230593390974
2,raw_cusum,1971-08-01,0.9798855232759351,16.17883831048365,0.060565876515434595
2,raw_cusum,1971-09-01,0.4517868426865953,16.17883831048365,0.027924553915211828
2,raw_cusum,1971-10-01,0.1789007660715547,16.17883831048365,0.011057701587612111
2,raw_cusum,1971-11-01,0.0,16.17883831048365,0.0
2,raw_cusum,1971-12-01,0.06329780842168997,16.17883831048365,0.003912382780948736
2,raw_cusum,1972-01-01,1.1429759535487856,16.17883831048365,0.07064635492451606
2,raw_cusum,1972-02-01,1.086102733578725,16.17883831048365,0.06713107039798688
2,raw_cusum,1972-03-01,0.7657454698105708,16.17883831048365,0.04733006505877366
2,raw_cusum,1972-04-01,0.7017351507936298,16.17883831048365,0.04337364261431031
2,raw_cusum,1972-05-01,0.0,16.17883831048365,0.0
2,raw_cusum,1972-06-01,0.0,16.17883831048365,0.0
2,raw_cusum,1972-07-01,0.0,16.17883831048365,0.0
2,raw_cusum,1972-08-01,0.26067808724994745,16.17883831048365,0.016112287065816827
2,raw_cusum,1972-09-01,0.028716508184523093,16.17883831048365,0.0017749425288412222
2,raw_cusum,1972-10-01,0.18774517915659517,16.17883831048365,0.011604367109283678
2,raw_cusum,1972-11-01,0.2740640427783041,16.17883831048365,0.01693966139711741
2,raw_cusum,1972-12-01,0.3040237883627256,16.17883831048365,0.01879144735414796
2,raw_var_cusum,1968-01-01,48.92194763798107,49.23530991885012,0.993635415692812
2,raw_var_cusum,1968-02-01,49.86239597594057,49.23530991885012,1.0127365108115298
2,raw_var_cusum,1968-03-01,50.79387553015091,49.23530991885012,1.0316554443116055
2,raw_var_cusum,1968-04-01,51.66773175778234,49.23530991885012,1.0494040119365826
2,raw_var_cusum,1968-05-01,52.33009170700436,49.23530991885012,1.0628569576032947
2,raw_var_cusum,1968-06-01,53.271963668214575,49.23530991885012,1.0819869674024127
2,raw_var_cusum,1968-07-01,53.945988651042704,49.23530991885012,1.0956768372120893
2,raw_var_cusum,1968-08-01,54.86914042412447,49.23530991885012,1.1144266282584603
2,raw_var_cusum,1968-09-01,55.8126310888604,49.23530991885012,1.1335895149406199
2,raw_var_cusum,1968-10-01,56.70933653450051,49.23530991885012,1.151802164502856
2,raw_var_cusum,1968-11-01,57.19936934798878,49.23530991885012,1.1617550380461716
2,raw_var_cusum,1968-12-01,58.131645127080105,49.23530991885012,1.1806901433725707
2,raw_var_cusum,1969-01-01,59.07006639923252,49.23530991885012,1.1997500675143935
2,raw_var_cusum,1969-02-01,60.00136665917954,49.23530991885012,1.2186653594356183
2,raw_var_cusum,1969-03-01,60.88553911802214,49.23530991885012,1.2366234561816303
2,raw_var_cusum,1969-04-01,61.33830330541707,49.23530991885012,1.2458193805729092
2,raw_var_cusum,1969-05-01,61.77866137493068,49.23530991885012,1.25476332893516
2,raw_var_cusum,1969-06-01,62.55514227841834,49.23530991885012,1.270534142702098
2,raw_var_cusum,1969-07-01,63.50324249021549,49.23530991885012,1.2897906521738534
2,raw_var_cusum,1969-08-01,64.41123497697339,49.23530991885012,1.30823254861473
2,raw_var_cusum,1969-09-01,65.18843149231326,49.23530991885012,1.324017896906857
2,raw_var_cusum,1969-10-01,65.99978648493081,49.23530991885012,1.3404970252794586
2,raw_var_cusum,1969-11-01,65.53539184703556,49.23530991885012,1.331064879149767
2,raw_var_cusum,1969-12-01,66.09877813193495,49.23530991885012,1.3425076076677345
2,raw_var_cusum,1970-01-01,63.20539944344119,49.23530991885012,1.2837412732369642
2,raw_var_cusum,1970-02-01,63.95112357088634,49.23530991885012,1.2988873976073452
2,raw_var_cusum,1970-03-01,64.64549567706713,49.23530991885012,1.3129905302437652
2,raw_var_cusum,1970-04-01,65.22061017071206,49.23530991885012,1.3246714660313705
2,raw_var_cusum,1970-05-01,65.92607684015854,49.23530991885012,1.3389999362006297
2,raw_var_cusum,1970-06-01,66.42993030689873,49.23530991885012,1.3492335158728332
2,raw_var_cusum,1970-07-01,67.34311077712306,49.23530991885012,1.367780783509199
2,raw_var_cusum,1970-08-01,67.99479324505559,49.23530991885012,1.381016862839392
2,raw_var_cusum,1970-09-01,67.9932729366821,49.23530991885012,1.380985984423556
2,raw_var_cusum,1970-10-01,64.58618614217556,49.23530991885012,1.3117859164210977
2,raw_var_cusum,1970-11-01,64.71700761151708,49.23530991885012,1.3144429824486525
2,raw_var_cusum,1970-12-01,63.409397907940146,49.23530991885012,1.2878846098958618
2,raw_var_cusum,1971-01-01,64.29982776425922,49.23530991885012,1.305969798306104
2,raw_var_cusum,1971-02-01,64.94017248402251,49.23530991885012,1.3189756008656637
2,raw_var_cusum,1971-03-01,65.65249820538088,49.23530991885012,1.3334433826777905
2,raw_var_cusum,1971-04-01,66.59736970301151,49.23530991885012,1.3526343149414033
2,raw_var_cusum,1971-05-01,67.54667410327961,49.23530991885012,1.3719152822356633
2,raw_var_cusum,1971-06-01,68.49448468924007,49.23530991885012,1.3911659092251683
2,raw_var_cusum,1971-07-01,69.03496870182211,49.23530991885012,1.4021434782396187
2,raw_var_cusum,1971-08-01,69.2035452309705,49.23530991885012,1.4055673731927782
2,raw_var_cusum,1971-09-01,69.2476470370592,49.23530991885012,1.4064631085128438
2,raw_var_cusum,1971-10-01,70.14606630286389,49.23530991885012,1.4247105668366662
2,raw_var_cusum,1971-11-01,71.09423422688096,49.23530991885012,1.4439684515860431
2,raw_var_cusum,1971-12-01,71.72692980590828,49.23530991885012,1.456818895303573
2,raw_var_cusum,1972-01-01,70.1815467637161,49.23530991885012,1.4254311972320204
2,raw_var_cusum,1972-02-01,70.9351854205364,49.23530991885012,1.4407380706540107
2,raw_var_cusum,1972-03-01,71.85291390785554,49.23530991885012,1.459377711367794
2,raw_var_cusum,1972-04-01,72.61282690593183,49.23530991885012,1.474812020592795
2,raw_var_cusum,1972-05-01,73.41433812974918,49.23530991885012,1.4910912158520186
2,raw_var_cusum,1972-06-01,74.33347303217836,49.23530991885012,1.509759421738081
2,raw_var_cusum,1972-07-01,75.04295350095626,49.23530991885012,1.5241694146871914
2,raw_var_cusum,1972-08-01,75.41432234853403,49.23530991885012,1.531712148716689
2,raw_var_cusum,1972-09-01,76.29247775343693,49.23530991885012,1.5495480353263251
2,raw_var_cusum,1972-10-01,76.80815896427372,49.23530991885012,1.5600218438935247
2,raw_var_cusum,1972-11-01,77.41438915443507,49.23530991885012,1.5723347589774461
2,raw_var_cusum,1972-12-01,78.08353182249517,49.23530991885012,1.5859254659144593
3,lsc_composite,1973-01-01,2.5503889235547166,15.460162560902061,0.16496520741667467
3,lsc_composite,1973-02-01,2.0171512198325643,15.460162560902061,0.1304741274153115
3,lsc_composite,1973-03-01,1.7743276685096396,15.460162560902061,0.11476772391752342
3,lsc_composite,1973-04-01,1.9877326451571558,15.460162560902061,0.12857126419770173
3,lsc_composite,1973-05-01,2.1005525345369773,15.460162560902061,0.13586872235413386
3,lsc_composite,1973-06-01,1.8166937843028537,15.460162560902061,0.11750806481797137
3,lsc_composite,1973-07-01,1.813489731680784,15.460162560902061,0.1173008190914502
3,lsc_composite,1973-08-01,1.6668414868459402,15.460162560902061,0.10781526263257378
3,lsc_composite,1973-09-01,1.902106010857594,15.460162560902061,0.12303273030698397
3,lsc_composite,1973-10-01,1.8895052475498244,15.460162560902061,0.12221768303577117
3,lsc_composite,1973-11-01,1.9933804926279057,15.460162560902061,0.12893658037393865
3,lsc_composite,1973-12-01,2.2617601798703073,15.460162560902061,0.1462960153853867
3,lsc_composite,1974-01-01,2.41219304295506,15.460162560902061,0.15602636993322241
3,lsc_composite,1974-02-01,2.330689557588751,15.460162560902061,0.15075453109936518
3,lsc_composite,1974-03-01,2.407062263084596,15.460162560902061,0.15569449891632642
3,lsc_composite,1974-04-01,2.6333988039103784,15.460162560902061,0.17033448345298163
3,lsc_composite,1974-05-01,2.6496409345839447,15.460162560902061,0.17138506300604803
3,lsc_composite,1974-06-01,2.985319839810418,15.460162560902061,0.19309757113163448
3,lsc_composite,1974-07-01,3.208321363759524,15.460162560902061,0.2075218388630143
3,lsc_composite,1974-08-01,3.488391201439469,15.460162560902061,0.22563742054442734
3,lsc_composite,1974-09-01,3.5385228814347056,15.460162560902061,0.22888005656444027
3,lsc_composite,1974-10-01,3.2727750087945218,15.460162560902061,0.21169085356652056
3,lsc_composite,1974-11-01,4.434386185005145,15.460162560902061,0.28682662084158644
3,lsc_composite,1974-12-01,9.676243450992253,15.460162560902061,0.6258823872565845
3,lsc_composite,1975-01-01,9.602019247045439,15.460162560902061,0.6210813896180135
3,lsc_composite,1975-02-01,9.724784070818579,15.460162560902061,0.6290221097294311
3,lsc_composite,1975-03-01,10.000470376974134,15.460162560902061,0.6468541541901246
3,lsc_composite,1975-04-01,12.98709167938658,15.460162560902061,0.8400359070111107
3,lsc_composite,1975-05-01,10.801347575170901,15.460162560902061,0.6986567917783052
3,lsc_composite,1975-06-01,11.832039633170043,15.460162560902061,0.7653243998282818
3,lsc_composite,1975-07-01,12.46154956182786,15.460162560902061,0.8060425957837251
3,lsc_composite,1975-08-01,11.826310434532264,15.460162560902061,0.7649538216655225
3,lsc_composite,1975-09-01,13.430773695142728,15.460162560902061,0.8687343126073234
3,lsc_composite,1975-10-01,12.269439393998255,15.460162560902061,0.7936164542685354
3,lsc_composite,1975-11-01,11.112701499500945,15.460162560902061,0.7187959024185414
3,lsc_composite,1975-12-01,9.680637858501465,15.460162560902061,0.62616662796181
3,lsc_composite,1976-01-01,9.817749936976254,15.460162560902061,0.6350353625520618
3,lsc_composite,1976-02-01,11.592905618097406,15.460162560902061,0.7498566442900966
3,lsc_composite,1976-03-01,9.250935786196683,15.460162560902061,0.5983724782811672
3,lsc_composite,1976-04-01,9.838970971132253,15.460162560902061,0.6364079893968576
3,lsc_composite,1976-05-01,10.415087818487883,15.460162560902061,0.6736725941567454
3,lsc_composite,1976-06-01,11.006143296564698,15.460162560902061,0.7119034649996926
3,lsc_composite,1976-07-01,9.055628496564651,15.460162560902061,0.5857395393413172
3,lsc_composite,1976-08-01,10.834517986034784,15.460162560902061,0.7008023326633519
3,lsc_composite,1976-09-01,11.249630521256886,15.460162560902061,0.7276527964658412
3,lsc_composite,1976-10-01,10.297304463097781,15.460162560902061,0.6660540872409144
3,lsc_composite,1976-11-01,11.142919997829159,15.460162560902061,0.7207505065961608
3,lsc_composite,1976-12-01,10.721170739193434,15.460162560902061,0.6934707637749368
3,lsc_composite,1977-01-01,10.262081776279771,15.460162560902061,0.6637758002772906
3,lsc_composite,1977-02-01,10.737836628372687,15.460162560902061,0.6945487530336913
3,lsc_composite,1977-03-01,11.233438395394938,15.460162560902061,0.7266054513426471
3,lsc_composite,1977-04-01,11.263889998521975,15.460162560902061,0.7285751332917909
3,lsc_composite,1977-05-01,10.986136815757941,15.460162560902061,0.7106093983475507
3,lsc_composite,1977-06-01,12.563321580041064,15.460162560902061,0.8126254514175061
3,lsc_composite,1977-07-01,13.595759407277985,15.460162560902061,0.879405979964334
3,lsc_composite,1977-08-01,10.856345553464736,15.460162560902061,0.7022141915195551
3,lsc_composite,1977-09-01,13.066154533290847,15.460162560902061,0.8451498800106064
3,lsc_composite,1977-10-01,9.147124110186057,15.460162560902061,0.5916576927411263
3,lsc_composite,1977-11-01,9.031317354563273,15.460162560902061,0.5841670369885372
3,lsc_composite,1977-12-01,8.431001891875878,15.460162560902061,0.5453372083678757
3,lsc_tail_cusum,1973-01-01,0.9599999999999997,6.006000000000002,0.15984015984015976
3,lsc_tail_cusum,1973-02-01,1.0399999999999998,6.006000000000002,0.17316017316017307
3,lsc_tail_cusum,1973-03-01,1.1199999999999999,6.006000000000002,0.1864801864801864
3,lsc_tail_cusum,1973-04-01,1.2,6.006000000000002,0.19980019980019972
3,lsc_tail_cusum,1973-05-01,1.28,6.006000000000002,0.21312021312021306
3,lsc_tail_cusum,1973-06-01,1.36,6.006000000000002,0.22644022644022638
3,lsc_tail_cusum,1973-07-01,1.4400000000000002,6.006000000000002,0.23976023976023972
3,lsc_tail_cusum,1973-08-01,1.5200000000000002,6.006000000000002,0.25308025308025306
3,lsc_tail_cusum,1973-09-01,1.6000000000000003,6.006000000000002,0.2664002664002664
3,lsc_tail_cusum,1973-10-01,1.6800000000000004,6.006000000000002,0.2797202797202797
3,lsc_tail_cusum,1973-11-01,1.7600000000000005,6.006000000000002,0.293040293040293
3,lsc_tail_cusum,1973-12-01,1.8400000000000005,6.006000000000002,0.30636030636030637
3,lsc_tail_cusum,1974-01-01,1.9200000000000006,6.006000000000002,0.3196803196803197
3,lsc_tail_cusum,1974-02-01,2.0000000000000004,6.006000000000002,0.33300033300033294
3,lsc_tail_cusum,1974-03-01,2.0800000000000005,6.006000000000002,0.3463203463203463
3,lsc_tail_cusum,1974-04-01,2.1600000000000006,6.006000000000002,0.3596403596403596
3,lsc_tail_cusum,1974-05-01,2.2400000000000007,6.006000000000002,0.37296037296037293
3,lsc_tail_cusum,1974-06-01,2.3200000000000007,6.006000000000002,0.38628038628038625
3,lsc_tail_cusum,1974-07-01,2.400000000000001,6.006000000000002,0.3996003996003996
3,lsc_tail_cusum,1974-08-01,2.480000000000001,6.006000000000002,0.4129204129204129
3,lsc_tail_cusum,1974-09-01,2.560000000000001,6.006000000000002,0.42624042624042624
3,lsc_tail_cusum,1974-10-01,2.640000000000001,6.006000000000002,0.4395604395604396
3,lsc_tail_cusum,1974-11-01,1.720000000000001,6.006000000000002,0.28638028638028645
3,lsc_tail_cusum,1974-12-01,1.7,6.006000000000002,0.28305028305028296
3,lsc_tail_cusum,1975-01-01,1.5499999999999998,6.006000000000002,0.25807525807525794
3,lsc_tail_cusum,1975-02-01,2.4,6.006000000000002,0.39960039960039945
3,lsc_tail_cusum,1975-03-01,2.25,6.006000000000002,0.3746253746253745
3,lsc_tail_cusum,1975-04-01,3.1,6.006000000000002,0.516150516150516
3,lsc_tail_cusum,1975-05-01,2.95,6.006000000000002,0.49117549117549103
3,lsc_tail_cusum,1975-06-01,3.8000000000000003,6.006000000000002,0.6327006327006325
3,lsc_tail_cusum,1975-07-01,4.650000000000001,6.006000000000002,0.7742257742257742
3,lsc_tail_cusum,1975-08-01,5.500000000000002,6.006000000000002,0.9157509157509157
3,lsc_tail_cusum,1975-09-01,6.350000000000002,6.006000000000002,1.0572760572760573
3,lsc_tail_cusum,1975-10-01,6.200000000000003,6.006000000000002,1.0323010323010324
3,lsc_tail_cusum,1975-11-01,6.050000000000003,6.006000000000002,1.0073260073260075
3,lsc_tail_cusum,1975-12-01,6.900000000000004,6.006000000000002,1.148851148851149
3,lsc_tail_cusum,1976-01-01,6.750000000000004,6.006000000000002,1.1238761238761243
3,lsc_tail_cusum,1976-02-01,6.600000000000005,6.006000000000002,1.0989010989010994
3,lsc_tail_cusum,1976-03-01,6.4500000000000055,6.006000000000002,1.0739260739260745
3,lsc_tail_cusum,1976-04-01,6.300000000000006,6.006000000000002,1.0489510489510496
3,lsc_tail_cusum,1976-05-01,6.150000000000007,6.006000000000002,1.0239760239760247
3,lsc_tail_cusum,1976-06-01,6.000000000000007,6.006000000000002,0.9990009990009998
3,lsc_tail_cusum,1976-07-01,5.850000000000008,6.006000000000002,0.974025974025975
3,lsc_tail_cusum,1976-08-01,5.700000000000008,6.006000000000002,0.9490509490509501
3,lsc_tail_cusum,1976-09-01,5.550000000000009,6.006000000000002,0.9240759240759252
3,lsc_tail_cusum,1976-10-01,5.400000000000009,6.006000000000002,0.8991008991009003
3,lsc_tail_cusum,1976-11-01,5.25000000000001,6.006000000000002,0.8741258741258755
3,lsc_tail_cusum,1976-12-01,5.10000000000001,6.006000000000002,0.8491508491508506
3,lsc_tail_cusum,1977-01-01,5.950000000000011,6.006000000000002,0.9906759906759921
3,lsc_tail_cusum,1977-02-01,6.800000000000011,6.006000000000002,1.1322011322011336
3,lsc_tail_cusum,1977-03-01,6.650000000000012,6.006000000000002,1.107226107226109
3,lsc_tail_cusum,1977-04-01,6.500000000000012,6.006000000000002,1.082251082251084
3,lsc_tail_cusum,1977-05-01,6.350000000000013,6.006000000000002,1.0572760572760591
3,lsc_tail_cusum,1977-06-01,6.2000000000000135,6.006000000000002,1.0323010323010342
3,lsc_tail_cusum,1977-07-01,6.050000000000014,6.006000000000002,1.0073260073260093
3,lsc_tail_cusum,1977-08-01,5.900000000000015,6.006000000000002,0.9823509823509845
3,lsc_tail_cusum,1977-09-01,5.750000000000015,6.006000000000002,0.9573759573759596
3,lsc_tail_cusum,1977-10-01,5.600000000000016,6.006000000000002,0.9324009324009347
3,lsc_tail_cusum,1977-11-01,5.450000000000016,6.006000000000002,0.9074259074259098
3,lsc_tail_cusum,1977-12-01,5.300000000000017,6.006000000000002,0.882450882450885
3,lsc_kalman_cusum,1973-01-01,0.5264347422899529,9.901413038799625,0.05316763781361999
3,lsc_kalman_cusum,1973-02-01,0.9190062639473195,9.901413038799625,0.09281566785933548
3,lsc_kalman_cusum,1973-03-01,0.5584604316538486,9.901413038799625,0.056402094273359626
3,lsc_kalman_cusum,1973-04-01,1.2037351178118187,9.901413038799625,0.12157205371545139
3,lsc_kalman_cusum,1973-05-01,0.5533662697561224,9.901413038799625,0.05588760589904736
3,lsc_kalman_cusum,1973-06-01,0.6410246578687837,9.901413038799625,0.06474072492046012
3,lsc_kalman_cusum,1973-07-01,0.3318549585769356,9.901413038799625,0.03351591911947623
3,lsc_kalman_cusum,1973-08-01,0.6422054293921784,9.901413038799625,0.06485997775020955
3,lsc_kalman_cusum,1973-09-01,0.07299286470062494,9.901413038799625,0.007371964427157567
3,lsc_kalman_cusum,1973-10-01,0.1344349402160977,9.901413038799625,0.013577348979312514
3,lsc_kalman_cusum,1973-11-01,0.0,9.901413038799625,0.0
3,lsc_kalman_cusum,1973-12-01,0.5096031137090313,9.901413038799625,0.051467715942371386
3,lsc_kalman_cusum,1974-01-01,1.3612392530643078,9.901413038799625,0.1374792918677529
3,lsc_kalman_cusum,1974-02-01,1.5448491932540884,9.901413038799625,0.15602310369241748
3,lsc_kalman_cusum,1974-03-01,1.192323556377902,9.901413038799625,0.12041953524266377
3,lsc_kalman_cusum,1974-04-01,1.2127564885166873,9.901413038799625,0.12248317323642455
3,lsc_kalman_cusum,1974-05-01,0.5101138466216852,9.901413038799625,0.05151929776313298
3,lsc_kalman_cusum,1974-06-01,0.0,9.901413038799625,0.0
3,lsc_kalman_cusum,1974-07-01,0.0,9.901413038799625,0.0
3,lsc_kalman_cusum,1974-08-01,1.0835967277590017,9.901413038799625,0.10943859462410319
3,lsc_kalman_cusum,1974-09-01,0.4999482539344051,9.901413038799625,0.05049261675836676
3,lsc_kalman_cusum,1974-10-01,0.2961252814017188,9.901413038799625,0.029907375870628146
3,lsc_kalman_cusum,1974-11-01,4.181053003661245,9.901413038799625,0.4222683153684623
3,lsc_kalman_cusum,1974-12-01,7.868688064346257,9.901413038799625,0.7947035472121058
3,lsc_kalman_cusum,1975-01-01,7.9077766033947565,9.901413038799625,0.7986513210192712
3,lsc_kalman_cusum,1975-02-01,9.127440060587679,9.901413038799625,0.921832068293782
3,lsc_kalman_cusum,1975-03-01,8.516812820507962,9.901413038799625,0.8601613514287328
3,lsc_kalman_cusum,1975-04-01,6.132213704101957,9.901413038799625,0.619327128367668
3,lsc_kalman_cusum,1975-05-01,4.80867457575445,9.901413038799625,0.4856553864495101
3,lsc_kalman_cusum,1975-06-01,3.17138537261827,9.901413038799625,0.3202962405659572
3,lsc_kalman_cusum,1975-07-01,4.884174690463786,9.901413038799625,0.4932805723107081
3,lsc_kalman_cusum,1975-08-01,6.172656582531505,9.901413038799625,0.6234116846093952
3,lsc_kalman_cusum,1975-09-01,7.59899826802145,9.901413038799625,0.7674660412856282
3,lsc_kalman_cusum,1975-10-01,7.607132710369873,9.901413038799625,0.7682875848690084
3,lsc_kalman_cusum,1975-11-01,7.133787810854177,9.901413038799625,0.7204817921340877
3,lsc_kalman_cusum,1975-12-01,8.300609147156344,9.901413038799625,0.838325713171405
3,lsc_kalman_cusum,1976-01-01,9.165964120807518,9.901413038799625,0.9257228321745411
3,lsc_kalman_cusum,1976-02-01,9.390859933346018,9.901413038799625,0.9484363389899042
3,lsc_kalman_cusum,1976-03-01,8.501114677619185,9.901413038799625,0.8585759067222791
3,lsc_kalman_cusum,1976-04-01,8.056185017364049,9.901413038799625,0.8136399305629535
3,lsc_kalman_cusum,1976-05-01,7.520294783186557,9.901413038799625,0.7595173288618069
3,lsc_kalman_cusum,1976-06-01,6.569762782824988,9.901413038799625,0.6635176976337367
3,lsc_kalman_cusum,1976-07-01,6.321462153762526,9.901413038799625,0.6384404053230864
3,lsc_kalman_cusum,1976-08-01,6.204363869192779,9.901413038799625,0.6266139837698308
3,lsc_kalman_cusum,1976-09-01,5.584999867162023,9.901413038799625,0.5640608916400792
3,lsc_kalman_cusum,1976-10-01,4.49017696068841,9.901413038799625,0.45348850139805563
3,lsc_kalman_cusum,1976-11-01,5.565559573059263,9.901413038799625,0.5620975058054937
3,lsc_kalman_cusum,1976-12-01,5.832922302724757,9.901413038799625,0.5890999880388686
3,lsc_kalman_cusum,1977-01-01,3.614413331981318,9.901413038799625,0.3650401531395465
3,lsc_kalman_cusum,1977-02-01,4.710162389024137,9.901413038799625,0.4757060805934385
3,lsc_kalman_cusum,1977-03-01,5.183611210144303,9.901413038799625,0.5235223689620695
3,lsc_kalman_cusum,1977-04-01,5.108491898753918,9.901413038799625,0.5159356425932147
3,lsc_kalman_cusum,1977-05-01,4.7588007812604625,9.901413038799625,0.4806183483723637
3,lsc_kalman_cusum,1977-06-01,4.39070245203201,9.901413038799625,0.4434420051791221
3,lsc_kalman_cusum,1977-07-01,3.1525569724450277,9.901413038799625,0.31839465337840517
3,lsc_kalman_cusum,1977-08-01,2.0009934154631277,9.901413038799625,0.2020917022269494
3,lsc_kalman_cusum,1977-09-01,1.3798698592357832,9.901413038799625,0.13936090271445423
3,lsc_kalman_cusum,1977-10-01,0.426558685219695,9.901413038799625,0.04308058693725677
3,lsc_kalman_cusum,1977-11-01,0.0,9.901413038799625,0.0
3,lsc_kalman_cusum,1977-12-01,0.0,9.901413038799625,0.0
3,raw_cusum,1973-01-01,0.0,53.448873315890204,0.0
3,raw_cusum,1973-02-01,0.777736146528075,53.448873315890204,0.014551029765053179
3,raw_cusum,1973-03-01,0.011841422029652326,53.448873315890204,0.00022154670987483481
3,raw_cusum,1973-04-01,0.2796670965066058,53.448873315890204,0.0052324226715450995
3,raw_cusum,1973-05-01,0.0,53.448873315890204,0.0
3,raw_cusum,1973-06-01,0.0,53.448873315890204,0.0
3,raw_cusum,1973-07-01,0.0,53.448873315890204,0.0
3,raw_cusum,1973-08-01,0.2540007441001727,53.448873315890204,0.004752218865288204
3,raw_cusum,1973-09-01,0.0,53.448873315890204,0.0
3,raw_cusum,1973-10-01,0.024294589892810747,53.448873315890204,0.00045453885901815694
3,raw_cusum,1973-11-01,0.0,53.448873315890204,0.0
3,raw_cusum,1973-12-01,0.45109832559277196,53.448873315890204,0.008439809814637602
3,raw_cusum,1974-01-01,1.389732228226638,53.448873315890204,0.02600115104416007
3,raw_cusum,1974-02-01,1.8794359690746623,53.448873315890204,0.035163247651020385
3,raw_cusum,1974-03-01,1.9497902187564948,53.448873315890204,0.03647953825393037
3,raw_cusum,1974-04-01,2.40652933738318,53.448873315890204,0.04502488430692
3,raw_cusum,1974-05-01,1.4516514050793754,53.448873315890204,0.027159625919519682
3,raw_cusum,1974-06-01,1.7576110786988846,53.448873315890204,0.03288396872860464
3,raw_cusum,1974-07-01,1.5521443641713661,53.448873315890204,0.02903979575019251
3,raw_cusum,1974-08-01,3.0213776277396818,53.448873315890204,0.05652836889344559
3,raw_cusum,1974-09-01,3.09718793413327,53.448873315890204,0.05794673941634771
3,raw_cusum,1974-10-01,3.5287568317846176,53.448873315890204,0.06602116401835412
3,raw_cusum,1974-11-01,7.975594589009511,53.448873315890204,0.14921913399133127
3,raw_cusum,1974-12-01,12.849890466119911,53.448873315890204,0.24041461810009143
3,raw_cusum,1975-01-01,14.75650754705913,53.448873315890204,0.276086409901405
3,raw_cusum,1975-02-01,17.861312065677566,53.448873315890204,0.33417565156359336
3,raw_cusum,1975-03-01,19.40376573406914,53.448873315890204,0.36303413954846553
3,raw_cusum,1975-04-01,19.17495588098542,53.448873315890204,0.3587532288596392
3,raw_cusum,1975-05-01,19.680328618367437,53.448873315890204,0.3682084840601594
3,raw_cusum,1975-06-01,18.936774103819623,53.448873315890204,0.35429697445446007
3,raw_cusum,1975-07-01,17.650893706845647,53.448873315890204,0.3302388359531254
3,raw_cusum,1975-08-01,16.44829352574088,53.448873315890204,0.3077388260090947
3,raw_cusum,1975-09-01,14.849131055622083,53.448873315890204,0.27781934649700984
3,raw_cusum,1975-10-01,14.351700760985084,53.448873315890204,0.2685126901771073
3,raw_cusum,1975-11-01,14.251865953065272,53.448873315890204,0.26664483400491495
3,raw_cusum,1975-12-01,12.556814470961005,53.448873315890204,0.23493132206451764
3,raw_cusum,1976-01-01,10.921578713451126,53.448873315890204,0.20433693052617014
3,raw_cusum,1976-02-01,9.723022547704879,53.448873315890204,0.18191258195922066
3,raw_cusum,1976-03-01,9.51652976533506,53.448873315890204,0.17804921179705804
3,raw_cusum,1976-04-01,8.945929700977683,53.448873315890204,0.16737358799138768
3,raw_cusum,1976-05-01,8.46766094414396,53.448873315890204,0.1584254338552455
3,raw_cusum,1976-06-01,8.40918444827333,53.448873315890204,0.1573313697105249
3,raw_cusum,1976-07-01,7.743225158037365,53.448873315890204,0.14487162549290492
3,raw_cusum,1976-08-01,6.923876401930506,53.448873315890204,0.1295420459288158
3,raw_cusum,1976-09-01,6.548845798629988,53.448873315890204,0.12252542275167162
3,raw_cusum,1976-10-01,6.6641198169765765,53.448873315890204,0.12468213834163931
3,raw_cusum,1976-11-01,4.76469012745344,53.448873315890204,0.08914481881205362
3,raw_cusum,1976-12-01,3.436247752020105,53.448873315890204,0.06429036832472422
3,raw_cusum,1977-01-01,4.428565137911972,53.448873315890204,0.0828560989815172
3,raw_cusum,1977-02-01,2.4575485263736025,53.448873315890204,0.04597942620509795
3,raw_cusum,1977-03-01,1.5534450705403167,53.448873315890204,0.029064131274746285
3,raw_cusum,1977-04-01,1.726496351208529,53.448873315890204,0.03230182872152791
3,raw_cusum,1977-05-01,1.676333133127331,53.448873315890204,0.031363301583926216
3,raw_cusum,1977-06-01,1.6121974373882195,53.448873315890204,0.03016335681876605
3,raw_cusum,1977-07-01,0.7035304318470947,53.448873315890204,0.013162680299903293
3,raw_cusum,1977-08-01,0.0,53.448873315890204,0.0
3,raw_cusum,1977-09-01,0.0,53.448873315890204,0.0
3,raw_cusum,1977-10-01,0.0,53.448873315890204,0.0
3,raw_cusum,1977-11-01,0.0,53.448873315890204,0.0
3,raw_cusum,1977-12-01,0.0,53.448873315890204,0.0
3,raw_var_cusum,1973-01-01,16.940528376737184,112.17810599004416,0.15101456944049904
3,raw_var_cusum,1973-02-01,17.523138036881598,112.17810599004416,0.1562081823563395
3,raw_var_cusum,1973-03-01,16.735119678186933,112.17810599004416,0.14918347506840757
3,raw_var_cusum,1973-04-01,16.27467594457292,112.17810599004416,0.14507889753475872
3,raw_var_cusum,1973-05-01,15.321494085469338,112.17810599004416,0.136581857486782
3,raw_var_cusum,1973-06-01,14.431176421838916,112.17810599004416,0.12864521373822882
3,raw_var_cusum,1973-07-01,13.393697143229954,112.17810599004416,0.11939671315558358
3,raw_var_cusum,1973-08-01,12.912214265333567,112.17810599004416,0.11510458436942704
3,raw_var_cusum,1973-09-01,12.077378701495437,112.17810599004416,0.10766252999999223
3,raw_var_cusum,1973-10-01,11.302263518486306,112.17810599004416,0.10075284672295488
3,raw_var_cusum,1973-11-01,10.342885697109004,112.17810599004416,0.09220057341694589
3,raw_var_cusum,1973-12-01,10.38829767216363,112.17810599004416,0.09260539372170888
3,raw_var_cusum,1974-01-01,11.126784585392004,112.17810599004416,0.09918855811649654
3,raw_var_cusum,1974-02-01,11.056298080040577,112.17810599004416,0.09856021353241448
3,raw_var_cusum,1974-03-01,10.331602050170702,112.17810599004416,0.09209998652578101
3,raw_var_cusum,1974-04-01,10.196951791281268,112.17810599004416,0.09089966086774767
3,raw_var_cusum,1974-05-01,10.641549027169827,112.17810599004416,0.0948629764538391
3,raw_var_cusum,1974-06-01,10.94197803166896,112.17810599004416,0.09754111941094873
3,raw_var_cusum,1974-07-01,11.805228175417744,112.17810599004416,0.10523647258285375
3,raw_var_cusum,1974-08-01,10.818066222674252,112.17810599004416,0.09643652054202412
3,raw_var_cusum,1974-09-01,10.09962373162333,112.17810599004416,0.09003204005351699
3,raw_var_cusum,1974-10-01,9.917444342694676,112.17810599004416,0.08840802093391426
3,raw_var_cusum,1974-11-01,33.33864813900048,112.17810599004416,0.29719389398461854
3,raw_var_cusum,1974-12-01,61.17170431372634,112.17810599004416,0.5453087638968993
3,raw_var_cusum,1975-01-01,65.91351008799474,112.17810599004416,0.5875790958161174
3,raw_var_cusum,1975-02-01,77.85812570544664,112.17810599004416,0.6940581231809759
3,raw_var_cusum,1975-03-01,80.97974269297283,112.17810599004416,0.7218854515172489
3,raw_var_cusum,1975-04-01,80.00328678875731,112.17810599004416,0.7131809374269309
3,raw_var_cusum,1975-05-01,79.96406112982832,112.17810599004416,0.7128312643906215
3,raw_var_cusum,1975-06-01,78.97337993138494,112.17810599004416,0.7039999404018629
3,raw_var_cusum,1975-07-01,78.54098792973292,112.17810599004416,0.7001454271005739
3,raw_var_cusum,1975-08-01,77.98463494422137,112.17810599004416,0.6951858765661681
3,raw_var_cusum,1975-09-01,78.14279307993903,112.17810599004416,0.6965957607349355
3,raw_var_cusum,1975-10-01,77.09279968332469,112.17810599004416,0.6872357043554176
3,raw_var_cusum,1975-11-01,76.20293186427726,112.17810599004416,0.6793030706993778
3,raw_var_cusum,1975-12-01,76.58107990915687,112.17810599004416,0.6826740319180773
3,raw_var_cusum,1976-01-01,76.8198401342859,112.17810599004416,0.6848024349876587
3,raw_var_cusum,1976-02-01,76.257820850988,112.17810599004416,0.679792372833928
3,raw_var_cusum,1976-03-01,75.29396733778901,112.17810599004416,0.6712002014410136
3,raw_var_cusum,1976-04-01,74.24895170687628,112.17810599004416,0.6618845188335226
3,raw_var_cusum,1976-05-01,73.19942395380583,112.17810599004416,0.6525286133847037
3,raw_var_cusum,1976-06-01,72.34436695850451,112.17810599004416,0.6449062971782131
3,raw_var_cusum,1976-07-01,71.32190944452013,112.17810599004416,0.635791706546106
3,raw_var_cusum,1976-08-01,70.37389307254713,112.17810599004416,0.6273407136932124
3,raw_var_cusum,1976-09-01,69.33951042265856,112.17810599004416,0.6181198176836081
3,raw_var_cusum,1976-10-01,68.66807254031093,112.17810599004416,0.6121343548660488
3,raw_var_cusum,1976-11-01,69.57647599622976,112.17810599004416,0.62023222251947
3,raw_var_cusum,1976-12-01,69.21279276564339,112.17810599004416,0.616990206375797
3,raw_var_cusum,1977-01-01,70.38980394587853,112.17810599004416,0.6274825495103799
3,raw_var_cusum,1977-02-01,71.50369381730036,112.17810599004416,0.6374122043355441
3,raw_var_cusum,1977-03-01,71.62534518615769,112.17810599004416,0.6384966527471453
3,raw_var_cusum,1977-04-01,71.02834321256681,112.17810599004416,0.6331747410574983
3,raw_var_cusum,1977-05-01,70.18069634293387,112.17810599004416,0.6256184816417067
3,raw_var_cusum,1977-06-01,69.3206740346627,112.17810599004416,0.6179519026717649
3,raw_var_cusum,1977-07-01,68.43768275608065,112.17810599004416,0.6100805692169068
3,raw_var_cusum,1977-08-01,67.58712220362062,112.17810599004416,0.6024983360801172
3,raw_var_cusum,1977-09-01,66.53859307369325,112.17810599004416,0.5931513327529221
3,raw_var_cusum,1977-10-01,65.64177049366407,112.17810599004416,0.5851567016070837
3,raw_var_cusum,1977-11-01,64.70440320292408,112.17810599004416,0.5768006388757055
3,raw_var_cusum,1977-12-01,63.77134143049668,112.17810599004416,0.5684829572372742
4,lsc_composite,1978-01-01,1.968216020381103,9.758292313202212,0.20169676795992877
4,lsc_composite,1978-02-01,2.47325243311293,9.758292313202212,0.2534513574436391
4,lsc_composite,1978-03-01,3.139434042166194,9.758292313202212,0.321719614600885
4,lsc_composite,1978-04-01,4.324913351881676,9.758292313202212,0.4432039144831114
4,lsc_composite,1978-05-01,3.5228168358410046,9.758292313202212,0.36100751266437336
4,lsc_composite,1978-06-01,2.8309077423236633,9.758292313202212,0.29010278145630713
4,lsc_composite,1978-07-01,2.9115664038216647,9.758292313202212,0.2983684348010913
4,lsc_composite,1978-08-01,2.4774892403675333,9.758292313202212,0.2538855325142989
4,lsc_composite,1978-09-01,2.182398780206614,9.758292313202212,0.2236455631949043
4,lsc_composite,1978-10-01,1.8206621759941817,9.758292313202212,0.18657590053240844
4,lsc_composite,1978-11-01,1.7478506654970054,9.758292313202212,0.179114399261467
4,lsc_composite,1978-12-01,1.7320062043994346,9.758292313202212,0.17749070726813182
4,lsc_composite,1979-01-01,1.835714684921087,9.758292313202212,0.1881184356854639
4,lsc_composite,1979-02-01,2.004911032282958,9.758292313202212,0.2054571607340015
4,lsc_composite,1979-03-01,1.8822002372595714,9.758292313202212,0.19288213314875807
4,lsc_composite,1979-04-01,1.735085160642399,9.758292313202212,0.17780622930253517
4,lsc_composite,1979-05-01,2.567742817410977,9.758292313202212,0.2631344435067825
4,lsc_composite,1979-06-01,1.834381785623256,9.758292313202212,0.18798184423533612
4,lsc_composite,1979-07-01,1.8175618554257909,9.758292313202212,0.18625818914716982
4,lsc_composite,1979-08-01,2.037228768140117,9.758292313202212,0.2087689836247173
4,lsc_composite,1979-09-01,2.063414404371704,9.758292313202212,0.2114524076697379
4,lsc_composite,1979-10-01,2.086906438794141,9.758292313202212,0.21385979962607993
4,lsc_composite,1979-11-01,1.1313616094294008,9.758292313202212,0.11593848320148765
4,lsc_composite,1979-12-01,1.2623926533889553,9.758292313202212,0.12936614449241657
4,lsc_composite,1980-01-01,0.9459866300736756,9.758292313202212,0.096941821346531
4,lsc_composite,1980-02-01,0.89645572032168,9.758292313202212,0.09186604495428416
4,lsc_composite,1980-03-01,0.7946583475546686,9.758292313202212,0.08143416102421502
4,lsc_composite,1980-04-01,1.8586077311433378,9.758292313202212,0.190464445160019
4,lsc_composite,1980-05-01,2.37771382604777,9.758292313202212,0.24366085271199633
4,lsc_composite,1980-06-01,1.9590323138275334,9.758292313202212,0.20075564975411883
4,lsc_composite,1980-07-01,1.8986399222876746,9.758292313202212,0.19456682187301996
4,lsc_composite,1980-08-01,1.7204182063556048,9.758292313202212,0.17630320461173443
4,lsc_composite,1980-09-01,2.1416520188566044,9.758292313202212,0.21946995950911571
4,lsc_composite,1980-10-01,2.4494454879327168,9.758292313202212,0.251011694394398
4,lsc_composite,1980-11-01,3.012281176982909,9.758292313202212,0.308689377229203
4,lsc_composite,1980-12-01,1.8273842990864866,9.758292313202212,0.18726476318137933
4,lsc_composite,1981-01-01,1.7490827012133037,9.758292313202212,0.17924065451973914
4,lsc_composite,1981-02-01,1.884826546678782,9.758292313202212,0.1931512693187883
4,lsc_composite,1981-03-01,1.738361563584143,9.758292313202212,0.17814198507173992
4,lsc_composite,1981-04-01,1.725600073988328,9.758292313202212,0.17683422658426876
4,lsc_composite,1981-05-01,2.1013552133626128,9.758292313202212,0.21534046592554337
4,lsc_composite,1981-06-01,1.6346915759569376,9.758292313202212,0.16751820128869543
4,lsc_composite,1981-07-01,1.4840552218543204,9.758292313202212,0.1520814476777365
4,lsc_composite,1981-08-01,1.508257689780922,9.758292313202212,0.1545616426903267
4,lsc_composite,1981-09-01,1.8849647047661662,9.758292313202212,0.19316542733772746
4,lsc_composite,1981-10-01,1.855288147343534,9.758292313202212,0.19012426434833002
4,lsc_composite,1981-11-01,2.0246530986326032,9.758292313202212,0.20748026741250666
4,lsc_composite,1981-12-01,1.953863345772782,9.758292313202212,0.20022594969094712
4,lsc_composite,1982-01-01,3.1928757435737003,9.758292313202212,0.32719615698066223
4,lsc_composite,1982-02-01,4.381212714355674,9.758292313202212,0.44897330124331625
4,lsc_composite,1982-03-01,3.817228463106577,9.758292313202212,0.3911779172614212
4,lsc_composite,1982-04-01,4.3785221284039855,9.758292313202212,0.44869757821050155
4,lsc_composite,1982-05-01,4.6380224916831345,9.758292313202212,0.4752903830733017
4,lsc_composite,1982-06-01,4.610545597317361,9.758292313202212,0.4724746348374552
4,lsc_composite,1982-07-01,4.744896102170726,9.758292313202212,0.4862424643450422
4,lsc_composite,1982-08-01,4.534837056205651,9.758292313202212,0.46471625471501493
4,lsc_composite,1982-09-01,3.782880190454122,9.758292313202212,0.38765801116002424
4,lsc_composite,1982-10-01,3.8087295554036125,9.758292313202212,0.3903069751508363
4,lsc_composite,1982-11-01,3.4832098195468193,9.758292313202212,0.3569487065717745
4,lsc_composite,1982-12-01,3.483328369139133,9.758292313202212,0.35696085517201204
4,lsc_tail_cusum,1978-01-01,1.749999999999999,5.669999999999999,0.30864197530864185
4,lsc_tail_cusum,1978-02-01,1.5999999999999988,5.669999999999999,0.28218694885361534
4,lsc_tail_cusum,1978-03-01,2.449999999999999,5.669999999999999,0.43209876543209863
4,lsc_tail_cusum,1978-04-01,2.299999999999999,5.669999999999999,0.4056437389770722
4,lsc_tail_cusum,1978-05-01,2.149999999999999,5.669999999999999,0.3791887125220457
4,lsc_tail_cusum,1978-06-01,1.999999999999999,5.669999999999999,0.35273368606701927
4,lsc_tail_cusum,1978-07-01,1.8499999999999988,5.669999999999999,0.32627865961199276
4,lsc_tail_cusum,1978-08-01,1.6999999999999986,5.669999999999999,0.2998236331569663
4,lsc_tail_cusum,1978-09-01,1.5499999999999985,5.669999999999999,0.2733686067019398
4,lsc_tail_cusum,1978-10-01,1.3999999999999984,5.669999999999999,0.24691358024691334
4,lsc_tail_cusum,1978-11-01,1.2499999999999982,5.669999999999999,0.22045855379188684
4,lsc_tail_cusum,1978-12-01,1.099999999999998,5.669999999999999,0.19400352733686035
4,lsc_tail_cusum,1979-01-01,0.9499999999999981,5.669999999999999,0.1675485008818339
4,lsc_tail_cusum,1979-02-01,0.8799999999999998,5.669999999999999,0.15520282186948853
4,lsc_tail_cusum,1979-03-01,0.9599999999999997,5.669999999999999,0.1693121693121693
4,lsc_tail_cusum,1979-04-01,1.499999999999998,5.669999999999999,0.26455026455026426
4,lsc_tail_cusum,1979-05-01,2.3499999999999983,5.669999999999999,0.41446208112874755
4,lsc_tail_cusum,1979-06-01,2.1999999999999984,5.669999999999999,0.3880070546737211
4,lsc_tail_cusum,1979-07-01,2.0499999999999985,5.669999999999999,0.3615520282186947
4,lsc_tail_cusum,1979-08-01,1.8999999999999984,5.669999999999999,0.3350970017636682
4,lsc_tail_cusum,1979-09-01,1.7499999999999982,5.669999999999999,0.30864197530864174
4,lsc_tail_cusum,1979-10-01,1.599999999999998,5.669999999999999,0.2821869488536152
4,lsc_tail_cusum,1979-11-01,1.449999999999998,5.669999999999999,0.2557319223985888
4,lsc_tail_cusum,1979-12-01,1.2999999999999978,5.669999999999999,0.22927689594356226
4,lsc_tail_cusum,1980-01-01,1.1499999999999977,5.669999999999999,0.20282186948853578
4,lsc_tail_cusum,1980-02-01,0.9999999999999976,5.669999999999999,0.1763668430335093
4,lsc_tail_cusum,1980-03-01,0.8499999999999975,5.669999999999999,0.14991181657848285
4,lsc_tail_cusum,1980-04-01,1.6999999999999973,5.669999999999999,0.2998236331569661
4,lsc_tail_cusum,1980-05-01,2.5499999999999976,5.669999999999999,0.4497354497354494
4,lsc_tail_cusum,1980-06-01,2.3999999999999977,5.669999999999999,0.4232804232804229
4,lsc_tail_cusum,1980-07-01,2.249999999999998,5.669999999999999,0.3968253968253965
4,lsc_tail_cusum,1980-08-01,2.099999999999998,5.669999999999999,0.3703703703703701
4,lsc_tail_cusum,1980-09-01,2.949999999999998,5.669999999999999,0.5202821869488533
4,lsc_tail_cusum,1980-10-01,2.799999999999998,5.669999999999999,0.4938271604938269
4,lsc_tail_cusum,1980-11-01,2.649999999999998,5.669999999999999,0.46737213403880046
4,lsc_tail_cusum,1980-12-01,2.4999999999999982,5.669999999999999,0.440917107583774
4,lsc_tail_cusum,1981-01-01,3.3499999999999983,5.669999999999999,0.5908289241622573
4,lsc_tail_cusum,1981-02-01,3.1999999999999984,5.669999999999999,0.5643738977072309
4,lsc_tail_cusum,1981-03-01,3.0499999999999985,5.669999999999999,0.5379188712522044
4,lsc_tail_cusum,1981-04-01,2.8999999999999986,5.669999999999999,0.511463844797178
4,lsc_tail_cusum,1981-05-01,2.7499999999999987,5.669999999999999,0.48500881834215154
4,lsc_tail_cusum,1981-06-01,2.5999999999999988,5.669999999999999,0.4585537918871251
4,lsc_tail_cusum,1981-07-01,2.449999999999999,5.669999999999999,0.43209876543209863
4,lsc_tail_cusum,1981-08-01,2.299999999999999,5.669999999999999,0.4056437389770722
4,lsc_tail_cusum,1981-09-01,2.149999999999999,5.669999999999999,0.3791887125220457
4,lsc_tail_cusum,1981-10-01,1.999999999999999,5.669999999999999,0.35273368606701927
4,lsc_tail_cusum,1981-11-01,1.8499999999999988,5.669999999999999,0.32627865961199276
4,lsc_tail_cusum,1981-12-01,1.6999999999999986,5.669999999999999,0.2998236331569663
4,lsc_tail_cusum,1982-01-01,2.5499999999999985,5.669999999999999,0.44973544973544954
4,lsc_tail_cusum,1982-02-01,3.3999999999999986,5.669999999999999,0.5996472663139328
4,lsc_tail_cusum,1982-03-01,3.2499999999999987,5.669999999999999,0.5731922398589064
4,lsc_tail_cusum,1982-04-01,3.0999999999999988,5.669999999999999,0.5467372134038799
4,lsc_tail_cusum,1982-05-01,2.949999999999999,5.669999999999999,0.5202821869488535
4,lsc_tail_cusum,1982-06-01,2.799999999999999,5.669999999999999,0.4938271604938271
4,lsc_tail_cusum,1982-07-01,2.649999999999999,5.669999999999999,0.4673721340388006
4,lsc_tail_cusum,1982-08-01,2.499999999999999,5.669999999999999,0.44091710758377417
4,lsc_tail_cusum,1982-09-01,2.349999999999999,5.669999999999999,0.4144620811287477
4,lsc_tail_cusum,1982-10-01,2.1999999999999993,5.669999999999999,0.38800705467372126
4,lsc_tail_cusum,1982-11-01,2.0499999999999994,5.669999999999999,0.3615520282186948
4,lsc_tail_cusum,1982-12-01,1.8999999999999992,5.669999999999999,0.33509700176366836
4,lsc_kalman_cusum,1978-01-01,1.5807367561273997,7.52928515904513,0.20994513061155862
4,lsc_kalman_cusum,1978-02-01,0.9919564690829443,7.52928515904513,0.13174643384190074
4,lsc_kalman_cusum,1978-03-01,2.909903307057111,7.52928515904513,0.38647803152486093
4,lsc_kalman_cusum,1978-04-01,3.9204227480390177,7.52928515904513,0.5206899015279438
4,lsc_kalman_cusum,1978-05-01,2.530111407134898,7.52928515904513,0.33603607164425275
4,lsc_kalman_cusum,1978-06-01,2.1290186140732574,7.52928515904513,0.28276503932323654
4,lsc_kalman_cusum,1978-07-01,0.9163409136805858,7.52928515904513,0.1217035740212019
4,lsc_kalman_cusum,1978-08-01,0.8029971877527851,7.52928515904513,0.10664985729596431
4,lsc_kalman_cusum,1978-09-01,0.3519568129679115,7.52928515904513,0.04674505023164071
4,lsc_kalman_cusum,1978-10-01,0.5896708844191543,7.52928515904513,0.07831698122241618
4,lsc_kalman_cusum,1978-11-01,0.5883921214056056,7.52928515904513,0.07814714265387526
4,lsc_kalman_cusum,1978-12-01,0.1371634326414205,7.52928515904513,0.018217324718621187
4,lsc_kalman_cusum,1979-01-01,0.6806216971350598,7.52928515904513,0.09039658915261178
4,lsc_kalman_cusum,1979-02-01,0.2803499042635743,7.52928515904513,0.037234597752853406
4,lsc_kalman_cusum,1979-03-01,0.0,7.52928515904513,0.0
4,lsc_kalman_cusum,1979-04-01,1.3283888798280232,7.52928515904513,0.1764296147333714
4,lsc_kalman_cusum,1979-05-01,1.2816088624440911,7.52928515904513,0.1702165392028565
4,lsc_kalman_cusum,1979-06-01,0.487496472640772,7.52928515904513,0.06474671397657579
4,lsc_kalman_cusum,1979-07-01,0.0,7.52928515904513,0.0
4,lsc_kalman_cusum,1979-08-01,0.3002793538722167,7.52928515904513,0.039881522286545776
4,lsc_kalman_cusum,1979-09-01,0.0,7.52928515904513,0.0
4,lsc_kalman_cusum,1979-10-01,0.5765625641359187,7.52928515904513,0.07657600316057611
4,lsc_kalman_cusum,1979-11-01,0.07115599117372717,7.52928515904513,0.009450563987239292
4,lsc_kalman_cusum,1979-12-01,0.0,7.52928515904513,0.0
4,lsc_kalman_cusum,1980-01-01,0.15375795855688235,7.52928515904513,0.02042132225157774
4,lsc_kalman_cusum,1980-02-01,0.0,7.52928515904513,0.0
4,lsc_kalman_cusum,1980-03-01,0.14864542529124336,7.52928515904513,0.01974230250964418
4,lsc_kalman_cusum,1980-04-01,2.062210005299953,7.52928515904513,0.2738918717698672
4,lsc_kalman_cusum,1980-05-01,3.593986044412846,7.52928515904513,0.47733429781116676
4,lsc_kalman_cusum,1980-06-01,2.9794683622374984,7.52928515904513,0.39571729577251885
4,lsc_kalman_cusum,1980-07-01,2.0799433447989184,7.52928515904513,0.27624712052514405
4,lsc_kalman_cusum,1980-08-01,0.7294521839191135,7.52928515904513,0.0968819972295515
4,lsc_kalman_cusum,1980-09-01,2.44070809290526,7.52928515904513,0.32416199431272336
4,lsc_kalman_cusum,1980-10-01,2.675881899367463,7.52928515904513,0.35539654068658233
4,lsc_kalman_cusum,1980-11-01,3.3249659640565232,7.52928515904513,0.44160446759838196
4,lsc_kalman_cusum,1980-12-01,2.418629217018235,7.52928515904513,0.32122959430121617
4,lsc_kalman_cusum,1981-01-01,1.1189487212338634,7.52928515904513,0.1486128759367867
4,lsc_kalman_cusum,1981-02-01,1.056655960697724,7.52928515904513,0.14033947956245688
4,lsc_kalman_cusum,1981-03-01,0.44096104722168206,7.52928515904513,0.058566123862627766
4,lsc_kalman_cusum,1981-04-01,0.2729460337314402,7.52928515904513,0.036251254663072885
4,lsc_kalman_cusum,1981-05-01,0.4307842151539454,7.52928515904513,0.05721449062616959
4,lsc_kalman_cusum,1981-06-01,0.32524671403578775,7.52928515904513,0.04319755556675394
4,lsc_kalman_cusum,1981-07-01,0.29997870029545237,7.52928515904513,0.03984159106194564
4,lsc_kalman_cusum,1981-08-01,0.15433955391408904,7.52928515904513,0.020498566683807538
4,lsc_kalman_cusum,1981-09-01,0.3676562856723634,7.52928515904513,0.048830171511127875
4,lsc_kalman_cusum,1981-10-01,0.6488872349716059,7.52928515904513,0.08618178502537926
4,lsc_kalman_cusum,1981-11-01,1.1381910433283724,7.52928515904513,0.15116853981297723
4,lsc_kalman_cusum,1981-12-01,1.1920352097347209,7.52928515904513,0.15831983841157848
4,lsc_kalman_cusum,1982-01-01,2.5281819476484313,7.52928515904513,0.33577981099723114
4,lsc_kalman_cusum,1982-02-01,3.590401497115667,7.52928515904513,0.4768582171180517
4,lsc_kalman_cusum,1982-03-01,1.5416785258430163,7.52928515904513,0.20475762217492283
4,lsc_kalman_cusum,1982-04-01,1.591609076281539,7.52928515904513,0.21138913491269443
4,lsc_kalman_cusum,1982-05-01,1.3789173708153275,7.52928515904513,0.18314054278563185
4,lsc_kalman_cusum,1982-06-01,0.6515888943376671,7.52928515904513,0.08654060519342877
4,lsc_kalman_cusum,1982-07-01,0.250509205073026,7.52928515904513,0.033271313249715696
4,lsc_kalman_cusum,1982-08-01,0.650217956118887,7.52928515904513,0.0863585243995923
4,lsc_kalman_cusum,1982-09-01,0.0,7.52928515904513,0.0
4,lsc_kalman_cusum,1982-10-01,0.42752421997437207,7.52928515904513,0.05678151523598172
4,lsc_kalman_cusum,1982-11-01,0.0,7.52928515904513,0.0
4,lsc_kalman_cusum,1982-12-01,0.026394828347431343,7.52928515904513,0.0035056220862776776
4,raw_cusum,1978-01-01,1.4069561122460337,21.497698102631826,0.06544682623828404
4,raw_cusum,1978-02-01,0.58298069730451,21.497698102631826,0.02711828468896116
4,raw_cusum,1978-03-01,1.3331569101362217,21.497698102631826,0.062013937667726934
4,raw_cusum,1978-04-01,2.7864982809546417,21.497698102631826,0.12961844880561926
4,raw_cusum,1978-05-01,2.5344881359802183,21.497698102631826,0.11789579162756672
4,raw_cusum,1978-06-01,2.4829836467935302,21.497698102631826,0.1154999774831499
4,raw_cusum,1978-07-01,1.6248711677504017,21.497698102631826,0.0755834954976635
4,raw_cusum,1978-08-01,1.310944278371968,21.497698102631826,0.06098068137869503
4,raw_cusum,1978-09-01,0.8239886361981028,21.497698102631826,0.03832915655733518
4,raw_cusum,1978-10-01,0.8833976329765458,21.497698102631826,0.04109266158446969
4,raw_cusum,1978-11-01,0.9666618559814548,21.497698102631826,0.0449658308236784
4,raw_cusum,1978-12-01,0.7500069030637468,21.497698102631826,0.03488777726262368
4,raw_cusum,1979-01-01,0.36767237824267984,21.497698102631826,0.017102871967379057
4,raw_cusum,1979-02-01,0.0,21.497698102631826,0.0
4,raw_cusum,1979-03-01,0.0,21.497698102631826,0.0
4,raw_cusum,1979-04-01,1.1037943167430433,21.497698102631826,0.051344767773434906
4,raw_cusum,1979-05-01,0.23159773307354947,21.497698102631826,0.010773141011092552
4,raw_cusum,1979-06-01,0.0,21.497698102631826,0.0
4,raw_cusum,1979-07-01,0.0,21.497698102631826,0.0
4,raw_cusum,1979-08-01,0.49790306943868723,21.497698102631826,0.023160762006316022
4,raw_cusum,1979-09-01,0.2834906616756683,21.497698102631826,0.01318702403960926
4,raw_cusum,1979-10-01,0.03340287113353224,21.497698102631826,0.0015537882695190952
4,raw_cusum,1979-11-01,0.0,21.497698102631826,0.0
4,raw_cusum,1979-12-01,0.0,21.497698102631826,0.0
4,raw_cusum,1980-01-01,0.0,21.497698102631826,0.0
4,raw_cusum,1980-02-01,0.0,21.497698102631826,0.0
4,raw_cusum,1980-03-01,0.21801739943113752,21.497698102631826,0.010141429951723391
4,raw_cusum,1980-04-01,2.203932592209917,21.497698102631826,0.10251946890723633
4,raw_cusum,1980-05-01,4.725769160870426,21.497698102631826,0.21982675253458323
4,raw_cusum,1980-06-01,5.931205503114443,21.497698102631826,0.27589956258564835
4,raw_cusum,1980-07-01,6.478819821080201,21.497698102631826,0.30137272326319625
4,raw_cusum,1980-08-01,5.8994524891746565,21.497698102631826,0.2744225200768088
4,raw_cusum,1980-09-01,3.856244799368363,21.497698102631826,0.17937942848384625
4,raw_cusum,1980-10-01,2.226053206867384,21.497698102631826,0.10354844487256347
4,raw_cusum,1980-11-01,2.7429004211886907,21.497698102631826,0.12759042424420755
4,raw_cusum,1980-12-01,2.7098216984786543,21.497698102631826,0.12605171425990525
4,raw_cusum,1981-01-01,1.231658206997282,21.497698102631826,0.05729256226025883
4,raw_cusum,1981-02-01,0.7173648414507448,21.497698102631826,0.03336937927149151
4,raw_cusum,1981-03-01,0.0,21.497698102631826,0.0
4,raw_cusum,1981-04-01,0.25426005886326375,21.497698102631826,0.011827315540919998
4,raw_cusum,1981-05-01,0.0,21.497698102631826,0.0
4,raw_cusum,1981-06-01,0.0,21.497698102631826,0.0
4,raw_cusum,1981-07-01,0.0,21.497698102631826,0.0
4,raw_cusum,1981-08-01,0.0,21.497698102631826,0.0
4,raw_cusum,1981-09-01,0.30083186969107434,21.497698102631826,0.013993678218704049
4,raw_cusum,1981-10-01,0.9433782664367509,21.497698102631826,0.043882757211166676
4,raw_cusum,1981-11-01,2.0033327996824877,21.497698102631826,0.09318824695176235
4,raw_cusum,1981-12-01,2.95261231003908,21.497698102631826,0.1373455100142843
4,raw_cusum,1982-01-01,5.026886852735598,21.497698102631826,0.23383372623137674
4,raw_cusum,1982-02-01,2.5642207757412105,21.497698102631826,0.11927885318229905
4,raw_cusum,1982-03-01,3.068420708533117,21.497698102631826,0.142732523914152
4,raw_cusum,1982-04-01,3.8611769125131845,21.497698102631826,0.17960885365863824
4,raw_cusum,1982-05-01,4.366827895370022,21.497698102631826,0.20313002231785082
4,raw_cusum,1982-06-01,4.422010661078304,21.497698102631826,0.20569693741010092
4,raw_cusum,1982-07-01,4.553008157042574,21.497698102631826,0.21179049660601468
4,raw_cusum,1982-08-01,5.334212910469425,21.497698102631826,0.24812949205089038
4,raw_cusum,1982-09-01,5.37415058332367,21.497698102631826,0.24998725713176456
4,raw_cusum,1982-10-01,6.216936873306992,21.497698102631826,0.28919081678544417
4,raw_cusum,1982-11-01,6.343705884003136,21.497698102631826,0.29508768118883
4,raw_cusum,1982-12-01,6.895826718272338,21.497698102631826,0.3207704697196453
4,raw_var_cusum,1978-01-01,27.24386294460029,66.28964868030543,0.4109821591601587
4,raw_var_cusum,1978-02-01,26.298823014086825,66.28964868030543,0.3967259374222656
4,raw_var_cusum,1978-03-01,28.609287271267004,66.28964868030543,0.4315800104665027
4,raw_var_cusum,1978-04-01,31.374829782217788,66.28964868030543,0.47329908072871124
4,raw_var_cusum,1978-05-01,30.386328750413394,66.28964868030543,0.4583872347394282
4,raw_var_cusum,1978-06-01,29.537476973633087,66.28964868030543,0.4455820412638366
4,raw_var_cusum,1978-07-01,28.6157215212795,66.28964868030543,0.431677073132252
4,raw_var_cusum,1978-08-01,27.600344723775883,66.28964868030543,0.41635979784542
4,raw_var_cusum,1978-09-01,26.55051487904698,66.28964868030543,0.4005227876088458
4,raw_var_cusum,1978-10-01,25.81345330472364,66.28964868030543,0.3894039841606942
4,raw_var_cusum,1978-11-01,25.10365045856116,66.28964868030543,0.3786963871181206
4,raw_var_cusum,1978-12-01,24.133934874267226,66.28964868030543,0.3640679254563222
4,raw_var_cusum,1979-01-01,23.836790230232534,66.28964868030543,0.3595854059385657
4,raw_var_cusum,1979-02-01,22.855356051200133,66.28964868030543,0.34478016562471886
4,raw_var_cusum,1979-03-01,21.81413526422796,66.28964868030543,0.3290730257061826
4,raw_var_cusum,1979-04-01,23.336291474645247,66.28964868030543,0.3520352263019072
4,raw_var_cusum,1979-05-01,22.821526717683604,66.28964868030543,0.3442698395905641
4,raw_var_cusum,1979-06-01,21.830895709135444,66.28964868030543,0.3293258622385998
4,raw_var_cusum,1979-07-01,20.985230967500584,66.28964868030543,0.3165687461809594
4,raw_var_cusum,1979-08-01,20.931041503495738,66.28964868030543,0.31575128123607515
4,raw_var_cusum,1979-09-01,19.962601776335454,66.28964868030543,0.30114206627657564
4,raw_var_cusum,1979-10-01,19.19712039926895,66.28964868030543,0.28959454125108963
4,raw_var_cusum,1979-11-01,18.95314448827144,66.28964868030543,0.28591408863360585
4,raw_var_cusum,1979-12-01,19.86598923395243,66.28964868030543,0.2996846359792911
4,raw_var_cusum,1980-01-01,20.70728435190583,66.28964868030543,0.31237583490253035
4,raw_var_cusum,1980-02-01,21.601142340385938,66.28964868030543,0.32585996110134174
4,raw_var_cusum,1980-03-01,22.035593354500083,66.28964868030543,0.33241378998357596
4,raw_var_cusum,1980-04-01,19.98661237970111,66.28964868030543,0.301504273707806
4,raw_var_cusum,1980-05-01,28.06810862739503,66.28964868030543,0.42341616204301935
4,raw_var_cusum,1980-06-01,29.92662174484168,66.28964868030543,0.4514524113586506
4,raw_var_cusum,1980-07-01,29.97411750404854,66.28964868030543,0.4521688996815246
4,raw_var_cusum,1980-08-01,28.930416677422343,66.28964868030543,0.4364243475922589
4,raw_var_cusum,1980-09-01,30.261906651299622,66.28964868030543,0.4565102886160022
4,raw_var_cusum,1980-10-01,30.48923968705952,66.28964868030543,0.4599396782761625
4,raw_var_cusum,1980-11-01,31.90257351200959,66.28964868030543,0.48126025928823185
4,raw_var_cusum,1980-12-01,31.070588991195677,66.28964868030543,0.4687095136231535
4,raw_var_cusum,1981-01-01,30.977392807262706,66.28964868030543,0.4673036201573059
4,raw_var_cusum,1981-02-01,30.473811443059247,66.28964868030543,0.45970693840941984
4,raw_var_cusum,1981-03-01,29.510509480837175,66.28964868030543,0.44517522823446054
4,raw_var_cusum,1981-04-01,29.02941771723359,66.28964868030543,0.4379178091172806
4,raw_var_cusum,1981-05-01,28.11281422322472,66.28964868030543,0.4240905598821947
4,raw_var_cusum,1981-06-01,27.149948389232673,66.28964868030543,0.4095654288374421
4,raw_var_cusum,1981-07-01,26.307664274400903,66.28964868030543,0.39685931058821367
4,raw_var_cusum,1981-08-01,25.421556835799077,66.28964868030543,0.383492103848663
4,raw_var_cusum,1981-09-01,25.01288851931198,66.28964868030543,0.37732721499161115
4,raw_var_cusum,1981-10-01,25.268300788028508,66.28964868030543,0.3811801886277863
4,raw_var_cusum,1981-11-01,26.651758933822432,66.28964868030543,0.4020500857133164
4,raw_var_cusum,1981-12-01,27.702170032961877,66.28964868030543,0.41789586435373816
4,raw_var_cusum,1982-01-01,33.27905945413725,66.28964868030543,0.5020249785095695
4,raw_var_cusum,1982-02-01,36.08111758392179,66.28964868030543,0.5442948982567385
4,raw_var_cusum,1982-03-01,36.03953508894106,66.28964868030543,0.5436676133667361
4,raw_var_cusum,1982-04-01,36.66075369187001,66.28964868030543,0.5530388895055628
4,raw_var_cusum,1982-05-01,36.62208759119094,66.28964868030543,0.5524555993320767
4,raw_var_cusum,1982-06-01,35.88031549453044,66.28964868030543,0.5412657361871106
4,raw_var_cusum,1982-07-01,35.22847333444362,66.28964868030543,0.5314324941491197
4,raw_var_cusum,1982-08-01,35.819958954647184,66.28964868030543,0.540355238981516
4,raw_var_cusum,1982-09-01,35.061491645214446,66.28964868030543,0.5289135233512132
4,raw_var_cusum,1982-10-01,35.814566665781626,66.28964868030543,0.540273894624246
4,raw_var_cusum,1982-11-01,35.157406058550656,66.28964868030543,0.5303604221543547
4,raw_var_cusum,1982-12-01,35.21436430845398,66.28964868030543,0.5312196550970125
5,lsc_composite,1983-01-01,3.952000402526025,10.534944014813908,0.3751325490642234
5,lsc_composite,1983-02-01,4.991181638436725,10.534944014813908,0.47377391198456126
5,lsc_composite,1983-03-01,3.26529914227624,10.534944014813908,0.3099493587896318
5,lsc_composite,1983-04-01,3.3651448082426367,10.534944014813908,0.3194269284687869
5,lsc_composite,1983-05-01,2.9541911317470673,10.534944014813908,0.2804183038460362
5,lsc_composite,1983-06-01,2.462237991308638,10.534944014813908,0.23372103238957095
5,lsc_composite,1983-07-01,2.6350843005057576,10.534944014813908,0.25012798329069286
5,lsc_composite,1983-08-01,2.1984724693774593,10.534944014813908,0.20868383033512436
5,lsc_composite,1983-09-01,2.6758960553706617,10.534944014813908,0.25400192460519017
5,lsc_composite,1983-10-01,2.019999264583126,10.534944014813908,0.1917427621582674
5,lsc_composite,1983-11-01,2.0606932105257734,10.534944014813908,0.19560552079138638
5,lsc_composite,1983-12-01,1.752408007234033,10.534944014813908,0.16634241290412666
5,lsc_composite,1984-01-01,2.224322598270767,10.534944014813908,0.211137581285956
5,lsc_composite,1984-02-01,2.729714785987479,10.534944014813908,0.25911051659591544
5,lsc_composite,1984-03-01,2.3884046247609176,10.534944014813908,0.2267126072433245
5,lsc_composite,1984-04-01,2.0150330856186094,10.534944014813908,0.19127136155494828
5,lsc_composite,1984-05-01,2.2373249928652057,10.534944014813908,0.21237179710866516
5,lsc_composite,1984-06-01,2.058708827839707,10.534944014813908,0.19541715883300523
5,lsc_composite,1984-07-01,2.106322510523791,10.534944014813908,0.19993675405981715
5,lsc_composite,1984-08-01,1.999327781922709,10.534944014813908,0.1897805796700312
5,lsc_composite,1984-09-01,1.9761494744480768,10.534944014813908,0.1875804438703497
5,lsc_composite,1984-10-01,1.963383456717052,10.534944014813908,0.18636866545813663
5,lsc_composite,1984-11-01,2.0402340326730863,10.534944014813908,0.19366349074130562
5,lsc_composite,1984-12-01,2.252655942228106,10.534944014813908,0.21382704445894463
5,lsc_composite,1985-01-01,2.5928298688494085,10.534944014813908,0.24611709992985747
5,lsc_composite,1985-02-01,2.7320433395530848,10.534944014813908,0.25933154800930797
5,lsc_composite,1985-03-01,2.608494859119559,10.534944014813908,0.24760405517595302
5,lsc_composite,1985-04-01,3.462960755455045,10.534944014813908,0.3287118327905244
5,lsc_composite,1985-05-01,2.42675625580828,10.534944014813908,0.23035302820744483
5,lsc_composite,1985-06-01,1.9992330160740561,10.534944014813908,0.18977158428775676
5,lsc_composite,1985-07-01,2.1751618462602584,10.534944014813908,0.20647113484434412
5,lsc_composite,1985-08-01,2.5239889043186667,10.534944014813908,0.23958256453660434
5,lsc_composite,1985-09-01,2.4146783919696504,10.534944014813908,0.2292065708725367
5,lsc_composite,1985-10-01,2.2842798653159364,10.534944014813908,0.21682885662266962
5,lsc_composite,1985-11-01,2.6445316101628227,10.534944014813908,0.25102474265113944
5,lsc_composite,1985-12-01,4.221004041653349,10.534944014813908,0.40066696469557933
5,lsc_composite,1986-01-01,4.614962286793646,10.534944014813908,0.43806234568539054
5,lsc_composite,1986-02-01,3.7016449957387136,10.534944014813908,0.3513682645615939
5,lsc_composite,1986-03-01,3.547866376489305,10.534944014813908,0.336771260625629
5,lsc_composite,1986-04-01,3.6851500386829237,10.534944014813908,0.34980252704722314
5,lsc_composite,1986-05-01,3.302112934304827,10.534944014813908,0.31344380470000593
5,lsc_composite,1986-06-01,3.6132964840475856,10.534944014813908,0.3429820299914913
5,lsc_composite,1986-07-01,3.0842392196065003,10.534944014813908,0.2927627536766726
5,lsc_composite,1986-08-01,2.8794530303365558,10.534944014813908,0.273323999281587
5,lsc_composite,1986-09-01,3.3990904868432,10.534944014813908,0.32264912675981056
5,lsc_composite,1986-10-01,3.5135690676978655,10.534944014813908,0.33351568482539584
5,lsc_composite,1986-11-01,3.810028925293076,10.534944014813908,0.36165630495383105
5,lsc_composite,1986-12-01,3.462755146509683,10.534944014813908,0.3286923159383159
5,lsc_composite,1987-01-01,3.493276450797683,10.534944014813908,0.3315894651063686
5,lsc_composite,1987-02-01,3.000278365274885,10.534944014813908,0.2847930051698412
5,lsc_composite,1987-03-01,2.68970160218909,10.534944014813908,0.25531237739915047
5,lsc_composite,1987-04-01,2.851191472685164,10.534944014813908,0.27064135022226105
5,lsc_composite,1987-05-01,2.625677434901741,10.534944014813908,0.24923506296849757
5,lsc_composite,1987-06-01,2.867641397345956,10.534944014813908,0.2722028131628957
5,lsc_composite,1987-07-01,2.8382226170046447,10.534944014813908,0.26941031798684695
5,lsc_composite,1987-08-01,2.877764385198485,10.534944014813908,0.2731637093801223
5,lsc_composite,1987-09-01,2.898055673472478,10.534944014813908,0.27508980298303654
5,lsc_composite,1987-10-01,2.9078252532840883,10.534944014813908,0.27601715293362694
5,lsc_composite,1987-11-01,3.229281471328576,10.534944014813908,0.3065304824389823
5,lsc_composite,1987-12-01,3.3009682323000593,10.534944014813908,0.31333514707418864
5,lsc_tail_cusum,1983-01-01,1.0499999999999992,5.505,0.19073569482288813
5,lsc_tail_cusum,1983-02-01,0.8999999999999991,5.505,0.16348773841961836
5,lsc_tail_cusum,1983-03-01,0.7499999999999991,5.505,0.13623978201634862
5,lsc_tail_cusum,1983-04-01,0.5999999999999991,5.505,0.10899182561307885
5,lsc_tail_cusum,1983-05-01,0.4499999999999991,5.505,0.08174386920980911
5,lsc_tail_cusum,1983-06-01,0.4,5.505,0.07266121707538602
5,lsc_tail_cusum,1983-07-01,0.48,5.505,0.08719346049046321
5,lsc_tail_cusum,1983-08-01,0.5599999999999999,5.505,0.10172570390554041
5,lsc_tail_cusum,1983-09-01,0.6399999999999999,5.505,0.1162579473206176
5,lsc_tail_cusum,1983-10-01,0.7199999999999999,5.505,0.1307901907356948
5,lsc_tail_cusum,1983-11-01,0.7999999999999998,5.505,0.145322434150772
5,lsc_tail_cusum,1983-12-01,0.8799999999999998,5.505,0.1598546775658492
5,lsc_tail_cusum,1984-01-01,0.85,5.505,0.15440508628519528
5,lsc_tail_cusum,1984-02-01,0.7,5.505,0.1271571298819255
5,lsc_tail_cusum,1984-03-01,0.5499999999999999,5.505,0.09990917347865576
5,lsc_tail_cusum,1984-04-01,0.39999999999999997,5.505,0.072661217075386
5,lsc_tail_cusum,1984-05-01,0.32,5.505,0.058128973660308815
5,lsc_tail_cusum,1984-06-01,0.4,5.505,0.07266121707538602
5,lsc_tail_cusum,1984-07-01,0.48,5.505,0.08719346049046321
5,lsc_tail_cusum,1984-08-01,0.5599999999999999,5.505,0.10172570390554041
5,lsc_tail_cusum,1984-09-01,0.6399999999999999,5.505,0.1162579473206176
5,lsc_tail_cusum,1984-10-01,0.7199999999999999,5.505,0.1307901907356948
5,lsc_tail_cusum,1984-11-01,0.7999999999999998,5.505,0.145322434150772
5,lsc_tail_cusum,1984-12-01,0.8799999999999998,5.505,0.1598546775658492
5,lsc_tail_cusum,1985-01-01,0.9599999999999997,5.505,0.1743869209809264
5,lsc_tail_cusum,1985-02-01,1.0399999999999998,5.505,0.1889191643960036
5,lsc_tail_cusum,1985-03-01,1.1199999999999999,5.505,0.20345140781108081
5,lsc_tail_cusum,1985-04-01,1.2,5.505,0.21798365122615804
5,lsc_tail_cusum,1985-05-01,1.28,5.505,0.23251589464123526
5,lsc_tail_cusum,1985-06-01,1.36,5.505,0.24704813805631246
5,lsc_tail_cusum,1985-07-01,1.4400000000000002,5.505,0.2615803814713897
5,lsc_tail_cusum,1985-08-01,1.5200000000000002,5.505,0.2761126248864669
5,lsc_tail_cusum,1985-09-01,1.6000000000000003,5.505,0.2906448683015441
5,lsc_tail_cusum,1985-10-01,1.6800000000000004,5.505,0.3051771117166213
5,lsc_tail_cusum,1985-11-01,1.7600000000000005,5.505,0.31970935513169857
5,lsc_tail_cusum,1985-12-01,1.8400000000000005,5.505,0.33424159854677576
5,lsc_tail_cusum,1986-01-01,1.9200000000000006,5.505,0.34877384196185296
5,lsc_tail_cusum,1986-02-01,2.0000000000000004,5.505,0.36330608537693015
5,lsc_tail_cusum,1986-03-01,2.0800000000000005,5.505,0.37783832879200735
5,lsc_tail_cusum,1986-04-01,2.1600000000000006,5.505,0.3923705722070846
5,lsc_tail_cusum,1986-05-01,2.2400000000000007,5.505,0.4069028156221618
5,lsc_tail_cusum,1986-06-01,2.3200000000000007,5.505,0.421435059037239
5,lsc_tail_cusum,1986-07-01,2.400000000000001,5.505,0.43596730245231624
5,lsc_tail_cusum,1986-08-01,2.480000000000001,5.505,0.45049954586739344
5,lsc_tail_cusum,1986-09-01,2.560000000000001,5.505,0.4650317892824707
5,lsc_tail_cusum,1986-10-01,2.640000000000001,5.505,0.4795640326975479
5,lsc_tail_cusum,1986-11-01,2.720000000000001,5.505,0.4940962761126251
5,lsc_tail_cusum,1986-12-01,2.800000000000001,5.505,0.5086285195277023
5,lsc_tail_cusum,1987-01-01,2.8800000000000012,5.505,0.5231607629427796
5,lsc_tail_cusum,1987-02-01,2.9600000000000013,5.505,0.5376930063578568
5,lsc_tail_cusum,1987-03-01,3.0400000000000014,5.505,0.552225249772934
5,lsc_tail_cusum,1987-04-01,3.1200000000000014,5.505,0.5667574931880112
5,lsc_tail_cusum,1987-05-01,3.2000000000000015,5.505,0.5812897366030884
5,lsc_tail_cusum,1987-06-01,3.2800000000000016,5.505,0.5958219800181656
5,lsc_tail_cusum,1987-07-01,3.3600000000000017,5.505,0.6103542234332429
5,lsc_tail_cusum,1987-08-01,3.4400000000000017,5.505,0.62488646684832
5,lsc_tail_cusum,1987-09-01,3.520000000000002,5.505,0.6394187102633972
5,lsc_tail_cusum,1987-10-01,3.600000000000002,5.505,0.6539509536784744
5,lsc_tail_cusum,1987-11-01,3.680000000000002,5.505,0.6684831970935516
5,lsc_tail_cusum,1987-12-01,3.760000000000002,5.505,0.683015440508629
5,lsc_kalman_cusum,1983-01-01,2.133245071464856,7.154270242571012,0.2981778712762515
5,lsc_kalman_cusum,1983-02-01,1.1959335720597484,7.154270242571012,0.16716360041076234
5,lsc_kalman_cusum,1983-03-01,0.6862397328669054,7.154270242571012,0.0959202978919473
5,lsc_kalman_cusum,1983-04-01,1.246475541113889,7.154270242571012,0.17422818804031456
5,lsc_kalman_cusum,1983-05-01,0.6903614106925873,7.154270242571012,0.09649641225245272
5,lsc_kalman_cusum,1983-06-01,0.4518886284280559,7.154270242571012,0.06316348322140845
5,lsc_kalman_cusum,1983-07-01,1.2906293842178242,7.154270242571012,0.18039986476021266
5,lsc_kalman_cusum,1983-08-01,1.29743986310489,7.154270242571012,0.18135181075276693
5,lsc_kalman_cusum,1983-09-01,1.7101208953465323,7.154270242571012,0.23903498712846646
5,lsc_kalman_cusum,1983-10-01,1.1787530068466303,7.154270242571012,0.16476215838654495
5,lsc_kalman_cusum,1983-11-01,0.6266849700025168,7.154270242571012,0.08759593204537751
5,lsc_kalman_cusum,1983-12-01,0.37661517963911384,7.154270242571012,0.052642011955054496
5,lsc_kalman_cusum,1984-01-01,1.887783633038088,7.154270242571012,0.26386809122822286
5,lsc_kalman_cusum,1984-02-01,0.7565658272460751,7.154270242571012,0.10575024448254418
5,lsc_kalman_cusum,1984-03-01,0.398526315667208,7.154270242571012,0.055704677368182645
5,lsc_kalman_cusum,1984-04-01,0.2543472863336087,7.154270242571012,0.035551814190653855
5,lsc_kalman_cusum,1984-05-01,0.011922415553322852,7.154270242571012,0.0016664754264354325
5,lsc_kalman_cusum,1984-06-01,0.0,7.154270242571012,0.0
5,lsc_kalman_cusum,1984-07-01,0.0,7.154270242571012,0.0
5,lsc_kalman_cusum,1984-08-01,0.0,7.154270242571012,0.0
5,lsc_kalman_cusum,1984-09-01,0.0,7.154270242571012,0.0
5,lsc_kalman_cusum,1984-10-01,0.0,7.154270242571012,0.0
5,lsc_kalman_cusum,1984-11-01,0.0,7.154270242571012,0.0
5,lsc_kalman_cusum,1984-12-01,0.0,7.154270242571012,0.0
5,lsc_kalman_cusum,1985-01-01,0.0,7.154270242571012,0.0
5,lsc_kalman_cusum,1985-02-01,0.0,7.154270242571012,0.0
5,lsc_kalman_cusum,1985-03-01,0.0,7.154270242571012,0.0
5,lsc_kalman_cusum,1985-04-01,0.0,7.154270242571012,0.0
5,lsc_kalman_cusum,1985-05-01,0.0,7.154270242571012,0.0
5,lsc_kalman_cusum,1985-06-01,0.0,7.154270242571012,0.0
5,lsc_kalman_cusum,1985-07-01,0.04711021670673399,7.154270242571012,0.006584908748121892
5,lsc_kalman_cusum,1985-08-01,0.12622753002120446,7.154270242571012,0.0176436625597529
5,lsc_kalman_cusum,1985-09-01,0.0,7.154270242571012,0.0
5,lsc_kalman_cusum,1985-10-01,0.07793417769519129,7.154270242571012,0.010893379066316104
5,lsc_kalman_cusum,1985-11-01,0.05437690628804559,7.154270242571012,0.007600622347822341
5,lsc_kalman_cusum,1985-12-01,0.5212589756802175,7.154270242571012,0.07285983867068656
5,lsc_kalman_cusum,1986-01-01,0.11685677188512622,7.154270242571012,0.016333849284833796
5,lsc_kalman_cusum,1986-02-01,0.7372525994394925,7.154270242571012,0.10305070600387999
5,lsc_kalman_cusum,1986-03-01,0.7638347156273246,7.154270242571012,0.10676626542315619
5,lsc_kalman_cusum,1986-04-01,0.12080785097276481,7.154270242571012,0.016886117923517296
5,lsc_kalman_cusum,1986-05-01,0.0,7.154270242571012,0.0
5,lsc_kalman_cusum,1986-06-01,0.06176531853059386,7.154270242571012,0.008633349934569625
5,lsc_kalman_cusum,1986-07-01,0.4831592519601523,7.154270242571012,0.06753438653814685
5,lsc_kalman_cusum,1986-08-01,0.04576985751262752,7.154270242571012,0.006397557816627755
5,lsc_kalman_cusum,1986-09-01,0.0,7.154270242571012,0.0
5,lsc_kalman_cusum,1986-10-01,0.0,7.154270242571012,0.0
5,lsc_kalman_cusum,1986-11-01,0.0,7.154270242571012,0.0
5,lsc_kalman_cusum,1986-12-01,0.3557634024348436,7.154270242571012,0.04972742018017394
5,lsc_kalman_cusum,1987-01-01,0.4828495182252456,7.154270242571012,0.06749109299115953
5,lsc_kalman_cusum,1987-02-01,1.1525101968646103,7.154270242571012,0.1610940260554703
5,lsc_kalman_cusum,1987-03-01,0.11536487901940695,7.154270242571012,0.01612531748282807
5,lsc_kalman_cusum,1987-04-01,0.16457687692618772,7.154270242571012,0.0230040061873654
5,lsc_kalman_cusum,1987-05-01,0.02950398930695952,7.154270242571012,0.0041239690851203785
5,lsc_kalman_cusum,1987-06-01,0.0,7.154270242571012,0.0
5,lsc_kalman_cusum,1987-07-01,0.0,7.154270242571012,0.0
5,lsc_kalman_cusum,1987-08-01,0.0,7.154270242571012,0.0
5,lsc_kalman_cusum,1987-09-01,0.0,7.154270242571012,0.0
5,lsc_kalman_cusum,1987-10-01,0.7710505330218367,7.154270242571012,0.10777486827849353
5,lsc_kalman_cusum,1987-11-01,0.06482582839126505,7.154270242571012,0.009061137781114732
5,lsc_kalman_cusum,1987-12-01,0.0,7.154270242571012,0.0
5,raw_cusum,1983-01-01,1.3098663362256702,19.397455046561337,0.06752774181362907
5,raw_cusum,1983-02-01,0.19723023825672836,19.397455046561337,0.0101678409762157
5,raw_cusum,1983-03-01,0.40390224185939616,19.397455046561337,0.020822434741561497
5,raw_cusum,1983-04-01,1.1179745899597697,19.397455046561337,0.0576351169406606
5,raw_cusum,1983-05-01,1.1672739421221883,19.397455046561337,0.06017665406726206
5,raw_cusum,1983-06-01,1.2259189105563413,19.397455046561337,0.06319998719490084
5,raw_cusum,1983-07-01,2.1631049783837666,19.397455046561337,0.11151488549356008
5,raw_cusum,1983-08-01,2.7940347159450787,19.397455046561337,0.14404130383281327
5,raw_cusum,1983-09-01,3.6964460025380577,19.397455046561337,0.19056345245627163
5,raw_cusum,1983-10-01,3.9079315806862347,19.397455046561337,0.2014662011746231
5,raw_cusum,1983-11-01,3.7987557651125092,19.397455046561337,0.19583784346936428
5,raw_cusum,1983-12-01,3.746148139313913,19.397455046561337,0.19312575440034374
5,raw_cusum,1984-01-01,5.18760338483564,19.397455046561337,0.2674373196062783
5,raw_cusum,1984-02-01,5.071743875983102,19.397455046561337,0.2614643964277257
5,raw_cusum,1984-03-01,5.006486900835793,19.397455046561337,0.2581001934953994
5,raw_cusum,1984-04-01,5.044067851645304,19.397455046561337,0.26003761006470205
5,raw_cusum,1984-05-01,5.032384842269891,19.397455046561337,0.25943531407549264
5,raw_cusum,1984-06-01,4.843304901883473,19.397455046561337,0.24968764666589932
5,raw_cusum,1984-07-01,4.563627556187051,19.397455046561337,0.23526939720868503
5,raw_cusum,1984-08-01,4.108096019494203,19.397455046561337,0.21178530944565646
5,raw_cusum,1984-09-01,3.2480105331081135,19.397455046561337,0.1674451893463159
5,raw_cusum,1984-10-01,2.677053215427239,19.397455046561337,0.13801053844441366
5,raw_cusum,1984-11-01,2.457811307452468,19.397455046561337,0.1267079264549281
5,raw_cusum,1984-12-01,1.930634872040049,19.397455046561337,0.09953031814770465
5,raw_cusum,1985-01-01,1.353415661204765,19.397455046561337,0.06977284689955708
5,raw_cusum,1985-02-01,1.0718171779120607,19.397455046561337,0.05525555673872104
5,raw_cusum,1985-03-01,0.664953016993352,19.397455046561337,0.03428042572580833
5,raw_cusum,1985-04-01,0.0,19.397455046561337,0.0
5,raw_cusum,1985-05-01,0.0,19.397455046561337,0.0
5,raw_cusum,1985-06-01,0.0,19.397455046561337,0.0
5,raw_cusum,1985-07-01,0.040086765183780404,19.397455046561337,0.00206659920528527
5,raw_cusum,1985-08-01,0.0,19.397455046561337,0.0
5,raw_cusum,1985-09-01,0.0,19.397455046561337,0.0
5,raw_cusum,1985-10-01,0.0,19.397455046561337,0.0
5,raw_cusum,1985-11-01,0.0,19.397455046561337,0.0
5,raw_cusum,1985-12-01,0.41066904710642715,19.397455046561337,0.021171284899006795
5,raw_cusum,1986-01-01,0.40986563246252605,19.397455046561337,0.02112986633961472
5,raw_cusum,1986-02-01,0.2730626638713165,19.397455046561337,0.014077241742066746
5,raw_cusum,1986-03-01,0.5567120482154224,19.397455046561337,0.028700262321995327
5,raw_cusum,1986-04-01,0.0,19.397455046561337,0.0
5,raw_cusum,1986-05-01,0.0,19.397455046561337,0.0
5,raw_cusum,1986-06-01,0.0,19.397455046561337,0.0
5,raw_cusum,1986-07-01,0.09965332472314226,19.397455046561337,0.005137443261702942
5,raw_cusum,1986-08-01,0.0,19.397455046561337,0.0
5,raw_cusum,1986-09-01,0.0,19.397455046561337,0.0
5,raw_cusum,1986-10-01,0.0,19.397455046561337,0.0
5,raw_cusum,1986-11-01,0.0,19.397455046561337,0.0
5,raw_cusum,1986-12-01,0.3960598816783848,19.397455046561337,0.020418136334260813
5,raw_cusum,1987-01-01,0.0,19.397455046561337,0.0
5,raw_cusum,1987-02-01,0.766206752359778,19.397455046561337,0.03950037520492187
5,raw_cusum,1987-03-01,0.3529534535199449,19.397455046561337,0.01819586397662586
5,raw_cusum,1987-04-01,0.4322257439792646,19.397455046561337,0.022282600626822278
5,raw_cusum,1987-05-01,0.5106527610164082,19.397455046561337,0.02632576076555639
5,raw_cusum,1987-06-01,0.47397254924199317,19.397455046561337,0.024434780135037155
5,raw_cusum,1987-07-01,0.6024527728223594,19.397455046561337,0.03105834097185644
5,raw_cusum,1987-08-01,0.7998933981297358,19.397455046561337,0.04123702806423238
5,raw_cusum,1987-09-01,0.6382311996702723,19.397455046561337,0.03290283174459085
5,raw_cusum,1987-10-01,1.4184710466737838,19.397455046561337,0.07312665724802088
5,raw_cusum,1987-11-01,1.3514040889603425,19.397455046561337,0.06966914400453328
5,raw_cusum,1987-12-01,1.3579134644282524,19.397455046561337,0.0700047228447618
5,raw_var_cusum,1983-01-01,11.084327010284243,49.397375051767554,0.22439101265336608
5,raw_var_cusum,1983-02-01,10.520457015423776,49.397375051767554,0.2129760337345563
5,raw_var_cusum,1983-03-01,10.6897405584712,49.397375051767554,0.21640300820172217
5,raw_var_cusum,1983-04-01,10.520530792312998,49.397375051767554,0.21297752727321387
5,raw_var_cusum,1983-05-01,10.814039113763192,49.397375051767554,0.21891930699617693
5,raw_var_cusum,1983-06-01,11.451954913006395,49.397375051767554,0.2318332684885574
5,raw_var_cusum,1983-07-01,10.336451119449137,49.397375051767554,0.20925102009199323
5,raw_var_cusum,1983-08-01,10.2788506362136,49.397375051767554,0.20808495644640126
5,raw_var_cusum,1983-09-01,11.195608052976972,49.397375051767554,0.2266437850441279
5,raw_var_cusum,1983-10-01,10.651819780889818,49.397375051767554,0.21563534033391257
5,raw_var_cusum,1983-11-01,10.231736360339953,49.397375051767554,0.20713117548487706
5,raw_var_cusum,1983-12-01,10.981576423846384,49.397375051767554,0.2223109307394956
5,raw_var_cusum,1984-01-01,11.623971730879674,49.397375051767554,0.23531557534581468
5,raw_var_cusum,1984-02-01,10.721535647818687,49.397375051767554,0.2170466676940366
5,raw_var_cusum,1984-03-01,9.860537145476755,49.397375051767554,0.19961662203999891
5,raw_var_cusum,1984-04-01,10.386769260212215,49.397375051767554,0.2102696600644684
5,raw_var_cusum,1984-05-01,11.098315776879563,49.397375051767554,0.22467420111389985
5,raw_var_cusum,1984-06-01,11.951644493409448,49.397375051767554,0.24194897969546644
5,raw_var_cusum,1984-07-01,12.853102421410073,49.397375051767554,0.2601980855853222
5,raw_var_cusum,1984-08-01,13.801124977181173,49.397375051767554,0.2793898453656261
5,raw_var_cusum,1984-09-01,14.621463419675266,49.397375051767554,0.29599676914719125
5,raw_var_cusum,1984-10-01,15.5664284787428,49.397375051767554,0.31512663299273425
5,raw_var_cusum,1984-11-01,16.43760337250515,49.397375051767554,0.3327626894198091
5,raw_var_cusum,1984-12-01,17.386864813863426,49.397375051767554,0.3519795291883892
5,raw_var_cusum,1985-01-01,18.3309020073414,49.397375051767554,0.3710906093315879
5,raw_var_cusum,1985-02-01,19.233202784841353,49.397375051767554,0.38935677785884987
5,raw_var_cusum,1985-03-01,20.174528500319976,49.397375051767554,0.40841296686670975
5,raw_var_cusum,1985-04-01,21.045900899816168,49.397375051767554,0.426053021598019
5,raw_var_cusum,1985-05-01,21.988274742365487,49.397375051767554,0.445130428880526
5,raw_var_cusum,1985-06-01,22.92640701794623,49.397375051767554,0.46412196992086663
5,raw_var_cusum,1985-07-01,23.584713304019548,49.397375051767554,0.4774487162385288
5,raw_var_cusum,1985-08-01,24.47333162658695,49.397375051767554,0.49543789727570225
5,raw_var_cusum,1985-09-01,25.3436677205677,49.397375051767554,0.5130569730478187
5,raw_var_cusum,1985-10-01,26.152898475036746,49.397375051767554,0.5294390328965655
5,raw_var_cusum,1985-11-01,27.01539790141133,49.397375051767554,0.5468994632427266
5,raw_var_cusum,1985-12-01,27.1360797880536,49.397375051767554,0.5493425462307557
5,raw_var_cusum,1986-01-01,27.83688255722241,49.397375051767554,0.5635295909559943
5,raw_var_cusum,1986-02-01,28.18925667495059,49.397375051767554,0.5706630493099838
5,raw_var_cusum,1986-03-01,28.525150317367693,49.397375051767554,0.5774628770754286
5,raw_var_cusum,1986-04-01,29.467878198792324,49.397375051767554,0.5965474515176267
5,raw_var_cusum,1986-05-01,30.409838958275525,49.397375051767554,0.6156164963503944
5,raw_var_cusum,1986-06-01,31.140231445060145,49.397375051767554,0.6304025550431728
5,raw_var_cusum,1986-07-01,31.730647335208626,49.397375051767554,0.642354928818697
5,raw_var_cusum,1986-08-01,32.61924211331051,49.397375051767554,0.6603436332219301
5,raw_var_cusum,1986-09-01,33.52989356357085,49.397375051767554,0.6787788526906973
5,raw_var_cusum,1986-10-01,34.34232677811877,49.397375051767554,0.695225743111423
5,raw_var_cusum,1986-11-01,35.17322904329074,49.397375051767554,0.7120465208207892
5,raw_var_cusum,1986-12-01,35.320305731737264,49.397375051767554,0.7150239399304563
5,raw_var_cusum,1987-01-01,36.09925979177448,49.397375051767554,0.7307930786594047
5,raw_var_cusum,1987-02-01,35.44598025205298,49.397375051767554,0.7175680937480228
5,raw_var_cusum,1987-03-01,36.38845526189081,49.397375051767554,0.7366475490601752
5,raw_var_cusum,1987-04-01,37.00289887539683,49.397375051767554,0.7490863398433311
5,raw_var_cusum,1987-05-01,37.618321061358344,49.397375051767554,0.7615449408381524
5,raw_var_cusum,1987-06-01,38.353655835196946,49.397375051767554,0.7764310511439729
5,raw_var_cusum,1987-07-01,38.90866844376532,49.397375051767554,0.787666721217266
5,raw_var_cusum,1987-08-01,39.37224501793618,49.397375051767554,0.7970513610627038
5,raw_var_cusum,1987-09-01,40.2077725499849,49.397375051767554,0.8139657726316001
5,raw_var_cusum,1987-10-01,39.51875848412933,49.397375051767554,0.8000173783063247
5,raw_var_cusum,1987-11-01,40.28132746502584,49.397375051767554,0.8154548176459121
5,raw_var_cusum,1987-12-01,40.97477571758895,49.397375051767554,0.8294929776055534
6,lsc_composite,1988-01-01,4.489945738494839,9.53027803226645,0.47112431802024346
6,lsc_composite,1988-02-01,4.606328340654781,9.53027803226645,0.48333619701956626
6,lsc_composite,1988-03-01,5.572233418059481,9.53027803226645,0.5846873930848286
6,lsc_composite,1988-04-01,5.407705357865177,9.53027803226645,0.5674236721695243
6,lsc_composite,1988-05-01,6.0653741067595055,9.53027803226645,0.6364320207893309
6,lsc_composite,1988-06-01,5.4691971472514505,9.53027803226645,0.5738759277257717
6,lsc_composite,1988-07-01,5.498698560385019,9.53027803226645,0.5769714736304857
6,lsc_composite,1988-08-01,7.015860597354643,9.53027803226645,0.7361653640745003
6,lsc_composite,1988-09-01,6.272367774737746,9.53027803226645,0.6581516041296519
6,lsc_composite,1988-10-01,7.3861477571824885,9.53027803226645,0.775019126637793
6,lsc_composite,1988-11-01,7.1122813958253275,9.53027803226645,0.7462826763023529
6,lsc_composite,1988-12-01,6.424887564535046,9.53027803226645,0.6741553124454971
6,lsc_composite,1989-01-01,6.337442105565124,9.53027803226645,0.6649797712205864
6,lsc_composite,1989-02-01,6.639783778062855,9.53027803226645,0.6967040998785855
6,lsc_composite,1989-03-01,7.541908323375582,9.53027803226645,0.7913628855151036
6,lsc_composite,1989-04-01,6.640861584448189,9.53027803226645,0.6968171927371238
6,lsc_composite,1989-05-01,6.226034478311156,9.53027803226645,0.6532899100353432
6,lsc_composite,1989-06-01,5.969940672523657,9.53027803226645,0.6264183114397462
6,lsc_composite,1989-07-01,6.164578306629178,9.53027803226645,0.6468413917996834
6,lsc_composite,1989-08-01,5.88563225491292,9.53027803226645,0.6175719359903317
6,lsc_composite,1989-09-01,6.64018735472906,9.53027803226645,0.6967464466668786
6,lsc_composite,1989-10-01,7.673038217120778,9.53027803226645,0.8051221791370979
6,lsc_composite,1989-11-01,7.386629193843422,9.53027803226645,0.7750696431766918
6,lsc_composite,1989-12-01,6.949483022705354,9.53027803226645,0.7292004492604145
6,lsc_composite,1990-01-01,6.505586494548593,9.53027803226645,0.6826229489342046
6,lsc_composite,1990-02-01,5.912793372051837,9.53027803226645,0.620421917601252
6,lsc_composite,1990-03-01,6.3308478038857015,9.53027803226645,0.6642878394996967
6,lsc_composite,1990-04-01,7.4521006940792205,9.53027803226645,0.7819394847504773
6,lsc_composite,1990-05-01,7.814219702036769,9.53027803226645,0.8199361734862655
6,lsc_composite,1990-06-01,8.02311550552316,9.53027803226645,0.8418553454956379
6,lsc_composite,1990-07-01,7.209547451052572,9.53027803226645,0.7564886802508141
6,lsc_composite,1990-08-01,7.382182825646212,9.53027803226645,0.7746030913948702
6,lsc_composite,1990-09-01,7.280466683135508,9.53027803226645,0.7639301454255788
6,lsc_composite,1990-10-01,8.099680991188363,9.53027803226645,0.8498892649055414
6,lsc_composite,1990-11-01,8.732717054691655,9.53027803226645,0.9163129370544584
6,lsc_composite,1990-12-01,9.594380069692546,9.53027803226645,1.0067261455761383
6,lsc_composite,1991-01-01,10.055286051618747,9.53027803226645,1.055088426337069
6,lsc_composite,1991-02-01,8.589368318325024,9.53027803226645,0.9012715357562697
6,lsc_composite,1991-03-01,8.365714919648823,9.53027803226645,0.8778038679800535
6,lsc_composite,1991-04-01,7.554234152563843,9.53027803226645,0.7926562191562135
6,lsc_composite,1991-05-01,7.274821887717099,9.53027803226645,0.7633378441937262
6,lsc_composite,1991-06-01,7.668330330611624,9.53027803226645,0.804628186570122
6,lsc_composite,1991-07-01,6.460310857378721,9.53027803226645,0.6778722336857529
6,lsc_composite,1991-08-01,6.598961472686107,9.53027803226645,0.6924206670932527
6,lsc_composite,1991-09-01,6.8137332193181726,9.53027803226645,0.7149563943726581
6,lsc_composite,1991-10-01,6.2308080018536165,9.53027803226645,0.6537907898130683
6,lsc_composite,1991-11-01,6.652097087480419,9.53027803226645,0.6979961198360176
6,lsc_composite,1991-12-01,6.967865484153705,9.53027803226645,0.7311292976514178
6,lsc_composite,1992-01-01,6.766354507740391,9.53027803226645,0.7099850061909732
6,lsc_composite,1992-02-01,5.745505908206256,9.53027803226645,0.6028686559567124
6,lsc_composite,1992-03-01,5.835385185433596,9.53027803226645,0.6122995746479654
6,lsc_composite,1992-04-01,6.2321175588031315,9.53027803226645,0.6539281999647009
6,lsc_composite,1992-05-01,5.788332769167259,9.53027803226645,0.6073624242199263
6,lsc_composite,1992-06-01,5.738156639618777,9.53027803226645,0.6020975065146292
6,lsc_composite,1992-07-01,5.778903974838096,9.53027803226645,0.606373072776323
6,lsc_composite,1992-08-01,5.39642777322363,9.53027803226645,0.5662403295006783
6,lsc_composite,1992-09-01,5.499667664143395,9.53027803226645,0.5770731604600928
6,lsc_composite,1992-10-01,5.685885073641883,9.53027803226645,0.5966127173196111
6,lsc_composite,1992-11-01,5.889624370646272,9.53027803226645,0.617990823636614
6,lsc_composite,1992-12-01,6.233850636649797,9.53027803226645,0.6541100496275122
6,lsc_tail_cusum,1988-01-01,2.840000000000002,5.905000000000001,0.4809483488569012
6,lsc_tail_cusum,1988-02-01,2.920000000000002,5.905000000000001,0.49449618966977166
6,lsc_tail_cusum,1988-03-01,3.000000000000002,5.905000000000001,0.5080440304826421
6,lsc_tail_cusum,1988-04-01,3.0800000000000023,5.905000000000001,0.5215918712955125
6,lsc_tail_cusum,1988-05-01,3.1600000000000024,5.905000000000001,0.5351397121083831
6,lsc_tail_cusum,1988-06-01,3.2400000000000024,5.905000000000001,0.5486875529212535
6,lsc_tail_cusum,1988-07-01,3.3200000000000025,5.905000000000001,0.5622353937341239
6,lsc_tail_cusum,1988-08-01,3.4000000000000026,5.905000000000001,0.5757832345469944
6,lsc_tail_cusum,1988-09-01,3.4800000000000026,5.905000000000001,0.5893310753598648
6,lsc_tail_cusum,1988-10-01,3.5600000000000027,5.905000000000001,0.6028789161727354
6,lsc_tail_cusum,1988-11-01,3.640000000000003,5.905000000000001,0.6164267569856058
6,lsc_tail_cusum,1988-12-01,3.720000000000003,5.905000000000001,0.6299745977984762
6,lsc_tail_cusum,1989-01-01,3.800000000000003,5.905000000000001,0.6435224386113467
6,lsc_tail_cusum,1989-02-01,3.880000000000003,5.905000000000001,0.6570702794242171
6,lsc_tail_cusum,1989-03-01,3.960000000000003,5.905000000000001,0.6706181202370876
6,lsc_tail_cusum,1989-04-01,4.040000000000004,5.905000000000001,0.6841659610499582
6,lsc_tail_cusum,1989-05-01,4.120000000000004,5.905000000000001,0.6977138018628286
6,lsc_tail_cusum,1989-06-01,4.200000000000004,5.905000000000001,0.711261642675699
6,lsc_tail_cusum,1989-07-01,4.280000000000004,5.905000000000001,0.7248094834885696
6,lsc_tail_cusum,1989-08-01,3.3600000000000034,5.905000000000001,0.5690093141405593
6,lsc_tail_cusum,1989-09-01,3.4400000000000035,5.905000000000001,0.5825571549534297
6,lsc_tail_cusum,1989-10-01,3.5200000000000036,5.905000000000001,0.5961049957663003
6,lsc_tail_cusum,1989-11-01,3.6000000000000036,5.905000000000001,0.6096528365791707
6,lsc_tail_cusum,1989-12-01,3.6800000000000037,5.905000000000001,0.6232006773920411
6,lsc_tail_cusum,1990-01-01,3.760000000000004,5.905000000000001,0.6367485182049116
6,lsc_tail_cusum,1990-02-01,3.840000000000004,5.905000000000001,0.650296359017782
6,lsc_tail_cusum,1990-03-01,3.920000000000004,5.905000000000001,0.6638441998306526
6,lsc_tail_cusum,1990-04-01,4.000000000000004,5.905000000000001,0.6773920406435231
6,lsc_tail_cusum,1990-05-01,4.0800000000000045,5.905000000000001,0.6909398814563935
6,lsc_tail_cusum,1990-06-01,4.160000000000005,5.905000000000001,0.7044877222692639
6,lsc_tail_cusum,1990-07-01,4.240000000000005,5.905000000000001,0.7180355630821345
6,lsc_tail_cusum,1990-08-01,4.320000000000005,5.905000000000001,0.7315834038950049
6,lsc_tail_cusum,1990-09-01,4.400000000000005,5.905000000000001,0.7451312447078754
6,lsc_tail_cusum,1990-10-01,4.480000000000005,5.905000000000001,0.7586790855207458
6,lsc_tail_cusum,1990-11-01,4.560000000000005,5.905000000000001,0.7722269263336162
6,lsc_tail_cusum,1990-12-01,4.640000000000005,5.905000000000001,0.7857747671464868
6,lsc_tail_cusum,1991-01-01,4.720000000000005,5.905000000000001,0.7993226079593572
6,lsc_tail_cusum,1991-02-01,4.800000000000005,5.905000000000001,0.8128704487722277
6,lsc_tail_cusum,1991-03-01,4.880000000000005,5.905000000000001,0.8264182895850981
6,lsc_tail_cusum,1991-04-01,4.960000000000005,5.905000000000001,0.8399661303979685
6,lsc_tail_cusum,1991-05-01,5.040000000000005,5.905000000000001,0.853513971210839
6,lsc_tail_cusum,1991-06-01,5.120000000000005,5.905000000000001,0.8670618120237095
6,lsc_tail_cusum,1991-07-01,5.2000000000000055,5.905000000000001,0.8806096528365799
6,lsc_tail_cusum,1991-08-01,5.280000000000006,5.905000000000001,0.8941574936494504
6,lsc_tail_cusum,1991-09-01,5.360000000000006,5.905000000000001,0.9077053344623208
6,lsc_tail_cusum,1991-10-01,5.440000000000006,5.905000000000001,0.9212531752751913
6,lsc_tail_cusum,1991-11-01,5.520000000000006,5.905000000000001,0.9348010160880618
6,lsc_tail_cusum,1991-12-01,5.600000000000006,5.905000000000001,0.9483488569009322
6,lsc_tail_cusum,1992-01-01,5.680000000000006,5.905000000000001,0.9618966977138027
6,lsc_tail_cusum,1992-02-01,5.760000000000006,5.905000000000001,0.9754445385266731
6,lsc_tail_cusum,1992-03-01,5.840000000000006,5.905000000000001,0.9889923793395436
6,lsc_tail_cusum,1992-04-01,5.920000000000006,5.905000000000001,1.002540220152414
6,lsc_tail_cusum,1992-05-01,6.000000000000006,5.905000000000001,1.0160880609652845
6,lsc_tail_cusum,1992-06-01,6.080000000000006,5.905000000000001,1.029635901778155
6,lsc_tail_cusum,1992-07-01,6.160000000000006,5.905000000000001,1.0431837425910255
6,lsc_tail_cusum,1992-08-01,6.240000000000006,5.905000000000001,1.056731583403896
6,lsc_tail_cusum,1992-09-01,6.3200000000000065,5.905000000000001,1.0702794242167664
6,lsc_tail_cusum,1992-10-01,6.400000000000007,5.905000000000001,1.0838272650296368
6,lsc_tail_cusum,1992-11-01,6.480000000000007,5.905000000000001,1.0973751058425072
6,lsc_tail_cusum,1992-12-01,6.560000000000007,5.905000000000001,1.1109229466553778
6,lsc_kalman_cusum,1988-01-01,0.0,6.737999831212679,0.0
6,lsc_kalman_cusum,1988-02-01,0.04034711442752903,6.737999831212679,0.005987995761090352
6,lsc_kalman_cusum,1988-03-01,0.0,6.737999831212679,0.0
6,lsc_kalman_cusum,1988-04-01,0.06182135359465413,6.737999831212679,0.009175030445723202
6,lsc_kalman_cusum,1988-05-01,0.0897578742174111,6.737999831212679,0.013321145216065823
6,lsc_kalman_cusum,1988-06-01,0.0,6.737999831212679,0.0
6,lsc_kalman_cusum,1988-07-01,0.0,6.737999831212679,0.0
6,lsc_kalman_cusum,1988-08-01,0.10565450710534352,6.737999831212679,0.01568039622321098
6,lsc_kalman_cusum,1988-09-01,0.15376985074131178,6.737999831212679,0.022821290381902084
6,lsc_kalman_cusum,1988-10-01,0.1300472878304122,6.737999831212679,0.019300577484135495
6,lsc_kalman_cusum,1988-11-01,0.0,6.737999831212679,0.0
6,lsc_kalman_cusum,1988-12-01,0.0,6.737999831212679,0.0
6,lsc_kalman_cusum,1989-01-01,0.0,6.737999831212679,0.0
6,lsc_kalman_cusum,1989-02-01,0.29584530762712125,6.737999831212679,0.043906992436637704
6,lsc_kalman_cusum,1989-03-01,0.0,6.737999831212679,0.0
6,lsc_kalman_cusum,1989-04-01,0.0,6.737999831212679,0.0
6,lsc_kalman_cusum,1989-05-01,0.2617823138035873,6.737999831212679,0.03885163555376236
6,lsc_kalman_cusum,1989-06-01,0.0,6.737999831212679,0.0
6,lsc_kalman_cusum,1989-07-01,0.6854078127572993,6.737999831212679,0.10172274115862397
6,lsc_kalman_cusum,1989-08-01,1.2457804435601294,6.737999831212679,0.18488876146735056
6,lsc_kalman_cusum,1989-09-01,0.21055464872101215,6.737999831212679,0.03124883555883339
6,lsc_kalman_cusum,1989-10-01,0.0,6.737999831212679,0.0
6,lsc_kalman_cusum,1989-11-01,0.018873139964940777,6.737999831212679,0.0028010003617860084
6,lsc_kalman_cusum,1989-12-01,0.10445182133686703,6.737999831212679,0.015501903228464195
6,lsc_kalman_cusum,1990-01-01,0.4545550807699703,6.737999831212679,0.06746142655930598
6,lsc_kalman_cusum,1990-02-01,0.8245480744677072,6.737999831212679,0.12237282504047023
6,lsc_kalman_cusum,1990-03-01,0.6052803729604106,6.737999831212679,0.08983086793154083
6,lsc_kalman_cusum,1990-04-01,0.18603257263288375,6.737999831212679,0.027609465315080354
6,lsc_kalman_cusum,1990-05-01,0.0,6.737999831212679,0.0
6,lsc_kalman_cusum,1990-06-01,0.0,6.737999831212679,0.0
6,lsc_kalman_cusum,1990-07-01,0.0,6.737999831212679,0.0
6,lsc_kalman_cusum,1990-08-01,0.0,6.737999831212679,0.0
6,lsc_kalman_cusum,1990-09-01,0.0,6.737999831212679,0.0
6,lsc_kalman_cusum,1990-10-01,0.3183685690608351,6.737999831212679,0.047249714609081006
6,lsc_kalman_cusum,1990-11-01,1.241170375840089,6.737999831212679,0.18420457211805952
6,lsc_kalman_cusum,1990-12-01,1.0410606039482635,6.737999831212679,0.1545058815712225
6,lsc_kalman_cusum,1991-01-01,0.42358255524078237,6.737999831212679,0.06286473224273555
6,lsc_kalman_cusum,1991-02-01,0.5751673463325888,6.737999831212679,0.08536173356197196
6,lsc_kalman_cusum,1991-03-01,0.39160975463694303,6.737999831212679,0.05811958510638054
6,lsc_kalman_cusum,1991-04-01,0.24587862515347003,6.737999831212679,0.036491337386872234
6,lsc_kalman_cusum,1991-05-01,0.9767404795216308,6.737999831212679,0.1449600035602614
6,lsc_kalman_cusum,1991-06-01,1.1056078967988443,6.737999831212679,0.16408547410127514
6,lsc_kalman_cusum,1991-07-01,0.46901017744136675,6.737999831212679,0.06960673630010407
6,lsc_kalman_cusum,1991-08-01,0.0,6.737999831212679,0.0
6,lsc_kalman_cusum,1991-09-01,0.4458705815196785,6.737999831212679,0.06617254269646256
6,lsc_kalman_cusum,1991-10-01,0.0,6.737999831212679,0.0
6,lsc_kalman_cusum,1991-11-01,0.0,6.737999831212679,0.0
6,lsc_kalman_cusum,1991-12-01,0.09555373120208299,6.737999831212679,0.014181319916252594
6,lsc_kalman_cusum,1992-01-01,0.046554321036901714,6.737999831212679,0.006909219679888749
6,lsc_kalman_cusum,1992-02-01,0.7347438894978819,6.737999831212679,0.10904480675322985
6,lsc_kalman_cusum,1992-03-01,1.1218776833002022,6.737999831212679,0.16650010558078196
6,lsc_kalman_cusum,1992-04-01,1.1531677501414315,6.737999831212679,0.1711439268370965
6,lsc_kalman_cusum,1992-05-01,0.5942020180772367,6.737999831212679,0.0881867071775059
6,lsc_kalman_cusum,1992-06-01,0.0,6.737999831212679,0.0
6,lsc_kalman_cusum,1992-07-01,0.5816195775180191,6.737999831212679,0.08631932206702674
6,lsc_kalman_cusum,1992-08-01,0.6901001994526201,6.737999831212679,0.10241914763129617
6,lsc_kalman_cusum,1992-09-01,0.04532529041046296,6.737999831212679,0.006726816792203078
6,lsc_kalman_cusum,1992-10-01,0.3109681634156385,6.737999831212679,0.04615140564045868
6,lsc_kalman_cusum,1992-11-01,0.0,6.737999831212679,0.0
6,lsc_kalman_cusum,1992-12-01,0.0,6.737999831212679,0.0
6,raw_cusum,1988-01-01,0.0,15.967533311218029,0.0
6,raw_cusum,1988-02-01,0.0,15.967533311218029,0.0
6,raw_cusum,1988-03-01,0.0,15.967533311218029,0.0
6,raw_cusum,1988-04-01,0.0,15.967533311218029,0.0
6,raw_cusum,1988-05-01,0.0,15.967533311218029,0.0
6,raw_cusum,1988-06-01,0.0,15.967533311218029,0.0
6,raw_cusum,1988-07-01,0.0,15.967533311218029,0.0
6,raw_cusum,1988-08-01,0.0,15.967533311218029,0.0
6,raw_cusum,1988-09-01,0.0985068855371748,15.967533311218029,0.006169198686936106
6,raw_cusum,1988-10-01,0.0,15.967533311218029,0.0
6,raw_cusum,1988-11-01,0.0,15.967533311218029,0.0
6,raw_cusum,1988-12-01,0.0,15.967533311218029,0.0
6,raw_cusum,1989-01-01,0.0,15.967533311218029,0.0
6,raw_cusum,1989-02-01,0.25638086976870034,15.967533311218029,0.016056385464909558
6,raw_cusum,1989-03-01,0.0,15.967533311218029,0.0
6,raw_cusum,1989-04-01,0.0,15.967533311218029,0.0
6,raw_cusum,1989-05-01,0.4095302530166469,15.967533311218029,0.025647684274998847
6,raw_cusum,1989-06-01,0.13873336709949557,15.967533311218029,0.008688465800915418
6,raw_cusum,1989-07-01,1.031146597516286,15.967533311218029,0.0645777013530231
6,raw_cusum,1989-08-01,0.4592637804684693,15.967533311218029,0.028762349920749025
6,raw_cusum,1989-09-01,0.09963567022536712,15.967533311218029,0.0062398911768900365
6,raw_cusum,1989-10-01,0.0,15.967533311218029,0.0
6,raw_cusum,1989-11-01,0.0,15.967533311218029,0.0
6,raw_cusum,1989-12-01,0.0,15.967533311218029,0.0
6,raw_cusum,1990-01-01,0.3332562974193356,15.967533311218029,0.020870869089416936
6,raw_cusum,1990-02-01,0.37339708828061413,15.967533311218029,0.02338476964493214
6,raw_cusum,1990-03-01,0.2543840976677725,15.967533311218029,0.015931333457062796
6,raw_cusum,1990-04-01,0.0372636173226103,15.967533311218029,0.002333711575627693
6,raw_cusum,1990-05-01,0.0,15.967533311218029,0.0
6,raw_cusum,1990-06-01,0.0,15.967533311218029,0.0
6,raw_cusum,1990-07-01,0.0,15.967533311218029,0.0
6,raw_cusum,1990-08-01,0.0,15.967533311218029,0.0
6,raw_cusum,1990-09-01,0.0,15.967533311218029,0.0
6,raw_cusum,1990-10-01,0.4286824313157337,15.967533311218029,0.026847129294201116
6,raw_cusum,1990-11-01,1.6964026472348093,15.967533311218029,0.10624074577899878
6,raw_cusum,1990-12-01,2.307338656711596,15.967533311218029,0.14450188465181216
6,raw_cusum,1991-01-01,2.421756467686594,15.967533311218029,0.15166753815288322
6,raw_cusum,1991-02-01,3.0386597191601963,15.967533311218029,0.19030238797281096
6,raw_cusum,1991-03-01,3.456624962456969,15.967533311218029,0.21647833106623354
6,raw_cusum,1991-04-01,2.857925041164779,15.967533311218029,0.1789835026777077
6,raw_cusum,1991-05-01,1.4446762192511655,15.967533311218029,0.09047585441617365
6,raw_cusum,1991-06-01,0.669304098197467,15.967533311218029,0.041916561885438235
6,raw_cusum,1991-07-01,0.2875420788818308,15.967533311218029,0.01800792102809126
6,raw_cusum,1991-08-01,0.0,15.967533311218029,0.0
6,raw_cusum,1991-09-01,0.23564570169675858,15.967533311218029,0.014757802417183944
6,raw_cusum,1991-10-01,0.0,15.967533311218029,0.0
6,raw_cusum,1991-11-01,0.0,15.967533311218029,0.0
6,raw_cusum,1991-12-01,0.3095215091618988,15.967533311218029,0.019384428585750544
6,raw_cusum,1992-01-01,0.664623811189397,15.967533311218029,0.04162344917248201
6,raw_cusum,1992-02-01,0.13081640789108429,15.967533311218029,0.008192649756313888
6,raw_cusum,1992-03-01,0.4375597639899429,15.967533311218029,0.027403090725512013
6,raw_cusum,1992-04-01,0.6320617443949517,15.967533311218029,0.03958418198200314
6,raw_cusum,1992-05-01,0.309440545743798,15.967533311218029,0.019379358083217512
6,raw_cusum,1992-06-01,0.0,15.967533311218029,0.0
6,raw_cusum,1992-07-01,0.3884298960955336,15.967533311218029,0.024326230515682796
6,raw_cusum,1992-08-01,0.3981929885550405,15.967533311218029,0.024937664496700256
6,raw_cusum,1992-09-01,0.0,15.967533311218029,0.0
6,raw_cusum,1992-10-01,0.09380812067970656,15.967533311218029,0.005874928760211287
6,raw_cusum,1992-11-01,0.0,15.967533311218029,0.0
6,raw_cusum,1992-12-01,0.0,15.967533311218029,0.0
6,raw_var_cusum,1988-01-01,31.255245560354975,39.14420861985719,0.7984641065013056
6,raw_var_cusum,1988-02-01,32.05731028353843,39.14420861985719,0.8189541036544625
6,raw_var_cusum,1988-03-01,33.001210541500704,39.14420861985719,0.8430675112629498
6,raw_var_cusum,1988-04-01,33.72121694756504,39.14420861985719,0.861461200430524
6,raw_var_cusum,1988-05-01,34.45583171733349,39.14420861985719,0.8802280830849301
6,raw_var_cusum,1988-06-01,35.388837799806005,39.14420861985719,0.9040631819505952
6,raw_var_cusum,1988-07-01,36.29793952713703,39.14420861985719,0.9272876066965295
6,raw_var_cusum,1988-08-01,37.09978014374888,39.14420861985719,0.947771878696988
6,raw_var_cusum,1988-09-01,37.69156965171347,39.14420861985719,0.9628900667720532
6,raw_var_cusum,1988-10-01,38.55142696909574,39.14420861985719,0.9848564660862569
6,raw_var_cusum,1988-11-01,39.49621895425315,39.14420861985719,1.0089926542599048
6,raw_var_cusum,1988-12-01,40.339567262673036,39.14420861985719,1.0305373051330373
6,raw_var_cusum,1989-01-01,41.27101219998724,39.14420861985719,1.0543325221052282
6,raw_var_cusum,1989-02-01,41.64890017983519,39.14420861985719,1.063986261270522
6,raw_var_cusum,1989-03-01,42.59216534028381,39.14420861985719,1.0880834443202292
6,raw_var_cusum,1989-04-01,43.485471909261406,39.14420861985719,1.1109043570547998
6,raw_var_cusum,1989-05-01,43.60822662810888,39.14420861985719,1.1140403182397502
6,raw_var_cusum,1989-06-01,44.505692560603606,39.14420861985719,1.1369674884173449
6,raw_var_cusum,1989-07-01,43.516877956363885,39.14420861985719,1.11170667362243
6,raw_var_cusum,1989-08-01,43.54669095584523,39.14420861985719,1.1124682932983025
6,raw_var_cusum,1989-09-01,44.13712801883861,39.14420861985719,1.1275519310524162
6,raw_var_cusum,1989-10-01,44.94034455621201,39.14420861985719,1.1480713530995883
6,raw_var_cusum,1989-11-01,45.85500778279483,39.14420861985719,1.1714378550377276
6,raw_var_cusum,1989-12-01,46.610119665899326,39.14420861985719,1.1907283684936936
6,raw_var_cusum,1990-01-01,46.86580360871035,39.14420861985719,1.1972602145017215
6,raw_var_cusum,1990-02-01,47.0529811348933,39.14420861985719,1.2020419570067418
6,raw_var_cusum,1990-03-01,47.85783003357153,39.14420861985719,1.2226030802751768
6,raw_var_cusum,1990-04-01,48.51917783907296,39.14420861985719,1.2394982437953799
6,raw_var_cusum,1990-05-01,49.44748356398186,39.14420861985719,1.263213264679414
6,raw_var_cusum,1990-06-01,50.36157693141062,39.14420861985719,1.2865652086746506
6,raw_var_cusum,1990-07-01,51.12537240077931,39.14420861985719,1.306077557916046
6,raw_var_cusum,1990-08-01,52.03469137906933,39.14420861985719,1.3293075326773376
6,raw_var_cusum,1990-09-01,52.94026357013197,39.14420861985719,1.3524417899018726
6,raw_var_cusum,1990-10-01,53.027812511897466,39.14420861985719,1.3546783644770726
6,raw_var_cusum,1990-11-01,50.85297775012849,39.14420861985719,1.2991188107538247
6,raw_var_cusum,1990-12-01,50.568798932976286,39.14420861985719,1.2918590186371426
6,raw_var_cusum,1991-01-01,51.14128968653298,39.14420861985719,1.3064841898627597
6,raw_var_cusum,1991-02-01,50.84381681338068,39.14420861985719,1.2988847803040902
6,raw_var_cusum,1991-03-01,50.951156625479776,39.14420861985719,1.3016269435993433
6,raw_var_cusum,1991-04-01,51.89141495101669,39.14420861985719,1.325647312350902
6,raw_var_cusum,1991-05-01,52.007391540290094,39.14420861985719,1.3286101156202104
6,raw_var_cusum,1991-06-01,52.38577195949344,39.14420861985719,1.3382764349186262
6,raw_var_cusum,1991-07-01,53.32179173941713,39.14420861985719,1.3621885233967381
6,raw_var_cusum,1991-08-01,54.22278595307606,39.14420861985719,1.3852058290321334
6,raw_var_cusum,1991-09-01,54.63161135465115,39.14420861985719,1.3956499129972821
6,raw_var_cusum,1991-10-01,55.499753295302234,39.14420861985719,1.4178279559635332
6,raw_var_cusum,1991-11-01,56.28039835193169,39.14420861985719,1.4377707542510287
6,raw_var_cusum,1991-12-01,56.57507327813593,39.14420861985719,1.445298685881118
6,raw_var_cusum,1992-01-01,56.79387333120321,39.14420861985719,1.4508882752682002
6,raw_var_cusum,1992-02-01,57.3459439907386,39.14420861985719,1.4649917832710502
6,raw_var_cusum,1992-03-01,57.64510914812895,39.14420861985719,1.4726344248759846
6,raw_var_cusum,1992-04-01,58.11277614734247,39.14420861985719,1.4845817094348628
6,raw_var_cusum,1992-05-01,59.03131290817452,39.14420861985719,1.5080471668605644
6,raw_var_cusum,1992-06-01,59.95631349275486,39.14420861985719,1.5316777527682612
6,raw_var_cusum,1992-07-01,60.11700581247854,39.14420861985719,1.535782889272213
6,raw_var_cusum,1992-08-01,60.260255167789104,39.14420861985719,1.5394424179831319
6,raw_var_cusum,1992-09-01,61.1784725932722,39.14420861985719,1.562899717488155
6,raw_var_cusum,1992-10-01,61.775864509087036,39.14420861985719,1.5781610278295215
6,raw_var_cusum,1992-11-01,62.66932903190878,39.14420861985719,1.600985975741957
6,raw_var_cusum,1992-12-01,63.61907587364375,39.14420861985719,1.625248743472384
7,lsc_composite,1993-01-01,1.75004203621444,13.146778132792576,0.13311565910199966
7,lsc_composite,1993-02-01,1.7644494654579919,13.146778132792576,0.13421154960064696
7,lsc_composite,1993-03-01,1.857064073587463,13.146778132792576,0.14125621158505047
7,lsc_composite,1993-04-01,2.066711376703434,13.146778132792576,0.15720287935401805
7,lsc_composite,1993-05-01,2.6452120234487335,13.146778132792576,0.2012061051559596
7,lsc_composite,1993-06-01,2.168340160112922,13.146778132792576,0.16493319794485142
7,lsc_composite,1993-07-01,2.2223620521875564,13.146778132792576,0.16904233339453892
7,lsc_composite,1993-08-01,2.1063923194847183,13.146778132792576,0.1602211810535277
7,lsc_composite,1993-09-01,2.0044741372236117,13.146778132792576,0.1524688495521017
7,lsc_composite,1993-10-01,2.4584008563810884,13.146778132792576,0.18699645126352235
7,lsc_composite,1993-11-01,2.056150657745109,13.146778132792576,0.15639958604126467
7,lsc_composite,1993-12-01,2.325430776573671,13.146778132792576,0.17688218003567344
7,lsc_composite,1994-01-01,2.081998989321606,13.146778132792576,0.15836572035306398
7,lsc_composite,1994-02-01,2.2763344671921515,13.146778132792576,0.17314770540731894
7,lsc_composite,1994-03-01,2.1829244286904643,13.146778132792576,0.16604253959724943
7,lsc_composite,1994-04-01,2.9021348295766596,13.146778132792576,0.22074874925726018
7,lsc_composite,1994-05-01,2.9580739862356813,13.146778132792576,0.22500372002606706
7,lsc_composite,1994-06-01,3.314062028842644,13.146778132792576,0.2520816884082219
7,lsc_composite,1994-07-01,2.997693256718265,13.146778132792576,0.22801733066757923
7,lsc_composite,1994-08-01,3.2714358695627905,13.146778132792576,0.24883936098401988
7,lsc_composite,1994-09-01,3.716271681168215,13.146778132792576,0.28267546950522865
7,lsc_composite,1994-10-01,3.522985947207721,13.146778132792576,0.26797333244866933
7,lsc_composite,1994-11-01,4.435712355826659,13.146778132792576,0.33739919477019775
7,lsc_composite,1994-12-01,4.168505430581586,13.146778132792576,0.31707429671942994
7,lsc_composite,1995-01-01,3.6418277458108306,13.146778132792576,0.277012946367967
7,lsc_composite,1995-02-01,3.0798147108353335,13.146778132792576,0.23426383861709957
7,lsc_composite,1995-03-01,3.1938364128576415,13.146778132792576,0.24293681543853832
7,lsc_composite,1995-04-01,3.2973719697012256,13.146778132792576,0.25081217134686773
7,lsc_composite,1995-05-01,3.3132177260483786,13.146778132792576,0.2520174671377527
7,lsc_composite,1995-06-01,4.534995643339992,13.146778132792576,0.34495110494244646
7,lsc_composite,1995-07-01,4.565117677307707,13.146778132792576,0.3472423152803299
7,lsc_composite,1995-08-01,3.2743522731068686,13.146778132792576,0.24906119507254104
7,lsc_composite,1995-09-01,3.128666172692979,13.146778132792576,0.23797968909880754
7,lsc_composite,1995-10-01,3.0846795204784634,13.146778132792576,0.23463387678112663
7,lsc_composite,1995-11-01,3.35865018318198,13.146778132792576,0.2554732535422009
7,lsc_composite,1995-12-01,3.1529393304806392,13.146778132792576,0.23982600897600354
7,lsc_composite,1996-01-01,3.1854104716927227,13.146778132792576,0.24229590242701488
7,lsc_composite,1996-02-01,2.064901480940334,13.146778132792576,0.15706521096524487
7,lsc_composite,1996-03-01,2.0922025022470363,13.146778132792576,0.1591418430519007
7,lsc_composite,1996-04-01,1.9444790900101412,13.146778132792576,0.14790537045422125
7,lsc_composite,1996-05-01,1.6535022944138809,13.146778132792576,0.12577243471459207
7,lsc_composite,1996-06-01,1.860636004998066,13.146778132792576,0.1415279079181386
7,lsc_composite,1996-07-01,2.069651396035511,13.146778132792576,0.1574265097600674
7,lsc_composite,1996-08-01,2.2545154019648885,13.146778132792576,0.17148805427402425
7,lsc_composite,1996-09-01,2.118689932500367,13.146778132792576,0.16115658993404836
7,lsc_composite,1996-10-01,2.3617807939046545,13.146778132792576,0.1796471173430365
7,lsc_composite,1996-11-01,2.377729131796404,13.146778132792576,0.18086021592359056
7,lsc_composite,1996-12-01,2.0811988010731706,13.146778132792576,0.15830485462304614
7,lsc_composite,1997-01-01,2.27228773660628,13.146778132792576,0.17283989382451162
7,lsc_composite,1997-02-01,2.579183049512186,13.146778132792576,0.19618365986407105
7,lsc_composite,1997-03-01,2.3552801764904547,13.146778132792576,0.1791526526651863
7,lsc_composite,1997-04-01,2.333045201075964,13.146778132792576,0.1774613656296936
7,lsc_composite,1997-05-01,2.304858988795509,13.146778132792576,0.17531740214329772
7,lsc_composite,1997-06-01,2.285124808232125,13.146778132792576,0.17381633622706688
7,lsc_composite,1997-07-01,2.3421946726490437,13.146778132792576,0.17815731344905003
7,lsc_composite,1997-08-01,2.6176114354863333,13.146778132792576,0.19910668675217938
7,lsc_composite,1997-09-01,2.686338836240993,13.146778132792576,0.2043343858934032
7,lsc_composite,1997-10-01,2.993670346164278,13.146778132792576,0.2277113309379609
7,lsc_composite,1997-11-01,2.914116312116663,13.146778132792576,0.22166011190588644
7,lsc_composite,1997-12-01,3.137790789695534,13.146778132792576,0.23867374637355498
7,lsc_tail_cusum,1993-01-01,0.5999999999999999,6.115000000000019,0.09811937857726868
7,lsc_tail_cusum,1993-02-01,0.6799999999999998,6.115000000000019,0.11120196238757117
7,lsc_tail_cusum,1993-03-01,0.7599999999999998,6.115000000000019,0.12428454619787366
7,lsc_tail_cusum,1993-04-01,0.8399999999999997,6.115000000000019,0.13736713000817616
7,lsc_tail_cusum,1993-05-01,0.9199999999999997,6.115000000000019,0.15044971381847863
7,lsc_tail_cusum,1993-06-01,0.9999999999999998,6.115000000000019,0.16353229762878113
7,lsc_tail_cusum,1993-07-01,1.0799999999999998,6.115000000000019,0.17661488143908366
7,lsc_tail_cusum,1993-08-01,1.16,6.115000000000019,0.18969746524938616
7,lsc_tail_cusum,1993-09-01,1.24,6.115000000000019,0.20278004905968866
7,lsc_tail_cusum,1993-10-01,1.32,6.115000000000019,0.21586263286999116
7,lsc_tail_cusum,1993-11-01,1.4000000000000001,6.115000000000019,0.22894521668029366
7,lsc_tail_cusum,1993-12-01,1.4800000000000002,6.115000000000019,0.2420278004905962
7,lsc_tail_cusum,1994-01-01,1.5600000000000003,6.115000000000019,0.25511038430089866
7,lsc_tail_cusum,1994-02-01,1.6400000000000003,6.115000000000019,0.2681929681112012
7,lsc_tail_cusum,1994-03-01,1.7200000000000004,6.115000000000019,0.2812755519215037
7,lsc_tail_cusum,1994-04-01,1.8000000000000005,6.115000000000019,0.2943581357318062
7,lsc_tail_cusum,1994-05-01,1.8800000000000006,6.115000000000019,0.3074407195421087
7,lsc_tail_cusum,1994-06-01,1.9600000000000006,6.115000000000019,0.3205233033524112
7,lsc_tail_cusum,1994-07-01,2.0400000000000005,6.115000000000019,0.33360588716271367
7,lsc_tail_cusum,1994-08-01,2.1200000000000006,6.115000000000019,0.3466884709730162
7,lsc_tail_cusum,1994-09-01,2.2000000000000006,6.115000000000019,0.3597710547833187
7,lsc_tail_cusum,1994-10-01,2.2800000000000007,6.115000000000019,0.3728536385936212
7,lsc_tail_cusum,1994-11-01,2.3600000000000008,6.115000000000019,0.3859362224039237
7,lsc_tail_cusum,1994-12-01,2.440000000000001,6.115000000000019,0.3990188062142262
7,lsc_tail_cusum,1995-01-01,2.520000000000001,6.115000000000019,0.4121013900245287
7,lsc_tail_cusum,1995-02-01,2.600000000000001,6.115000000000019,0.42518397383483125
7,lsc_tail_cusum,1995-03-01,2.680000000000001,6.115000000000019,0.4382665576451337
7,lsc_tail_cusum,1995-04-01,2.760000000000001,6.115000000000019,0.45134914145543625
7,lsc_tail_cusum,1995-05-01,2.840000000000001,6.115000000000019,0.4644317252657387
7,lsc_tail_cusum,1995-06-01,2.9200000000000013,6.115000000000019,0.47751430907604125
7,lsc_tail_cusum,1995-07-01,3.0000000000000013,6.115000000000019,0.4905968928863438
7,lsc_tail_cusum,1995-08-01,2.0800000000000014,6.115000000000019,0.34014717906786507
7,lsc_tail_cusum,1995-09-01,2.1600000000000015,6.115000000000019,0.3532297628781676
7,lsc_tail_cusum,1995-10-01,2.2400000000000015,6.115000000000019,0.36631234668847007
7,lsc_tail_cusum,1995-11-01,2.3200000000000016,6.115000000000019,0.3793949304987726
7,lsc_tail_cusum,1995-12-01,2.4000000000000017,6.115000000000019,0.3924775143090751
7,lsc_tail_cusum,1996-01-01,2.4800000000000018,6.115000000000019,0.4055600981193776
7,lsc_tail_cusum,1996-02-01,1.5600000000000018,6.115000000000019,0.25511038430089894
7,lsc_tail_cusum,1996-03-01,1.640000000000002,6.115000000000019,0.26819296811120147
7,lsc_tail_cusum,1996-04-01,1.720000000000002,6.115000000000019,0.28127555192150394
7,lsc_tail_cusum,1996-05-01,1.800000000000002,6.115000000000019,0.29435813573180647
7,lsc_tail_cusum,1996-06-01,1.8800000000000021,6.115000000000019,0.30744071954210894
7,lsc_tail_cusum,1996-07-01,1.9600000000000022,6.115000000000019,0.32052330335241147
7,lsc_tail_cusum,1996-08-01,2.0400000000000023,6.115000000000019,0.333605887162714
7,lsc_tail_cusum,1996-09-01,2.1200000000000023,6.115000000000019,0.34668847097301647
7,lsc_tail_cusum,1996-10-01,2.2000000000000024,6.115000000000019,0.359771054783319
7,lsc_tail_cusum,1996-11-01,2.2800000000000025,6.115000000000019,0.3728536385936215
7,lsc_tail_cusum,1996-12-01,2.3600000000000025,6.115000000000019,0.385936222403924
7,lsc_tail_cusum,1997-01-01,2.4400000000000026,6.115000000000019,0.39901880621422653
7,lsc_tail_cusum,1997-02-01,2.5200000000000027,6.115000000000019,0.412101390024529
7,lsc_tail_cusum,1997-03-01,2.6000000000000028,6.115000000000019,0.42518397383483153
7,lsc_tail_cusum,1997-04-01,2.680000000000003,6.115000000000019,0.438266557645134
7,lsc_tail_cusum,1997-05-01,2.760000000000003,6.115000000000019,0.45134914145543653
7,lsc_tail_cusum,1997-06-01,2.840000000000003,6.115000000000019,0.46443172526573906
7,lsc_tail_cusum,1997-07-01,2.920000000000003,6.115000000000019,0.47751430907604153
7,lsc_tail_cusum,1997-08-01,3.000000000000003,6.115000000000019,0.49059689288634406
7,lsc_tail_cusum,1997-09-01,3.080000000000003,6.115000000000019,0.5036794766966466
7,lsc_tail_cusum,1997-10-01,3.1600000000000033,6.115000000000019,0.5167620605069491
7,lsc_tail_cusum,1997-11-01,3.2400000000000033,6.115000000000019,0.5298446443172515
7,lsc_tail_cusum,1997-12-01,3.3200000000000034,6.115000000000019,0.5429272281275541
7,lsc_kalman_cusum,1993-01-01,0.0,7.930521562971915,0.0
7,lsc_kalman_cusum,1993-02-01,0.0,7.930521562971915,0.0
7,lsc_kalman_cusum,1993-03-01,0.2226710087075512,7.930521562971915,0.028077725650128182
7,lsc_kalman_cusum,1993-04-01,0.0,7.930521562971915,0.0
7,lsc_kalman_cusum,1993-05-01,0.6131266049537067,7.930521562971915,0.07731226755834471
7,lsc_kalman_cusum,1993-06-01,0.0,7.930521562971915,0.0
7,lsc_kalman_cusum,1993-07-01,0.0,7.930521562971915,0.0
7,lsc_kalman_cusum,1993-08-01,0.0,7.930521562971915,0.0
7,lsc_kalman_cusum,1993-09-01,0.33682301604176423,7.930521562971915,0.04247173573228919
7,lsc_kalman_cusum,1993-10-01,0.8935407381065639,7.930521562971915,0.1126711189184025
7,lsc_kalman_cusum,1993-11-01,0.7419908650401128,7.930521562971915,0.09356142079034412
7,lsc_kalman_cusum,1993-12-01,0.7950103070346741,7.930521562971915,0.10024691323539493
7,lsc_kalman_cusum,1994-01-01,0.1940598483998064,7.930521562971915,0.02446999820363437
7,lsc_kalman_cusum,1994-02-01,0.0,7.930521562971915,0.0
7,lsc_kalman_cusum,1994-03-01,0.9267084953630143,7.930521562971915,0.11685341096478097
7,lsc_kalman_cusum,1994-04-01,0.7966077600089547,7.930521562971915,0.10044834424615458
7,lsc_kalman_cusum,1994-05-01,0.37906254630228764,7.930521562971915,0.04779793400627692
7,lsc_kalman_cusum,1994-06-01,0.3773309790944276,7.930521562971915,0.047579591846292776
7,lsc_kalman_cusum,1994-07-01,0.08030861009918655,7.930521562971915,0.010126523137412842
7,lsc_kalman_cusum,1994-08-01,0.06946710518090438,7.930521562971915,0.008759462366920543
7,lsc_kalman_cusum,1994-09-01,0.0,7.930521562971915,0.0
7,lsc_kalman_cusum,1994-10-01,0.30066919295562666,7.930521562971915,0.03791291538244714
7,lsc_kalman_cusum,1994-11-01,0.24813378987526957,7.930521562971915,0.03128845787820832
7,lsc_kalman_cusum,1994-12-01,0.7700609422807383,7.930521562971915,0.09710092030720897
7,lsc_kalman_cusum,1995-01-01,0.22889272148612727,7.930521562971915,0.02886225321608622
7,lsc_kalman_cusum,1995-02-01,0.8036298148379113,7.930521562971915,0.10133379103211919
7,lsc_kalman_cusum,1995-03-01,0.6110959954765862,7.930521562971915,0.07705621763010272
7,lsc_kalman_cusum,1995-04-01,0.9686656016023656,7.930521562971915,0.12214399695035492
7,lsc_kalman_cusum,1995-05-01,0.07331631560497753,7.930521562971915,0.009244828984173732
7,lsc_kalman_cusum,1995-06-01,0.0,7.930521562971915,0.0
7,lsc_kalman_cusum,1995-07-01,0.7450726897073208,7.930521562971915,0.0939500238150931
7,lsc_kalman_cusum,1995-08-01,1.7700364146427128,7.930521562971915,0.22319293889914124
7,lsc_kalman_cusum,1995-09-01,1.3908543085872271,7.930521562971915,0.17537992899246502
7,lsc_kalman_cusum,1995-10-01,0.4614436508656913,7.930521562971915,0.05818578856404598
7,lsc_kalman_cusum,1995-11-01,0.0,7.930521562971915,0.0
7,lsc_kalman_cusum,1995-12-01,0.0,7.930521562971915,0.0
7,lsc_kalman_cusum,1996-01-01,1.0209970311524996,7.930521562971915,0.12874273438957615
7,lsc_kalman_cusum,1996-02-01,2.092815723260287,7.930521562971915,0.26389383177920733
7,lsc_kalman_cusum,1996-03-01,0.7317832112561384,7.930521562971915,0.09227428554924792
7,lsc_kalman_cusum,1996-04-01,1.6495560742700128,7.930521562971915,0.20800095695747048
7,lsc_kalman_cusum,1996-05-01,1.8477572566910418,7.930521562971915,0.23299315713588528
7,lsc_kalman_cusum,1996-06-01,1.9652744080193125,7.930521562971915,0.24781149542487818
7,lsc_kalman_cusum,1996-07-01,0.6001767095955075,7.930521562971915,0.07567934906044123
7,lsc_kalman_cusum,1996-08-01,0.36793416135527923,7.930521562971915,0.04639469906660189
7,lsc_kalman_cusum,1996-09-01,0.3236604865921624,7.930521562971915,0.04081200511494134
7,lsc_kalman_cusum,1996-10-01,0.21857931480672166,7.930521562971915,0.027561783051859
7,lsc_kalman_cusum,1996-11-01,0.6112644843079342,7.930521562971915,0.0770774632480624
7,lsc_kalman_cusum,1996-12-01,0.5127395675838888,7.930521562971915,0.0646539528973606
7,lsc_kalman_cusum,1997-01-01,0.04514923652578062,7.930521562971915,0.005693098009667503
7,lsc_kalman_cusum,1997-02-01,1.0225437522910568,7.930521562971915,0.12893776836385837
7,lsc_kalman_cusum,1997-03-01,0.7372419284466354,7.930521562971915,0.09296260310152393
7,lsc_kalman_cusum,1997-04-01,0.25433730037101054,7.930521562971915,0.0320706902252844
7,lsc_kalman_cusum,1997-05-01,0.0,7.930521562971915,0.0
7,lsc_kalman_cusum,1997-06-01,0.0,7.930521562971915,0.0
7,lsc_kalman_cusum,1997-07-01,0.31141243431721133,7.930521562971915,0.039267585598810405
7,lsc_kalman_cusum,1997-08-01,0.7673348141721059,7.930521562971915,0.09675716887964073
7,lsc_kalman_cusum,1997-09-01,0.9161285836083992,7.930521562971915,0.11551933581340464
7,lsc_kalman_cusum,1997-10-01,0.9264483461895618,7.930521562971915,0.116820607425772
7,lsc_kalman_cusum,1997-11-01,0.6986794339963898,7.930521562971915,0.08810006106768138
7,lsc_kalman_cusum,1997-12-01,0.0,7.930521562971915,0.0
7,raw_cusum,1993-01-01,0.0,42.866081570709,0.0
7,raw_cusum,1993-02-01,0.0,42.866081570709,0.0
7,raw_cusum,1993-03-01,0.11489709942589366,42.866081570709,0.0026803732745286535
7,raw_cusum,1993-04-01,0.0,42.866081570709,0.0
7,raw_cusum,1993-05-01,0.6272842604609719,42.866081570709,0.014633580618425457
7,raw_cusum,1993-06-01,0.19310911450562873,42.866081570709,0.004504939743258057
7,raw_cusum,1993-07-01,0.0,42.866081570709,0.0
7,raw_cusum,1993-08-01,0.17329880896735117,42.866081570709,0.004042795670079831
7,raw_cusum,1993-09-01,0.0,42.866081570709,0.0
7,raw_cusum,1993-10-01,0.3212093743257386,42.866081570709,0.0074933225187819716
7,raw_cusum,1993-11-01,0.16041651690441916,42.866081570709,0.003742271535591768
7,raw_cusum,1993-12-01,0.23604856479321645,42.866081570709,0.005506651323001069
7,raw_cusum,1994-01-01,0.0,42.866081570709,0.0
7,raw_cusum,1994-02-01,0.0,42.866081570709,0.0
7,raw_cusum,1994-03-01,0.8210526045780269,42.866081570709,0.019153899178390586
7,raw_cusum,1994-04-01,0.8950807914596624,42.866081570709,0.02088086334607462
7,raw_cusum,1994-05-01,0.7398181338624532,42.866081570709,0.017258823450939854
7,raw_cusum,1994-06-01,0.9600130552239807,42.866081570709,0.02239563356497626
7,raw_cusum,1994-07-01,0.23207031629130115,42.866081570709,0.005413844881261041
7,raw_cusum,1994-08-01,0.44408293478388605,42.866081570709,0.010359774406983217
7,raw_cusum,1994-09-01,0.03418732176136141,42.866081570709,0.000797537831979541
7,raw_cusum,1994-10-01,0.4799569722680239,42.866081570709,0.011196660732246292
7,raw_cusum,1994-11-01,0.7149340152327239,42.866081570709,0.01667831509286467
7,raw_cusum,1994-12-01,1.5388904757174178,42.866081570709,0.03589995678002356
7,raw_cusum,1995-01-01,0.8761064061751722,42.866081570709,0.02043822001154937
7,raw_cusum,1995-02-01,0.1596392598796853,42.866081570709,0.0037241393201838413
7,raw_cusum,1995-03-01,0.0,42.866081570709,0.0
7,raw_cusum,1995-04-01,0.26483963739509675,42.866081570709,0.006178302930680406
7,raw_cusum,1995-05-01,0.0,42.866081570709,0.0
7,raw_cusum,1995-06-01,0.0,42.866081570709,0.0
7,raw_cusum,1995-07-01,0.6972340478242005,42.866081570709,0.016265401974614596
7,raw_cusum,1995-08-01,1.3513114021609627,42.866081570709,0.03152402441851212
7,raw_cusum,1995-09-01,1.0967698921992173,42.866081570709,0.025585961021187802
7,raw_cusum,1995-10-01,0.2703507329676369,42.866081570709,0.006306868345819866
7,raw_cusum,1995-11-01,0.0,42.866081570709,0.0
7,raw_cusum,1995-12-01,0.0,42.866081570709,0.0
7,raw_cusum,1996-01-01,0.9694705765943532,42.866081570709,0.022616263046930936
7,raw_cusum,1996-02-01,1.590119696370738,42.866081570709,0.0370950560001101
7,raw_cusum,1996-03-01,0.413558958633074,42.866081570709,0.009647696814809047
7,raw_cusum,1996-04-01,1.1909408720375296,42.866081570709,0.02778282568405591
7,raw_cusum,1996-05-01,1.5370755495871875,42.866081570709,0.03585761733438899
7,raw_cusum,1996-06-01,1.9091652367392902,42.866081570709,0.04453789958828077
7,raw_cusum,1996-07-01,0.9747410088055983,42.866081570709,0.022739214154616192
7,raw_cusum,1996-08-01,0.9098744989645131,42.866081570709,0.021225977873989846
7,raw_cusum,1996-09-01,1.0442255320670633,42.866081570709,0.024360181612228287
7,raw_cusum,1996-10-01,0.13479980625580623,42.866081570709,0.0031446729282556315
7,raw_cusum,1996-11-01,0.7793404274298628,42.866081570709,0.018180818000458364
7,raw_cusum,1996-12-01,0.9395097282614562,42.866081570709,0.021917322363876536
7,raw_cusum,1997-01-01,0.2562373444648993,42.866081570709,0.005977624617781485
7,raw_cusum,1997-02-01,1.378984228304175,42.866081570709,0.03216958904978277
7,raw_cusum,1997-03-01,1.528516868043869,42.866081570709,0.03565795640832089
7,raw_cusum,1997-04-01,0.7728284491238582,42.866081570709,0.018028903524784565
7,raw_cusum,1997-05-01,0.7815668615343101,42.866081570709,0.018232757296584017
7,raw_cusum,1997-06-01,0.6254156935365303,42.866081570709,0.014589989815254905
7,raw_cusum,1997-07-01,1.1577657374223784,42.866081570709,0.027008900627238486
7,raw_cusum,1997-08-01,1.9445830852121948,42.866081570709,0.04536414372292325
7,raw_cusum,1997-09-01,2.584345261573678,42.866081570709,0.060288814999586944
7,raw_cusum,1997-10-01,3.1732271855737477,42.866081570709,0.07402652795169547
7,raw_cusum,1997-11-01,3.5893806451862,42.866081570709,0.08373475049883902
7,raw_cusum,1997-12-01,3.3742239414550133,42.866081570709,0.07871547428213425
7,raw_var_cusum,1993-01-01,20.08993890352647,94.80643397528338,0.21190480499207512
7,raw_var_cusum,1993-02-01,20.89378476536103,94.80643397528338,0.22038361627237416
7,raw_var_cusum,1993-03-01,21.465686322478653,94.80643397528338,0.22641592371330926
7,raw_var_cusum,1993-04-01,22.415299913763903,94.80643397528338,0.2364322649199917
7,raw_var_cusum,1993-05-01,22.09453010988086,94.80643397528338,0.23304884682869773
7,raw_var_cusum,1993-06-01,23.04019719847086,94.80643397528338,0.2430235610852907
7,raw_var_cusum,1993-07-01,23.9900642966004,94.80643397528338,0.25304257623332566
7,raw_var_cusum,1993-08-01,24.486733010443547,94.80643397528338,0.25828134213789106
7,raw_var_cusum,1993-09-01,25.217856509534357,94.80643397528338,0.26599309194678505
7,raw_var_cusum,1993-10-01,25.493471673053886,94.80643397528338,0.26890022759109566
7,raw_var_cusum,1993-11-01,26.32841018747749,94.80643397528338,0.27770699818053984
7,raw_var_cusum,1993-12-01,26.94705793292084,94.80643397528338,0.2842323754097333
7,raw_var_cusum,1994-01-01,27.895188413138793,94.80643397528338,0.29423307304661667
7,raw_var_cusum,1994-02-01,28.716244422416874,94.80643397528338,0.3028934136464132
7,raw_var_cusum,1994-03-01,27.921064438354485,94.80643397528338,0.2945060083752721
7,raw_var_cusum,1994-04-01,28.541556079019866,94.80643397528338,0.3010508346560195
7,raw_var_cusum,1994-05-01,29.372712243772927,94.80643397528338,0.3098177097498528
7,raw_var_cusum,1994-06-01,29.80403151901799,94.80643397528338,0.3143671823664213
7,raw_var_cusum,1994-07-01,30.702073626785857,94.80643397528338,0.32383955750081345
7,raw_var_cusum,1994-08-01,31.14511165789319,94.80643397528338,0.32851263729646146
7,raw_var_cusum,1994-09-01,32.086992857340604,94.80643397528338,0.3384474187237744
7,raw_var_cusum,1994-10-01,32.142512625521114,94.80643397528338,0.33903303054200795
7,raw_var_cusum,1994-11-01,32.55232137183598,94.80643397528338,0.34335561424367644
7,raw_var_cusum,1994-12-01,31.74946066257682,94.80643397528338,0.3348871941629415
7,raw_var_cusum,1995-01-01,32.672962009280084,94.80643397528338,0.3446281084446033
7,raw_var_cusum,1995-02-01,33.18783805610547,94.80643397528338,0.3500589217896092
7,raw_var_cusum,1995-03-01,34.10898904660132,94.80643397528338,0.3597750449668189
7,raw_var_cusum,1995-04-01,34.47400937567066,94.80643397528338,0.3636252090723953
7,raw_var_cusum,1995-05-01,35.264888911393676,94.80643397528338,0.37196725404298453
7,raw_var_cusum,1995-06-01,36.200570195146675,94.80643397528338,0.38183663995403927
7,raw_var_cusum,1995-07-01,35.71720082987716,94.80643397528338,0.376738153015953
7,raw_var_cusum,1995-08-01,33.23984692210597,94.80643397528338,0.35060750128806445
7,raw_var_cusum,1995-09-01,34.12959705177411,94.80643397528338,0.3599924142350076
7,raw_var_cusum,1995-10-01,34.48615679999034,94.80643397528338,0.3637533377637755
7,raw_var_cusum,1995-11-01,35.43615616582498,94.80643397528338,0.373773748046081
7,raw_var_cusum,1995-12-01,36.36453184685592,94.80643397528338,0.38356607586713337
7,raw_var_cusum,1996-01-01,35.15518807137938,94.80643397528338,0.370810150717667
7,raw_var_cusum,1996-02-01,31.73658772622247,94.80643397528338,0.33475141291039795
7,raw_var_cusum,1996-03-01,32.22885329437434,94.80643397528338,0.3399437352825294
7,raw_var_cusum,1996-04-01,31.54714874168151,94.80643397528338,0.3327532469991018
7,raw_var_cusum,1996-05-01,31.781204849129445,94.80643397528338,0.33522202572680876
7,raw_var_cusum,1996-06-01,31.97066442669239,94.80643397528338,0.33722040884933335
7,raw_var_cusum,1996-07-01,32.73194001687661,94.80643397528338,0.34525019710592664
7,raw_var_cusum,1996-08-01,33.49259886261873,94.80643397528338,0.3532734800609677
7,raw_var_cusum,1996-09-01,34.04019762942046,94.80643397528338,0.35904944635186836
7,raw_var_cusum,1996-10-01,34.82256820446439,94.80643397528338,0.36730174044456565
7,raw_var_cusum,1996-11-01,34.462594970946896,94.80643397528338,0.36350481213048796
7,raw_var_cusum,1996-12-01,34.976771465186424,94.80643397528338,0.3689282467295952
7,raw_var_cusum,1997-01-01,35.89318269852395,94.80643397528338,0.37859437586146866
7,raw_var_cusum,1997-02-01,34.20987524951387,94.80643397528338,0.36083917319823033
7,raw_var_cusum,1997-03-01,34.73798259942666,94.80643397528338,0.3664095477790364
7,raw_var_cusum,1997-04-01,35.62260603185685,94.80643397528338,0.37574038531123194
7,raw_var_cusum,1997-05-01,36.31379125959494,94.80643397528338,0.3830308739284738
7,raw_var_cusum,1997-06-01,37.14555924032565,94.80643397528338,0.3918042023393658
7,raw_var_cusum,1997-07-01,37.02981262721455,94.80643397528338,0.3905833293642122
7,raw_var_cusum,1997-08-01,36.323913740641736,94.80643397528338,0.38313764390834065
7,raw_var_cusum,1997-09-01,35.97485592197747,94.80643397528338,0.37945584928715215
7,raw_var_cusum,1997-10-01,35.73919207756338,94.80643397528338,0.37697011245967554
7,raw_var_cusum,1997-11-01,35.849854916003515,94.80643397528338,0.3781373627590485
7,raw_var_cusum,1997-12-01,36.718719212574236,94.80643397528338,0.3873019759623807
8,lsc_composite,1998-01-01,1.830308966766942,21.589839274967787,0.08477640539404492
8,lsc_composite,1998-02-01,1.709831250614799,21.589839274967787,0.07919610835626983
8,lsc_composite,1998-03-01,1.3632125162428297,21.589839274967787,0.06314139252640934
8,lsc_composite,1998-04-01,1.1987766935479511,21.589839274967787,0.05552504019508222
8,lsc_composite,1998-05-01,1.2267683161584682,21.589839274967787,0.05682155853660465
8,lsc_composite,1998-06-01,1.5995224965362083,21.589839274967787,0.07408681816315164
8,lsc_composite,1998-07-01,2.0576816723488442,21.589839274967787,0.09530787358545144
8,lsc_composite,1998-08-01,4.86397480536317,21.589839274967787,0.22528999606785757
8,lsc_composite,1998-09-01,5.506246324080935,21.589839274967787,0.2550387825473588
8,lsc_composite,1998-10-01,4.210738228002048,21.589839274967787,0.19503332907550466
8,lsc_composite,1998-11-01,3.8504458808277615,21.589839274967787,0.1783452776923698
8,lsc_composite,1998-12-01,3.555660861645706,21.589839274967787,0.16469140026291423
8,lsc_composite,1999-01-01,3.264734335874151,21.589839274967787,0.1512162408573105
8,lsc_composite,1999-02-01,2.941226152764544,21.589839274967787,0.1362319614937908
8,lsc_composite,1999-03-01,3.200661492394849,21.589839274967787,0.14824850947852294
8,lsc_composite,1999-04-01,2.2054077062585837,21.589839274967787,0.10215026050775797
8,lsc_composite,1999-05-01,2.358950136625796,21.589839274967787,0.10926205177269972
8,lsc_composite,1999-06-01,2.457827475922132,21.589839274967787,0.113841860729915
8,lsc_composite,1999-07-01,2.5951519194102026,21.589839274967787,0.12020246590807818
8,lsc_composite,1999-08-01,2.2044631168092006,21.589839274967787,0.10210650893381835
8,lsc_composite,1999-09-01,2.195085227622346,21.589839274967787,0.10167214306997759
8,lsc_composite,1999-10-01,3.478197734489206,21.589839274967787,0.16110345659321246
8,lsc_composite,1999-11-01,2.4214062890558137,21.589839274967787,0.1121549011188471
8,lsc_composite,1999-12-01,2.130716613763217,21.589839274967787,0.09869071217374296
8,lsc_composite,2000-01-01,2.555209981365396,21.589839274967787,0.1183524318464019
8,lsc_composite,2000-02-01,1.9365924423586671,21.589839274967787,0.08969925239804995
8,lsc_composite,2000-03-01,1.4592888733518565,21.589839274967787,0.0675914653539742
8,lsc_composite,2000-04-01,1.617809081195467,21.589839274967787,0.07493381773671777
8,lsc_composite,2000-05-01,1.651393117396755,21.589839274967787,0.07648936596352772
8,lsc_composite,2000-06-01,1.7241502319370408,21.589839274967787,0.07985933614318735
8,lsc_composite,2000-07-01,1.3169250392756036,21.589839274967787,0.06099744525669094
8,lsc_composite,2000-08-01,1.044801354846253,21.589839274967787,0.04839319744532058
8,lsc_composite,2000-09-01,1.1138352127602342,21.589839274967787,0.05159071350992705
8,lsc_composite,2000-10-01,1.3268564857047622,21.589839274967787,0.06145745083165942
8,lsc_composite,2000-11-01,1.2953738778495234,21.589839274967787,0.05999923674056421
8,lsc_composite,2000-12-01,1.8338794858632532,21.589839274967787,0.08494178499927668
8,lsc_composite,2001-01-01,2.1549842086436364,21.589839274967787,0.09981474068416156
8,lsc_composite,2001-02-01,2.4681674467928443,21.589839274967787,0.11432078837448997
8,lsc_composite,2001-03-01,4.594689490999442,21.589839274967787,0.21281721612104484
8,lsc_composite,2001-04-01,3.2189801762566597,21.589839274967787,0.14909699582566543
8,lsc_composite,2001-05-01,3.868755678734626,21.589839274967787,0.17919335245910015
8,lsc_composite,2001-06-01,4.151321298526693,21.589839274967787,0.1922812507150027
8,lsc_composite,2001-07-01,4.209851245894813,21.589839274967787,0.19499224576330687
8,lsc_composite,2001-08-01,4.209727034741905,21.589839274967787,0.1949864925406299
8,lsc_composite,2001-09-01,4.426760554686836,21.589839274967787,0.20503906945798422
8,lsc_composite,2001-10-01,3.955616970824326,21.589839274967787,0.18321660112637536
8,lsc_composite,2001-11-01,3.9201901598724187,21.589839274967787,0.18157569910294147
8,lsc_composite,2001-12-01,4.453292808789794,21.589839274967787,0.20626799264564874
8,lsc_composite,2002-01-01,4.228342607535765,21.589839274967787,0.19584873021441584
8,lsc_composite,2002-02-01,4.544768480741402,21.589839274967787,0.21050497054930867
8,lsc_composite,2002-03-01,4.100885839956178,21.589839274967787,0.18994517688285556
8,lsc_composite,2002-04-01,3.557169774955807,21.589839274967787,0.1647612902371231
8,lsc_composite,2002-05-01,2.7035358887617544,21.589839274967787,0.1252226037595543
8,lsc_composite,2002-06-01,3.2058579046580453,21.589839274967787,0.14848919734085556
8,lsc_composite,2002-07-01,4.099831053202767,21.589839274967787,0.18989632118087565
8,lsc_composite,2002-08-01,3.313723217395915,21.589839274967787,0.15348531201146978
8,lsc_composite,2002-09-01,2.150572059928831,21.589839274967787,0.099610378407138
8,lsc_composite,2002-10-01,3.0545053036884253,21.589839274967787,0.1414788347790043
8,lsc_composite,2002-11-01,3.871437224536928,21.589839274967787,0.17931755652417677
8,lsc_composite,2002-12-01,4.095933627557365,21.589839274967787,0.1897157998904777
8,lsc_tail_cusum,1998-01-01,1.600000000000003,6.820000000000003,0.23460410557184785
8,lsc_tail_cusum,1998-02-01,1.680000000000003,6.820000000000003,0.24633431085044022
8,lsc_tail_cusum,1998-03-01,1.7600000000000031,6.820000000000003,0.2580645161290326
8,lsc_tail_cusum,1998-04-01,1.8400000000000032,6.820000000000003,0.269794721407625
8,lsc_tail_cusum,1998-05-01,1.9200000000000033,6.820000000000003,0.28152492668621737
8,lsc_tail_cusum,1998-06-01,1.000000000000003,6.820000000000003,0.1466275659824051
8,lsc_tail_cusum,1998-07-01,1.0800000000000032,6.820000000000003,0.15835777126099745
8,lsc_tail_cusum,1998-08-01,1.5499999999999998,6.820000000000003,0.22727272727272715
8,lsc_tail_cusum,1998-09-01,1.3999999999999997,6.820000000000003,0.20527859237536644
8,lsc_tail_cusum,1998-10-01,1.2499999999999996,6.820000000000003,0.18328445747800573
8,lsc_tail_cusum,1998-11-01,1.0999999999999994,6.820000000000003,0.16129032258064502
8,lsc_tail_cusum,1998-12-01,0.9499999999999994,6.820000000000003,0.1392961876832843
8,lsc_tail_cusum,1999-01-01,0.7999999999999994,6.820000000000003,0.11730205278592361
8,lsc_tail_cusum,1999-02-01,0.6499999999999994,6.820000000000003,0.09530791788856291
8,lsc_tail_cusum,1999-03-01,0.7200000000000031,6.820000000000003,0.10557184750733178
8,lsc_tail_cusum,1999-04-01,0.800000000000003,6.820000000000003,0.11730205278592415
8,lsc_tail_cusum,1999-05-01,0.880000000000003,6.820000000000003,0.12903225806451651
8,lsc_tail_cusum,1999-06-01,0.960000000000003,6.820000000000003,0.14076246334310888
8,lsc_tail_cusum,1999-07-01,1.040000000000003,6.820000000000003,0.15249266862170124
8,lsc_tail_cusum,1999-08-01,1.120000000000003,6.820000000000003,0.16422287390029364
8,lsc_tail_cusum,1999-09-01,1.200000000000003,6.820000000000003,0.175953079178886
8,lsc_tail_cusum,1999-10-01,0.85,6.820000000000003,0.12463343108504393
8,lsc_tail_cusum,1999-11-01,0.7,6.820000000000003,0.10263929618768323
8,lsc_tail_cusum,1999-12-01,0.5499999999999999,6.820000000000003,0.08064516129032254
8,lsc_tail_cusum,2000-01-01,0.520000000000003,6.820000000000003,0.07624633431085084
8,lsc_tail_cusum,2000-02-01,0.600000000000003,6.820000000000003,0.08797653958944321
8,lsc_tail_cusum,2000-03-01,0.6800000000000029,6.820000000000003,0.09970674486803557
8,lsc_tail_cusum,2000-04-01,0.7600000000000029,6.820000000000003,0.11143695014662794
8,lsc_tail_cusum,2000-05-01,0.8400000000000029,6.820000000000003,0.1231671554252203
8,lsc_tail_cusum,2000-06-01,0.9200000000000028,6.820000000000003,0.13489736070381267
8,lsc_tail_cusum,2000-07-01,1.0000000000000029,6.820000000000003,0.14662756598240506
8,lsc_tail_cusum,2000-08-01,1.080000000000003,6.820000000000003,0.15835777126099743
8,lsc_tail_cusum,2000-09-01,1.160000000000003,6.820000000000003,0.17008797653958982
8,lsc_tail_cusum,2000-10-01,1.240000000000003,6.820000000000003,0.18181818181818218
8,lsc_tail_cusum,2000-11-01,1.3200000000000032,6.820000000000003,0.19354838709677458
8,lsc_tail_cusum,2000-12-01,1.4000000000000032,6.820000000000003,0.20527859237536694
8,lsc_tail_cusum,2001-01-01,1.4800000000000033,6.820000000000003,0.21700879765395933
8,lsc_tail_cusum,2001-02-01,1.5600000000000034,6.820000000000003,0.22873900293255173
8,lsc_tail_cusum,2001-03-01,1.6400000000000035,6.820000000000003,0.2404692082111441
8,lsc_tail_cusum,2001-04-01,1.7200000000000035,6.820000000000003,0.25219941348973646
8,lsc_tail_cusum,2001-05-01,1.8000000000000036,6.820000000000003,0.2639296187683289
8,lsc_tail_cusum,2001-06-01,1.8800000000000037,6.820000000000003,0.27565982404692124
8,lsc_tail_cusum,2001-07-01,1.9600000000000037,6.820000000000003,0.2873900293255136
8,lsc_tail_cusum,2001-08-01,2.0400000000000036,6.820000000000003,0.299120234604106
8,lsc_tail_cusum,2001-09-01,2.1200000000000037,6.820000000000003,0.31085043988269834
8,lsc_tail_cusum,2001-10-01,2.2000000000000037,6.820000000000003,0.32258064516129076
8,lsc_tail_cusum,2001-11-01,2.280000000000004,6.820000000000003,0.3343108504398831
8,lsc_tail_cusum,2001-12-01,2.360000000000004,6.820000000000003,0.3460410557184755
8,lsc_tail_cusum,2002-01-01,1.440000000000004,6.820000000000003,0.21114369501466324
8,lsc_tail_cusum,2002-02-01,1.520000000000004,6.820000000000003,0.22287390029325563
8,lsc_tail_cusum,2002-03-01,1.5499999999999998,6.820000000000003,0.22727272727272715
8,lsc_tail_cusum,2002-04-01,1.3999999999999997,6.820000000000003,0.20527859237536644
8,lsc_tail_cusum,2002-05-01,1.2499999999999996,6.820000000000003,0.18328445747800573
8,lsc_tail_cusum,2002-06-01,2.0999999999999996,6.820000000000003,0.3079178885630497
8,lsc_tail_cusum,2002-07-01,1.9499999999999995,6.820000000000003,0.28592375366568895
8,lsc_tail_cusum,2002-08-01,1.7999999999999994,6.820000000000003,0.26392961876832827
8,lsc_tail_cusum,2002-09-01,1.6499999999999992,6.820000000000003,0.24193548387096753
8,lsc_tail_cusum,2002-10-01,1.4999999999999991,6.820000000000003,0.21994134897360682
8,lsc_tail_cusum,2002-11-01,1.349999999999999,6.820000000000003,0.1979472140762461
8,lsc_tail_cusum,2002-12-01,1.1999999999999988,6.820000000000003,0.1759530791788854
8,lsc_kalman_cusum,1998-01-01,0.0,12.256614709508936,0.0
8,lsc_kalman_cusum,1998-02-01,0.3265108113808193,12.256614709508936,0.02663955905601776
8,lsc_kalman_cusum,1998-03-01,0.8392924299163813,12.256614709508936,0.06847669195844436
8,lsc_kalman_cusum,1998-04-01,0.6193948780613192,12.256614709508936,0.050535559185096994
8,lsc_kalman_cusum,1998-05-01,0.0,12.256614709508936,0.0
8,lsc_kalman_cusum,1998-06-01,1.7449605497944374,12.256614709508936,0.14236888334595854
8,lsc_kalman_cusum,1998-07-01,2.842329765485516,12.256614709508936,0.2319016982136493
8,lsc_kalman_cusum,1998-08-01,3.1121106954115922,12.256614709508936,0.2539127458250892
8,lsc_kalman_cusum,1998-09-01,1.5430843546136814,12.256614709508936,0.125898087782471
8,lsc_kalman_cusum,1998-10-01,1.600121890725661,12.256614709508936,0.1305517003389405
8,lsc_kalman_cusum,1998-11-01,0.561709948636727,12.256614709508936,0.04582912671644485
8,lsc_kalman_cusum,1998-12-01,0.0,12.256614709508936,0.0
8,lsc_kalman_cusum,1999-01-01,0.0,12.256614709508936,0.0
8,lsc_kalman_cusum,1999-02-01,0.0,12.256614709508936,0.0
8,lsc_kalman_cusum,1999-03-01,0.0,12.256614709508936,0.0
8,lsc_kalman_cusum,1999-04-01,0.0,12.256614709508936,0.0
8,lsc_kalman_cusum,1999-05-01,0.03287522819108468,12.256614709508936,0.002682243749212366
8,lsc_kalman_cusum,1999-06-01,0.4835086014714687,12.256614709508936,0.03944878850571624
8,lsc_kalman_cusum,1999-07-01,0.0,12.256614709508936,0.0
8,lsc_kalman_cusum,1999-08-01,0.0,12.256614709508936,0.0
8,lsc_kalman_cusum,1999-09-01,1.1105942223376708,12.256614709508936,0.09061182460733214
8,lsc_kalman_cusum,1999-10-01,1.4028360209600608,12.256614709508936,0.11445542298655366
8,lsc_kalman_cusum,1999-11-01,1.1246585263759181,12.256614709508936,0.09175931144375328
8,lsc_kalman_cusum,1999-12-01,1.425171400578578,12.256614709508936,0.11627773527651974
8,lsc_kalman_cusum,2000-01-01,0.6477122967982263,12.256614709508936,0.05284593765484997
8,lsc_kalman_cusum,2000-02-01,0.2582534904678616,12.256614709508936,0.0210705399972721
8,lsc_kalman_cusum,2000-03-01,0.0,12.256614709508936,0.0
8,lsc_kalman_cusum,2000-04-01,0.0,12.256614709508936,0.0
8,lsc_kalman_cusum,2000-05-01,0.0,12.256614709508936,0.0
8,lsc_kalman_cusum,2000-06-01,0.1743627350363598,12.256614709508936,0.01422601094746705
8,lsc_kalman_cusum,2000-07-01,0.7746673538104676,12.256614709508936,0.06320402265802355
8,lsc_kalman_cusum,2000-08-01,1.4382662235507635,12.256614709508936,0.11734612351279401
8,lsc_kalman_cusum,2000-09-01,0.47293352156974766,12.256614709508936,0.038585982571748466
8,lsc_kalman_cusum,2000-10-01,1.3135234638955329,12.256614709508936,0.10716853674746536
8,lsc_kalman_cusum,2000-11-01,1.1679475463892393,12.256614709508936,0.0952912018587907
8,lsc_kalman_cusum,2000-12-01,1.7284395908978487,12.256614709508936,0.14102096148595497
8,lsc_kalman_cusum,2001-01-01,2.5091726399615375,12.256614709508936,0.20471987571044958
8,lsc_kalman_cusum,2001-02-01,3.546358655282493,12.256614709508936,0.28934242768773294
8,lsc_kalman_cusum,2001-03-01,3.5183147963368837,12.256614709508936,0.28705436857758954
8,lsc_kalman_cusum,2001-04-01,3.7712651789675213,12.256614709508936,0.3076922354458687
8,lsc_kalman_cusum,2001-05-01,4.208017022611201,12.256614709508936,0.3433262056729689
8,lsc_kalman_cusum,2001-06-01,4.67086887210829,12.256614709508936,0.38108963876334734
8,lsc_kalman_cusum,2001-07-01,5.287916634103882,12.256614709508936,0.43143370004128523
8,lsc_kalman_cusum,2001-08-01,4.712559533015185,12.256614709508936,0.3844911213011439
8,lsc_kalman_cusum,2001-09-01,4.9636087439069225,12.256614709508936,0.4049738742342983
8,lsc_kalman_cusum,2001-10-01,4.666827864485145,12.256614709508936,0.3807599386202883
8,lsc_kalman_cusum,2001-11-01,5.04620594933913,12.256614709508936,0.411712864354313
8,lsc_kalman_cusum,2001-12-01,4.179105134802417,12.256614709508936,0.3409673253055903
8,lsc_kalman_cusum,2002-01-01,1.875936379832039,12.256614709508936,0.153055017579744
8,lsc_kalman_cusum,2002-02-01,1.0931999447657779,12.256614709508936,0.0891926499017425
8,lsc_kalman_cusum,2002-03-01,2.3345962975446635,12.256614709508936,0.19047643683646473
8,lsc_kalman_cusum,2002-04-01,2.9387633974068974,12.256614709508936,0.23976958296053344
8,lsc_kalman_cusum,2002-05-01,3.2690013859363116,12.256614709508936,0.26671323717144774
8,lsc_kalman_cusum,2002-06-01,4.404124954774403,12.256614709508936,0.3593263767488417
8,lsc_kalman_cusum,2002-07-01,3.6229767843284097,12.256614709508936,0.2955935933531164
8,lsc_kalman_cusum,2002-08-01,2.7027345177888327,12.256614709508936,0.22051231778477912
8,lsc_kalman_cusum,2002-09-01,2.227446742066429,12.256614709508936,0.1817342549193726
8,lsc_kalman_cusum,2002-10-01,1.1401908773957448,12.256614709508936,0.09302657417395695
8,lsc_kalman_cusum,2002-11-01,1.701084557112789,12.256614709508936,0.13878910265434488
8,lsc_kalman_cusum,2002-12-01,0.8530927210243966,12.256614709508936,0.06960263835025748
8,raw_cusum,1998-01-01,0.0,28.259033370894247,0.0
8,raw_cusum,1998-02-01,0.0,28.259033370894247,0.0
8,raw_cusum,1998-03-01,0.0,28.259033370894247,0.0
8,raw_cusum,1998-04-01,0.0,28.259033370894247,0.0
8,raw_cusum,1998-05-01,0.26031828358537057,28.259033370894247,0.009211860864762937
8,raw_cusum,1998-06-01,1.2402138606967452,28.259033370894247,0.043887341949003796
8,raw_cusum,1998-07-01,2.050571948623061,28.259033370894247,0.07256341438540052
8,raw_cusum,1998-08-01,3.0262377628405646,28.259033370894247,0.10708921721142368
8,raw_cusum,1998-09-01,1.8755945453999603,28.259033370894247,0.06637150396417144
8,raw_cusum,1998-10-01,2.184246540177732,28.259033370894247,0.07729374573821851
8,raw_cusum,1998-11-01,0.988684212676344,28.259033370894247,0.034986483780250315
8,raw_cusum,1998-12-01,0.8418160794514442,28.259033370894247,0.029789273695344565
8,raw_cusum,1999-01-01,0.6534449172352734,28.259033370894247,0.02312339946872696
8,raw_cusum,1999-02-01,0.8131105083510153,28.259033370894247,0.02877347210285292
8,raw_cusum,1999-03-01,0.21842122087424998,28.259033370894247,0.007729253085465256
8,raw_cusum,1999-04-01,0.0,28.259033370894247,0.0
8,raw_cusum,1999-05-01,0.2072604582938562,28.259033370894247,0.007334308133388835
8,raw_cusum,1999-06-01,0.20077756026883253,28.259033370894247,0.007104898374748584
8,raw_cusum,1999-07-01,0.10134061866420818,28.259033370894247,0.0035861318161216813
8,raw_cusum,1999-08-01,0.0,28.259033370894247,0.0
8,raw_cusum,1999-09-01,0.8485572097410035,28.259033370894247,0.03002782149707165
8,raw_cusum,1999-10-01,1.3687315714866795,28.259033370894247,0.048435187202702484
8,raw_cusum,1999-11-01,1.2845490507333515,28.259033370894247,0.04545622753170281
8,raw_cusum,1999-12-01,1.7661500751303683,28.259033370894247,0.062498601843523675
8,raw_cusum,2000-01-01,0.44928822111682387,28.259033370894247,0.01589892390231486
8,raw_cusum,2000-02-01,0.023939776832412107,28.259033370894247,0.0008471548378250328
8,raw_cusum,2000-03-01,0.0,28.259033370894247,0.0
8,raw_cusum,2000-04-01,0.13413686174271533,28.259033370894247,0.004746689668475048
8,raw_cusum,2000-05-01,0.0,28.259033370894247,0.0
8,raw_cusum,2000-06-01,0.0,28.259033370894247,0.0
8,raw_cusum,2000-07-01,0.4328348121598147,28.259033370894247,0.01531668852500873
8,raw_cusum,2000-08-01,1.0194204285722368,28.259033370894247,0.0360741436266607
8,raw_cusum,2000-09-01,0.14961351731413153,28.259033370894247,0.005294360757159793
8,raw_cusum,2000-10-01,0.967997475730596,28.259033370894247,0.03425444398701894
8,raw_cusum,2000-11-01,0.9573341853048978,28.259033370894247,0.0338771030395865
8,raw_cusum,2000-12-01,1.6515466898491362,28.259033370894247,0.05844314163803521
8,raw_cusum,2001-01-01,2.644260412255295,28.259033370894247,0.09357221733489245
8,raw_cusum,2001-02-01,3.987407092676505,28.259033370894247,0.14110203418293088
8,raw_cusum,2001-03-01,4.440045179417036,28.259033370894247,0.15711949949392529
8,raw_cusum,2001-04-01,5.1994233807261026,28.259033370894247,0.1839915510373159
8,raw_cusum,2001-05-01,6.195410275716038,28.259033370894247,0.2192364542127998
8,raw_cusum,2001-06-01,7.292102758760825,28.259033370894247,0.25804501743047653
8,raw_cusum,2001-07-01,8.61340332942168,28.259033370894247,0.3048017678585271
8,raw_cusum,2001-08-01,8.886449372498994,28.259033370894247,0.3144640248612221
8,raw_cusum,2001-09-01,9.940156069005564,28.259033370894247,0.3517514537225309
8,raw_cusum,2001-10-01,10.530434175983919,28.259033370894247,0.37263957467242576
8,raw_cusum,2001-11-01,11.780344080120546,28.259033370894247,0.4168700296823975
8,raw_cusum,2001-12-01,11.910163097044077,28.259033370894247,0.42146392414508776
8,raw_cusum,2002-01-01,10.637258618280189,28.259033370894247,0.37641976208698524
8,raw_cusum,2002-02-01,10.659252640929129,28.259033370894247,0.3771980626877267
8,raw_cusum,2002-03-01,9.271265089016284,28.259033370894247,0.3280814657505356
8,raw_cusum,2002-04-01,8.348429384935795,28.259033370894247,0.29542515751916576
8,raw_cusum,2002-05-01,7.596722687393376,28.259033370894247,0.26882457682426314
8,raw_cusum,2002-06-01,6.0095315237899705,28.259033370894247,0.21265877869621558
8,raw_cusum,2002-07-01,6.11838308722726,28.259033370894247,0.21651069967343492
8,raw_cusum,2002-08-01,6.384021517027381,28.259033370894247,0.2259108240978506
8,raw_cusum,2002-09-01,6.260306281162539,28.259033370894247,0.2215329236140972
8,raw_cusum,2002-10-01,6.719386155553757,28.259033370894247,0.23777834391442682
8,raw_cusum,2002-11-01,5.654387502381711,28.259033370894247,0.20009132754715947
8,raw_cusum,2002-12-01,6.807181055470987,28.259033370894247,0.2408851345383289
8,raw_var_cusum,1998-01-01,11.363951063087764,63.65855296631685,0.1785141278517701
8,raw_var_cusum,1998-02-01,12.26398127442639,63.65855296631685,0.19265252983233117
8,raw_var_cusum,1998-03-01,12.988322877764343,63.65855296631685,0.2040310731636761
8,raw_var_cusum,1998-04-01,13.919926090079866,63.65855296631685,0.21866544936145826
8,raw_var_cusum,1998-05-01,14.29184219772566,63.65855296631685,0.22450780816974886
8,raw_var_cusum,1998-06-01,12.213497916764588,63.65855296631685,0.19185949644860795
8,raw_var_cusum,1998-07-01,11.446459598170676,63.65855296631685,0.17981023860575737
8,raw_var_cusum,1998-08-01,14.02973535963781,63.65855296631685,0.22039042211753154
8,raw_var_cusum,1998-09-01,13.40307195603927,63.65855296631685,0.21054628689299823
8,raw_var_cusum,1998-10-01,13.006990004697338,63.65855296631685,0.2043243114806525
8,raw_var_cusum,1998-11-01,12.440796956136484,63.65855296631685,0.19543009346629645
8,raw_var_cusum,1998-12-01,11.51549907146855,63.65855296631685,0.18089476645128355
8,raw_var_cusum,1999-01-01,10.56261160400705,63.65855296631685,0.16592603997134464
8,raw_var_cusum,1999-02-01,9.94777029610913,63.65855296631685,0.15626761578091033
8,raw_var_cusum,1999-03-01,8.906736357271987,63.65855296631685,0.13991421328701484
8,raw_var_cusum,1999-04-01,7.864611574765756,63.65855296631685,0.12354367493912556
8,raw_var_cusum,1999-05-01,7.3148289306317915,63.65855296631685,0.11490724482069566
8,raw_var_cusum,1999-06-01,6.755918119608129,63.65855296631685,0.10612742207921118
8,raw_var_cusum,1999-07-01,6.862206700374223,63.65855296631685,0.1077970890102571
8,raw_var_cusum,1999-08-01,7.749088775783331,63.65855296631685,0.12172894944507372
8,raw_var_cusum,1999-09-01,6.880482227838891,63.65855296631685,0.10808417576628715
8,raw_var_cusum,1999-10-01,8.291410818069988,63.65855296631685,0.13024818239989144
8,raw_var_cusum,1999-11-01,7.414314994117045,63.65855296631685,0.11647005231237542
8,raw_var_cusum,1999-12-01,7.3278555652143185,63.65855296631685,0.11511187772508195
8,raw_var_cusum,2000-01-01,6.945118853756764,63.65855296631685,0.10909954012670663
8,raw_var_cusum,2000-02-01,6.329043651110284,63.65855296631685,0.09942173292030565
8,raw_var_cusum,2000-03-01,7.253355365879093,63.65855296631685,0.11394156838150256
8,raw_var_cusum,2000-04-01,7.801225806458194,63.65855296631685,0.12254796006101483
8,raw_var_cusum,2000-05-01,8.75116688577096,63.65855296631685,0.1374704022945887
8,raw_var_cusum,2000-06-01,9.482784785566189,63.65855296631685,0.1489632475715202
8,raw_var_cusum,2000-07-01,9.562603998788951,63.65855296631685,0.15021711228416923
8,raw_var_cusum,2000-08-01,9.331935696994588,63.65855296631685,0.1465935881692492
8,raw_var_cusum,2000-09-01,10.145178545380327,63.65855296631685,0.15936866410941458
8,raw_var_cusum,2000-10-01,9.357042283570461,63.65855296631685,0.1469879827227848
8,raw_var_cusum,2000-11-01,10.067591868233457,63.65855296631685,0.15814986987782212
8,raw_var_cusum,2000-12-01,9.591448362223634,63.65855296631685,0.15067022285754253
8,raw_var_cusum,2001-01-01,8.313254105163983,63.65855296631685,0.1305913144077075
8,raw_var_cusum,2001-02-01,5.866064419616257,63.65855296631685,0.09214888096372724
8,raw_var_cusum,2001-03-01,5.908545095307597,63.65855296631685,0.09281620175114472
8,raw_var_cusum,2001-04-01,5.557223718262667,63.65855296631685,0.0872973616161699
8,raw_var_cusum,2001-05-01,6.745200508244296,63.65855296631685,0.10595906117773886
8,raw_var_cusum,2001-06-01,8.244627393656021,63.65855296631685,0.12951327055797884
8,raw_var_cusum,2001-07-01,10.511763162345577,63.65855296631685,0.16512727155308704
8,raw_var_cusum,2001-08-01,10.05936334706307,63.65855296631685,0.1580206096168366
8,raw_var_cusum,2001-09-01,11.423367845832425,63.65855296631685,0.17944749469685217
8,raw_var_cusum,2001-10-01,11.562074196388728,63.65855296631685,0.18162640615639628
8,raw_var_cusum,2001-11-01,13.574258868984188,63.65855296631685,0.2132354292779264
8,raw_var_cusum,2001-12-01,12.92093086306271,63.65855296631685,0.2029724249292858
8,raw_var_cusum,2002-01-01,12.468312196355987,63.65855296631685,0.19586232509798404
8,raw_var_cusum,2002-02-01,11.690789956037207,63.65855296631685,0.18364837733938225
8,raw_var_cusum,2002-03-01,11.429311848389375,63.65855296631685,0.17954086789306817
8,raw_var_cusum,2002-04-01,10.558101881034618,63.65855296631685,0.16585519759805323
8,raw_var_cusum,2002-05-01,9.571458142622328,63.65855296631685,0.15035620033158464
8,raw_var_cusum,2002-06-01,9.703442768839654,63.65855296631685,0.15242952151259173
8,raw_var_cusum,2002-07-01,9.024142995139684,63.65855296631685,0.14175853164482954
8,raw_var_cusum,2002-08-01,8.560345200326477,63.65855296631685,0.13447282103405564
8,raw_var_cusum,2002-09-01,7.651935424046729,63.65855296631685,0.12020278607488201
8,raw_var_cusum,2002-10-01,7.521769629509002,63.65855296631685,0.11815803657191104
8,raw_var_cusum,2002-11-01,6.790993107595228,63.65855296631685,0.1066784083387584
8,raw_var_cusum,2002-12-01,8.472719636728701,63.65855296631685,0.13309632786048098
9,lsc_composite,2003-01-01,2.9877905882046827,10.378639075376817,0.2878788410026875
9,lsc_composite,2003-02-01,2.858244611818985,10.378639075376817,0.27539685994092733
9,lsc_composite,2003-03-01,2.685048106279686,10.378639075376817,0.25870907416463945
9,lsc_composite,2003-04-01,2.693033689205671,10.378639075376817,0.259478499025451
9,lsc_composite,2003-05-01,2.855906027785076,10.378639075376817,0.2751715332851949
9,lsc_composite,2003-06-01,2.7202374145053265,10.378639075376817,0.26209962546621873
9,lsc_composite,2003-07-01,2.7739780997919095,10.378639075376817,0.2672776343454447
9,lsc_composite,2003-08-01,1.7526935922081988,10.378639075376817,0.1688750884850058
9,lsc_composite,2003-09-01,1.2947998296710401,10.378639075376817,0.12475622480628847
9,lsc_composite,2003-10-01,1.0290051511913567,10.378639075376817,0.09914644335524275
9,lsc_composite,2003-11-01,0.7620020761715154,10.378639075376817,0.07342023078722866
9,lsc_composite,2003-12-01,0.8454323425723148,10.378639075376817,0.08145888265621373
9,lsc_composite,2004-01-01,0.8610907208625582,10.378639075376817,0.08296759475001732
9,lsc_composite,2004-02-01,0.810122277982285,10.378639075376817,0.07805669626803857
9,lsc_composite,2004-03-01,0.7153461307358673,10.378639075376817,0.06892484896531535
9,lsc_composite,2004-04-01,1.015582901786941,10.378639075376817,0.09785318618472802
9,lsc_composite,2004-05-01,0.9574839506398224,10.378639075376817,0.09225525077863439
9,lsc_composite,2004-06-01,1.445328291735466,10.378639075376817,0.1392599050066678
9,lsc_composite,2004-07-01,1.4259659684111514,10.378639075376817,0.13739431134032173
9,lsc_composite,2004-08-01,1.6482201394772698,10.378639075376817,0.15880888886363242
9,lsc_composite,2004-09-01,1.5885706868470293,10.378639075376817,0.1530615599318693
9,lsc_composite,2004-10-01,1.1641062355590839,10.378639075376817,0.11216366877242223
9,lsc_composite,2004-11-01,1.1660521386385703,10.378639075376817,0.11235115993242442
9,lsc_composite,2004-12-01,2.161552139899816,10.378639075376817,0.20826932357904898
9,lsc_composite,2005-01-01,2.422537733678768,10.378639075376817,0.23341574132067147
9,lsc_composite,2005-02-01,1.9804940299835883,10.378639075376817,0.19082405849166523
9,lsc_composite,2005-03-01,2.0075771075209574,10.378639075376817,0.1934335603098394
9,lsc_composite,2005-04-01,1.9972551590908678,10.378639075376817,0.19243902255251644
9,lsc_composite,2005-05-01,1.9891876990110426,10.378639075376817,0.19166170868494348
9,lsc_composite,2005-06-01,2.0292517193990025,10.378639075376817,0.1955219470164807
9,lsc_composite,2005-07-01,2.55058497632328,10.378639075376817,0.24575331676910406
9,lsc_composite,2005-08-01,2.3162489870043643,10.378639075376817,0.2231746349576443
9,lsc_composite,2005-09-01,5.272273626649411,10.378639075376817,0.507992771341072
9,lsc_composite,2005-10-01,7.836901982976879,10.378639075376817,0.7550991922987113
9,lsc_composite,2005-11-01,7.622207377418098,10.378639075376817,0.7344129921139355
9,lsc_composite,2005-12-01,5.652730424691232,10.378639075376817,0.5446504482560011
9,lsc_composite,2006-01-01,5.784089526202151,10.378639075376817,0.5573071270899888
9,lsc_composite,2006-02-01,6.845879654432892,10.378639075376817,0.6596124602381299
9,lsc_composite,2006-03-01,5.49463657068987,10.378639075376817,0.5294178293304198
9,lsc_composite,2006-04-01,5.71073609688957,10.378639075376817,0.5502393960724788
9,lsc_composite,2006-05-01,5.851973298565972,10.378639075376817,0.5638478471083651
9,lsc_composite,2006-06-01,5.954232561235854,10.378639075376817,0.573700705650531
9,lsc_composite,2006-07-01,4.949161443771309,10.378639075376817,0.47686034824287593
9,lsc_composite,2006-08-01,5.818202358382545,10.378639075376817,0.5605939580446682
9,lsc_composite,2006-09-01,5.388563025827945,10.378639075376817,0.5191974580378499
9,lsc_composite,2006-10-01,4.652147499477129,10.378639075376817,0.44824253600978253
9,lsc_composite,2006-11-01,5.177275456164048,10.378639075376817,0.4988395317115386
9,lsc_composite,2006-12-01,5.828446423980453,10.378639075376817,0.5615809916550971
9,lsc_composite,2007-01-01,5.275627089272851,10.378639075376817,0.5083158833212734
9,lsc_composite,2007-02-01,6.02233160911975,10.378639075376817,0.5802621678412202
9,lsc_composite,2007-03-01,6.111557605284689,10.378639075376817,0.588859248394549
9,lsc_composite,2007-04-01,6.313022973899783,10.378639075376817,0.608270788496475
9,lsc_composite,2007-05-01,5.510613271725348,10.378639075376817,0.5309572123766405
9,lsc_composite,2007-06-01,6.093141197809426,10.378639075376817,0.5870847953721912
9,lsc_composite,2007-07-01,6.421566132702219,10.378639075376817,0.618729111405107
9,lsc_composite,2007-08-01,5.372912538561094,10.378639075376817,0.517689506257931
9,lsc_composite,2007-09-01,5.744574385883557,10.378639075376817,0.5534997743116902
9,lsc_composite,2007-10-01,4.207680115386491,10.378639075376817,0.4054173273419977
9,lsc_composite,2007-11-01,3.962399665273346,10.378639075376817,0.3817841276197846
9,lsc_composite,2007-12-01,3.5862147997914224,10.378639075376817,0.3455380588674356
9,lsc_tail_cusum,2003-01-01,1.0499999999999992,5.805000000000004,0.18087855297157596
9,lsc_tail_cusum,2003-02-01,0.8999999999999991,5.805000000000004,0.15503875968992223
9,lsc_tail_cusum,2003-03-01,0.7499999999999991,5.805000000000004,0.1291989664082685
9,lsc_tail_cusum,2003-04-01,0.5999999999999991,5.805000000000004,0.10335917312661476
9,lsc_tail_cusum,2003-05-01,0.5600000000000008,5.805000000000004,0.09646856158484073
9,lsc_tail_cusum,2003-06-01,0.6400000000000008,5.805000000000004,0.11024978466838938
9,lsc_tail_cusum,2003-07-01,0.7200000000000008,5.805000000000004,0.12403100775193802
9,lsc_tail_cusum,2003-08-01,0.8000000000000007,5.805000000000004,0.13781223083548666
9,lsc_tail_cusum,2003-09-01,0.8800000000000007,5.805000000000004,0.1515934539190353
9,lsc_tail_cusum,2003-10-01,0.9600000000000006,5.805000000000004,0.16537467700258396
9,lsc_tail_cusum,2003-11-01,1.0400000000000007,5.805000000000004,0.17915590008613264
9,lsc_tail_cusum,2003-12-01,1.1200000000000008,5.805000000000004,0.1929371231696813
9,lsc_tail_cusum,2004-01-01,1.2000000000000008,5.805000000000004,0.20671834625322996
9,lsc_tail_cusum,2004-02-01,1.280000000000001,5.805000000000004,0.22049956933677864
9,lsc_tail_cusum,2004-03-01,1.360000000000001,5.805000000000004,0.23428079242032732
9,lsc_tail_cusum,2004-04-01,1.440000000000001,5.805000000000004,0.24806201550387597
9,lsc_tail_cusum,2004-05-01,1.5200000000000011,5.805000000000004,0.26184323858742464
9,lsc_tail_cusum,2004-06-01,0.85,5.805000000000004,0.14642549526270446
9,lsc_tail_cusum,2004-07-01,0.7,5.805000000000004,0.12058570198105073
9,lsc_tail_cusum,2004-08-01,0.7600000000000011,5.805000000000004,0.1309216192937124
9,lsc_tail_cusum,2004-09-01,0.8400000000000011,5.805000000000004,0.14470284237726105
9,lsc_tail_cusum,2004-10-01,0.920000000000001,5.805000000000004,0.1584840654608097
9,lsc_tail_cusum,2004-11-01,1.000000000000001,5.805000000000004,0.17226528854435838
9,lsc_tail_cusum,2004-12-01,1.0800000000000012,5.805000000000004,0.18604651162790706
9,lsc_tail_cusum,2005-01-01,1.1600000000000013,5.805000000000004,0.1998277347114557
9,lsc_tail_cusum,2005-02-01,1.2400000000000013,5.805000000000004,0.21360895779500438
9,lsc_tail_cusum,2005-03-01,1.3200000000000014,5.805000000000004,0.22739018087855306
9,lsc_tail_cusum,2005-04-01,1.4000000000000015,5.805000000000004,0.2411714039621017
9,lsc_tail_cusum,2005-05-01,1.4800000000000015,5.805000000000004,0.25495262704565036
9,lsc_tail_cusum,2005-06-01,1.5600000000000016,5.805000000000004,0.26873385012919904
9,lsc_tail_cusum,2005-07-01,1.6400000000000017,5.805000000000004,0.2825150732127477
9,lsc_tail_cusum,2005-08-01,1.7200000000000017,5.805000000000004,0.2962962962962964
9,lsc_tail_cusum,2005-09-01,0.85,5.805000000000004,0.14642549526270446
9,lsc_tail_cusum,2005-10-01,1.7,5.805000000000004,0.2928509905254089
9,lsc_tail_cusum,2005-11-01,2.5500000000000003,5.805000000000004,0.4392764857881134
9,lsc_tail_cusum,2005-12-01,2.4000000000000004,5.805000000000004,0.4134366925064597
9,lsc_tail_cusum,2006-01-01,2.2500000000000004,5.805000000000004,0.387596899224806
9,lsc_tail_cusum,2006-02-01,2.1000000000000005,5.805000000000004,0.3617571059431523
9,lsc_tail_cusum,2006-03-01,1.9500000000000004,5.805000000000004,0.33591731266149855
9,lsc_tail_cusum,2006-04-01,1.8000000000000003,5.805000000000004,0.3100775193798448
9,lsc_tail_cusum,2006-05-01,1.6500000000000001,5.805000000000004,0.28423772609819103
9,lsc_tail_cusum,2006-06-01,1.5,5.805000000000004,0.2583979328165373
9,lsc_tail_cusum,2006-07-01,1.3499999999999999,5.805000000000004,0.23255813953488352
9,lsc_tail_cusum,2006-08-01,1.1999999999999997,5.805000000000004,0.20671834625322977
9,lsc_tail_cusum,2006-09-01,1.0499999999999996,5.805000000000004,0.18087855297157604
9,lsc_tail_cusum,2006-10-01,0.8999999999999996,5.805000000000004,0.15503875968992228
9,lsc_tail_cusum,2006-11-01,0.9599999999999997,5.805000000000004,0.16537467700258382
9,lsc_tail_cusum,2006-12-01,1.5999999999999994,5.805000000000004,0.275624461670973
9,lsc_tail_cusum,2007-01-01,1.4499999999999993,5.805000000000004,0.24978466838931926
9,lsc_tail_cusum,2007-02-01,2.2999999999999994,5.805000000000004,0.3962101636520237
9,lsc_tail_cusum,2007-03-01,2.1499999999999995,5.805000000000004,0.37037037037037
9,lsc_tail_cusum,2007-04-01,1.9999999999999993,5.805000000000004,0.34453057708871626
9,lsc_tail_cusum,2007-05-01,1.8499999999999992,5.805000000000004,0.3186907838070625
9,lsc_tail_cusum,2007-06-01,1.699999999999999,5.805000000000004,0.29285099052540875
9,lsc_tail_cusum,2007-07-01,1.549999999999999,5.805000000000004,0.267011197243755
9,lsc_tail_cusum,2007-08-01,1.3999999999999988,5.805000000000004,0.24117140396210127
9,lsc_tail_cusum,2007-09-01,1.2499999999999987,5.805000000000004,0.2153316106804475
9,lsc_tail_cusum,2007-10-01,1.0999999999999985,5.805000000000004,0.18949181739879375
9,lsc_tail_cusum,2007-11-01,0.9499999999999985,5.805000000000004,0.16365202411714003
9,lsc_tail_cusum,2007-12-01,0.7999999999999998,5.805000000000004,0.13781223083548652
9,lsc_kalman_cusum,2003-01-01,1.2438358421825664,7.558583843570847,0.1645593761906265
9,lsc_kalman_cusum,2003-02-01,0.6663966571519677,7.558583843570847,0.08816422109530332
9,lsc_kalman_cusum,2003-03-01,0.37526723784391836,7.558583843570847,0.0496478236678041
9,lsc_kalman_cusum,2003-04-01,1.3280838836250795,7.558583843570847,0.17570538491211107
9,lsc_kalman_cusum,2003-05-01,0.8381681623577415,7.558583843570847,0.11088957663288575
9,lsc_kalman_cusum,2003-06-01,0.01595594793094579,7.558583843570847,0.0021109705549562097
9,lsc_kalman_cusum,2003-07-01,0.5975212413079161,7.558583843570847,0.07905200943377158
9,lsc_kalman_cusum,2003-08-01,0.1320365352076932,7.558583843570847,0.017468422384439165
9,lsc_kalman_cusum,2003-09-01,0.8116974938034136,7.558583843570847,0.10738750943324184
9,lsc_kalman_cusum,2003-10-01,0.3166183515892853,7.558583843570847,0.04188858100166388
9,lsc_kalman_cusum,2003-11-01,0.9961340237572032,7.558583843570847,0.1317884466684181
9,lsc_kalman_cusum,2003-12-01,0.13850220387791667,7.558583843570847,0.018323829799906682
9,lsc_kalman_cusum,2004-01-01,0.0,7.558583843570847,0.0
9,lsc_kalman_cusum,2004-02-01,0.4467790228338583,7.558583843570847,0.05910882674323683
9,lsc_kalman_cusum,2004-03-01,0.832522726999618,7.558583843570847,0.11014268601488654
9,lsc_kalman_cusum,2004-04-01,0.03220150310342473,7.558583843570847,0.00426025612334969
9,lsc_kalman_cusum,2004-05-01,0.7403210391074526,7.558583843570847,0.097944410544199
9,lsc_kalman_cusum,2004-06-01,1.6833239658790515,7.558583843570847,0.22270361759773918
9,lsc_kalman_cusum,2004-07-01,0.9289514355892399,7.558583843570847,0.12290019596453694
9,lsc_kalman_cusum,2004-08-01,0.198506443454308,7.558583843570847,0.026262385595306047
9,lsc_kalman_cusum,2004-09-01,0.0,7.558583843570847,0.0
9,lsc_kalman_cusum,2004-10-01,1.0083387829956822,7.558583843570847,0.1334031352782243
9,lsc_kalman_cusum,2004-11-01,0.5118880589605175,7.558583843570847,0.06772274668831217
9,lsc_kalman_cusum,2004-12-01,1.1985004725007324,7.558583843570847,0.158561510635375
9,lsc_kalman_cusum,2005-01-01,0.7913251870389766,7.558583843570847,0.10469225498001973
9,lsc_kalman_cusum,2005-02-01,1.169473262947728,7.558583843570847,0.15472121327892055
9,lsc_kalman_cusum,2005-03-01,0.5737543063601609,7.558583843570847,0.07590764596045102
9,lsc_kalman_cusum,2005-04-01,0.2157543231600899,7.558583843570847,0.028544278614254633
9,lsc_kalman_cusum,2005-05-01,0.08806931389070927,7.558583843570847,0.01165156274156024
9,lsc_kalman_cusum,2005-06-01,0.0,7.558583843570847,0.0
9,lsc_kalman_cusum,2005-07-01,0.7298309947843895,7.558583843570847,0.09655657857194593
9,lsc_kalman_cusum,2005-08-01,0.0,7.558583843570847,0.0
9,lsc_kalman_cusum,2005-09-01,4.086128021122278,7.558583843570847,0.5405943898601908
9,lsc_kalman_cusum,2005-10-01,2.384500101461781,7.558583843570847,0.3154691607330625
9,lsc_kalman_cusum,2005-11-01,4.141598662715975,7.558583843570847,0.5479331510278505
9,lsc_kalman_cusum,2005-12-01,4.27540746048508,7.558583843570847,0.5656360435985163
9,lsc_kalman_cusum,2006-01-01,3.5617040290814392,7.558583843570847,0.4712131402909476
9,lsc_kalman_cusum,2006-02-01,2.6473881820668126,7.558583843570847,0.3502492314507589
9,lsc_kalman_cusum,2006-03-01,2.200821070637705,7.558583843570847,0.29116844056835745
9,lsc_kalman_cusum,2006-04-01,1.925200439442174,7.558583843570847,0.25470385448984656
9,lsc_kalman_cusum,2006-05-01,1.03257140425027,7.558583843570847,0.13660910901035397
9,lsc_kalman_cusum,2006-06-01,0.8336053912329626,7.558583843570847,0.11028592240092802
9,lsc_kalman_cusum,2006-07-01,0.020762491661950544,7.558583843570847,0.0027468758819961534
9,lsc_kalman_cusum,2006-08-01,0.11624415968232171,7.558583843570847,0.015379092444836245
9,lsc_kalman_cusum,2006-09-01,0.26135679114133936,7.558583843570847,0.034577481251814556
9,lsc_kalman_cusum,2006-10-01,0.2878752309715287,7.558583843570847,0.038085868587194226
9,lsc_kalman_cusum,2006-11-01,0.072570106507301,7.558583843570847,0.009601018922218799
9,lsc_kalman_cusum,2006-12-01,1.5263298663435187,7.558583843570847,0.2019333115742017
9,lsc_kalman_cusum,2007-01-01,0.6705596560879079,7.558583843570847,0.08871498550065965
9,lsc_kalman_cusum,2007-02-01,1.251647727849925,7.558583843570847,0.1655928880003821
9,lsc_kalman_cusum,2007-03-01,0.6212018262875223,7.558583843570847,0.08218494881364609
9,lsc_kalman_cusum,2007-04-01,1.0788387467950875,7.558583843570847,0.1427302744961574
9,lsc_kalman_cusum,2007-05-01,0.17614967555113048,7.558583843570847,0.023304587102114274
9,lsc_kalman_cusum,2007-06-01,0.0,7.558583843570847,0.0
9,lsc_kalman_cusum,2007-07-01,0.21300819612456046,7.558583843570847,0.028180966240883894
9,lsc_kalman_cusum,2007-08-01,0.0,7.558583843570847,0.0
9,lsc_kalman_cusum,2007-09-01,0.0,7.558583843570847,0.0
9,lsc_kalman_cusum,2007-10-01,0.4553463819986362,7.558583843570847,0.060242287632483314
9,lsc_kalman_cusum,2007-11-01,0.4417064293566535,7.558583843570847,0.05843772305738972
9,lsc_kalman_cusum,2007-12-01,0.0,7.558583843570847,0.0
9,raw_cusum,2003-01-01,0.6328201756666845,43.74104787021894,0.01446742148346061
9,raw_cusum,2003-02-01,0.0,43.74104787021894,0.0
9,raw_cusum,2003-03-01,0.5974174057518475,43.74104787021894,0.01365804970023589
9,raw_cusum,2003-04-01,1.865416834577835,43.74104787021894,0.04264682547415383
9,raw_cusum,2003-05-01,1.9895608737059014,43.74104787021894,0.045484984255726814
9,raw_cusum,2003-06-01,1.802783358111645,43.74104787021894,0.04121491015625779
9,raw_cusum,2003-07-01,0.8440611082414788,43.74104787021894,0.01929677383920556
9,raw_cusum,2003-08-01,1.351643424977735,43.74104787021894,0.0309010298287344
9,raw_cusum,2003-09-01,0.21983719083776243,43.74104787021894,0.0050258784720939075
9,raw_cusum,2003-10-01,0.0,43.74104787021894,0.0
9,raw_cusum,2003-11-01,0.27116087565842595,43.74104787021894,0.006199231359590853
9,raw_cusum,2003-12-01,0.010053018671521197,43.74104787021894,0.00022983031182400608
9,raw_cusum,2004-01-01,0.0,43.74104787021894,0.0
9,raw_cusum,2004-02-01,0.1370972013750823,43.74104787021894,0.003134291656245959
9,raw_cusum,2004-03-01,0.8736117379402537,43.74104787021894,0.019972355041248373
9,raw_cusum,2004-04-01,0.19927904322373136,43.74104787021894,0.004555881784428176
9,raw_cusum,2004-05-01,0.37450595346301063,43.74104787021894,0.008561888013615529
9,raw_cusum,2004-06-01,1.64075433562577,43.74104787021894,0.03751063167242677
9,raw_cusum,2004-07-01,0.42388145729742943,43.74104787021894,0.00969070193643049
9,raw_cusum,2004-08-01,0.1516936519142511,43.74104787021894,0.0034679930934515086
9,raw_cusum,2004-09-01,0.0,43.74104787021894,0.0
9,raw_cusum,2004-10-01,0.6348076042944322,43.74104787021894,0.014512857720691242
9,raw_cusum,2004-11-01,0.06296514139322829,43.74104787021894,0.0014394977820386889
9,raw_cusum,2004-12-01,0.585618341912554,43.74104787021894,0.013388301616598257
9,raw_cusum,2005-01-01,0.23639560365257317,43.74104787021894,0.005404433939350661
9,raw_cusum,2005-02-01,0.6179419751436974,43.74104787021894,0.014127278728601807
9,raw_cusum,2005-03-01,0.3406806563373169,43.74104787021894,0.007788580130684731
9,raw_cusum,2005-04-01,0.0,43.74104787021894,0.0
9,raw_cusum,2005-05-01,0.0,43.74104787021894,0.0
9,raw_cusum,2005-06-01,0.0,43.74104787021894,0.0
9,raw_cusum,2005-07-01,0.7056445427595339,43.74104787021894,0.016132319117118623
9,raw_cusum,2005-08-01,0.12232998442244847,43.74104787021894,0.0027966861878893565
9,raw_cusum,2005-09-01,4.116417711116616,43.74104787021894,0.0941088042364727
9,raw_cusum,2005-10-01,1.7656359112110769,43.74104787021894,0.040365651880352155
9,raw_cusum,2005-11-01,2.523661636995528,43.74104787021894,0.05769550021945773
9,raw_cusum,2005-12-01,2.4877116435578013,43.74104787021894,0.0568736179100903
9,raw_cusum,2006-01-01,1.7345684196801932,43.74104787021894,0.03965539245485641
9,raw_cusum,2006-02-01,0.7497025997608648,43.74104787021894,0.01713956652308047
9,raw_cusum,2006-03-01,0.1320731506866325,43.74104787021894,0.0030194327094882974
9,raw_cusum,2006-04-01,0.0,43.74104787021894,0.0
9,raw_cusum,2006-05-01,0.01844475734935047,43.74104787021894,0.0004216807380581426
9,raw_cusum,2006-06-01,0.0,43.74104787021894,0.0
9,raw_cusum,2006-07-01,0.17228341453156226,43.74104787021894,0.003938712557658256
9,raw_cusum,2006-08-01,0.0,43.74104787021894,0.0
9,raw_cusum,2006-09-01,0.4030262059335862,43.74104787021894,0.009213912916064049
9,raw_cusum,2006-10-01,0.7026415860575743,43.74104787021894,0.016063666058991864
9,raw_cusum,2006-11-01,0.8564060750474489,43.74104787021894,0.019579002258666333
9,raw_cusum,2006-12-01,0.9650959232182981,43.74104787021894,0.022063850095264473
9,raw_cusum,2007-01-01,0.7492567177908298,43.74104787021894,0.017129372849363323
9,raw_cusum,2007-02-01,0.8119761001547305,43.74104787021894,0.018563252132502383
9,raw_cusum,2007-03-01,0.0993588021384243,43.74104787021894,0.0022715231339044497
9,raw_cusum,2007-04-01,0.37407603131020384,43.74104787021894,0.008552059210380582
9,raw_cusum,2007-05-01,0.0,43.74104787021894,0.0
9,raw_cusum,2007-06-01,0.0,43.74104787021894,0.0
9,raw_cusum,2007-07-01,0.3102036348976255,43.74104787021894,0.007091819926628401
9,raw_cusum,2007-08-01,0.0,43.74104787021894,0.0
9,raw_cusum,2007-09-01,0.0,43.74104787021894,0.0
9,raw_cusum,2007-10-01,0.6359522181796184,43.74104787021894,0.014539025678271554
9,raw_cusum,2007-11-01,0.0,43.74104787021894,0.0
9,raw_cusum,2007-12-01,0.0,43.74104787021894,0.0
9,raw_var_cusum,2003-01-01,10.738066126888075,91.73202182270404,0.11705908049908871
9,raw_var_cusum,2003-02-01,9.7977700314388,91.73202182270404,0.1068086131403005
9,raw_var_cusum,2003-03-01,9.952094993885915,91.73202182270404,0.10849095873108437
9,raw_var_cusum,2003-04-01,12.027916974214932,91.73202182270404,0.13112015559258036
9,raw_var_cusum,2003-05-01,11.36747275579403,91.73202182270404,0.12392044271916978
9,raw_var_cusum,2003-06-01,10.415581080531336,91.73202182270404,0.11354356824994168
9,raw_var_cusum,2003-07-01,9.576007183057282,91.73202182270404,0.10439110566608248
9,raw_var_cusum,2003-08-01,9.541229308056883,91.73202182270404,0.10401198096884626
9,raw_var_cusum,2003-09-01,9.009394889370084,91.73202182270404,0.09821428450343196
9,raw_var_cusum,2003-10-01,8.063402565809335,91.73202182270404,0.087901720746916
9,raw_var_cusum,2003-11-01,7.608091661955606,91.73202182270404,0.08293823150066636
9,raw_var_cusum,2003-12-01,6.818245743811537,91.73202182270404,0.07432786946514236
9,raw_var_cusum,2004-01-01,6.936493732240224,91.73202182270404,0.07561692846634079
9,raw_var_cusum,2004-02-01,7.480600888240262,91.73202182270404,0.08154841395187458
9,raw_var_cusum,2004-03-01,6.543791681633018,91.73202182270404,0.07133595827943916
9,raw_var_cusum,2004-04-01,7.463399793185894,91.73202182270404,0.08136089933361386
9,raw_var_cusum,2004-05-01,7.6486391305436445,91.73202182270404,0.08338025237606368
9,raw_var_cusum,2004-06-01,8.25882206057619,91.73202182270404,0.09003205092915655
9,raw_var_cusum,2004-07-01,8.062379007714211,91.73202182270404,0.08789056261396759
9,raw_var_cusum,2004-08-01,7.2014481128560615,91.73202182270404,0.07850528059628654
9,raw_var_cusum,2004-09-01,6.250429308209326,91.73202182270404,0.06813792156778038
9,raw_var_cusum,2004-10-01,6.488217606973795,91.73202182270404,0.07073012758308066
9,raw_var_cusum,2004-11-01,6.331253119169798,91.73202182270404,0.06901900768530524
9,raw_var_cusum,2004-12-01,6.235433550637377,91.73202182270404,0.06797444803613914
9,raw_var_cusum,2005-01-01,7.162699767979559,91.73202182270404,0.0780828725417536
9,raw_var_cusum,2005-02-01,7.335575762890392,91.73202182270404,0.07996744884865066
9,raw_var_cusum,2005-03-01,7.5788317969506505,91.73202182270404,0.08261926038868642
9,raw_var_cusum,2005-04-01,8.509767012670201,91.73202182270404,0.09276768181472698
9,raw_var_cusum,2005-05-01,9.308499789380173,91.73202182270404,0.10147492232724649
9,raw_var_cusum,2005-06-01,10.149062451904017,91.73202182270404,0.11063816375398022
9,raw_var_cusum,2005-07-01,9.645483688418171,91.73202182270404,0.10514849118948423
9,raw_var_cusum,2005-08-01,10.588542372787266,91.73202182270404,0.11542907441037738
9,raw_var_cusum,2005-09-01,19.432914188055186,91.73202182270404,0.21184438979895526
9,raw_var_cusum,2005-10-01,21.80830745891677,91.73202182270404,0.23773930875596513
9,raw_var_cusum,2005-11-01,23.556834408258997,91.73202182270404,0.256800558193176
9,raw_var_cusum,2005-12-01,22.72217681684944,91.73202182270404,0.24770168982829083
9,raw_var_cusum,2006-01-01,21.73625830864459,91.73202182270404,0.23695387801062048
9,raw_var_cusum,2006-02-01,20.921353171970633,91.73202182270404,0.22807033744886362
9,raw_var_cusum,2006-03-01,19.88518985926014,91.73202182270404,0.2167747910069336
9,raw_var_cusum,2006-04-01,18.836698227924366,91.73202182270404,0.2053448496352907
9,raw_var_cusum,2006-05-01,18.055483194347392,91.73202182270404,0.19682857562263592
9,raw_var_cusum,2006-06-01,17.009679972162314,91.73202182270404,0.1854279414557976
9,raw_var_cusum,2006-07-01,16.411644961616528,91.73202182270404,0.17890857124392498
9,raw_var_cusum,2006-08-01,15.457168708164101,91.73202182270404,0.16850352146428316
9,raw_var_cusum,2006-09-01,15.222625036766908,91.73202182270404,0.16594668616580352
9,raw_var_cusum,2006-10-01,14.812009792897738,91.73202182270404,0.1614704385511724
9,raw_var_cusum,2006-11-01,14.18941779996193,91.73202182270404,0.15468336484926348
9,raw_var_cusum,2006-12-01,15.285923864192807,91.73202182270404,0.16663672685353895
9,raw_var_cusum,2007-01-01,15.796566211138323,91.73202182270404,0.1722034017921167
9,raw_var_cusum,2007-02-01,16.46784749851554,91.73202182270404,0.1795212530074169
9,raw_var_cusum,2007-03-01,15.463053613931294,91.73202182270404,0.16856767469725742
9,raw_var_cusum,2007-04-01,15.013240399106893,91.73202182270404,0.16366411751093723
9,raw_var_cusum,2007-05-01,14.105864829732388,91.73202182270404,0.15377252729690877
9,raw_var_cusum,2007-06-01,13.261710160996442,91.73202182270404,0.1445701282658758
9,raw_var_cusum,2007-07-01,12.868140090997766,91.73202182270404,0.1402796955229962
9,raw_var_cusum,2007-08-01,11.851791812864356,91.73202182270404,0.12920015908698734
9,raw_var_cusum,2007-09-01,10.81717934227061,91.73202182270404,0.11792151886914276
9,raw_var_cusum,2007-10-01,11.057566784257805,91.73202182270404,0.12054205897292251
9,raw_var_cusum,2007-11-01,10.90130698919937,91.73202182270404,0.11883862115531452
9,raw_var_cusum,2007-12-01,11.601848736733787,91.73202182270404,0.1264754499705389
10,lsc_composite,2008-01-01,1.8157873124499913,11.454940266446886,0.15851565090816622
10,lsc_composite,2008-02-01,1.648084182368457,11.454940266446886,0.14387540607225383
10,lsc_composite,2008-03-01,1.564987971830592,11.454940266446886,0.13662122502852847
10,lsc_composite,2008-04-01,1.3826273904337143,11.454940266446886,0.12070140553099366
10,lsc_composite,2008-05-01,1.3565639633037756,11.454940266446886,0.11842610539640613
10,lsc_composite,2008-06-01,1.191888278628238,11.454940266446886,0.1040501522403783
10,lsc_composite,2008-07-01,1.2306652093475305,11.454940266446886,0.10743532316378114
10,lsc_composite,2008-08-01,3.404520726669884,11.454940266446886,0.29720981929885737
10,lsc_composite,2008-09-01,19.674978724307227,11.454940266446886,1.7175976711059748
10,lsc_composite,2008-10-01,22.41410628341663,11.454940266446886,1.9567196128530382
10,lsc_composite,2008-11-01,20.5136080445784,11.454940266446886,1.7908088185030184
10,lsc_composite,2008-12-01,30.314532856795683,11.454940266446886,2.6464156208296576
10,lsc_composite,2009-01-01,33.50899217132892,11.454940266446886,2.9252873774891186
10,lsc_composite,2009-02-01,39.381691409936394,11.454940266446886,3.4379656719198133
10,lsc_composite,2009-03-01,43.158681654803715,11.454940266446886,3.7676915506247988
10,lsc_composite,2009-04-01,35.59989011430644,11.454940266446886,3.107819795323025
10,lsc_composite,2009-05-01,43.13925161264167,11.454940266446886,3.765995335567357
10,lsc_composite,2009-06-01,36.85040182633653,11.454940266446886,3.2169876899556153
10,lsc_composite,2009-07-01,41.71258927364146,11.454940266446886,3.6414497416301193
10,lsc_composite,2009-08-01,36.38371243716643,11.454940266446886,3.176246369764091
10,lsc_composite,2009-09-01,38.67051344080952,11.454940266446886,3.375880846282615
10,lsc_composite,2009-10-01,47.18283286227754,11.454940266446886,4.1189942299815065
10,lsc_composite,2009-11-01,43.9355593680244,11.454940266446886,3.8355118705173665
10,lsc_composite,2009-12-01,50.602127799486155,11.454940266446886,4.417493816856193
10,lsc_composite,2010-01-01,50.75862001932553,11.454940266446886,4.431155365166293
10,lsc_composite,2010-02-01,56.11394038420716,11.454940266446886,4.8986672194679795
10,lsc_composite,2010-03-01,56.04645453881234,11.454940266446886,4.892775801108296
10,lsc_composite,2010-04-01,57.389183844355216,11.454940266446886,5.009994160550633
10,lsc_composite,2010-05-01,59.48114345067422,11.454940266446886,5.192619260084905
10,lsc_composite,2010-06-01,48.3171447987907,11.454940266446886,4.218018049410379
10,lsc_composite,2010-07-01,43.64466778750412,11.454940266446886,3.810117449092722
10,lsc_composite,2010-08-01,36.76823180491934,11.454940266446886,3.20981436390538
10,lsc_composite,2010-09-01,38.86796874746564,11.454940266446886,3.393118413835411
10,lsc_composite,2010-10-01,36.35310316712602,11.454940266446886,3.173574224006154
10,lsc_composite,2010-11-01,33.616417853671756,11.454940266446886,2.934665486832692
10,lsc_composite,2010-12-01,32.36167479804386,11.454940266446886,2.8251282019196298
10,lsc_composite,2011-01-01,31.819495224562612,11.454940266446886,2.777796695960636
10,lsc_composite,2011-02-01,38.43601404125697,11.454940266446886,3.355409382084811
10,lsc_composite,2011-03-01,29.62144602435183,11.454940266446886,2.585910125705078
10,lsc_composite,2011-04-01,33.23912468527348,11.454940266446886,2.901728329621718
10,lsc_composite,2011-05-01,37.903959202037555,11.454940266446886,3.3089617510327423
10,lsc_composite,2011-06-01,34.026215987211586,11.454940266446886,2.9704402812888606
10,lsc_composite,2011-07-01,29.648407404462887,11.454940266446886,2.5882638158583156
10,lsc_composite,2011-08-01,36.21617304397655,11.454940266446886,3.1616204189260384
10,lsc_composite,2011-09-01,37.08759512229056,11.454940266446886,3.237694327479409
10,lsc_composite,2011-10-01,31.50470376254565,11.454940266446886,2.750315848859318
10,lsc_composite,2011-11-01,32.60263281141756,11.454940266446886,2.8461634939219373
10,lsc_composite,2011-12-01,28.139113884221008,11.454940266446886,2.4565046372737873
10,lsc_composite,2012-01-01,26.003292622631026,11.454940266446886,2.2700504775916017
10,lsc_composite,2012-02-01,28.379160329754466,11.454940266446886,2.4774603506995994
10,lsc_composite,2012-03-01,29.250195664127972,11.454940266446886,2.553500497056791
10,lsc_composite,2012-04-01,30.310509522493938,11.454940266446886,2.64606438946501
10,lsc_composite,2012-05-01,33.8325589494381,11.454940266446886,2.9535342972095955
10,lsc_composite,2012-06-01,31.127781097121737,11.454940266446886,2.7174110360312693
10,lsc_composite,2012-07-01,33.63098707475736,11.454940266446886,2.9359373591206928
10,lsc_composite,2012-08-01,38.7598317261542,11.454940266446886,3.383678205611175
10,lsc_composite,2012-09-01,38.808555545333505,11.454940266446886,3.387931725755844
10,lsc_composite,2012-10-01,33.01322978641251,11.454940266446886,2.8820080261014414
10,lsc_composite,2012-11-01,31.713237395702105,11.454940266446886,2.7685205385657565
10,lsc_composite,2012-12-01,24.593883804928584,11.454940266446886,2.147011091534671
10,lsc_tail_cusum,2008-01-01,0.8799999999999998,6.402500000000003,0.1374463100351424
10,lsc_tail_cusum,2008-02-01,0.9599999999999997,6.402500000000003,0.14994142912924627
10,lsc_tail_cusum,2008-03-01,1.0399999999999998,6.402500000000003,0.16243654822335013
10,lsc_tail_cusum,2008-04-01,1.1199999999999999,6.402500000000003,0.17493166731745402
10,lsc_tail_cusum,2008-05-01,1.2,6.402500000000003,0.18742678641155788
10,lsc_tail_cusum,2008-06-01,1.28,6.402500000000003,0.19992190550566175
10,lsc_tail_cusum,2008-07-01,1.36,6.402500000000003,0.2124170245997656
10,lsc_tail_cusum,2008-08-01,0.85,6.402500000000003,0.1327606403748535
10,lsc_tail_cusum,2008-09-01,1.7,6.402500000000003,0.265521280749707
10,lsc_tail_cusum,2008-10-01,2.5500000000000003,6.402500000000003,0.39828192112456057
10,lsc_tail_cusum,2008-11-01,3.4000000000000004,6.402500000000003,0.5310425614994141
10,lsc_tail_cusum,2008-12-01,4.250000000000001,6.402500000000003,0.6638032018742677
10,lsc_tail_cusum,2009-01-01,5.100000000000001,6.402500000000003,0.7965638422491212
10,lsc_tail_cusum,2009-02-01,4.950000000000002,6.402500000000003,0.7731354939476766
10,lsc_tail_cusum,2009-03-01,5.8000000000000025,6.402500000000003,0.9058961343225301
10,lsc_tail_cusum,2009-04-01,5.650000000000003,6.402500000000003,0.8824677860210856
10,lsc_tail_cusum,2009-05-01,5.5000000000000036,6.402500000000003,0.8590394377196409
10,lsc_tail_cusum,2009-06-01,5.350000000000004,6.402500000000003,0.8356110894181962
10,lsc_tail_cusum,2009-07-01,6.200000000000005,6.402500000000003,0.9683717297930498
10,lsc_tail_cusum,2009-08-01,7.050000000000005,6.402500000000003,1.1011323701679034
10,lsc_tail_cusum,2009-09-01,7.900000000000005,6.402500000000003,1.2338930105427568
10,lsc_tail_cusum,2009-10-01,7.750000000000005,6.402500000000003,1.2104646622413122
10,lsc_tail_cusum,2009-11-01,7.600000000000006,6.402500000000003,1.1870363139398674
10,lsc_tail_cusum,2009-12-01,7.450000000000006,6.402500000000003,1.1636079656384228
10,lsc_tail_cusum,2010-01-01,8.300000000000006,6.402500000000003,1.2963686060132764
10,lsc_tail_cusum,2010-02-01,8.150000000000006,6.402500000000003,1.2729402577118316
10,lsc_tail_cusum,2010-03-01,8.000000000000005,6.402500000000003,1.2495119094103868
10,lsc_tail_cusum,2010-04-01,7.850000000000006,6.402500000000003,1.226083561108942
10,lsc_tail_cusum,2010-05-01,8.700000000000005,6.402500000000003,1.3588442014837954
10,lsc_tail_cusum,2010-06-01,8.550000000000004,6.402500000000003,1.3354158531823506
10,lsc_tail_cusum,2010-07-01,8.400000000000004,6.402500000000003,1.3119875048809058
10,lsc_tail_cusum,2010-08-01,8.250000000000004,6.402500000000003,1.288559156579461
10,lsc_tail_cusum,2010-09-01,8.100000000000003,6.402500000000003,1.2651308082780162
10,lsc_tail_cusum,2010-10-01,7.950000000000004,6.402500000000003,1.2417024599765716
10,lsc_tail_cusum,2010-11-01,7.800000000000004,6.402500000000003,1.218274111675127
10,lsc_tail_cusum,2010-12-01,8.650000000000004,6.402500000000003,1.3510347520499804
10,lsc_tail_cusum,2011-01-01,8.500000000000004,6.402500000000003,1.3276064037485356
10,lsc_tail_cusum,2011-02-01,8.350000000000003,6.402500000000003,1.3041780554470908
10,lsc_tail_cusum,2011-03-01,9.200000000000003,6.402500000000003,1.4369386958219443
10,lsc_tail_cusum,2011-04-01,9.050000000000002,6.402500000000003,1.4135103475204995
10,lsc_tail_cusum,2011-05-01,8.900000000000002,6.402500000000003,1.3900819992190547
10,lsc_tail_cusum,2011-06-01,8.750000000000002,6.402500000000003,1.36665365091761
10,lsc_tail_cusum,2011-07-01,8.600000000000001,6.402500000000003,1.3432253026161651
10,lsc_tail_cusum,2011-08-01,8.450000000000001,6.402500000000003,1.3197969543147203
10,lsc_tail_cusum,2011-09-01,8.3,6.402500000000003,1.2963686060132755
10,lsc_tail_cusum,2011-10-01,8.15,6.402500000000003,1.2729402577118307
10,lsc_tail_cusum,2011-11-01,8.0,6.402500000000003,1.249511909410386
10,lsc_tail_cusum,2011-12-01,7.8500000000000005,6.402500000000003,1.2260835611089413
10,lsc_tail_cusum,2012-01-01,7.700000000000001,6.402500000000003,1.2026552128074965
10,lsc_tail_cusum,2012-02-01,7.550000000000002,6.402500000000003,1.179226864506052
10,lsc_tail_cusum,2012-03-01,8.4,6.402500000000003,1.3119875048809053
10,lsc_tail_cusum,2012-04-01,8.25,6.402500000000003,1.2885591565794605
10,lsc_tail_cusum,2012-05-01,8.1,6.402500000000003,1.2651308082780157
10,lsc_tail_cusum,2012-06-01,7.95,6.402500000000003,1.241702459976571
10,lsc_tail_cusum,2012-07-01,7.800000000000001,6.402500000000003,1.2182741116751263
10,lsc_tail_cusum,2012-08-01,7.650000000000001,6.402500000000003,1.1948457633736818
10,lsc_tail_cusum,2012-09-01,7.500000000000002,6.402500000000003,1.171417415072237
10,lsc_tail_cusum,2012-10-01,7.350000000000002,6.402500000000003,1.1479890667707924
10,lsc_tail_cusum,2012-11-01,7.200000000000003,6.402500000000003,1.1245607184693478
10,lsc_tail_cusum,2012-12-01,7.050000000000003,6.402500000000003,1.101132370167903
10,lsc_kalman_cusum,2008-01-01,0.0,9.141959625494138,0.0
10,lsc_kalman_cusum,2008-02-01,0.4345440622610225,9.141959625494138,0.047532922924884896
10,lsc_kalman_cusum,2008-03-01,0.6013043254880936,9.141959625494138,0.06577411737973982
10,lsc_kalman_cusum,2008-04-01,1.3738252699078042,9.141959625494138,0.15027689097167135
10,lsc_kalman_cusum,2008-05-01,1.9489937904635624,9.141959625494138,0.21319212404180968
10,lsc_kalman_cusum,2008-06-01,1.6947931819172641,9.141959625494138,0.18538620288707058
10,lsc_kalman_cusum,2008-07-01,1.6716242806323254,9.141959625494138,0.1828518555223844
10,lsc_kalman_cusum,2008-08-01,4.016538620886011,9.141959625494138,0.4393520410749911
10,lsc_kalman_cusum,2008-09-01,11.840242725425401,9.141959625494138,1.2951536881005878
10,lsc_kalman_cusum,2008-10-01,8.12764164478818,9.141959625494138,0.8890480791582874
10,lsc_kalman_cusum,2008-11-01,9.323732651489747,9.141959625494138,1.019883376589052
10,lsc_kalman_cusum,2008-12-01,13.407991105839162,9.141959625494138,1.4666430016217051
10,lsc_kalman_cusum,2009-01-01,16.45364364746796,9.141959625494138,1.7997939524457933
10,lsc_kalman_cusum,2009-02-01,15.473974832467416,9.141959625494138,1.6926321561643325
10,lsc_kalman_cusum,2009-03-01,16.515659906548947,9.141959625494138,1.806577646710647
10,lsc_kalman_cusum,2009-04-01,16.022381021887856,9.141959625494138,1.7526199718938071
10,lsc_kalman_cusum,2009-05-01,15.96234050724302,9.141959625494138,1.7460523958921148
10,lsc_kalman_cusum,2009-06-01,14.682400539419133,9.141959625494138,1.6060452179721287
10,lsc_kalman_cusum,2009-07-01,10.60277088532055,9.141959625494138,1.1597919176707645
10,lsc_kalman_cusum,2009-08-01,6.985745896918358,9.141959625494138,0.7641409701085577
10,lsc_kalman_cusum,2009-09-01,7.837526970987593,9.141959625494138,0.8573136714727027
10,lsc_kalman_cusum,2009-10-01,8.253554883315587,9.141959625494138,0.9028211916730565
10,lsc_kalman_cusum,2009-11-01,8.88676048917991,9.141959625494138,0.9720848541484961
10,lsc_kalman_cusum,2009-12-01,9.345728685329311,9.141959625494138,1.0222894289827011
10,lsc_kalman_cusum,2010-01-01,11.03943817715352,9.141959625494138,1.2075570916292273
10,lsc_kalman_cusum,2010-02-01,11.132233670817618,9.141959625494138,1.2177075951826797
10,lsc_kalman_cusum,2010-03-01,11.781777161346016,9.141959625494138,1.2887583892287415
10,lsc_kalman_cusum,2010-04-01,11.656089090204794,9.141959625494138,1.275009906814674
10,lsc_kalman_cusum,2010-05-01,13.477060068903182,9.141959625494138,1.4741981611163288
10,lsc_kalman_cusum,2010-06-01,12.824516959698052,9.141959625494138,1.4028192515677256
10,lsc_kalman_cusum,2010-07-01,12.591326484055703,9.141959625494138,1.3773115393052417
10,lsc_kalman_cusum,2010-08-01,12.329393040253226,9.141959625494138,1.3486597562595122
10,lsc_kalman_cusum,2010-09-01,11.927239602437954,9.141959625494138,1.3046699056924862
10,lsc_kalman_cusum,2010-10-01,10.403949127300566,9.141959625494138,1.1380436529480094
10,lsc_kalman_cusum,2010-11-01,9.725656157768482,9.141959625494138,1.0638480759252744
10,lsc_kalman_cusum,2010-12-01,10.820351993784632,9.141959625494138,1.183592187785425
10,lsc_kalman_cusum,2011-01-01,9.455880917727203,9.141959625494138,1.0343385122110618
10,lsc_kalman_cusum,2011-02-01,7.8265082856752795,9.141959625494138,0.8561083844485086
10,lsc_kalman_cusum,2011-03-01,9.130435011177504,9.141959625494138,0.9987393715583149
10,lsc_kalman_cusum,2011-04-01,7.610352744497584,9.141959625494138,0.8324640510634755
10,lsc_kalman_cusum,2011-05-01,7.075195307949791,9.141959625494138,0.773925459943974
10,lsc_kalman_cusum,2011-06-01,6.912066814627835,9.141959625494138,0.756081529320277
10,lsc_kalman_cusum,2011-07-01,7.100974089677042,9.141959625494138,0.7767452910068198
10,lsc_kalman_cusum,2011-08-01,7.593843164614134,9.141959625494138,0.8306581384845784
10,lsc_kalman_cusum,2011-09-01,6.526306001238008,9.141959625494138,0.7138847980730664
10,lsc_kalman_cusum,2011-10-01,7.0502148559768525,9.141959625494138,0.7711929547704359
10,lsc_kalman_cusum,2011-11-01,6.119544627192319,9.141959625494138,0.6693909050010213
10,lsc_kalman_cusum,2011-12-01,6.303856530027578,9.141959625494138,0.6895519985067582
10,lsc_kalman_cusum,2012-01-01,6.568801160436361,9.141959625494138,0.7185331624215422
10,lsc_kalman_cusum,2012-02-01,6.24384294278317,9.141959625494138,0.6829873679786329
10,lsc_kalman_cusum,2012-03-01,4.275194404416882,9.141959625494138,0.4676452948331415
10,lsc_kalman_cusum,2012-04-01,4.89011033363585,9.141959625494138,0.5349083275317497
10,lsc_kalman_cusum,2012-05-01,4.460196823326726,9.141959625494138,0.48788192094926747
10,lsc_kalman_cusum,2012-06-01,3.5997938525070223,9.141959625494138,0.39376610704649084
10,lsc_kalman_cusum,2012-07-01,3.191012830029204,9.141959625494138,0.3490512932402854
10,lsc_kalman_cusum,2012-08-01,1.5358066482392143,9.141959625494138,0.1679953435756069
10,lsc_kalman_cusum,2012-09-01,0.7009406929027184,9.141959625494138,0.07667291495665858
10,lsc_kalman_cusum,2012-10-01,0.7307913132569981,9.141959625494138,0.07993814709256032
10,lsc_kalman_cusum,2012-11-01,0.7557934023259716,9.141959625494138,0.08267301905581537
10,lsc_kalman_cusum,2012-12-01,0.48660400176540985,9.141959625494138,0.05322753782552481
10,raw_cusum,2008-01-01,0.08428300041931303,18.903321592242328,0.004458634426126552
10,raw_cusum,2008-02-01,0.6797356135267587,18.903321592242328,0.03595852772275287
10,raw_cusum,2008-03-01,1.102689242344923,18.903321592242328,0.058333094369904394
10,raw_cusum,2008-04-01,2.1971443511783333,18.903321592242328,0.1162305968534129
10,raw_cusum,2008-05-01,3.213755431116569,18.903321592242328,0.17001009137121445
10,raw_cusum,2008-06-01,3.4964229585288034,18.903321592242328,0.18496341722100781
10,raw_cusum,2008-07-01,4.023308804921271,18.903321592242328,0.21283607673332836
10,raw_cusum,2008-08-01,6.9525571377081885,18.903321592242328,0.3677955275628081
10,raw_cusum,2008-09-01,15.61550922354051,18.903321592242328,0.8260722406557854
10,raw_cusum,2008-10-01,13.499032756541007,18.903321592242328,0.7141090358469504
10,raw_cusum,2008-11-01,15.930754468414467,18.903321592242328,0.8427489523826456
10,raw_cusum,2008-12-01,21.367446091575044,18.903321592242328,1.1303540484834136
10,raw_cusum,2009-01-01,26.147832318572718,18.903321592242328,1.383240093069328
10,raw_cusum,2009-02-01,27.169931117604662,18.903321592242328,1.4373098920749907
10,raw_cusum,2009-03-01,30.09040517530887,18.903321592242328,1.591805177120701
10,raw_cusum,2009-04-01,31.54826121598135,18.903321592242328,1.6689268635692225
10,raw_cusum,2009-05-01,33.36434558457914,18.903321592242328,1.76499909932609
10,raw_cusum,2009-06-01,33.929634814787924,18.903321592242328,1.7949033268688712
10,raw_cusum,2009-07-01,31.551296292461352,18.903321592242328,1.669087421409028
10,raw_cusum,2009-08-01,29.23568058278417,18.903321592242328,1.5465896001463628
10,raw_cusum,2009-09-01,27.338279469535358,18.903321592242328,1.4462156471355079
10,raw_cusum,2009-10-01,26.634567248249642,18.903321592242328,1.4089887387399744
10,raw_cusum,2009-11-01,25.609690071525403,18.903321592242328,1.3547719614543974
10,raw_cusum,2009-12-01,24.63952734486003,18.903321592242328,1.3034496199319683
10,raw_cusum,2010-01-01,22.336987182927324,18.903321592242328,1.1816435050279273
10,raw_cusum,2010-02-01,21.42645395547117,18.903321592242328,1.1334756090836597
10,raw_cusum,2010-03-01,19.91015736612157,18.903321592242328,1.0532623734387736
10,raw_cusum,2010-04-01,19.070137455966417,18.903321592242328,1.0088246852760812
10,raw_cusum,2010-05-01,16.26180451144022,18.903321592242328,0.8602617498775373
10,raw_cusum,2010-06-01,15.723753045667117,18.903321592242328,0.831798420660628
10,raw_cusum,2010-07-01,14.804606141373453,18.903321592242328,0.7831748547011477
10,raw_cusum,2010-08-01,13.911340526636517,18.903321592242328,0.735920428521173
10,raw_cusum,2010-09-01,13.15826464810583,18.903321592242328,0.6960821453466572
10,raw_cusum,2010-10-01,13.539466559742706,18.903321592242328,0.7162480145975575
10,raw_cusum,2010-11-01,13.193364864840389,18.903321592242328,0.6979389733418475
10,raw_cusum,2010-12-01,11.107200232378911,18.903321592242328,0.5875792874907846
10,raw_cusum,2011-01-01,11.345303728912684,18.903321592242328,0.6001751424241043
10,raw_cusum,2011-02-01,11.950385487670632,18.903321592242328,0.6321844248036763
10,raw_cusum,2011-03-01,9.744308480142816,18.903321592242328,0.5154812836777718
10,raw_cusum,2011-04-01,10.20356191234783,18.903321592242328,0.5397761373607078
10,raw_cusum,2011-05-01,9.791502658958741,18.903321592242328,0.5179778914080923
10,raw_cusum,2011-06-01,9.023340719688886,18.903321592242328,0.4773415442179191
10,raw_cusum,2011-07-01,7.883423164914653,18.903321592242328,0.4170390439820854
10,raw_cusum,2011-08-01,6.3877117645609705,18.903321592242328,0.3379147803940659
10,raw_cusum,2011-09-01,6.374491062789378,18.903321592242328,0.33721539527769473
10,raw_cusum,2011-10-01,4.841894741562109,18.903321592242328,0.25613989149659067
10,raw_cusum,2011-11-01,4.683320015553284,18.903321592242328,0.24775116863457777
10,raw_cusum,2011-12-01,3.469393153731761,18.903321592242328,0.18353352011720278
10,raw_cusum,2012-01-01,2.1270910963737277,18.903321592242328,0.11252472672562781
10,raw_cusum,2012-02-01,1.321613362405195,18.903321592242328,0.0699143457913538
10,raw_cusum,2012-03-01,2.164578005800597,18.903321592242328,0.11450781256818438
10,raw_cusum,2012-04-01,0.5826713359839337,18.903321592242328,0.03082375407627061
10,raw_cusum,2012-05-01,0.21002479068444702,18.903321592242328,0.011110470171053875
10,raw_cusum,2012-06-01,0.0,18.903321592242328,0.0
10,raw_cusum,2012-07-01,0.0,18.903321592242328,0.0
10,raw_cusum,2012-08-01,0.6658112590234178,18.903321592242328,0.03522191884502763
10,raw_cusum,2012-09-01,0.6342528395671903,18.903321592242328,0.03355245460287144
10,raw_cusum,2012-10-01,0.0,18.903321592242328,0.0
10,raw_cusum,2012-11-01,0.0,18.903321592242328,0.0
10,raw_cusum,2012-12-01,0.0,18.903321592242328,0.0
10,raw_var_cusum,2008-01-01,13.443512159517025,43.55065888479321,0.30868676855337224
10,raw_var_cusum,2008-02-01,13.193495731953094,43.55065888479321,0.30294595006827624
10,raw_var_cusum,2008-03-01,13.291652331004476,43.55065888479321,0.3051997988403704
10,raw_var_cusum,2008-04-01,11.699365236919514,43.55065888479321,0.2686380765872784
10,raw_var_cusum,2008-05-01,10.34925606912809,43.55065888479321,0.2376371869942429
10,raw_var_cusum,2008-06-01,10.68668761066251,43.55065888479321,0.2453852107939986
10,raw_var_cusum,2008-07-01,10.582193069141335,43.55065888479321,0.2429858316755885
10,raw_var_cusum,2008-08-01,18.771740300825616,43.55065888479321,0.43103229162349677
10,raw_var_cusum,2008-09-01,101.6814312280845,43.55065888479321,2.3347851406121687
10,raw_var_cusum,2008-10-01,103.2444273964477,43.55065888479321,2.3706742915087804
10,raw_var_cusum,2008-11-01,110.78941959231796,43.55065888479321,2.543920630119395
10,raw_var_cusum,2008-12-01,144.98372702082293,43.55065888479321,3.3290822856286932
10,raw_var_cusum,2009-01-01,171.81620572708962,43.55065888479321,3.9452033591869147
10,raw_var_cusum,2009-02-01,173.0829904811041,43.55065888479321,3.9742909731622986
10,raw_var_cusum,2009-03-01,183.73263326053157,43.55065888479321,4.218825569242682
10,raw_var_cusum,2009-04-01,186.51583353652927,43.55065888479321,4.282732760253506
10,raw_var_cusum,2009-05-01,190.8300803389923,43.55065888479321,4.381795481988112
10,raw_var_cusum,2009-06-01,190.91492148299113,43.55065888479321,4.383743584408864
10,raw_var_cusum,2009-07-01,193.3930770874471,43.55065888479321,4.440646411321577
10,raw_var_cusum,2009-08-01,195.63953749267367,43.55065888479321,4.492229107490864
10,raw_var_cusum,2009-09-01,196.5422673639827,43.55065888479321,4.512957378759895
10,raw_var_cusum,2009-10-01,195.53376603308385,43.55065888479321,4.489800408079688
10,raw_var_cusum,2009-11-01,194.75926208372985,43.55065888479321,4.47201643031249
10,raw_var_cusum,2009-12-01,193.93031507327527,43.55065888479321,4.452982343764054
10,raw_var_cusum,2010-01-01,196.12946610865563,43.55065888479321,4.503478733295103
10,raw_var_cusum,2010-02-01,195.24800363950118,43.55065888479321,4.483238799118992
10,raw_var_cusum,2010-03-01,195.2308623970248,43.55065888479321,4.482845205935438
10,raw_var_cusum,2010-04-01,194.2964759363267,43.55065888479321,4.4613900434964515
10,raw_var_cusum,2010-05-01,198.57487691911166,43.55065888479321,4.559629681939186
10,raw_var_cusum,2010-06-01,197.52632483315912,43.55065888479321,4.535553075228681
10,raw_var_cusum,2010-07-01,196.65200896053807,43.55065888479321,4.515477239523556
10,raw_var_cusum,2010-08-01,195.75666680427247,43.55065888479321,4.494918603232104
10,raw_var_cusum,2010-09-01,194.77071420456653,43.55065888479321,4.472279391221233
10,raw_var_cusum,2010-10-01,194.497231013639,43.55065888479321,4.465999734427728
10,raw_var_cusum,2010-11-01,193.47091570195093,43.55065888479321,4.44243372330484
10,raw_var_cusum,2010-12-01,194.93683394322258,43.55065888479321,4.476093793641538
10,raw_var_cusum,2011-01-01,194.43163071481794,43.55065888479321,4.464493435774598
10,raw_var_cusum,2011-02-01,194.6028364083575,43.55065888479321,4.468424620696333
10,raw_var_cusum,2011-03-01,196.46353516397255,43.55065888479321,4.511149548476124
10,raw_var_cusum,2011-04-01,196.33370231116965,43.55065888479321,4.508168357005602
10,raw_var_cusum,2011-05-01,195.29143588608412,43.55065888479321,4.48423608016353
10,raw_var_cusum,2011-06-01,194.31334671175708,43.55065888479321,4.461777426279224
10,raw_var_cusum,2011-07-01,193.6728411886653,43.55065888479321,4.447070288901897
10,raw_var_cusum,2011-08-01,193.6142823814596,43.55065888479321,4.4457256753253125
10,raw_var_cusum,2011-09-01,192.80123646664333,43.55065888479321,4.427056706000025
10,raw_var_cusum,2011-10-01,192.81749162925541,43.55065888479321,4.427429953225861
10,raw_var_cusum,2011-11-01,191.88406284697535,43.55065888479321,4.405996780773767
10,raw_var_cusum,2011-12-01,191.34375441100568,43.55065888479321,4.393590345376338
10,raw_var_cusum,2012-01-01,191.00322716683525,43.55065888479321,4.385771238779783
10,raw_var_cusum,2012-02-01,190.04654381278579,43.55065888479321,4.363804100312826
10,raw_var_cusum,2012-03-01,190.8000978461959,43.55065888479321,4.3811070310309015
10,raw_var_cusum,2012-04-01,190.9206198883897,43.55065888479321,4.383874429855167
10,raw_var_cusum,2012-05-01,189.88703414128437,43.55065888479321,4.360141476701932
10,raw_var_cusum,2012-06-01,188.93537110824525,43.55065888479321,4.338289613666826
10,raw_var_cusum,2012-07-01,187.89293342334304,43.55065888479321,4.314353404397069
10,raw_var_cusum,2012-08-01,188.2020493150088,43.55065888479321,4.321451250895407
10,raw_var_cusum,2012-09-01,187.37148682939113,43.55065888479321,4.302380070185724
10,raw_var_cusum,2012-10-01,186.4482173478559,43.55065888479321,4.2811801732110855
10,raw_var_cusum,2012-11-01,185.5533389681898,43.55065888479321,4.260632186048977
10,raw_var_cusum,2012-12-01,184.52291918161768,43.55065888479321,4.236971928937875
11,lsc_composite,2013-01-01,6.128191731214824,13.426452852192652,0.45642671215383884
11,lsc_composite,2013-02-01,5.622709496616519,13.426452852192652,0.41877847846449506
11,lsc_composite,2013-03-01,4.010161502381802,13.426452852192652,0.2986761690915936
11,lsc_composite,2013-04-01,4.033701212563124,13.426452852192652,0.3004294028340022
11,lsc_composite,2013-05-01,4.389891287729478,13.426452852192652,0.32695838104496616
11,lsc_composite,2013-06-01,4.018723536572766,13.426452852192652,0.29931386798982246
11,lsc_composite,2013-07-01,3.8143139391770027,13.426452852192652,0.28408947479781255
11,lsc_composite,2013-08-01,3.9564977289383405,13.426452852192652,0.2946793000723353
11,lsc_composite,2013-09-01,3.8830051590946035,13.426452852192652,0.28920558555869624
11,lsc_composite,2013-10-01,3.962015082605941,13.426452852192652,0.29509023166598397
11,lsc_composite,2013-11-01,4.73495075263126,13.426452852192652,0.3526583532342277
11,lsc_composite,2013-12-01,4.520291662062597,13.426452852192652,0.3366705794765738
11,lsc_composite,2014-01-01,4.456612460252902,13.426452852192652,0.3319277629999721
11,lsc_composite,2014-02-01,4.632623392412459,13.426452852192652,0.345037028276304
11,lsc_composite,2014-03-01,4.836432034147916,13.426452852192652,0.3602166623895816
11,lsc_composite,2014-04-01,5.618222675403972,13.426452852192652,0.4184443007585931
11,lsc_composite,2014-05-01,6.169133046134554,13.426452852192652,0.45947601455488546
11,lsc_composite,2014-06-01,5.739884747803651,13.426452852192652,0.42750567189950545
11,lsc_composite,2014-07-01,6.1666293066163895,13.426452852192652,0.4592895364473966
11,lsc_composite,2014-08-01,6.82306400437852,13.426452852192652,0.5081806847639775
11,lsc_composite,2014-09-01,7.1740154460861545,13.426452852192652,0.5343194904166053
11,lsc_composite,2014-10-01,7.546549622229527,13.426452852192652,0.5620657745800011
11,lsc_composite,2014-11-01,6.960477703905431,13.426452852192652,0.5184152345024418
11,lsc_composite,2014-12-01,7.1997363981224956,13.426452852192652,0.5362351826935972
11,lsc_composite,2015-01-01,6.045859634886375,13.426452852192652,0.4502946311615756
11,lsc_composite,2015-02-01,6.61419508324076,13.426452852192652,0.4926241618731493
11,lsc_composite,2015-03-01,5.903606549895415,13.426452852192652,0.43969964478974854
11,lsc_composite,2015-04-01,6.8995012880534645,13.426452852192652,0.5138737210794077
11,lsc_composite,2015-05-01,6.483940699151848,13.426452852192652,0.48292283677091724
11,lsc_composite,2015-06-01,7.6262720790072045,13.426452852192652,0.5680034900477657
11,lsc_composite,2015-07-01,8.528837381194743,13.426452852192652,0.6352264052975028
11,lsc_composite,2015-08-01,7.445601765087563,13.426452852192652,0.5545471947843346
11,lsc_composite,2015-09-01,7.067637170293774,13.426452852192652,0.5263964539330707
11,lsc_composite,2015-10-01,6.864462746962055,13.426452852192652,0.511264056302185
11,lsc_composite,2015-11-01,7.253003855616641,13.426452852192652,0.540202534166138
11,lsc_composite,2015-12-01,6.282412024776003,13.426452852192652,0.4679130142515663
11,lsc_composite,2016-01-01,7.063060340438039,13.426452852192652,0.526055572398229
11,lsc_composite,2016-02-01,6.683580738966181,13.426452852192652,0.49779199409877617
11,lsc_composite,2016-03-01,6.300140103840723,13.426452852192652,0.4692333986643284
11,lsc_composite,2016-04-01,5.541238508539236,13.426452852192652,0.41271053267314056
11,lsc_composite,2016-05-01,5.876576180347339,13.426452852192652,0.4376864273118603
11,lsc_composite,2016-06-01,6.171031595359552,13.426452852192652,0.4596174181888831
11,lsc_composite,2016-07-01,5.919523538287598,13.426452852192652,0.4408851394671148
11,lsc_composite,2016-08-01,5.938921295887437,13.426452852192652,0.44232988126253775
11,lsc_composite,2016-09-01,6.040066836708955,13.426452852192652,0.44986318450614166
11,lsc_composite,2016-10-01,7.194143300516122,13.426452852192652,0.5358186097038473
11,lsc_composite,2016-11-01,6.621009468041006,13.426452852192652,0.4931316961322171
11,lsc_composite,2016-12-01,6.883782533435521,13.426452852192652,0.5127029908209406
11,lsc_composite,2017-01-01,7.00108339304374,13.426452852192652,0.521439539550493
11,lsc_composite,2017-02-01,6.31219136920722,13.426452852192652,0.4701309749265895
11,lsc_composite,2017-03-01,6.741950615894073,13.426452852192652,0.502139372931478
11,lsc_composite,2017-04-01,6.458298195037992,13.426452852192652,0.48101298728228864
11,lsc_composite,2017-05-01,6.0120347870850255,13.426452852192652,0.44777536206096386
11,lsc_composite,2017-06-01,6.535982457723199,13.426452852192652,0.4867988983892956
11,lsc_composite,2017-07-01,6.22703603305618,13.426452852192652,0.46378861949671635
11,lsc_composite,2017-08-01,7.306272945585484,13.426452852192652,0.5441700072251257
11,lsc_composite,2017-09-01,7.262652627919866,13.426452852192652,0.5409211731402174
11,lsc_composite,2017-10-01,7.940251299691496,13.426452852192652,0.591388610759899
11,lsc_composite,2017-11-01,6.646067509697422,13.426452852192652,0.49499801495315005
11,lsc_composite,2017-12-01,7.307182040431851,13.426452852192652,0.5442377164597518
11,lsc_tail_cusum,2013-01-01,2.280000000000001,6.3525000000000125,0.3589138134592675
11,lsc_tail_cusum,2013-02-01,2.360000000000001,6.3525000000000125,0.37150728059818916
11,lsc_tail_cusum,2013-03-01,2.4400000000000013,6.3525000000000125,0.38410074773711084
11,lsc_tail_cusum,2013-04-01,2.5200000000000014,6.3525000000000125,0.3966942148760325
11,lsc_tail_cusum,2013-05-01,2.6000000000000014,6.3525000000000125,0.40928768201495414
11,lsc_tail_cusum,2013-06-01,2.6800000000000015,6.3525000000000125,0.4218811491538758
11,lsc_tail_cusum,2013-07-01,2.7600000000000016,6.3525000000000125,0.4344746162927975
11,lsc_tail_cusum,2013-08-01,2.8400000000000016,6.3525000000000125,0.44706808343171917
11,lsc_tail_cusum,2013-09-01,2.9200000000000017,6.3525000000000125,0.45966155057064084
11,lsc_tail_cusum,2013-10-01,3.0000000000000018,6.3525000000000125,0.4722550177095625
11,lsc_tail_cusum,2013-11-01,3.080000000000002,6.3525000000000125,0.4848484848484842
11,lsc_tail_cusum,2013-12-01,3.160000000000002,6.3525000000000125,0.4974419519874059
11,lsc_tail_cusum,2014-01-01,3.240000000000002,6.3525000000000125,0.5100354191263275
11,lsc_tail_cusum,2014-02-01,3.320000000000002,6.3525000000000125,0.5226288862652492
11,lsc_tail_cusum,2014-03-01,3.400000000000002,6.3525000000000125,0.5352223534041709
11,lsc_tail_cusum,2014-04-01,3.480000000000002,6.3525000000000125,0.5478158205430925
11,lsc_tail_cusum,2014-05-01,3.5600000000000023,6.3525000000000125,0.5604092876820143
11,lsc_tail_cusum,2014-06-01,3.6400000000000023,6.3525000000000125,0.5730027548209359
11,lsc_tail_cusum,2014-07-01,3.7200000000000024,6.3525000000000125,0.5855962219598575
11,lsc_tail_cusum,2014-08-01,3.8000000000000025,6.3525000000000125,0.5981896890987792
11,lsc_tail_cusum,2014-09-01,3.8800000000000026,6.3525000000000125,0.6107831562377009
11,lsc_tail_cusum,2014-10-01,3.9600000000000026,6.3525000000000125,0.6233766233766226
11,lsc_tail_cusum,2014-11-01,4.040000000000003,6.3525000000000125,0.6359700905155442
11,lsc_tail_cusum,2014-12-01,4.120000000000003,6.3525000000000125,0.6485635576544659
11,lsc_tail_cusum,2015-01-01,4.200000000000003,6.3525000000000125,0.6611570247933876
11,lsc_tail_cusum,2015-02-01,4.280000000000003,6.3525000000000125,0.6737504919323093
11,lsc_tail_cusum,2015-03-01,4.360000000000003,6.3525000000000125,0.6863439590712309
11,lsc_tail_cusum,2015-04-01,4.440000000000003,6.3525000000000125,0.6989374262101526
11,lsc_tail_cusum,2015-05-01,4.520000000000003,6.3525000000000125,0.7115308933490743
11,lsc_tail_cusum,2015-06-01,4.600000000000003,6.3525000000000125,0.7241243604879959
11,lsc_tail_cusum,2015-07-01,4.680000000000003,6.3525000000000125,0.7367178276269176
11,lsc_tail_cusum,2015-08-01,4.760000000000003,6.3525000000000125,0.7493112947658392
11,lsc_tail_cusum,2015-09-01,4.840000000000003,6.3525000000000125,0.761904761904761
11,lsc_tail_cusum,2015-10-01,4.9200000000000035,6.3525000000000125,0.7744982290436826
11,lsc_tail_cusum,2015-11-01,5.0000000000000036,6.3525000000000125,0.7870916961826043
11,lsc_tail_cusum,2015-12-01,5.080000000000004,6.3525000000000125,0.799685163321526
11,lsc_tail_cusum,2016-01-01,5.160000000000004,6.3525000000000125,0.8122786304604477
11,lsc_tail_cusum,2016-02-01,5.240000000000004,6.3525000000000125,0.8248720975993693
11,lsc_tail_cusum,2016-03-01,5.320000000000004,6.3525000000000125,0.8374655647382909
11,lsc_tail_cusum,2016-04-01,5.400000000000004,6.3525000000000125,0.8500590318772127
11,lsc_tail_cusum,2016-05-01,5.480000000000004,6.3525000000000125,0.8626524990161343
11,lsc_tail_cusum,2016-06-01,5.560000000000004,6.3525000000000125,0.875245966155056
11,lsc_tail_cusum,2016-07-01,5.640000000000004,6.3525000000000125,0.8878394332939776
11,lsc_tail_cusum,2016-08-01,5.720000000000004,6.3525000000000125,0.9004329004328994
11,lsc_tail_cusum,2016-09-01,5.800000000000004,6.3525000000000125,0.913026367571821
11,lsc_tail_cusum,2016-10-01,5.880000000000004,6.3525000000000125,0.9256198347107427
11,lsc_tail_cusum,2016-11-01,5.960000000000004,6.3525000000000125,0.9382133018496643
11,lsc_tail_cusum,2016-12-01,6.0400000000000045,6.3525000000000125,0.950806768988586
11,lsc_tail_cusum,2017-01-01,6.1200000000000045,6.3525000000000125,0.9634002361275077
11,lsc_tail_cusum,2017-02-01,6.200000000000005,6.3525000000000125,0.9759937032664293
11,lsc_tail_cusum,2017-03-01,6.280000000000005,6.3525000000000125,0.988587170405351
11,lsc_tail_cusum,2017-04-01,6.360000000000005,6.3525000000000125,1.0011806375442727
11,lsc_tail_cusum,2017-05-01,6.440000000000005,6.3525000000000125,1.0137741046831943
11,lsc_tail_cusum,2017-06-01,6.520000000000005,6.3525000000000125,1.0263675718221161
11,lsc_tail_cusum,2017-07-01,6.600000000000005,6.3525000000000125,1.0389610389610378
11,lsc_tail_cusum,2017-08-01,6.680000000000005,6.3525000000000125,1.0515545060999594
11,lsc_tail_cusum,2017-09-01,6.760000000000005,6.3525000000000125,1.064147973238881
11,lsc_tail_cusum,2017-10-01,5.840000000000005,6.3525000000000125,0.919323101141282
11,lsc_tail_cusum,2017-11-01,5.920000000000005,6.3525000000000125,0.9319165682802036
11,lsc_tail_cusum,2017-12-01,6.000000000000005,6.3525000000000125,0.9445100354191253
11,lsc_kalman_cusum,2013-01-01,0.0,8.868729974287012,0.0
11,lsc_kalman_cusum,2013-02-01,0.015891909205410726,8.868729974287012,0.0017919036041784925
11,lsc_kalman_cusum,2013-03-01,0.0,8.868729974287012,0.0
11,lsc_kalman_cusum,2013-04-01,0.0,8.868729974287012,0.0
11,lsc_kalman_cusum,2013-05-01,0.0,8.868729974287012,0.0
11,lsc_kalman_cusum,2013-06-01,0.0,8.868729974287012,0.0
11,lsc_kalman_cusum,2013-07-01,0.07605972115351167,8.868729974287012,0.008576168332335135
11,lsc_kalman_cusum,2013-08-01,0.2899722490677603,8.868729974287012,0.03269602862061117
11,lsc_kalman_cusum,2013-09-01,0.3150836573179372,8.868729974287012,0.03552748344255096
11,lsc_kalman_cusum,2013-10-01,0.0,8.868729974287012,0.0
11,lsc_kalman_cusum,2013-11-01,0.0,8.868729974287012,0.0
11,lsc_kalman_cusum,2013-12-01,0.0,8.868729974287012,0.0
11,lsc_kalman_cusum,2014-01-01,0.16863014546221822,8.868729974287012,0.01901401282383445
11,lsc_kalman_cusum,2014-02-01,0.5273165456961575,8.868729974287012,0.05945795477199094
11,lsc_kalman_cusum,2014-03-01,1.1267353653629153,8.868729974287012,0.12704585308489985
11,lsc_kalman_cusum,2014-04-01,0.31876629150978886,8.868729974287012,0.035942721498341205
11,lsc_kalman_cusum,2014-05-01,0.02216230970501254,8.868729974287012,0.0024989271033470884
11,lsc_kalman_cusum,2014-06-01,0.0,8.868729974287012,0.0
11,lsc_kalman_cusum,2014-07-01,0.0,8.868729974287012,0.0
11,lsc_kalman_cusum,2014-08-01,0.044064550051162055,8.868729974287012,0.004968529899874932
11,lsc_kalman_cusum,2014-09-01,0.0,8.868729974287012,0.0
11,lsc_kalman_cusum,2014-10-01,0.0,8.868729974287012,0.0
11,lsc_kalman_cusum,2014-11-01,0.22907588014524038,8.868729974287012,0.025829614929014297
11,lsc_kalman_cusum,2014-12-01,0.0,8.868729974287012,0.0
11,lsc_kalman_cusum,2015-01-01,0.7626971586981788,8.868729974287012,0.08599846436969626
11,lsc_kalman_cusum,2015-02-01,1.030572664152955,8.868729974287012,0.11620295883862516
11,lsc_kalman_cusum,2015-03-01,0.7250024560492427,8.868729974287012,0.08174817117571878
11,lsc_kalman_cusum,2015-04-01,0.701052226983524,8.868729974287012,0.07904764594435451
11,lsc_kalman_cusum,2015-05-01,0.4620764658172234,8.868729974287012,0.052101762840555
11,lsc_kalman_cusum,2015-06-01,0.03127155004217941,8.868729974287012,0.0035260460215661756
11,lsc_kalman_cusum,2015-07-01,0.7310987256603636,8.868729974287012,0.08243556042184486
11,lsc_kalman_cusum,2015-08-01,0.012415943333272228,8.868729974287012,0.001399968582792531
11,lsc_kalman_cusum,2015-09-01,0.0,8.868729974287012,0.0
11,lsc_kalman_cusum,2015-10-01,0.03394544693833135,8.868729974287012,0.0038275431811261498
11,lsc_kalman_cusum,2015-11-01,0.3191102229627847,8.868729974287012,0.0359815017356461
11,lsc_kalman_cusum,2015-12-01,0.12149870818286002,8.868729974287012,0.01369967385805178
11,lsc_kalman_cusum,2016-01-01,0.6203446269018391,8.868729974287012,0.06994740269468074
11,lsc_kalman_cusum,2016-02-01,0.1058944405488379,8.868729974287012,0.011940203485262963
11,lsc_kalman_cusum,2016-03-01,0.405083400896888,8.868729974287012,0.04567546898725531
11,lsc_kalman_cusum,2016-04-01,0.3412681647495023,8.868729974287012,0.03847993633123755
11,lsc_kalman_cusum,2016-05-01,0.0,8.868729974287012,0.0
11,lsc_kalman_cusum,2016-06-01,0.31966878477111915,8.868729974287012,0.0360444827723846
11,lsc_kalman_cusum,2016-07-01,0.0,8.868729974287012,0.0
11,lsc_kalman_cusum,2016-08-01,0.0,8.868729974287012,0.0
11,lsc_kalman_cusum,2016-09-01,0.0,8.868729974287012,0.0
11,lsc_kalman_cusum,2016-10-01,0.0,8.868729974287012,0.0
11,lsc_kalman_cusum,2016-11-01,0.0567557850365058,8.868729974287012,0.0063995391900595775
11,lsc_kalman_cusum,2016-12-01,0.5788535841433984,8.868729974287012,0.06526905045273232
11,lsc_kalman_cusum,2017-01-01,0.0,8.868729974287012,0.0
11,lsc_kalman_cusum,2017-02-01,0.05107315595484374,8.868729974287012,0.005758790278080339
11,lsc_kalman_cusum,2017-03-01,0.5308845345215722,8.868729974287012,0.059860265907380035
11,lsc_kalman_cusum,2017-04-01,1.3177266959742182,8.868729974287012,0.14858121735521154
11,lsc_kalman_cusum,2017-05-01,0.6044270088581554,8.868729974287012,0.0681526002720302
11,lsc_kalman_cusum,2017-06-01,0.10094804181605133,8.868729974287012,0.011382468753556441
11,lsc_kalman_cusum,2017-07-01,0.08517057382900961,8.868729974287012,0.009603469050917492
11,lsc_kalman_cusum,2017-08-01,0.2571493857527978,8.868729974287012,0.028995063159927913
11,lsc_kalman_cusum,2017-09-01,0.0,8.868729974287012,0.0
11,lsc_kalman_cusum,2017-10-01,1.1982879439794343,8.868729974287012,0.13511381533247874
11,lsc_kalman_cusum,2017-11-01,0.6698591130553082,8.868729974287012,0.07553044404299393
11,lsc_kalman_cusum,2017-12-01,0.128330408899197,8.868729974287012,0.014469987165159341
11,raw_cusum,2013-01-01,0.0,26.18972583643616,0.0
11,raw_cusum,2013-02-01,0.0,26.18972583643616,0.0
11,raw_cusum,2013-03-01,0.0,26.18972583643616,0.0
11,raw_cusum,2013-04-01,0.0,26.18972583643616,0.0
11,raw_cusum,2013-05-01,0.0,26.18972583643616,0.0
11,raw_cusum,2013-06-01,0.0,26.18972583643616,0.0
11,raw_cusum,2013-07-01,0.0,26.18972583643616,0.0
11,raw_cusum,2013-08-01,0.1320979679441383,26.18972583643616,0.00504388510094132
11,raw_cusum,2013-09-01,0.17774280737132842,26.18972583643616,0.00678673799341747
11,raw_cusum,2013-10-01,0.0,26.18972583643616,0.0
11,raw_cusum,2013-11-01,0.0,26.18972583643616,0.0
11,raw_cusum,2013-12-01,0.0,26.18972583643616,0.0
11,raw_cusum,2014-01-01,0.03047477893322803,26.18972583643616,0.001163615805814597
11,raw_cusum,2014-02-01,0.3517978172038224,26.18972583643616,0.013432665137501656
11,raw_cusum,2014-03-01,0.9665434073405317,26.18972583643616,0.0369054419804517
11,raw_cusum,2014-04-01,0.5007112823943276,26.18972583643616,0.01911861489201688
11,raw_cusum,2014-05-01,0.3909159722173223,26.18972583643616,0.014926310212589736
11,raw_cusum,2014-06-01,0.23152341545539834,26.18972583643616,0.008840238225529417
11,raw_cusum,2014-07-01,0.0,26.18972583643616,0.0
11,raw_cusum,2014-08-01,0.0,26.18972583643616,0.0
11,raw_cusum,2014-09-01,0.0,26.18972583643616,0.0
11,raw_cusum,2014-10-01,0.0,26.18972583643616,0.0
11,raw_cusum,2014-11-01,0.1804094388970544,26.18972583643616,0.006888557750614625
11,raw_cusum,2014-12-01,0.0,26.18972583643616,0.0
11,raw_cusum,2015-01-01,0.5682208207361477,26.18972583643616,0.021696325661630902
11,raw_cusum,2015-02-01,0.9528447631271029,26.18972583643616,0.03638238785231834
11,raw_cusum,2015-03-01,0.956893878651981,26.18972583643616,0.03653699487455929
11,raw_cusum,2015-04-01,1.2249842004168408,26.18972583643616,0.04677346407012002
11,raw_cusum,2015-05-01,1.3624895384063993,26.18972583643616,0.05202381830629365
11,raw_cusum,2015-06-01,1.3413848306070073,26.18972583643616,0.05121797910311916
11,raw_cusum,2015-07-01,0.21865730286445384,26.18972583643616,0.008348972579172605
11,raw_cusum,2015-08-01,0.0,26.18972583643616,0.0
11,raw_cusum,2015-09-01,0.0,26.18972583643616,0.0
11,raw_cusum,2015-10-01,0.1903921799916254,26.18972583643616,0.007269727876522648
11,raw_cusum,2015-11-01,0.6969651400406005,26.18972583643616,0.026612158691289377
11,raw_cusum,2015-12-01,0.8959417158975786,26.18972583643616,0.034209663800722566
11,raw_cusum,2016-01-01,0.0649400967264483,26.18972583643616,0.002479602006222651
11,raw_cusum,2016-02-01,0.23413528972144437,26.18972583643616,0.008939967191092406
11,raw_cusum,2016-03-01,0.7485643805573983,26.18972583643616,0.02858236795728371
11,raw_cusum,2016-04-01,0.0,26.18972583643616,0.0
11,raw_cusum,2016-05-01,0.0,26.18972583643616,0.0
11,raw_cusum,2016-06-01,0.0008952128977940399,26.18972583643616,3.4181835403125336e-05
11,raw_cusum,2016-07-01,0.0,26.18972583643616,0.0
11,raw_cusum,2016-08-01,0.0,26.18972583643616,0.0
11,raw_cusum,2016-09-01,0.0,26.18972583643616,0.0
11,raw_cusum,2016-10-01,0.0,26.18972583643616,0.0
11,raw_cusum,2016-11-01,0.10729628511321165,26.18972583643616,0.0040968846250363155
11,raw_cusum,2016-12-01,0.26258526479801336,26.18972583643616,0.010026270089192556
11,raw_cusum,2017-01-01,0.0,26.18972583643616,0.0
11,raw_cusum,2017-02-01,0.08765844385379462,26.18972583643616,0.0033470546580461258
11,raw_cusum,2017-03-01,0.2332569453900032,26.18972583643616,0.008906429446675882
11,raw_cusum,2017-04-01,0.9099769688015034,26.18972583643616,0.03474557062890319
11,raw_cusum,2017-05-01,0.4710405571664559,26.18972583643616,0.017985700198171833
11,raw_cusum,2017-06-01,0.141134559520405,26.18972583643616,0.005388928482941701
11,raw_cusum,2017-07-01,0.0,26.18972583643616,0.0
11,raw_cusum,2017-08-01,0.10315397975802032,26.18972583643616,0.003938719343694256
11,raw_cusum,2017-09-01,0.0,26.18972583643616,0.0
11,raw_cusum,2017-10-01,0.9392834601533411,26.18972583643616,0.03586457781266933
11,raw_cusum,2017-11-01,0.6507052418286019,26.18972583643616,0.024845821063285648
11,raw_cusum,2017-12-01,0.30775834192437745,26.18972583643616,0.01175110972319581
11,raw_var_cusum,2013-01-01,34.666067158043376,62.637861436221094,0.5534363141267353
11,raw_var_cusum,2013-02-01,33.86118154579169,62.637861436221094,0.5405864882578998
11,raw_var_cusum,2013-03-01,32.98311599776709,62.637861436221094,0.526568360437258
11,raw_var_cusum,2013-04-01,31.970730202057187,62.637861436221094,0.5104058387212072
11,raw_var_cusum,2013-05-01,30.920849529872253,62.637861436221094,0.4936447193580575
11,raw_var_cusum,2013-06-01,29.900412456974287,62.637861436221094,0.4773536607315271
11,raw_var_cusum,2013-07-01,29.176212755731967,62.637861436221094,0.465791968096479
11,raw_var_cusum,2013-08-01,29.726664914652858,62.637861436221094,0.47457981854826
11,raw_var_cusum,2013-09-01,30.37893662385933,62.637861436221094,0.48499319624428217
11,raw_var_cusum,2013-10-01,31.294828220152965,62.637861436221094,0.49961520879856147
11,raw_var_cusum,2013-11-01,32.203044707893774,62.637861436221094,0.5141146898938024
11,raw_var_cusum,2013-12-01,33.12616691469833,62.637861436221094,0.5288521375913822
11,raw_var_cusum,2014-01-01,33.79476342361408,62.637861436221094,0.5395261372073576
11,raw_var_cusum,2014-02-01,34.01920390222089,62.637861436221094,0.5431092812269749
11,raw_var_cusum,2014-03-01,33.72654617149165,62.637861436221094,0.5384370634337919
11,raw_var_cusum,2014-04-01,34.675378727805956,62.637861436221094,0.5535849713373915
11,raw_var_cusum,2014-05-01,35.4731190278461,62.637861436221094,0.5663207238319498
11,raw_var_cusum,2014-06-01,36.307105597456925,62.637861436221094,0.5796351402326438
11,raw_var_cusum,2014-07-01,37.22095520048143,62.637861436221094,0.5942245528031065
11,raw_var_cusum,2014-08-01,38.067361855314005,62.637861436221094,0.6077372531958937
11,raw_var_cusum,2014-09-01,38.943813382559796,62.637861436221094,0.6217296135215764
11,raw_var_cusum,2014-10-01,39.88870283319466,62.637861436221094,0.6368145705901852
11,raw_var_cusum,2014-11-01,40.37574582865445,62.637861436221094,0.6445901073708543
11,raw_var_cusum,2014-12-01,41.31648908079965,62.637861436221094,0.659608871271392
11,raw_var_cusum,2015-01-01,41.125393358945445,62.637861436221094,0.656558069129164
11,raw_var_cusum,2015-02-01,41.29283383949413,62.637861436221094,0.65923122042631
11,raw_var_cusum,2015-03-01,41.98876832863272,62.637861436221094,0.6703416650229411
11,raw_var_cusum,2015-04-01,42.34880558624388,62.637861436221094,0.6760895824862113
11,raw_var_cusum,2015-05-01,42.8923925302787,62.637861436221094,0.684767831257337
11,raw_var_cusum,2015-06-01,43.6130518293868,62.637861436221094,0.6962730021329724
11,raw_var_cusum,2015-07-01,44.04658351042639,62.637861436221094,0.7031942422759012
11,raw_var_cusum,2015-08-01,44.89693282110601,62.637861436221094,0.7167698863222016
11,raw_var_cusum,2015-09-01,45.65801136389438,62.637861436221094,0.7289203417390634
11,raw_var_cusum,2015-10-01,46.131370001700795,62.637861436221094,0.7364774106898991
11,raw_var_cusum,2015-11-01,46.068180877799044,62.637861436221094,0.7354686099030764
11,raw_var_cusum,2015-12-01,46.5296126242023,62.637861436221094,0.7428352685951695
11,raw_var_cusum,2016-01-01,47.160455311313015,62.637861436221094,0.7529065365574872
11,raw_var_cusum,2016-02-01,47.57150068769863,62.637861436221094,0.7594687876778283
11,raw_var_cusum,2016-03-01,47.49243430736438,62.637861436221094,0.7582065099033107
11,raw_var_cusum,2016-04-01,48.330613850982786,62.637861436221094,0.7715878662331698
11,raw_var_cusum,2016-05-01,49.144247031674276,62.637861436221094,0.7845773451527198
11,raw_var_cusum,2016-06-01,49.84335101737035,62.637861436221094,0.7957383900809206
11,raw_var_cusum,2016-07-01,50.78979718530585,62.637861436221094,0.8108481998067713
11,raw_var_cusum,2016-08-01,51.66455436021896,62.637861436221094,0.8248135101614965
11,raw_var_cusum,2016-09-01,52.56706833609005,62.637861436221094,0.8392219518799299
11,raw_var_cusum,2016-10-01,53.512589213187745,62.637861436221094,0.8543169895363549
11,raw_var_cusum,2016-11-01,54.09378043527544,62.637861436221094,0.8635955825272646
11,raw_var_cusum,2016-12-01,54.462244149188386,62.637861436221094,0.8694780265549574
11,raw_var_cusum,2017-01-01,55.24054486697172,62.637861436221094,0.8819034302954062
11,raw_var_cusum,2017-02-01,55.84520242033906,62.637861436221094,0.8915566582234223
11,raw_var_cusum,2017-03-01,56.25753667237638,62.637861436221094,0.8981394859666264
11,raw_var_cusum,2017-04-01,55.82286665887882,62.637861436221094,0.8912000725905783
11,raw_var_cusum,2017-05-01,56.76913789705482,62.637861436221094,0.9063070896004024
11,raw_var_cusum,2017-06-01,57.690205927418035,62.637861436221094,0.9210117428124387
11,raw_var_cusum,2017-07-01,58.4918820030091,62.637861436221094,0.9338103291180607
11,raw_var_cusum,2017-08-01,59.07808727971117,62.637861436221094,0.9431689704136125
11,raw_var_cusum,2017-09-01,60.02630661801015,62.637861436221094,0.9583070884233481
11,raw_var_cusum,2017-10-01,58.90476973933918,62.637861436221094,0.9404019931190817
11,raw_var_cusum,2017-11-01,59.81007056957244,62.637861436221094,0.9548549263686475
11,raw_var_cusum,2017-12-01,60.735404893322745,62.637861436221094,0.9696276900379899
12,lsc_composite,2018-01-01,9.096035653913713,15.313285057913404,0.5939963645627546
12,lsc_composite,2018-02-01,8.764513991496814,15.313285057913404,0.5723470802215361
12,lsc_composite,2018-03-01,9.040018233460929,15.313285057913404,0.5903382715904804
12,lsc_composite,2018-04-01,8.235646798161468,15.313285057913404,0.5378105851889406
12,lsc_composite,2018-05-01,7.33001600837105,15.313285057913404,0.47867038200161616
12,lsc_composite,2018-06-01,7.236374360058281,15.313285057913404,0.47255532256409993
12,lsc_composite,2018-07-01,7.8267165773685035,15.313285057913404,0.51110630722073
12,lsc_composite,2018-08-01,7.912966140426229,15.313285057913404,0.5167386429822298
12,lsc_composite,2018-09-01,7.665747455146855,15.313285057913404,0.5005945769412454
12,lsc_composite,2018-10-01,8.096939973682945,15.313285057913404,0.5287526447173861
12,lsc_composite,2018-11-01,9.004170486466696,15.313285057913404,0.5879973142545032
12,lsc_composite,2018-12-01,8.391778313679922,15.313285057913404,0.5480064063290799
12,lsc_composite,2019-01-01,8.023600378114653,15.313285057913404,0.5239633656508156
12,lsc_composite,2019-02-01,8.742781081886056,15.313285057913404,0.5709278609274026
12,lsc_composite,2019-03-01,9.410975930052997,15.313285057913404,0.6145628383760617
12,lsc_composite,2019-04-01,10.287663015391717,15.313285057913404,0.6718129373602556
12,lsc_composite,2019-05-01,11.529837883960163,15.313285057913404,0.7529304026115493
12,lsc_composite,2019-06-01,10.273283657613012,15.313285057913404,0.6708739254027087
12,lsc_composite,2019-07-01,10.480906508926845,15.313285057913404,0.6844322736296649
12,lsc_composite,2019-08-01,11.450265411057632,15.313285057913404,0.7477340993623384
12,lsc_composite,2019-09-01,12.10539455906863,15.313285057913404,0.790515850340875
12,lsc_composite,2019-10-01,12.894547384673666,15.313285057913404,0.8420497193063213
12,lsc_composite,2019-11-01,11.52614768730183,15.313285057913404,0.7526894225315485
12,lsc_composite,2019-12-01,11.286550540148037,15.313285057913404,0.7370430640756287
12,lsc_composite,2020-01-01,10.234232877579855,15.313285057913404,0.6683238011226819
12,lsc_composite,2020-02-01,10.496631743582801,15.313285057913404,0.6854591750813446
12,lsc_composite,2020-03-01,9.3967649038639,15.313285057913404,0.6136348189383414
12,lsc_composite,2020-04-01,112.76940681011389,15.313285057913404,7.3641551361207345
12,lsc_composite,2020-05-01,111.0544880330984,15.313285057913404,7.252166182050472
12,lsc_composite,2020-06-01,171.3032941562332,15.313285057913404,11.186580378304214
12,lsc_composite,2020-07-01,172.87339103101354,15.313285057913404,11.289112060359527
12,lsc_composite,2020-08-01,174.51468204478996,15.313285057913404,11.396292917214813
12,lsc_composite,2020-09-01,163.65943404643735,15.313285057913404,10.687415105739413
12,lsc_composite,2020-10-01,180.17986759465063,15.313285057913404,11.766245251311348
12,lsc_composite,2020-11-01,176.48607632424373,15.313285057913404,11.525030433168975
12,lsc_composite,2020-12-01,175.2984072998066,15.313285057913404,11.447472350762395
12,lsc_composite,2021-01-01,130.78900813898687,15.313285057913404,8.540885097113724
12,lsc_composite,2021-02-01,151.7518484279754,15.313285057913404,9.909816728028257
12,lsc_composite,2021-03-01,147.42786950818473,15.313285057913404,9.627448907966278
12,lsc_composite,2021-04-01,153.99162504669587,15.313285057913404,10.056080355345964
12,lsc_composite,2021-05-01,161.7659094974847,15.313285057913404,10.5637626992315
12,lsc_composite,2021-06-01,156.1722066775579,15.313285057913404,10.198478385723854
12,lsc_composite,2021-07-01,153.11523383778382,15.313285057913404,9.998849577913322
12,lsc_composite,2021-08-01,173.25749033180222,15.313285057913404,11.314194810359677
12,lsc_composite,2021-09-01,165.05411374283227,15.313285057913404,10.77849155936255
12,lsc_composite,2021-10-01,166.21277530973754,15.313285057913404,10.854155374312986
12,lsc_composite,2021-11-01,207.56816049920175,15.313285057913404,13.554776765024519
12,lsc_composite,2021-12-01,218.96584451715364,15.313285057913404,14.29907715353338
12,lsc_composite,2022-01-01,261.85453255349597,15.313285057913404,17.09982747419556
12,lsc_composite,2022-02-01,214.44610060991593,15.313285057913404,14.003925336653824
12,lsc_composite,2022-03-01,213.43968915660395,15.313285057913404,13.938203876529112
12,lsc_composite,2022-04-01,215.93820859725346,15.313285057913404,14.101364127983999
12,lsc_composite,2022-05-01,280.6289609008265,15.313285057913404,18.325849733712534
12,lsc_composite,2022-06-01,230.63396229245186,15.313285057913404,15.061037616697913
12,lsc_composite,2022-07-01,236.30293049383172,15.313285057913404,15.431236968433375
12,lsc_composite,2022-08-01,254.7793403023385,15.313285057913404,16.637797790532012
12,lsc_composite,2022-09-01,279.72748095921423,15.313285057913404,18.266980592427505
12,lsc_composite,2022-10-01,195.91216806033862,15.313285057913404,12.793608119970157
12,lsc_composite,2022-11-01,178.69521046214163,15.313285057913404,11.66929302147339
12,lsc_composite,2022-12-01,160.87573543351976,15.313285057913404,10.505631863124265
12,lsc_tail_cusum,2018-01-01,2.5600000000000045,5.750000000000004,0.4452173913043483
12,lsc_tail_cusum,2018-02-01,2.6400000000000046,5.750000000000004,0.4591304347826091
12,lsc_tail_cusum,2018-03-01,2.7200000000000046,5.750000000000004,0.47304347826087
12,lsc_tail_cusum,2018-04-01,1.8000000000000047,5.750000000000004,0.31304347826087014
12,lsc_tail_cusum,2018-05-01,1.8999999999999997,5.750000000000004,0.33043478260869535
12,lsc_tail_cusum,2018-06-01,1.7499999999999996,5.750000000000004,0.3043478260869562
12,lsc_tail_cusum,2018-07-01,1.5999999999999994,5.750000000000004,0.27826086956521706
12,lsc_tail_cusum,2018-08-01,1.4499999999999993,5.750000000000004,0.2521739130434779
12,lsc_tail_cusum,2018-09-01,1.2999999999999992,5.750000000000004,0.2260869565217388
12,lsc_tail_cusum,2018-10-01,1.280000000000005,5.750000000000004,0.2226086956521746
12,lsc_tail_cusum,2018-11-01,1.360000000000005,5.750000000000004,0.23652173913043548
12,lsc_tail_cusum,2018-12-01,1.440000000000005,5.750000000000004,0.25043478260869634
12,lsc_tail_cusum,2019-01-01,1.5200000000000051,5.750000000000004,0.2643478260869572
12,lsc_tail_cusum,2019-02-01,1.6000000000000052,5.750000000000004,0.27826086956521806
12,lsc_tail_cusum,2019-03-01,1.6800000000000053,5.750000000000004,0.29217391304347895
12,lsc_tail_cusum,2019-04-01,1.7600000000000053,5.750000000000004,0.30608695652173984
12,lsc_tail_cusum,2019-05-01,1.8400000000000054,5.750000000000004,0.3200000000000007
12,lsc_tail_cusum,2019-06-01,1.9200000000000055,5.750000000000004,0.33391304347826156
12,lsc_tail_cusum,2019-07-01,2.0000000000000053,5.750000000000004,0.3478260869565224
12,lsc_tail_cusum,2019-08-01,1.0800000000000054,5.750000000000004,0.18782608695652253
12,lsc_tail_cusum,2019-09-01,1.1600000000000055,5.750000000000004,0.2017391304347834
12,lsc_tail_cusum,2019-10-01,1.2400000000000055,5.750000000000004,0.21565217391304428
12,lsc_tail_cusum,2019-11-01,1.3200000000000056,5.750000000000004,0.22956521739130514
12,lsc_tail_cusum,2019-12-01,1.4000000000000057,5.750000000000004,0.243478260869566
12,lsc_tail_cusum,2020-01-01,1.4800000000000058,5.750000000000004,0.25739130434782687
12,lsc_tail_cusum,2020-02-01,1.5600000000000058,5.750000000000004,0.27130434782608776
12,lsc_tail_cusum,2020-03-01,0.85,5.750000000000004,0.1478260869565216
12,lsc_tail_cusum,2020-04-01,1.7,5.750000000000004,0.2956521739130432
12,lsc_tail_cusum,2020-05-01,2.5500000000000003,5.750000000000004,0.44347826086956493
12,lsc_tail_cusum,2020-06-01,3.4000000000000004,5.750000000000004,0.5913043478260865
12,lsc_tail_cusum,2020-07-01,4.250000000000001,5.750000000000004,0.7391304347826083
12,lsc_tail_cusum,2020-08-01,4.100000000000001,5.750000000000004,0.7130434782608692
12,lsc_tail_cusum,2020-09-01,3.950000000000002,5.750000000000004,0.6869565217391302
12,lsc_tail_cusum,2020-10-01,3.800000000000002,5.750000000000004,0.6608695652173912
12,lsc_tail_cusum,2020-11-01,3.650000000000002,5.750000000000004,0.6347826086956521
12,lsc_tail_cusum,2020-12-01,4.500000000000003,5.750000000000004,0.7826086956521737
12,lsc_tail_cusum,2021-01-01,4.350000000000003,5.750000000000004,0.7565217391304347
12,lsc_tail_cusum,2021-02-01,5.200000000000004,5.750000000000004,0.9043478260869565
12,lsc_tail_cusum,2021-03-01,6.050000000000004,5.750000000000004,1.0521739130434782
12,lsc_tail_cusum,2021-04-01,5.900000000000005,5.750000000000004,1.0260869565217392
12,lsc_tail_cusum,2021-05-01,5.750000000000005,5.750000000000004,1.0000000000000002
12,lsc_tail_cusum,2021-06-01,5.600000000000006,5.750000000000004,0.9739130434782611
12,lsc_tail_cusum,2021-07-01,5.450000000000006,5.750000000000004,0.9478260869565222
12,lsc_tail_cusum,2021-08-01,5.300000000000007,5.750000000000004,0.9217391304347831
12,lsc_tail_cusum,2021-09-01,6.1500000000000075,5.750000000000004,1.0695652173913048
12,lsc_tail_cusum,2021-10-01,7.000000000000008,5.750000000000004,1.2173913043478266
12,lsc_tail_cusum,2021-11-01,6.8500000000000085,5.750000000000004,1.1913043478260876
12,lsc_tail_cusum,2021-12-01,6.700000000000009,5.750000000000004,1.1652173913043484
12,lsc_tail_cusum,2022-01-01,6.55000000000001,5.750000000000004,1.1391304347826094
12,lsc_tail_cusum,2022-02-01,6.40000000000001,5.750000000000004,1.1130434782608705
12,lsc_tail_cusum,2022-03-01,6.250000000000011,5.750000000000004,1.0869565217391315
12,lsc_tail_cusum,2022-04-01,6.100000000000011,5.750000000000004,1.0608695652173925
12,lsc_tail_cusum,2022-05-01,5.950000000000012,5.750000000000004,1.0347826086956533
12,lsc_tail_cusum,2022-06-01,5.800000000000012,5.750000000000004,1.0086956521739143
12,lsc_tail_cusum,2022-07-01,5.650000000000013,5.750000000000004,0.9826086956521753
12,lsc_tail_cusum,2022-08-01,5.500000000000013,5.750000000000004,0.9565217391304364
12,lsc_tail_cusum,2022-09-01,5.350000000000014,5.750000000000004,0.9304347826086974
12,lsc_tail_cusum,2022-10-01,5.200000000000014,5.750000000000004,0.9043478260869583
12,lsc_tail_cusum,2022-11-01,5.050000000000015,5.750000000000004,0.8782608695652193
12,lsc_tail_cusum,2022-12-01,5.9000000000000155,5.750000000000004,1.026086956521741
12,lsc_kalman_cusum,2018-01-01,0.0,9.703588562621253,0.0
12,lsc_kalman_cusum,2018-02-01,0.0,9.703588562621253,0.0
12,lsc_kalman_cusum,2018-03-01,0.002516376806700804,9.703588562621253,0.0002593243510338045
12,lsc_kalman_cusum,2018-04-01,0.7933842247603731,9.703588562621253,0.08176193988856163
12,lsc_kalman_cusum,2018-05-01,1.3929552155278941,9.703588562621253,0.14355052324597034
12,lsc_kalman_cusum,2018-06-01,0.5629618398072584,9.703588562621253,0.05801583982814542
12,lsc_kalman_cusum,2018-07-01,0.0,9.703588562621253,0.0
12,lsc_kalman_cusum,2018-08-01,0.18146633568947634,9.703588562621253,0.01870095115002036
12,lsc_kalman_cusum,2018-09-01,0.0,9.703588562621253,0.0
12,lsc_kalman_cusum,2018-10-01,0.0,9.703588562621253,0.0
12,lsc_kalman_cusum,2018-11-01,0.0,9.703588562621253,0.0
12,lsc_kalman_cusum,2018-12-01,0.0,9.703588562621253,0.0
12,lsc_kalman_cusum,2019-01-01,0.5568506159851325,9.703588562621253,0.05738604974763163
12,lsc_kalman_cusum,2019-02-01,0.6812075575823968,9.703588562621253,0.07020161182497422
12,lsc_kalman_cusum,2019-03-01,0.0,9.703588562621253,0.0
12,lsc_kalman_cusum,2019-04-01,0.17024702674955228,9.703588562621253,0.01754474910502214
12,lsc_kalman_cusum,2019-05-01,0.0,9.703588562621253,0.0
12,lsc_kalman_cusum,2019-06-01,0.0,9.703588562621253,0.0
12,lsc_kalman_cusum,2019-07-01,0.11209745445444386,9.703588562621253,0.011552164823460189
12,lsc_kalman_cusum,2019-08-01,0.723440596311278,9.703588562621253,0.07455392318446087
12,lsc_kalman_cusum,2019-09-01,0.07891952521952428,9.703588562621253,0.00813302467537902
12,lsc_kalman_cusum,2019-10-01,0.7521189610024597,9.703588562621253,0.07750936224765985
12,lsc_kalman_cusum,2019-11-01,0.5608659842428212,9.703588562621253,0.05779985214988476
12,lsc_kalman_cusum,2019-12-01,0.0,9.703588562621253,0.0
12,lsc_kalman_cusum,2020-01-01,0.3484743041607463,9.703588562621253,0.03591190021216359
12,lsc_kalman_cusum,2020-02-01,0.2861051616703967,9.703588562621253,0.02948446956752569
12,lsc_kalman_cusum,2020-03-01,5.2312820996013265,9.703588562621253,0.5391079873019872
12,lsc_kalman_cusum,2020-04-01,23.8936102651445,9.703588562621253,2.462347832551761
12,lsc_kalman_cusum,2020-05-01,15.20283399080146,9.703588562621253,1.5667228564660705
12,lsc_kalman_cusum,2020-06-01,19.647802752364335,9.703588562621253,2.024797591691875
12,lsc_kalman_cusum,2020-07-01,24.412439219299795,9.703588562621253,2.515815572945645
12,lsc_kalman_cusum,2020-08-01,24.002328865524564,9.703588562621253,2.473551790724396
12,lsc_kalman_cusum,2020-09-01,22.320390909219277,9.703588562621253,2.300220249980366
12,lsc_kalman_cusum,2020-10-01,22.20109537395048,9.703588562621253,2.2879262894008408
12,lsc_kalman_cusum,2020-11-01,21.42630312666298,9.703588562621253,2.2080803393909605
12,lsc_kalman_cusum,2020-12-01,22.199484176244248,9.703588562621253,2.2877602479723698
12,lsc_kalman_cusum,2021-01-01,21.59966064773405,9.703588562621253,2.2259456394242756
12,lsc_kalman_cusum,2021-02-01,15.462087176966829,9.703588562621253,1.5934401048832207
12,lsc_kalman_cusum,2021-03-01,19.792420676419177,9.703588562621253,2.039701142385679
12,lsc_kalman_cusum,2021-04-01,19.0017261885031,9.703588562621253,1.9582163924075238
12,lsc_kalman_cusum,2021-05-01,19.371083577272916,9.703588562621253,1.9962803917605676
12,lsc_kalman_cusum,2021-06-01,18.828991812720904,9.703588562621253,1.940415310398794
12,lsc_kalman_cusum,2021-07-01,18.486737588030657,9.703588562621253,1.9051444183487507
12,lsc_kalman_cusum,2021-08-01,17.200873745292384,9.703588562621253,1.7726301598927101
12,lsc_kalman_cusum,2021-09-01,14.721736448265736,9.703588562621253,1.5171435137898015
12,lsc_kalman_cusum,2021-10-01,16.41698866602864,9.703588562621253,1.6918471511939168
12,lsc_kalman_cusum,2021-11-01,16.60530247110367,9.703588562621253,1.7112537659591414
12,lsc_kalman_cusum,2021-12-01,15.256668241870603,9.703588562621253,1.5722707267948388
12,lsc_kalman_cusum,2022-01-01,14.01831840915726,9.703588562621253,1.4446530083887295
12,lsc_kalman_cusum,2022-02-01,14.43507572547859,9.703588562621253,1.4876017910614308
12,lsc_kalman_cusum,2022-03-01,14.574964743995638,9.703588562621253,1.502018006012661
12,lsc_kalman_cusum,2022-04-01,13.815249292419512,9.703588562621253,1.423725790027475
12,lsc_kalman_cusum,2022-05-01,12.930187057320776,9.703588562621253,1.3325160041439261
12,lsc_kalman_cusum,2022-06-01,11.861121726220858,9.703588562621253,1.2223438421441877
12,lsc_kalman_cusum,2022-07-01,11.688702515748018,9.703588562621253,1.2045752393886042
12,lsc_kalman_cusum,2022-08-01,10.957652500988035,9.703588562621253,1.129237130188877
12,lsc_kalman_cusum,2022-09-01,10.75031714847982,9.703588562621253,1.1078702563596545
12,lsc_kalman_cusum,2022-10-01,10.135261181847937,9.703588562621253,1.0444858741115128
12,lsc_kalman_cusum,2022-11-01,9.181294375173493,9.703588562621253,0.9461751511745187
12,lsc_kalman_cusum,2022-12-01,7.041804504288238,9.703588562621253,0.7256907543889123
12,raw_cusum,2018-01-01,0.0,28.938124474673987,0.0
12,raw_cusum,2018-02-01,0.0,28.938124474673987,0.0
12,raw_cusum,2018-03-01,0.13637491345689412,28.938124474673987,0.004712638290579144
12,raw_cusum,2018-04-01,1.0516302383463318,28.938124474673987,0.03634064948703554
12,raw_cusum,2018-05-01,0.6506757080302541,28.938124474673987,0.02248506839479909
12,raw_cusum,2018-06-01,0.502323225226597,28.938124474673987,0.017358527352600867
12,raw_cusum,2018-07-01,0.21883625843175125,28.938124474673987,0.007562212907863878
12,raw_cusum,2018-08-01,0.5548462543830994,28.938124474673987,0.01917353886803164
12,raw_cusum,2018-09-01,0.14789681739132932,28.938124474673987,0.005110794845075926
12,raw_cusum,2018-10-01,0.0,28.938124474673987,0.0
12,raw_cusum,2018-11-01,0.0,28.938124474673987,0.0
12,raw_cusum,2018-12-01,0.0,28.938124474673987,0.0
12,raw_cusum,2019-01-01,0.345338002113421,28.938124474673987,0.011933669108917314
12,raw_cusum,2019-02-01,0.5385313422941431,28.938124474673987,0.018609752776668508
12,raw_cusum,2019-03-01,0.0,28.938124474673987,0.0
12,raw_cusum,2019-04-01,0.2428192811089993,28.938124474673987,0.00839098198369799
12,raw_cusum,2019-05-01,0.0,28.938124474673987,0.0
12,raw_cusum,2019-06-01,0.0,28.938124474673987,0.0
12,raw_cusum,2019-07-01,0.11386074367006749,28.938124474673987,0.003934627614506113
12,raw_cusum,2019-08-01,0.3851365939467303,28.938124474673987,0.01330896873720318
12,raw_cusum,2019-09-01,0.0,28.938124474673987,0.0
12,raw_cusum,2019-10-01,0.5779081737014327,28.938124474673987,0.019970477845141804
12,raw_cusum,2019-11-01,0.15181978032253418,28.938124474673987,0.0052463586731546314
12,raw_cusum,2019-12-01,0.0,28.938124474673987,0.0
12,raw_cusum,2020-01-01,0.3337829306629875,28.938124474673987,0.011534366401495957
12,raw_cusum,2020-02-01,0.0,28.938124474673987,0.0
12,raw_cusum,2020-03-01,4.609035978063687,28.938124474673987,0.15927210424771704
12,raw_cusum,2020-04-01,22.239594432724857,28.938124474673987,0.7685223156804257
12,raw_cusum,2020-05-01,19.625998310059906,28.938124474673987,0.6782056082188792
12,raw_cusum,2020-06-01,10.974819941829054,28.938124474673987,0.37925125214780164
12,raw_cusum,2020-07-01,13.493037628620325,28.938124474673987,0.4662720156736189
12,raw_cusum,2020-08-01,14.250955061755935,28.938124474673987,0.49246298163614777
12,raw_cusum,2020-09-01,13.776600827203852,28.938124474673987,0.47607096442137536
12,raw_cusum,2020-10-01,14.314595960050747,28.938124474673987,0.4946621876818094
12,raw_cusum,2020-11-01,14.277132882943802,28.938124474673987,0.4933675952440814
12,raw_cusum,2020-12-01,15.468715349129576,28.938124474673987,0.5345445024492674
12,raw_cusum,2021-01-01,15.65359798771615,28.938124474673987,0.5409333974430802
12,raw_cusum,2021-02-01,10.853280676261956,28.938124474673987,0.3750512817705415
12,raw_cusum,2021-03-01,14.026999979049254,28.938124474673987,0.4847238801300125
12,raw_cusum,2021-04-01,13.762084767244842,28.938124474673987,0.475569340345091
12,raw_cusum,2021-05-01,14.404918643769177,28.938124474673987,0.49778342257032054
12,raw_cusum,2021-06-01,14.385027534949907,28.938124474673987,0.497096055673524
12,raw_cusum,2021-07-01,14.475803581746236,28.938124474673987,0.5002329571985614
12,raw_cusum,2021-08-01,13.718746474761728,28.938124474673987,0.4740717210878015
12,raw_cusum,2021-09-01,11.698916868115903,28.938124474673987,0.40427350011416735
12,raw_cusum,2021-10-01,12.92040351177101,28.938124474673987,0.4464837907197014
12,raw_cusum,2021-11-01,13.296788735332857,28.938124474673987,0.45949034281644324
12,raw_cusum,2021-12-01,12.433502586457276,28.938124474673987,0.4296582039150051
12,raw_cusum,2022-01-01,11.448580060273256,28.938124474673987,0.3956227387954186
12,raw_cusum,2022-02-01,11.750553900503233,28.938124474673987,0.4060578946913806
12,raw_cusum,2022-03-01,12.0014951989838,28.938124474673987,0.4147295450846252
12,raw_cusum,2022-04-01,11.573455008522014,28.938124474673987,0.3999379786568701
12,raw_cusum,2022-05-01,10.948322231591751,28.938124474673987,0.37833558429722985
12,raw_cusum,2022-06-01,10.05794064311031,28.938124474673987,0.3475671221164592
12,raw_cusum,2022-07-01,9.827584659510318,28.938124474673987,0.33960682794461006
12,raw_cusum,2022-08-01,9.176536015529814,28.938124474673987,0.31710887219249184
12,raw_cusum,2022-09-01,8.933949219011755,28.938124474673987,0.3087259240601633
12,raw_cusum,2022-10-01,8.39428490992903,28.938124474673987,0.29007701992834833
12,raw_cusum,2022-11-01,7.526202327974389,28.938124474673987,0.2600791331366743
12,raw_cusum,2022-12-01,5.516406490909219,28.938124474673987,0.19062764401808616
12,raw_var_cusum,2018-01-01,56.706807502267914,63.32158905305298,0.8955367095218824
12,raw_var_cusum,2018-02-01,57.55426448684302,63.32158905305298,0.9089200910391256
12,raw_var_cusum,2018-03-01,58.09929145636575,63.32158905305298,0.9175273761321464
12,raw_var_cusum,2018-04-01,57.04634382173784,63.32158905305298,0.9008988036282929
12,raw_var_cusum,2018-05-01,56.67228923668692,63.32158905305298,0.8949915831898178
12,raw_var_cusum,2018-06-01,56.61763738885828,63.32158905305298,0.8941284992298929
12,raw_var_cusum,2018-07-01,57.520759495310585,63.32158905305298,0.9083909667383384
12,raw_var_cusum,2018-08-01,57.77184678198002,63.32158905305298,0.9123562381477318
12,raw_var_cusum,2018-09-01,58.71318837470387,63.32158905305298,0.9272222831538856
12,raw_var_cusum,2018-10-01,59.64578403333036,63.32158905305298,0.9419502088514723
12,raw_var_cusum,2018-11-01,60.5833893506962,63.32158905305298,0.9567572490945762
12,raw_var_cusum,2018-12-01,61.53170574321365,63.32158905305298,0.9717334429440849
12,raw_var_cusum,2019-01-01,61.76710940539654,63.32158905305298,0.9754510322481951
12,raw_var_cusum,2019-02-01,62.23659239852564,63.32158905305298,0.9828652964849272
12,raw_var_cusum,2019-03-01,63.183258197731085,63.32158905305298,0.9978154235010432
12,raw_var_cusum,2019-04-01,63.581477713343794,63.32158905305298,1.0041042662412194
12,raw_var_cusum,2019-05-01,64.5066674628423,63.32158905305298,1.0187152348434658
12,raw_var_cusum,2019-06-01,65.452232964957,63.32158905305298,1.0336479855254248
12,raw_var_cusum,2019-07-01,66.02540795233784,63.32158905305298,1.042699795436585
12,raw_var_cusum,2019-08-01,66.19194116239423,63.32158905305298,1.0453297548634852
12,raw_var_cusum,2019-09-01,66.96118371832056,63.32158905305298,1.0574779426684664
12,raw_var_cusum,2019-10-01,66.7492976873882,63.32158905305298,1.0541317532550132
12,raw_var_cusum,2019-11-01,67.27442866136847,63.32158905305298,1.0624248327849712
12,raw_var_cusum,2019-12-01,68.14100205104846,63.32158905305298,1.0761101082595639
12,raw_var_cusum,2020-01-01,68.3958080755835,63.32158905305298,1.080134107472874
12,raw_var_cusum,2020-02-01,69.15207206847073,63.32158905305298,1.0920773325908288
12,raw_var_cusum,2020-03-01,43.99982344332155,63.32158905305298,0.6948629069693277
12,raw_var_cusum,2020-04-01,352.71939850303477,63.32158905305298,5.570286592263414
12,raw_var_cusum,2020-05-01,356.13668707277907,63.32158905305298,5.624253787667831
12,raw_var_cusum,2020-06-01,421.52839586349364,63.32158905305298,6.656945951092965
12,raw_var_cusum,2020-07-01,442.83486816305816,63.32158905305298,6.993426330347396
12,raw_var_cusum,2020-08-01,443.3672244316446,63.32158905305298,7.001833514635529
12,raw_var_cusum,2020-09-01,442.31788213693,63.32158905305298,6.985261879109525
12,raw_var_cusum,2020-10-01,442.3453160327438,63.32158905305298,6.9856951262251465
12,raw_var_cusum,2020-11-01,441.50925643778316,63.32158905305298,6.972491736868316
12,raw_var_cusum,2020-12-01,443.3207076776903,63.32158905305298,7.00109890334971
12,raw_var_cusum,2021-01-01,442.7397719063276,63.32158905305298,6.9919245320167995
12,raw_var_cusum,2021-02-01,460.1825008855202,63.32158905305298,7.2673871228968
12,raw_var_cusum,2021-03-01,472.62871440119216,63.32158905305298,7.463942732157396
12,raw_var_cusum,2021-04-01,471.6339792588331,63.32158905305298,7.448233474742431
12,raw_var_cusum,2021-05-01,471.89004852816475,63.32158905305298,7.452277423625601
12,raw_var_cusum,2021-06-01,471.07055307555555,63.32158905305298,7.43933562186629
12,raw_var_cusum,2021-07-01,470.36956941302384,63.32158905305298,7.428265405957077
12,raw_var_cusum,2021-08-01,469.38564776927507,63.32158905305298,7.412726919660967
12,raw_var_cusum,2021-09-01,470.64552980251227,63.32158905305298,7.432623483409259
12,raw_var_cusum,2021-10-01,472.5590460667952,63.32158905305298,7.462842501802491
12,raw_var_cusum,2021-11-01,472.2770971268727,63.32158905305298,7.458389850753475
12,raw_var_cusum,2021-12-01,471.35907395283755,63.32158905305298,7.443892059593086
12,raw_var_cusum,2022-01-01,470.54422380923825,63.32158905305298,7.431023618421835
12,raw_var_cusum,2022-02-01,470.1373858496515,63.32158905305298,7.424598669748391
12,raw_var_cusum,2022-03-01,469.6512986834152,63.32158905305298,7.416922185732347
12,raw_var_cusum,2022-04-01,468.60647689760395,63.32158905305298,7.400421939900932
12,raw_var_cusum,2022-05-01,467.5721351094662,63.32158905305298,7.384087198407456
12,raw_var_cusum,2022-06-01,466.6745328940915,63.32158905305298,7.36991190323881
12,raw_var_cusum,2022-07-01,465.6972407896718,63.32158905305298,7.354478113293948
12,raw_var_cusum,2022-08-01,464.6700564825201,63.32158905305298,7.3382564056186865
12,raw_var_cusum,2022-09-01,463.6863180398469,63.32158905305298,7.322720812507638
12,raw_var_cusum,2022-10-01,462.63789129726194,63.32158905305298,7.306163635749067
12,raw_var_cusum,2022-11-01,461.72337608440034,63.32158905305298,7.291721243722307
12,raw_var_cusum,2022-12-01,462.95285955401965,63.32158905305298,7.311137741128732
