draw,null_minp,argmin_method
0,0.1521,raw_cusum
1,0.0198,lsc_tail_cusum
2,0.481,lsc_composite
3,0.14915,lsc_tail_cusum
4,0.2774,lsc_kalman_cusum
5,0.1521,raw_cusum
6,0.481,lsc_composite
7,0.5619,raw_var_cusum
8,0.2774,lsc_kalman_cusum
9,0.5535,lsc_tail_cusum
10,0.1492,raw_var_cusum
11,0.5535,lsc_tail_cusum
12,0.1492,raw_var_cusum
13,0.2774,lsc_kalman_cusum
14,0.5535,lsc_tail_cusum
15,0.10165,lsc_composite
16,0.10165,lsc_composite
17,0.2774,lsc_kalman_cusum
18,0.1521,raw_cusum
19,0.5535,lsc_tail_cusum
20,0.1492,raw_var_cusum
21,0.481,lsc_composite
22,0.481,lsc_composite
23,0.5535,lsc_tail_cusum
24,0.2774,lsc_kalman_cusum
25,0.5535,lsc_tail_cusum
26,0.14915,lsc_tail_cusum
27,1.0,lsc_composite
28,0.481,lsc_composite
29,0.2774,lsc_kalman_cusum
30,0.481,lsc_composite
31,0.481,lsc_composite
32,0.2774,lsc_kalman_cusum
33,0.0183,raw_var_cusum
34,0.2774,lsc_kalman_cusum
35,0.2774,lsc_kalman_cusum
36,0.14915,lsc_tail_cusum
37,0.1521,raw_cusum
38,0.10165,lsc_composite
39,0.481,lsc_composite
40,0.1521,raw_cusum
41,0.481,lsc_composite
42,0.481,lsc_composite
43,1.0,lsc_composite
44,0.2774,lsc_kalman_cusum
45,0.1492,raw_var_cusum
46,1.0,lsc_composite
47,0.1521,raw_cusum
48,0.5619,raw_var_cusum
49,0.0198,lsc_tail_cusum
50,0.5535,lsc_tail_cusum
51,0.481,lsc_composite
52,0.1521,raw_cusum
53,0.5619,raw_var_cusum
54,0.5535,lsc_tail_cusum
55,0.481,lsc_composite
56,0.1492,raw_var_cusum
57,0.10165,lsc_composite
58,0.481,lsc_composite
59,0.481,lsc_composite
60,0.5619,raw_var_cusum
61,0.481,lsc_composite
62,0.2774,lsc_kalman_cusum
63,0.5535,lsc_tail_cusum
64,0.1521,raw_cusum
65,0.14915,lsc_tail_cusum
66,0.5619,raw_var_cusum
67,0.0183,raw_var_cusum
68,0.5535,lsc_tail_cusum
69,0.5619,raw_var_cusum
70,0.10165,lsc_composite
71,0.10165,lsc_composite
72,0.481,lsc_composite
73,0.5535,lsc_tail_cusum
74,1.0,lsc_composite
75,0.10165,lsc_composite
76,0.14915,lsc_tail_cusum
77,0.0198,lsc_tail_cusum
78,0.2774,lsc_kalman_cusum
79,0.481,lsc_composite
80,0.14915,lsc_tail_cusum
81,0.1492,raw_var_cusum
82,0.2774,lsc_kalman_cusum
83,0.481,lsc_composite
84,0.14915,lsc_tail_cusum
85,0.5535,lsc_tail_cusum
86,0.481,lsc_composite
87,0.14915,lsc_tail_cusum
88,0.1492,raw_var_cusum
89,0.10165,lsc_composite
90,0.5535,lsc_tail_cusum
91,0.14915,lsc_tail_cusum
92,0.481,lsc_composite
93,0.481,lsc_composite
94,0.5619,raw_var_cusum
95,0.481,lsc_composite
96,0.5535,lsc_tail_cusum
97,0.5619,raw_var_cusum
98,0.1521,raw_cusum
99,0.1521,raw_cusum
100,0.10165,lsc_composite
101,0.00925,lsc_composite
102,0.481,lsc_composite
103,0.5535,lsc_tail_cusum
104,0.1492,raw_var_cusum
105,0.5619,raw_var_cusum
106,0.14915,lsc_tail_cusum
107,0.1521,raw_cusum
108,0.1492,raw_var_cusum
109,0.10165,lsc_composite
110,0.1492,raw_var_cusum
111,0.481,lsc_composite
112,0.1492,raw_var_cusum
113,0.2774,lsc_kalman_cusum
114,0.2774,lsc_kalman_cusum
115,0.1521,raw_cusum
116,0.2774,lsc_kalman_cusum
117,0.481,lsc_composite
118,0.10165,lsc_composite
119,0.2774,lsc_kalman_cusum
120,0.5619,raw_var_cusum
121,0.481,lsc_composite
122,0.2774,lsc_kalman_cusum
123,0.1492,raw_var_cusum
124,0.481,lsc_composite
125,0.1521,raw_cusum
126,0.5619,raw_var_cusum
127,0.1521,raw_cusum
128,0.1521,raw_cusum
129,0.5535,lsc_tail_cusum
130,0.5619,raw_var_cusum
131,0.2774,lsc_kalman_cusum
132,0.14915,lsc_tail_cusum
133,0.2774,lsc_kalman_cusum
134,0.2774,lsc_kalman_cusum
135,0.1521,raw_cusum
136,0.0198,lsc_tail_cusum
137,0.481,lsc_composite
138,0.481,lsc_composite
139,0.5535,lsc_tail_cusum
140,0.5535,lsc_tail_cusum
141,0.14915,lsc_tail_cusum
142,0.10165,lsc_composite
143,0.5619,raw_var_cusum
144,0.14915,lsc_tail_cusum
145,0.5619,raw_var_cusum
146,0.5535,lsc_tail_cusum
147,0.2774,lsc_kalman_cusum
148,0.1492,raw_var_cusum
149,0.2774,lsc_kalman_cusum
150,0.2774,lsc_kalman_cusum
151,0.1492,raw_var_cusum
152,0.10165,lsc_composite
153,0.10165,lsc_composite
154,0.2774,lsc_kalman_cusum
155,0.2774,lsc_kalman_cusum
156,0.481,lsc_composite
157,0.1492,raw_var_cusum
158,0.14915,lsc_tail_cusum
159,0.481,lsc_composite
160,0.1521,raw_cusum
161,0.10165,lsc_composite
162,0.2774,lsc_kalman_cusum
163,0.481,lsc_composite
164,0.2774,lsc_kalman_cusum
165,0.5535,lsc_tail_cusum
166,0.02015,lsc_kalman_cusum
167,0.5535,lsc_tail_cusum
168,0.481,lsc_composite
169,0.2774,lsc_kalman_cusum
170,0.14915,lsc_tail_cusum
171,0.5619,raw_var_cusum
172,0.1492,raw_var_cusum
173,0.2774,lsc_kalman_cusum
174,0.2774,lsc_kalman_cusum
175,0.14915,lsc_tail_cusum
176,0.1492,raw_var_cusum
177,0.481,lsc_composite
178,0.1492,raw_var_cusum
179,0.5619,raw_var_cusum
180,0.02015,lsc_kalman_cusum
181,0.5535,lsc_tail_cusum
182,0.5535,lsc_tail_cusum
183,0.14915,lsc_tail_cusum
184,0.5535,lsc_tail_cusum
185,1.0,lsc_composite
186,0.2774,lsc_kalman_cusum
187,0.481,lsc_composite
188,0.10165,lsc_composite
189,0.1521,raw_cusum
190,0.5535,lsc_tail_cusum
191,0.10165,lsc_composite
192,0.1521,raw_cusum
193,0.1521,raw_cusum
194,1.0,lsc_composite
195,0.14915,lsc_tail_cusum
196,0.02015,lsc_kalman_cusum
197,1.0,lsc_composite
198,0.2774,lsc_kalman_cusum
199,0.5619,raw_var_cusum
200,0.10165,lsc_composite
201,0.1492,raw_var_cusum
202,0.1492,raw_var_cusum
203,0.481,lsc_composite
204,0.481,lsc_composite
205,0.481,lsc_composite
206,0.2774,lsc_kalman_cusum
207,0.5535,lsc_tail_cusum
208,0.481,lsc_composite
209,0.02015,lsc_kalman_cusum
210,0.481,lsc_composite
211,0.2774,lsc_kalman_cusum
212,0.2774,lsc_kalman_cusum
213,0.5535,lsc_tail_cusum
214,0.0198,lsc_tail_cusum
215,0.5619,raw_var_cusum
216,0.1521,raw_cusum
217,0.5535,lsc_tail_cusum
218,0.0198,lsc_tail_cusum
219,0.1492,raw_var_cusum
220,0.1492,raw_var_cusum
221,0.2774,lsc_kalman_cusum
222,0.1521,raw_cusum
223,0.5535,lsc_tail_cusum
224,0.02015,lsc_kalman_cusum
225,0.5535,lsc_tail_cusum
226,0.1492,raw_var_cusum
227,0.481,lsc_composite
228,0.481,lsc_composite
229,0.1521,raw_cusum
230,0.02015,lsc_kalman_cusum
231,0.1521,raw_cusum
232,0.2774,lsc_kalman_cusum
233,0.14915,lsc_tail_cusum
234,0.481,lsc_composite
235,0.5619,raw_var_cusum
236,0.5535,lsc_tail_cusum
237,0.10165,lsc_composite
238,0.2774,lsc_kalman_cusum
239,0.481,lsc_composite
240,0.2774,lsc_kalman_cusum
241,0.5535,lsc_tail_cusum
242,0.1521,raw_cusum
243,0.5619,raw_var_cusum
244,0.5619,raw_var_cusum
245,0.02015,lsc_kalman_cusum
246,0.2774,lsc_kalman_cusum
247,0.5535,lsc_tail_cusum
248,0.1521,raw_cusum
249,0.5535,lsc_tail_cusum
250,0.2774,lsc_kalman_cusum
251,1.0,lsc_composite
252,0.481,lsc_composite
253,1.0,lsc_composite
254,0.10165,lsc_composite
255,0.5535,lsc_tail_cusum
256,0.14915,lsc_tail_cusum
257,0.1521,raw_cusum
258,0.10165,lsc_composite
259,0.1492,raw_var_cusum
260,0.5619,raw_var_cusum
261,0.1492,raw_var_cusum
262,0.5535,lsc_tail_cusum
263,0.1521,raw_cusum
264,0.14915,lsc_tail_cusum
265,0.1492,raw_var_cusum
266,0.5535,lsc_tail_cusum
267,0.14915,lsc_tail_cusum
268,0.5535,lsc_tail_cusum
269,0.10165,lsc_composite
270,0.10165,lsc_composite
271,0.481,lsc_composite
272,0.5535,lsc_tail_cusum
273,0.5619,raw_var_cusum
274,0.481,lsc_composite
275,0.1521,raw_cusum
276,0.5535,lsc_tail_cusum
277,0.1492,raw_var_cusum
278,0.5535,lsc_tail_cusum
279,0.5535,lsc_tail_cusum
280,0.1521,raw_cusum
281,0.2774,lsc_kalman_cusum
282,0.1521,raw_cusum
283,0.5535,lsc_tail_cusum
284,1.0,lsc_composite
285,0.14915,lsc_tail_cusum
286,1.0,lsc_composite
287,0.14915,lsc_tail_cusum
288,0.2774,lsc_kalman_cusum
289,0.10165,lsc_composite
290,0.5619,raw_var_cusum
291,0.481,lsc_composite
292,0.14915,lsc_tail_cusum
293,0.5535,lsc_tail_cusum
294,0.1521,raw_cusum
295,0.14915,lsc_tail_cusum
296,0.5535,lsc_tail_cusum
297,0.2774,lsc_kalman_cusum
298,0.1492,raw_var_cusum
299,0.2774,lsc_kalman_cusum
300,0.2774,lsc_kalman_cusum
301,0.10165,lsc_composite
302,0.481,lsc_composite
303,0.14915,lsc_tail_cusum
304,0.5535,lsc_tail_cusum
305,0.5535,lsc_tail_cusum
306,0.5535,lsc_tail_cusum
307,0.1492,raw_var_cusum
308,0.2774,lsc_kalman_cusum
309,0.481,lsc_composite
310,0.481,lsc_composite
311,0.481,lsc_composite
312,0.14915,lsc_tail_cusum
313,0.1492,raw_var_cusum
314,0.2774,lsc_kalman_cusum
315,0.481,lsc_composite
316,0.1521,raw_cusum
317,0.5535,lsc_tail_cusum
318,1.0,lsc_composite
319,1.0,lsc_composite
320,0.481,lsc_composite
321,0.481,lsc_composite
322,0.481,lsc_composite
323,0.10165,lsc_composite
324,0.10165,lsc_composite
325,0.0183,raw_var_cusum
326,0.481,lsc_composite
327,1.0,lsc_composite
328,0.1492,raw_var_cusum
329,0.1521,raw_cusum
330,0.0198,lsc_tail_cusum
331,0.481,lsc_composite
332,0.1521,raw_cusum
333,0.5535,lsc_tail_cusum
334,0.10165,lsc_composite
335,0.1492,raw_var_cusum
336,0.10165,lsc_composite
337,0.1492,raw_var_cusum
338,0.10165,lsc_composite
339,0.481,lsc_composite
340,0.481,lsc_composite
341,0.481,lsc_composite
342,0.5535,lsc_tail_cusum
343,0.1492,raw_var_cusum
344,0.5535,lsc_tail_cusum
345,0.1492,raw_var_cusum
346,0.2774,lsc_kalman_cusum
347,0.481,lsc_composite
348,1.0,lsc_composite
349,0.5619,raw_var_cusum
350,0.2774,lsc_kalman_cusum
351,0.10165,lsc_composite
352,0.10165,lsc_composite
353,0.2774,lsc_kalman_cusum
354,0.481,lsc_composite
355,0.02015,lsc_kalman_cusum
356,0.14915,lsc_tail_cusum
357,0.481,lsc_composite
358,0.1492,raw_var_cusum
359,0.481,lsc_composite
360,0.2774,lsc_kalman_cusum
361,0.10165,lsc_composite
362,0.1521,raw_cusum
363,0.1492,raw_var_cusum
364,0.14915,lsc_tail_cusum
365,0.1492,raw_var_cusum
366,0.5535,lsc_tail_cusum
367,0.14915,lsc_tail_cusum
368,0.481,lsc_composite
369,1.0,lsc_composite
370,1.0,lsc_composite
371,0.2774,lsc_kalman_cusum
372,0.14915,lsc_tail_cusum
373,0.1521,raw_cusum
374,0.481,lsc_composite
375,0.1521,raw_cusum
376,0.481,lsc_composite
377,0.2774,lsc_kalman_cusum
378,0.5619,raw_var_cusum
379,1.0,lsc_composite
380,0.2774,lsc_kalman_cusum
381,0.1521,raw_cusum
382,0.481,lsc_composite
383,0.02015,lsc_kalman_cusum
384,0.481,lsc_composite
385,1.0,lsc_composite
386,0.481,lsc_composite
387,0.1492,raw_var_cusum
388,0.1521,raw_cusum
389,0.10165,lsc_composite
390,0.0198,lsc_tail_cusum
391,0.2774,lsc_kalman_cusum
392,0.2774,lsc_kalman_cusum
393,0.02015,lsc_kalman_cusum
394,0.10165,lsc_composite
395,0.1492,raw_var_cusum
396,0.481,lsc_composite
397,0.5535,lsc_tail_cusum
398,0.1521,raw_cusum
399,0.1521,raw_cusum
400,0.5535,lsc_tail_cusum
401,0.10165,lsc_composite
402,0.2774,lsc_kalman_cusum
403,1.0,lsc_composite
404,0.10165,lsc_composite
405,0.2774,lsc_kalman_cusum
406,1.0,lsc_composite
407,0.5535,lsc_tail_cusum
408,0.1521,raw_cusum
409,0.5535,lsc_tail_cusum
410,0.14915,lsc_tail_cusum
411,0.0183,raw_var_cusum
412,0.5535,lsc_tail_cusum
413,0.1492,raw_var_cusum
414,1.0,lsc_composite
415,1.0,lsc_composite
416,0.1521,raw_cusum
417,0.0183,raw_var_cusum
418,0.2774,lsc_kalman_cusum
419,0.5619,raw_var_cusum
420,0.10165,lsc_composite
421,0.481,lsc_composite
422,0.1521,raw_cusum
423,0.2774,lsc_kalman_cusum
424,0.14915,lsc_tail_cusum
425,0.5619,raw_var_cusum
426,0.14915,lsc_tail_cusum
427,0.481,lsc_composite
428,0.5535,lsc_tail_cusum
429,1.0,lsc_composite
430,0.0198,lsc_tail_cusum
431,1.0,lsc_composite
432,0.481,lsc_composite
433,0.481,lsc_composite
434,0.10165,lsc_composite
435,0.481,lsc_composite
436,0.10165,lsc_composite
437,0.2774,lsc_kalman_cusum
438,0.14915,lsc_tail_cusum
439,0.5535,lsc_tail_cusum
440,0.1521,raw_cusum
441,0.14915,lsc_tail_cusum
442,0.1521,raw_cusum
443,0.5535,lsc_tail_cusum
444,0.00925,lsc_composite
445,0.02015,lsc_kalman_cusum
446,0.1492,raw_var_cusum
447,1.0,lsc_composite
448,0.0198,lsc_tail_cusum
449,0.10165,lsc_composite
450,0.1521,raw_cusum
451,0.481,lsc_composite
452,0.5619,raw_var_cusum
453,0.2774,lsc_kalman_cusum
454,0.02015,lsc_kalman_cusum
455,1.0,lsc_composite
456,0.14915,lsc_tail_cusum
457,0.2774,lsc_kalman_cusum
458,0.0198,lsc_tail_cusum
459,0.481,lsc_composite
460,0.1492,raw_var_cusum
461,0.1492,raw_var_cusum
462,0.02015,lsc_kalman_cusum
463,0.14915,lsc_tail_cusum
464,0.14915,lsc_tail_cusum
465,0.481,lsc_composite
466,0.1521,raw_cusum
467,0.14915,lsc_tail_cusum
468,0.14915,lsc_tail_cusum
469,1.0,lsc_composite
470,0.481,lsc_composite
471,0.5619,raw_var_cusum
472,0.2774,lsc_kalman_cusum
473,1.0,lsc_composite
474,0.5619,raw_var_cusum
475,0.481,lsc_composite
476,0.481,lsc_composite
477,0.1492,raw_var_cusum
478,0.1492,raw_var_cusum
479,0.2774,lsc_kalman_cusum
480,0.14915,lsc_tail_cusum
481,0.2774,lsc_kalman_cusum
482,0.14915,lsc_tail_cusum
483,0.2774,lsc_kalman_cusum
484,0.481,lsc_composite
485,0.5619,raw_var_cusum
486,0.1521,raw_cusum
487,0.14915,lsc_tail_cusum
488,0.1492,raw_var_cusum
489,0.1492,raw_var_cusum
490,0.1492,raw_var_cusum
491,0.2774,lsc_kalman_cusum
492,0.5535,lsc_tail_cusum
493,0.10165,lsc_composite
494,0.14915,lsc_tail_cusum
495,0.2774,lsc_kalman_cusum
496,0.1492,raw_var_cusum
497,0.00925,lsc_composite
498,0.1492,raw_var_cusum
499,0.2774,lsc_kalman_cusum
500,0.10165,lsc_composite
501,0.14915,lsc_tail_cusum
502,1.0,lsc_composite
503,0.5535,lsc_tail_cusum
504,0.1492,raw_var_cusum
505,0.481,lsc_composite
506,0.14915,lsc_tail_cusum
507,0.5535,lsc_tail_cusum
508,0.2774,lsc_kalman_cusum
509,0.10165,lsc_composite
510,0.2774,lsc_kalman_cusum
511,0.481,lsc_composite
512,0.1492,raw_var_cusum
513,0.14915,lsc_tail_cusum
514,0.1492,raw_var_cusum
515,0.10165,lsc_composite
516,0.14915,lsc_tail_cusum
517,0.5619,raw_var_cusum
518,0.10165,lsc_composite
519,0.10165,lsc_composite
520,0.14915,lsc_tail_cusum
521,0.1492,raw_var_cusum
522,0.00925,lsc_composite
523,0.481,lsc_composite
524,0.1521,raw_cusum
525,0.1492,raw_var_cusum
526,0.5619,raw_var_cusum
527,0.1521,raw_cusum
528,0.5535,lsc_tail_cusum
529,0.14915,lsc_tail_cusum
530,0.5535,lsc_tail_cusum
531,0.1492,raw_var_cusum
532,0.0198,lsc_tail_cusum
533,1.0,lsc_composite
534,0.1492,raw_var_cusum
535,0.5535,lsc_tail_cusum
536,0.1492,raw_var_cusum
537,1.0,lsc_composite
538,0.14915,lsc_tail_cusum
539,1.0,lsc_composite
540,0.1492,raw_var_cusum
541,0.14915,lsc_tail_cusum
542,0.5535,lsc_tail_cusum
543,0.481,lsc_composite
544,0.5535,lsc_tail_cusum
545,0.1521,raw_cusum
546,0.1492,raw_var_cusum
547,0.5535,lsc_tail_cusum
548,0.1492,raw_var_cusum
549,0.02015,lsc_kalman_cusum
550,0.1492,raw_var_cusum
551,0.5619,raw_var_cusum
552,0.14915,lsc_tail_cusum
553,0.481,lsc_composite
554,0.1521,raw_cusum
555,0.481,lsc_composite
556,0.0183,raw_var_cusum
557,0.2774,lsc_kalman_cusum
558,0.481,lsc_composite
559,0.5535,lsc_tail_cusum
560,0.2774,lsc_kalman_cusum
561,0.1492,raw_var_cusum
562,0.481,lsc_composite
563,0.5535,lsc_tail_cusum
564,0.14915,lsc_tail_cusum
565,0.5619,raw_var_cusum
566,0.14915,lsc_tail_cusum
567,0.10165,lsc_composite
568,0.5619,raw_var_cusum
569,0.481,lsc_composite
570,0.481,lsc_composite
571,0.1492,raw_var_cusum
572,0.5619,raw_var_cusum
573,0.14915,lsc_tail_cusum
574,0.481,lsc_composite
575,0.14915,lsc_tail_cusum
576,1.0,lsc_composite
577,0.10165,lsc_composite
578,0.10165,lsc_composite
579,0.2774,lsc_kalman_cusum
580,0.2774,lsc_kalman_cusum
581,0.14915,lsc_tail_cusum
582,0.2774,lsc_kalman_cusum
583,0.14915,lsc_tail_cusum
584,0.5619,raw_var_cusum
585,0.14915,lsc_tail_cusum
586,0.00075,lsc_tail_cusum
587,0.5535,lsc_tail_cusum
588,0.5619,raw_var_cusum
589,0.1492,raw_var_cusum
590,0.2774,lsc_kalman_cusum
591,1.0,lsc_composite
592,0.5535,lsc_tail_cusum
593,0.10165,lsc_composite
594,0.1521,raw_cusum
595,0.481,lsc_composite
596,0.481,lsc_composite
597,0.14915,lsc_tail_cusum
598,0.2774,lsc_kalman_cusum
599,0.14915,lsc_tail_cusum
600,0.481,lsc_composite
601,0.481,lsc_composite
602,0.2774,lsc_kalman_cusum
603,0.1521,raw_cusum
604,0.5619,raw_var_cusum
605,0.14915,lsc_tail_cusum
606,0.1521,raw_cusum
607,0.14915,lsc_tail_cusum
608,0.5535,lsc_tail_cusum
609,0.5619,raw_var_cusum
610,0.481,lsc_composite
611,0.02015,lsc_kalman_cusum
612,0.2774,lsc_kalman_cusum
613,0.5535,lsc_tail_cusum
614,0.2774,lsc_kalman_cusum
615,0.1521,raw_cusum
616,1.0,lsc_composite
617,0.14915,lsc_tail_cusum
618,1.0,lsc_composite
619,0.1521,raw_cusum
620,0.5619,raw_var_cusum
621,0.0198,lsc_tail_cusum
622,0.2774,lsc_kalman_cusum
623,1.0,lsc_composite
624,0.5619,raw_var_cusum
625,0.10165,lsc_composite
626,0.1492,raw_var_cusum
627,0.2774,lsc_kalman_cusum
628,0.2774,lsc_kalman_cusum
629,0.2774,lsc_kalman_cusum
630,0.5535,lsc_tail_cusum
631,0.14915,lsc_tail_cusum
632,0.10165,lsc_composite
633,0.481,lsc_composite
634,0.5535,lsc_tail_cusum
635,1.0,lsc_composite
636,0.5535,lsc_tail_cusum
637,0.481,lsc_composite
638,0.2774,lsc_kalman_cusum
639,0.14915,lsc_tail_cusum
640,0.10165,lsc_composite
641,0.481,lsc_composite
642,0.481,lsc_composite
643,0.2774,lsc_kalman_cusum
644,0.10165,lsc_composite
645,0.10165,lsc_composite
646,0.5619,raw_var_cusum
647,0.5535,lsc_tail_cusum
648,0.1492,raw_var_cusum
649,0.5535,lsc_tail_cusum
650,0.2774,lsc_kalman_cusum
651,0.5619,raw_var_cusum
652,0.10165,lsc_composite
653,0.5619,raw_var_cusum
654,0.1521,raw_cusum
655,0.5535,lsc_tail_cusum
656,0.5535,lsc_tail_cusum
657,0.481,lsc_composite
658,0.0183,raw_var_cusum
659,0.1521,raw_cusum
660,0.1521,raw_cusum
661,0.1492,raw_var_cusum
662,0.1492,raw_var_cusum
663,0.10165,lsc_composite
664,0.1492,raw_var_cusum
665,0.1492,raw_var_cusum
666,0.1521,raw_cusum
667,0.1521,raw_cusum
668,0.2774,lsc_kalman_cusum
669,0.1492,raw_var_cusum
670,0.0183,raw_var_cusum
671,0.1492,raw_var_cusum
672,0.5619,raw_var_cusum
673,0.1521,raw_cusum
674,0.1492,raw_var_cusum
675,0.481,lsc_composite
676,0.5619,raw_var_cusum
677,0.481,lsc_composite
678,0.2774,lsc_kalman_cusum
679,0.481,lsc_composite
680,0.481,lsc_composite
681,0.5535,lsc_tail_cusum
682,0.5535,lsc_tail_cusum
683,0.2774,lsc_kalman_cusum
684,0.2774,lsc_kalman_cusum
685,0.481,lsc_composite
686,0.2774,lsc_kalman_cusum
687,0.14915,lsc_tail_cusum
688,0.5535,lsc_tail_cusum
689,0.5535,lsc_tail_cusum
690,0.481,lsc_composite
691,1.0,lsc_composite
692,0.2774,lsc_kalman_cusum
693,0.1492,raw_var_cusum
694,0.5535,lsc_tail_cusum
695,0.481,lsc_composite
696,0.481,lsc_composite
697,0.481,lsc_composite
698,1.0,lsc_composite
699,0.2774,lsc_kalman_cusum
700,0.1521,raw_cusum
701,0.2774,lsc_kalman_cusum
702,0.2774,lsc_kalman_cusum
703,0.14915,lsc_tail_cusum
704,0.5535,lsc_tail_cusum
705,0.481,lsc_composite
706,0.2774,lsc_kalman_cusum
707,0.2774,lsc_kalman_cusum
708,0.2774,lsc_kalman_cusum
709,1.0,lsc_composite
710,0.1521,raw_cusum
711,0.1521,raw_cusum
712,0.10165,lsc_composite
713,0.5535,lsc_tail_cusum
714,0.5535,lsc_tail_cusum
715,0.5535,lsc_tail_cusum
716,0.1521,raw_cusum
717,0.481,lsc_composite
718,0.1521,raw_cusum
719,0.10165,lsc_composite
720,0.14915,lsc_tail_cusum
721,0.481,lsc_composite
722,0.481,lsc_composite
723,0.10165,lsc_composite
724,0.14915,lsc_tail_cusum
725,0.14915,lsc_tail_cusum
726,0.1492,raw_var_cusum
727,0.481,lsc_composite
728,0.481,lsc_composite
729,0.481,lsc_composite
730,0.2774,lsc_kalman_cusum
731,0.481,lsc_composite
732,0.14915,lsc_tail_cusum
733,0.14915,lsc_tail_cusum
734,0.10165,lsc_composite
735,0.2774,lsc_kalman_cusum
736,0.5535,lsc_tail_cusum
737,0.5619,raw_var_cusum
738,0.481,lsc_composite
739,0.1492,raw_var_cusum
740,0.1521,raw_cusum
741,0.10165,lsc_composite
742,0.5619,raw_var_cusum
743,0.1492,raw_var_cusum
744,0.481,lsc_composite
745,0.1521,raw_cusum
746,0.481,lsc_composite
747,0.5619,raw_var_cusum
748,0.14915,lsc_tail_cusum
749,0.10165,lsc_composite
750,0.481,lsc_composite
751,0.481,lsc_composite
752,0.1521,raw_cusum
753,0.2774,lsc_kalman_cusum
754,0.10165,lsc_composite
755,0.2774,lsc_kalman_cusum
756,0.5535,lsc_tail_cusum
757,0.14915,lsc_tail_cusum
758,0.2774,lsc_kalman_cusum
759,0.481,lsc_composite
760,0.1521,raw_cusum
761,0.1492,raw_var_cusum
762,0.14915,lsc_tail_cusum
763,1.0,lsc_composite
764,0.0183,raw_var_cusum
765,0.14915,lsc_tail_cusum
766,0.10165,lsc_composite
767,0.481,lsc_composite
768,0.5535,lsc_tail_cusum
769,0.0183,raw_var_cusum
770,0.1521,raw_cusum
771,0.14915,lsc_tail_cusum
772,0.481,lsc_composite
773,0.481,lsc_composite
774,0.481,lsc_composite
775,0.481,lsc_composite
776,0.1521,raw_cusum
777,0.5535,lsc_tail_cusum
778,0.1521,raw_cusum
779,0.5619,raw_var_cusum
780,1.0,lsc_composite
781,0.481,lsc_composite
782,0.10165,lsc_composite
783,0.10165,lsc_composite
784,1.0,lsc_composite
785,0.5535,lsc_tail_cusum
786,0.1492,raw_var_cusum
787,0.2774,lsc_kalman_cusum
788,0.2774,lsc_kalman_cusum
789,0.5535,lsc_tail_cusum
790,0.1492,raw_var_cusum
791,0.5619,raw_var_cusum
792,0.2774,lsc_kalman_cusum
793,0.2774,lsc_kalman_cusum
794,0.5535,lsc_tail_cusum
795,0.10165,lsc_composite
796,0.481,lsc_composite
797,0.2774,lsc_kalman_cusum
798,0.2774,lsc_kalman_cusum
799,0.1492,raw_var_cusum
800,0.5619,raw_var_cusum
801,0.14915,lsc_tail_cusum
802,0.1492,raw_var_cusum
803,0.14915,lsc_tail_cusum
804,0.1521,raw_cusum
805,0.5619,raw_var_cusum
806,0.481,lsc_composite
807,0.481,lsc_composite
808,0.5535,lsc_tail_cusum
809,0.02015,lsc_kalman_cusum
810,0.481,lsc_composite
811,0.481,lsc_composite
812,0.14915,lsc_tail_cusum
813,0.5619,raw_var_cusum
814,0.5535,lsc_tail_cusum
815,0.1521,raw_cusum
816,0.0183,raw_var_cusum
817,1.0,lsc_composite
818,1.0,lsc_composite
819,0.5535,lsc_tail_cusum
820,0.1492,raw_var_cusum
821,0.5619,raw_var_cusum
822,0.1521,raw_cusum
823,0.5535,lsc_tail_cusum
824,0.5535,lsc_tail_cusum
825,0.14915,lsc_tail_cusum
826,0.1521,raw_cusum
827,0.0198,lsc_tail_cusum
828,0.1521,raw_cusum
829,0.481,lsc_composite
830,0.10165,lsc_composite
831,0.10165,lsc_composite
832,0.481,lsc_composite
833,0.2774,lsc_kalman_cusum
834,0.1521,raw_cusum
835,0.481,lsc_composite
836,0.481,lsc_composite
837,0.10165,lsc_composite
838,0.10165,lsc_composite
839,0.1492,raw_var_cusum
840,0.14915,lsc_tail_cusum
841,0.1521,raw_cusum
842,0.1521,raw_cusum
843,0.5535,lsc_tail_cusum
844,0.1492,raw_var_cusum
845,0.1492,raw_var_cusum
846,0.02015,lsc_kalman_cusum
847,0.5535,lsc_tail_cusum
848,0.10165,lsc_composite
849,0.10165,lsc_composite
850,0.2774,lsc_kalman_cusum
851,0.10165,lsc_composite
852,0.481,lsc_composite
853,0.1492,raw_var_cusum
854,0.5535,lsc_tail_cusum
855,0.14915,lsc_tail_cusum
856,0.14915,lsc_tail_cusum
857,0.1521,raw_cusum
858,0.481,lsc_composite
859,0.481,lsc_composite
860,0.5535,lsc_tail_cusum
861,0.1492,raw_var_cusum
862,0.1492,raw_var_cusum
863,0.1521,raw_cusum
864,0.5535,lsc_tail_cusum
865,0.2774,lsc_kalman_cusum
866,0.481,lsc_composite
867,0.10165,lsc_composite
868,0.14915,lsc_tail_cusum
869,0.481,lsc_composite
870,0.14915,lsc_tail_cusum
871,0.2774,lsc_kalman_cusum
872,0.1521,raw_cusum
873,0.5535,lsc_tail_cusum
874,0.2774,lsc_kalman_cusum
875,0.2774,lsc_kalman_cusum
876,0.0198,lsc_tail_cusum
877,0.14915,lsc_tail_cusum
878,0.14915,lsc_tail_cusum
879,0.2774,lsc_kalman_cusum
880,0.5535,lsc_tail_cusum
881,0.2774,lsc_kalman_cusum
882,0.481,lsc_composite
883,0.481,lsc_composite
884,0.481,lsc_composite
885,0.0183,raw_var_cusum
886,0.2774,lsc_kalman_cusum
887,1.0,lsc_composite
888,0.10165,lsc_composite
889,0.1521,raw_cusum
890,0.14915,lsc_tail_cusum
891,0.14915,lsc_tail_cusum
892,0.5619,raw_var_cusum
893,0.14915,lsc_tail_cusum
894,0.5619,raw_var_cusum
895,0.1492,raw_var_cusum
896,0.481,lsc_composite
897,0.481,lsc_composite
898,0.481,lsc_composite
899,0.2774,lsc_kalman_cusum
900,0.14915,lsc_tail_cusum
901,0.5535,lsc_tail_cusum
902,0.14915,lsc_tail_cusum
903,0.0198,lsc_tail_cusum
904,0.14915,lsc_tail_cusum
905,0.481,lsc_composite
906,0.02015,lsc_kalman_cusum
907,0.14915,lsc_tail_cusum
908,0.5619,raw_var_cusum
909,0.5619,raw_var_cusum
910,0.5535,lsc_tail_cusum
911,0.2774,lsc_kalman_cusum
912,0.14915,lsc_tail_cusum
913,1.0,lsc_composite
914,0.481,lsc_composite
915,0.5619,raw_var_cusum
916,0.2774,lsc_kalman_cusum
917,0.1521,raw_cusum
918,0.10165,lsc_composite
919,0.10165,lsc_composite
920,0.481,lsc_composite
921,0.2774,lsc_kalman_cusum
922,1.0,lsc_composite
923,0.1492,raw_var_cusum
924,0.14915,lsc_tail_cusum
925,0.1492,raw_var_cusum
926,0.0198,lsc_tail_cusum
927,0.10165,lsc_composite
928,0.5535,lsc_tail_cusum
929,0.14915,lsc_tail_cusum
930,0.5535,lsc_tail_cusum
931,0.14915,lsc_tail_cusum
932,0.1492,raw_var_cusum
933,0.1521,raw_cusum
934,0.481,lsc_composite
935,0.10165,lsc_composite
936,0.0183,raw_var_cusum
937,0.1521,raw_cusum
938,0.481,lsc_composite
939,0.10165,lsc_composite
940,0.1521,raw_cusum
941,0.1521,raw_cusum
942,0.2774,lsc_kalman_cusum
943,0.02015,lsc_kalman_cusum
944,0.5535,lsc_tail_cusum
945,0.5619,raw_var_cusum
946,0.10165,lsc_composite
947,1.0,lsc_composite
948,0.1492,raw_var_cusum
949,0.2774,lsc_kalman_cusum
950,0.2774,lsc_kalman_cusum
951,0.481,lsc_composite
952,0.2774,lsc_kalman_cusum
953,0.10165,lsc_composite
954,0.14915,lsc_tail_cusum
955,0.2774,lsc_kalman_cusum
956,0.481,lsc_composite
957,0.1521,raw_cusum
958,0.14915,lsc_tail_cusum
959,0.10165,lsc_composite
960,0.481,lsc_composite
961,0.481,lsc_composite
962,0.481,lsc_composite
963,0.0183,raw_var_cusum
964,0.1492,raw_var_cusum
965,0.481,lsc_composite
966,0.5535,lsc_tail_cusum
967,0.5535,lsc_tail_cusum
968,0.481,lsc_composite
969,0.481,lsc_composite
970,0.481,lsc_composite
971,0.5535,lsc_tail_cusum
972,1.0,lsc_composite
973,0.2774,lsc_kalman_cusum
974,0.5535,lsc_tail_cusum
975,0.1492,raw_var_cusum
976,0.2774,lsc_kalman_cusum
977,0.1521,raw_cusum
978,0.1521,raw_cusum
979,0.5619,raw_var_cusum
980,0.481,lsc_composite
981,0.5619,raw_var_cusum
982,0.5535,lsc_tail_cusum
983,1.0,lsc_composite
984,0.5535,lsc_tail_cusum
985,1.0,lsc_composite
986,0.481,lsc_composite
987,0.10165,lsc_composite
988,0.0183,raw_var_cusum
989,0.481,lsc_composite
990,0.481,lsc_composite
991,0.481,lsc_composite
992,0.5535,lsc_tail_cusum
993,0.1521,raw_cusum
994,0.1521,raw_cusum
995,0.2774,lsc_kalman_cusum
996,0.5535,lsc_tail_cusum
997,0.1521,raw_cusum
998,0.2774,lsc_kalman_cusum
999,0.481,lsc_composite
1000,0.14915,lsc_tail_cusum
1001,0.02015,lsc_kalman_cusum
1002,0.1521,raw_cusum
1003,0.00015,lsc_composite
1004,0.2774,lsc_kalman_cusum
1005,0.14915,lsc_tail_cusum
1006,0.1492,raw_var_cusum
1007,0.5619,raw_var_cusum
1008,0.5619,raw_var_cusum
1009,0.2774,lsc_kalman_cusum
1010,0.14915,lsc_tail_cusum
1011,0.481,lsc_composite
1012,0.481,lsc_composite
1013,0.481,lsc_composite
1014,0.10165,lsc_composite
1015,0.14915,lsc_tail_cusum
1016,0.2774,lsc_kalman_cusum
1017,0.5619,raw_var_cusum
1018,0.5535,lsc_tail_cusum
1019,0.481,lsc_composite
1020,1.0,lsc_composite
1021,0.481,lsc_composite
1022,0.481,lsc_composite
1023,0.1492,raw_var_cusum
1024,1.0,lsc_composite
1025,1.0,lsc_composite
1026,0.481,lsc_composite
1027,0.14915,lsc_tail_cusum
1028,0.1492,raw_var_cusum
1029,0.10165,lsc_composite
1030,0.10165,lsc_composite
1031,0.14915,lsc_tail_cusum
1032,0.481,lsc_composite
1033,0.481,lsc_composite
1034,0.2774,lsc_kalman_cusum
1035,0.0198,lsc_tail_cusum
1036,0.1492,raw_var_cusum
1037,1.0,lsc_composite
1038,0.481,lsc_composite
1039,0.2774,lsc_kalman_cusum
1040,0.10165,lsc_composite
1041,0.2774,lsc_kalman_cusum
1042,0.2774,lsc_kalman_cusum
1043,0.14915,lsc_tail_cusum
1044,0.0183,raw_var_cusum
1045,0.02015,lsc_kalman_cusum
1046,0.1492,raw_var_cusum
1047,0.1521,raw_cusum
1048,0.5619,raw_var_cusum
1049,0.1521,raw_cusum
1050,0.0198,lsc_tail_cusum
1051,1.0,lsc_composite
1052,0.2774,lsc_kalman_cusum
1053,0.481,lsc_composite
1054,0.5535,lsc_tail_cusum
1055,1.0,lsc_composite
1056,0.10165,lsc_composite
1057,0.10165,lsc_composite
1058,0.1521,raw_cusum
1059,0.481,lsc_composite
1060,0.1492,raw_var_cusum
1061,0.14915,lsc_tail_cusum
1062,0.5619,raw_var_cusum
1063,0.1521,raw_cusum
1064,0.1521,raw_cusum
1065,0.2774,lsc_kalman_cusum
1066,0.1521,raw_cusum
1067,0.481,lsc_composite
1068,0.481,lsc_composite
1069,0.5619,raw_var_cusum
1070,0.1521,raw_cusum
1071,1.0,lsc_composite
1072,0.1521,raw_cusum
1073,1.0,lsc_composite
1074,1.0,lsc_composite
1075,0.2774,lsc_kalman_cusum
1076,0.14915,lsc_tail_cusum
1077,0.2774,lsc_kalman_cusum
1078,0.481,lsc_composite
1079,0.5535,lsc_tail_cusum
1080,0.2774,lsc_kalman_cusum
1081,0.0183,raw_var_cusum
1082,0.481,lsc_composite
1083,0.1492,raw_var_cusum
1084,0.481,lsc_composite
1085,0.14915,lsc_tail_cusum
1086,0.5535,lsc_tail_cusum
1087,1.0,lsc_composite
1088,0.5535,lsc_tail_cusum
1089,0.481,lsc_composite
1090,0.1492,raw_var_cusum
1091,0.481,lsc_composite
1092,0.1521,raw_cusum
1093,0.10165,lsc_composite
1094,0.481,lsc_composite
1095,0.5535,lsc_tail_cusum
1096,0.1492,raw_var_cusum
1097,0.10165,lsc_composite
1098,0.1492,raw_var_cusum
1099,0.2774,lsc_kalman_cusum
1100,0.481,lsc_composite
1101,0.10165,lsc_composite
1102,0.481,lsc_composite
1103,0.5535,lsc_tail_cusum
1104,0.5619,raw_var_cusum
1105,0.10165,lsc_composite
1106,0.481,lsc_composite
1107,0.02015,lsc_kalman_cusum
1108,0.2774,lsc_kalman_cusum
1109,0.1492,raw_var_cusum
1110,0.2774,lsc_kalman_cusum
1111,0.0183,raw_var_cusum
1112,0.1492,raw_var_cusum
1113,0.1521,raw_cusum
1114,0.5619,raw_var_cusum
1115,0.14915,lsc_tail_cusum
1116,0.0183,raw_var_cusum
1117,0.0183,raw_var_cusum
1118,0.2774,lsc_kalman_cusum
1119,0.2774,lsc_kalman_cusum
1120,0.2774,lsc_kalman_cusum
1121,0.1492,raw_var_cusum
1122,0.5619,raw_var_cusum
1123,0.14915,lsc_tail_cusum
1124,0.1492,raw_var_cusum
1125,0.5535,lsc_tail_cusum
1126,0.481,lsc_composite
1127,0.2774,lsc_kalman_cusum
1128,0.2774,lsc_kalman_cusum
1129,1.0,lsc_composite
1130,0.1521,raw_cusum
1131,0.5535,lsc_tail_cusum
1132,0.1521,raw_cusum
1133,1.0,lsc_composite
1134,0.2774,lsc_kalman_cusum
1135,0.5535,lsc_tail_cusum
1136,0.5619,raw_var_cusum
1137,1.0,lsc_composite
1138,0.1492,raw_var_cusum
1139,0.2774,lsc_kalman_cusum
1140,0.00925,lsc_composite
1141,0.5619,raw_var_cusum
1142,0.10165,lsc_composite
1143,0.5535,lsc_tail_cusum
1144,0.481,lsc_composite
1145,0.481,lsc_composite
1146,0.1521,raw_cusum
1147,0.481,lsc_composite
1148,0.02015,lsc_kalman_cusum
1149,0.0198,lsc_tail_cusum
1150,0.14915,lsc_tail_cusum
1151,0.10165,lsc_composite
1152,0.14915,lsc_tail_cusum
1153,0.1521,raw_cusum
1154,0.14915,lsc_tail_cusum
1155,0.14915,lsc_tail_cusum
1156,0.5619,raw_var_cusum
1157,0.5535,lsc_tail_cusum
1158,0.2774,lsc_kalman_cusum
1159,0.2774,lsc_kalman_cusum
1160,0.1521,raw_cusum
1161,0.1521,raw_cusum
1162,0.14915,lsc_tail_cusum
1163,1.0,lsc_composite
1164,0.2774,lsc_kalman_cusum
1165,0.14915,lsc_tail_cusum
1166,0.1521,raw_cusum
1167,0.5535,lsc_tail_cusum
1168,0.10165,lsc_composite
1169,0.481,lsc_composite
1170,0.2774,lsc_kalman_cusum
1171,1.0,lsc_composite
1172,0.2774,lsc_kalman_cusum
1173,0.5535,lsc_tail_cusum
1174,0.10165,lsc_composite
1175,0.02015,lsc_kalman_cusum
1176,0.14915,lsc_tail_cusum
1177,0.5535,lsc_tail_cusum
1178,0.5619,raw_var_cusum
1179,0.5535,lsc_tail_cusum
1180,0.2774,lsc_kalman_cusum
1181,0.5535,lsc_tail_cusum
1182,0.5535,lsc_tail_cusum
1183,0.5535,lsc_tail_cusum
1184,0.5535,lsc_tail_cusum
1185,0.5535,lsc_tail_cusum
1186,0.14915,lsc_tail_cusum
1187,0.1521,raw_cusum
1188,0.2774,lsc_kalman_cusum
1189,0.2774,lsc_kalman_cusum
1190,0.10165,lsc_composite
1191,0.481,lsc_composite
1192,0.10165,lsc_composite
1193,0.10165,lsc_composite
1194,0.1521,raw_cusum
1195,0.14915,lsc_tail_cusum
1196,0.5619,raw_var_cusum
1197,0.1492,raw_var_cusum
1198,0.2774,lsc_kalman_cusum
1199,0.5619,raw_var_cusum
1200,0.14915,lsc_tail_cusum
1201,0.14915,lsc_tail_cusum
1202,0.1492,raw_var_cusum
1203,0.481,lsc_composite
1204,0.1492,raw_var_cusum
1205,0.0183,raw_var_cusum
1206,0.481,lsc_composite
1207,0.1492,raw_var_cusum
1208,0.481,lsc_composite
1209,0.14915,lsc_tail_cusum
1210,0.1521,raw_cusum
1211,0.14915,lsc_tail_cusum
1212,0.2774,lsc_kalman_cusum
1213,0.5535,lsc_tail_cusum
1214,0.14915,lsc_tail_cusum
1215,0.2774,lsc_kalman_cusum
1216,0.5535,lsc_tail_cusum
1217,0.14915,lsc_tail_cusum
1218,0.0183,raw_var_cusum
1219,0.1521,raw_cusum
1220,0.2774,lsc_kalman_cusum
1221,0.2774,lsc_kalman_cusum
1222,0.481,lsc_composite
1223,0.481,lsc_composite
1224,0.14915,lsc_tail_cusum
1225,0.2774,lsc_kalman_cusum
1226,0.5535,lsc_tail_cusum
1227,0.14915,lsc_tail_cusum
1228,0.2774,lsc_kalman_cusum
1229,0.5619,raw_var_cusum
1230,0.1521,raw_cusum
1231,0.1492,raw_var_cusum
1232,0.0183,raw_var_cusum
1233,0.1492,raw_var_cusum
1234,0.2774,lsc_kalman_cusum
1235,0.481,lsc_composite
1236,0.10165,lsc_composite
1237,0.2774,lsc_kalman_cusum
1238,0.1521,raw_cusum
1239,0.2774,lsc_kalman_cusum
1240,0.1492,raw_var_cusum
1241,0.5535,lsc_tail_cusum
1242,0.0183,raw_var_cusum
1243,0.10165,lsc_composite
1244,0.5535,lsc_tail_cusum
1245,0.1492,raw_var_cusum
1246,0.0198,lsc_tail_cusum
1247,0.5619,raw_var_cusum
1248,0.481,lsc_composite
1249,0.2774,lsc_kalman_cusum
1250,0.2774,lsc_kalman_cusum
1251,0.2774,lsc_kalman_cusum
1252,1.0,lsc_composite
1253,0.481,lsc_composite
1254,0.2774,lsc_kalman_cusum
1255,0.14915,lsc_tail_cusum
1256,0.481,lsc_composite
1257,0.5535,lsc_tail_cusum
1258,0.5535,lsc_tail_cusum
1259,0.481,lsc_composite
1260,1.0,lsc_composite
1261,0.14915,lsc_tail_cusum
1262,0.10165,lsc_composite
1263,0.5619,raw_var_cusum
1264,0.481,lsc_composite
1265,0.10165,lsc_composite
1266,0.2774,lsc_kalman_cusum
1267,0.14915,lsc_tail_cusum
1268,0.1492,raw_var_cusum
1269,0.5535,lsc_tail_cusum
1270,0.2774,lsc_kalman_cusum
1271,0.481,lsc_composite
1272,0.10165,lsc_composite
1273,0.10165,lsc_composite
1274,0.5535,lsc_tail_cusum
1275,0.5535,lsc_tail_cusum
1276,0.10165,lsc_composite
1277,0.5535,lsc_tail_cusum
1278,0.5619,raw_var_cusum
1279,0.2774,lsc_kalman_cusum
1280,0.5535,lsc_tail_cusum
1281,0.0183,raw_var_cusum
1282,0.10165,lsc_composite
1283,0.2774,lsc_kalman_cusum
1284,0.5535,lsc_tail_cusum
1285,0.2774,lsc_kalman_cusum
1286,0.5535,lsc_tail_cusum
1287,0.5619,raw_var_cusum
1288,0.5619,raw_var_cusum
1289,0.5535,lsc_tail_cusum
1290,0.1521,raw_cusum
1291,1.0,lsc_composite
1292,0.5535,lsc_tail_cusum
1293,0.1492,raw_var_cusum
1294,0.1492,raw_var_cusum
1295,0.0183,raw_var_cusum
1296,0.481,lsc_composite
1297,0.5535,lsc_tail_cusum
1298,0.5535,lsc_tail_cusum
1299,0.2774,lsc_kalman_cusum
1300,0.2774,lsc_kalman_cusum
1301,0.481,lsc_composite
1302,0.10165,lsc_composite
1303,0.2774,lsc_kalman_cusum
1304,0.14915,lsc_tail_cusum
1305,0.14915,lsc_tail_cusum
1306,0.2774,lsc_kalman_cusum
1307,0.5535,lsc_tail_cusum
1308,0.481,lsc_composite
1309,0.481,lsc_composite
1310,0.481,lsc_composite
1311,1.0,lsc_composite
1312,0.0198,lsc_tail_cusum
1313,0.481,lsc_composite
1314,0.14915,lsc_tail_cusum
1315,0.1521,raw_cusum
1316,0.481,lsc_composite
1317,0.2774,lsc_kalman_cusum
1318,1.0,lsc_composite
1319,0.481,lsc_composite
1320,0.2774,lsc_kalman_cusum
1321,0.5535,lsc_tail_cusum
1322,0.1492,raw_var_cusum
1323,0.14915,lsc_tail_cusum
1324,0.10165,lsc_composite
1325,0.5535,lsc_tail_cusum
1326,0.481,lsc_composite
1327,0.1521,raw_cusum
1328,0.02015,lsc_kalman_cusum
1329,0.5535,lsc_tail_cusum
1330,0.14915,lsc_tail_cusum
1331,0.481,lsc_composite
1332,0.1521,raw_cusum
1333,0.14915,lsc_tail_cusum
1334,0.5535,lsc_tail_cusum
1335,0.2774,lsc_kalman_cusum
1336,0.2774,lsc_kalman_cusum
1337,0.14915,lsc_tail_cusum
1338,0.5535,lsc_tail_cusum
1339,0.1521,raw_cusum
1340,0.1492,raw_var_cusum
1341,0.10165,lsc_composite
1342,1.0,lsc_composite
1343,0.2774,lsc_kalman_cusum
1344,0.2774,lsc_kalman_cusum
1345,0.10165,lsc_composite
1346,0.14915,lsc_tail_cusum
1347,0.1521,raw_cusum
1348,0.5535,lsc_tail_cusum
1349,0.14915,lsc_tail_cusum
1350,0.481,lsc_composite
1351,0.481,lsc_composite
1352,0.481,lsc_composite
1353,0.1492,raw_var_cusum
1354,0.10165,lsc_composite
1355,0.5535,lsc_tail_cusum
1356,0.1521,raw_cusum
1357,0.5619,raw_var_cusum
1358,0.02015,lsc_kalman_cusum
1359,0.14915,lsc_tail_cusum
1360,0.10165,lsc_composite
1361,0.481,lsc_composite
1362,0.481,lsc_composite
1363,0.1521,raw_cusum
1364,0.10165,lsc_composite
1365,0.14915,lsc_tail_cusum
1366,0.481,lsc_composite
1367,0.2774,lsc_kalman_cusum
1368,0.481,lsc_composite
1369,0.14915,lsc_tail_cusum
1370,1.0,lsc_composite
1371,1.0,lsc_composite
1372,0.2774,lsc_kalman_cusum
1373,0.2774,lsc_kalman_cusum
1374,0.481,lsc_composite
1375,0.14915,lsc_tail_cusum
1376,0.481,lsc_composite
1377,0.10165,lsc_composite
1378,0.2774,lsc_kalman_cusum
1379,0.10165,lsc_composite
1380,0.14915,lsc_tail_cusum
1381,1.0,lsc_composite
1382,0.5535,lsc_tail_cusum
1383,0.1492,raw_var_cusum
1384,0.2774,lsc_kalman_cusum
1385,0.481,lsc_composite
1386,0.5535,lsc_tail_cusum
1387,0.2774,lsc_kalman_cusum
1388,0.1521,raw_cusum
1389,0.1521,raw_cusum
1390,0.481,lsc_composite
1391,0.2774,lsc_kalman_cusum
1392,1.0,lsc_composite
1393,0.1521,raw_cusum
1394,0.1521,raw_cusum
1395,0.2774,lsc_kalman_cusum
1396,0.5535,lsc_tail_cusum
1397,0.14915,lsc_tail_cusum
1398,0.1492,raw_var_cusum
1399,1.0,lsc_composite
1400,0.02015,lsc_kalman_cusum
1401,0.02015,lsc_kalman_cusum
1402,0.481,lsc_composite
1403,0.10165,lsc_composite
1404,0.1492,raw_var_cusum
1405,0.2774,lsc_kalman_cusum
1406,0.5535,lsc_tail_cusum
1407,0.1492,raw_var_cusum
1408,0.2774,lsc_kalman_cusum
1409,0.14915,lsc_tail_cusum
1410,0.1521,raw_cusum
1411,0.1492,raw_var_cusum
1412,0.1521,raw_cusum
1413,1.0,lsc_composite
1414,0.481,lsc_composite
1415,0.02015,lsc_kalman_cusum
1416,0.2774,lsc_kalman_cusum
1417,0.1521,raw_cusum
1418,0.2774,lsc_kalman_cusum
1419,0.2774,lsc_kalman_cusum
1420,0.5619,raw_var_cusum
1421,0.5535,lsc_tail_cusum
1422,0.1521,raw_cusum
1423,0.1521,raw_cusum
1424,0.5535,lsc_tail_cusum
1425,0.1521,raw_cusum
1426,0.02015,lsc_kalman_cusum
1427,0.2774,lsc_kalman_cusum
1428,0.2774,lsc_kalman_cusum
1429,0.5535,lsc_tail_cusum
1430,0.0183,raw_var_cusum
1431,0.5619,raw_var_cusum
1432,0.481,lsc_composite
1433,0.14915,lsc_tail_cusum
1434,0.5619,raw_var_cusum
1435,0.10165,lsc_composite
1436,0.10165,lsc_composite
1437,0.1492,raw_var_cusum
1438,0.5535,lsc_tail_cusum
1439,1.0,lsc_composite
1440,0.10165,lsc_composite
1441,0.1521,raw_cusum
1442,0.2774,lsc_kalman_cusum
1443,0.10165,lsc_composite
1444,0.5535,lsc_tail_cusum
1445,0.481,lsc_composite
1446,0.5535,lsc_tail_cusum
1447,0.5535,lsc_tail_cusum
1448,0.481,lsc_composite
1449,0.10165,lsc_composite
1450,0.0183,raw_var_cusum
1451,0.2774,lsc_kalman_cusum
1452,0.481,lsc_composite
1453,0.481,lsc_composite
1454,0.14915,lsc_tail_cusum
1455,0.1492,raw_var_cusum
1456,0.14915,lsc_tail_cusum
1457,0.10165,lsc_composite
1458,0.2774,lsc_kalman_cusum
1459,0.10165,lsc_composite
1460,0.2774,lsc_kalman_cusum
1461,0.481,lsc_composite
1462,0.1521,raw_cusum
1463,0.2774,lsc_kalman_cusum
1464,0.5535,lsc_tail_cusum
1465,0.481,lsc_composite
1466,0.5535,lsc_tail_cusum
1467,0.5535,lsc_tail_cusum
1468,0.2774,lsc_kalman_cusum
1469,0.2774,lsc_kalman_cusum
1470,0.2774,lsc_kalman_cusum
1471,0.2774,lsc_kalman_cusum
1472,0.1521,raw_cusum
1473,0.14915,lsc_tail_cusum
1474,0.5535,lsc_tail_cusum
1475,0.5535,lsc_tail_cusum
1476,0.481,lsc_composite
1477,0.1492,raw_var_cusum
1478,1.0,lsc_composite
1479,0.2774,lsc_kalman_cusum
1480,0.2774,lsc_kalman_cusum
1481,0.5535,lsc_tail_cusum
1482,0.481,lsc_composite
1483,0.481,lsc_composite
1484,0.14915,lsc_tail_cusum
1485,0.14915,lsc_tail_cusum
1486,0.5619,raw_var_cusum
1487,0.5619,raw_var_cusum
1488,0.14915,lsc_tail_cusum
1489,0.1492,raw_var_cusum
1490,0.1492,raw_var_cusum
1491,0.481,lsc_composite
1492,0.14915,lsc_tail_cusum
1493,0.1492,raw_var_cusum
1494,0.2774,lsc_kalman_cusum
1495,0.10165,lsc_composite
1496,0.5535,lsc_tail_cusum
1497,0.1521,raw_cusum
1498,0.1521,raw_cusum
1499,0.481,lsc_composite
1500,0.481,lsc_composite
1501,0.2774,lsc_kalman_cusum
1502,0.14915,lsc_tail_cusum
1503,0.1492,raw_var_cusum
1504,0.14915,lsc_tail_cusum
1505,0.5535,lsc_tail_cusum
1506,0.1521,raw_cusum
1507,0.481,lsc_composite
1508,0.10165,lsc_composite
1509,0.14915,lsc_tail_cusum
1510,0.02015,lsc_kalman_cusum
1511,0.5619,raw_var_cusum
1512,0.10165,lsc_composite
1513,0.14915,lsc_tail_cusum
1514,0.00925,lsc_composite
1515,0.5535,lsc_tail_cusum
1516,0.1492,raw_var_cusum
1517,1.0,lsc_composite
1518,0.1521,raw_cusum
1519,0.5619,raw_var_cusum
1520,0.1492,raw_var_cusum
1521,0.481,lsc_composite
1522,0.5535,lsc_tail_cusum
1523,0.5535,lsc_tail_cusum
1524,1.0,lsc_composite
1525,0.1521,raw_cusum
1526,1.0,lsc_composite
1527,0.481,lsc_composite
1528,0.481,lsc_composite
1529,0.481,lsc_composite
1530,0.02015,lsc_kalman_cusum
1531,0.14915,lsc_tail_cusum
1532,0.5535,lsc_tail_cusum
1533,0.481,lsc_composite
1534,0.1492,raw_var_cusum
1535,1.0,lsc_composite
1536,0.5535,lsc_tail_cusum
1537,0.2774,lsc_kalman_cusum
1538,0.5535,lsc_tail_cusum
1539,0.481,lsc_composite
1540,0.481,lsc_composite
1541,0.2774,lsc_kalman_cusum
1542,0.1492,raw_var_cusum
1543,0.2774,lsc_kalman_cusum
1544,0.481,lsc_composite
1545,0.2774,lsc_kalman_cusum
1546,0.481,lsc_composite
1547,0.14915,lsc_tail_cusum
1548,0.481,lsc_composite
1549,0.481,lsc_composite
1550,0.481,lsc_composite
1551,0.5619,raw_var_cusum
1552,0.481,lsc_composite
1553,0.1521,raw_cusum
1554,0.10165,lsc_composite
1555,0.5619,raw_var_cusum
1556,0.5535,lsc_tail_cusum
1557,0.5535,lsc_tail_cusum
1558,0.5619,raw_var_cusum
1559,0.2774,lsc_kalman_cusum
1560,0.1492,raw_var_cusum
1561,0.02015,lsc_kalman_cusum
1562,0.14915,lsc_tail_cusum
1563,1.0,lsc_composite
1564,0.1492,raw_var_cusum
1565,0.14915,lsc_tail_cusum
1566,0.10165,lsc_composite
1567,0.2774,lsc_kalman_cusum
1568,0.1492,raw_var_cusum
1569,0.481,lsc_composite
1570,0.2774,lsc_kalman_cusum
1571,0.1492,raw_var_cusum
1572,0.2774,lsc_kalman_cusum
1573,0.481,lsc_composite
1574,0.5619,raw_var_cusum
1575,0.2774,lsc_kalman_cusum
1576,0.2774,lsc_kalman_cusum
1577,0.0183,raw_var_cusum
1578,0.14915,lsc_tail_cusum
1579,0.1492,raw_var_cusum
1580,0.5535,lsc_tail_cusum
1581,0.14915,lsc_tail_cusum
1582,0.481,lsc_composite
1583,0.10165,lsc_composite
1584,0.14915,lsc_tail_cusum
1585,0.14915,lsc_tail_cusum
1586,0.1492,raw_var_cusum
1587,0.10165,lsc_composite
1588,0.5619,raw_var_cusum
1589,0.5535,lsc_tail_cusum
1590,0.5619,raw_var_cusum
1591,0.2774,lsc_kalman_cusum
1592,0.5535,lsc_tail_cusum
1593,0.2774,lsc_kalman_cusum
1594,0.02015,lsc_kalman_cusum
1595,0.5535,lsc_tail_cusum
1596,0.1521,raw_cusum
1597,1.0,lsc_composite
1598,0.481,lsc_composite
1599,0.2774,lsc_kalman_cusum
1600,0.481,lsc_composite
1601,0.2774,lsc_kalman_cusum
1602,0.1521,raw_cusum
1603,0.0198,lsc_tail_cusum
1604,0.481,lsc_composite
1605,0.1492,raw_var_cusum
1606,1.0,lsc_composite
1607,0.1521,raw_cusum
1608,0.5619,raw_var_cusum
1609,0.481,lsc_composite
1610,1.0,lsc_composite
1611,0.10165,lsc_composite
1612,1.0,lsc_composite
1613,0.14915,lsc_tail_cusum
1614,0.5535,lsc_tail_cusum
1615,0.2774,lsc_kalman_cusum
1616,0.14915,lsc_tail_cusum
1617,0.2774,lsc_kalman_cusum
1618,0.2774,lsc_kalman_cusum
1619,0.14915,lsc_tail_cusum
1620,1.0,lsc_composite
1621,0.10165,lsc_composite
1622,1.0,lsc_composite
1623,0.481,lsc_composite
1624,0.481,lsc_composite
1625,0.10165,lsc_composite
1626,1.0,lsc_composite
1627,0.14915,lsc_tail_cusum
1628,0.14915,lsc_tail_cusum
1629,0.481,lsc_composite
1630,0.10165,lsc_composite
1631,0.1521,raw_cusum
1632,0.5619,raw_var_cusum
1633,0.1492,raw_var_cusum
1634,0.2774,lsc_kalman_cusum
1635,0.14915,lsc_tail_cusum
1636,0.10165,lsc_composite
1637,0.10165,lsc_composite
1638,0.14915,lsc_tail_cusum
1639,0.1492,raw_var_cusum
1640,0.2774,lsc_kalman_cusum
1641,1.0,lsc_composite
1642,0.1492,raw_var_cusum
1643,0.10165,lsc_composite
1644,0.1521,raw_cusum
1645,0.1521,raw_cusum
1646,0.10165,lsc_composite
1647,0.5535,lsc_tail_cusum
1648,0.481,lsc_composite
1649,0.2774,lsc_kalman_cusum
1650,0.481,lsc_composite
1651,0.1492,raw_var_cusum
1652,0.2774,lsc_kalman_cusum
1653,0.14915,lsc_tail_cusum
1654,0.2774,lsc_kalman_cusum
1655,0.481,lsc_composite
1656,0.5535,lsc_tail_cusum
1657,0.1492,raw_var_cusum
1658,0.481,lsc_composite
1659,0.1492,raw_var_cusum
1660,0.481,lsc_composite
1661,0.481,lsc_composite
1662,0.1492,raw_var_cusum
1663,0.481,lsc_composite
1664,0.02015,lsc_kalman_cusum
1665,0.14915,lsc_tail_cusum
1666,0.1492,raw_var_cusum
1667,0.481,lsc_composite
1668,0.2774,lsc_kalman_cusum
1669,0.14915,lsc_tail_cusum
1670,0.481,lsc_composite
1671,0.0183,raw_var_cusum
1672,0.1521,raw_cusum
1673,0.481,lsc_composite
1674,0.10165,lsc_composite
1675,0.5535,lsc_tail_cusum
1676,0.5535,lsc_tail_cusum
1677,0.1492,raw_var_cusum
1678,0.10165,lsc_composite
1679,0.481,lsc_composite
1680,0.5535,lsc_tail_cusum
1681,0.481,lsc_composite
1682,0.481,lsc_composite
1683,0.10165,lsc_composite
1684,0.481,lsc_composite
1685,0.02015,lsc_kalman_cusum
1686,0.02015,lsc_kalman_cusum
1687,0.2774,lsc_kalman_cusum
1688,0.02015,lsc_kalman_cusum
1689,0.481,lsc_composite
1690,0.14915,lsc_tail_cusum
1691,0.1492,raw_var_cusum
1692,1.0,lsc_composite
1693,0.1492,raw_var_cusum
1694,0.14915,lsc_tail_cusum
1695,0.481,lsc_composite
1696,0.481,lsc_composite
1697,0.5619,raw_var_cusum
1698,0.2774,lsc_kalman_cusum
1699,1.0,lsc_composite
1700,0.1521,raw_cusum
1701,0.5619,raw_var_cusum
1702,0.481,lsc_composite
1703,0.2774,lsc_kalman_cusum
1704,0.0183,raw_var_cusum
1705,0.5535,lsc_tail_cusum
1706,0.02015,lsc_kalman_cusum
1707,0.14915,lsc_tail_cusum
1708,0.0198,lsc_tail_cusum
1709,0.1521,raw_cusum
1710,0.5619,raw_var_cusum
1711,0.14915,lsc_tail_cusum
1712,0.481,lsc_composite
1713,0.481,lsc_composite
1714,0.1521,raw_cusum
1715,0.481,lsc_composite
1716,0.10165,lsc_composite
1717,0.1492,raw_var_cusum
1718,0.1521,raw_cusum
1719,0.2774,lsc_kalman_cusum
1720,0.2774,lsc_kalman_cusum
1721,0.481,lsc_composite
1722,0.5535,lsc_tail_cusum
1723,0.1492,raw_var_cusum
1724,0.5535,lsc_tail_cusum
1725,0.481,lsc_composite
1726,0.481,lsc_composite
1727,0.1521,raw_cusum
1728,0.1521,raw_cusum
1729,0.481,lsc_composite
1730,0.5619,raw_var_cusum
1731,0.481,lsc_composite
1732,0.5619,raw_var_cusum
1733,0.481,lsc_composite
1734,0.2774,lsc_kalman_cusum
1735,0.481,lsc_composite
1736,0.5535,lsc_tail_cusum
1737,0.481,lsc_composite
1738,0.481,lsc_composite
1739,0.481,lsc_composite
1740,0.2774,lsc_kalman_cusum
1741,0.14915,lsc_tail_cusum
1742,0.1521,raw_cusum
1743,0.5535,lsc_tail_cusum
1744,0.10165,lsc_composite
1745,0.14915,lsc_tail_cusum
1746,0.481,lsc_composite
1747,0.5619,raw_var_cusum
1748,0.0183,raw_var_cusum
1749,0.2774,lsc_kalman_cusum
1750,0.1521,raw_cusum
1751,0.00925,lsc_composite
1752,0.5535,lsc_tail_cusum
1753,0.0183,raw_var_cusum
1754,0.14915,lsc_tail_cusum
1755,1.0,lsc_composite
1756,0.1492,raw_var_cusum
1757,0.2774,lsc_kalman_cusum
1758,0.14915,lsc_tail_cusum
1759,0.2774,lsc_kalman_cusum
1760,0.10165,lsc_composite
1761,0.1521,raw_cusum
1762,1.0,lsc_composite
1763,0.481,lsc_composite
1764,1.0,lsc_composite
1765,0.481,lsc_composite
1766,0.481,lsc_composite
1767,0.2774,lsc_kalman_cusum
1768,0.2774,lsc_kalman_cusum
1769,0.0183,raw_var_cusum
1770,0.2774,lsc_kalman_cusum
1771,0.14915,lsc_tail_cusum
1772,0.481,lsc_composite
1773,0.2774,lsc_kalman_cusum
1774,0.481,lsc_composite
1775,0.481,lsc_composite
1776,0.1492,raw_var_cusum
1777,0.2774,lsc_kalman_cusum
1778,0.1521,raw_cusum
1779,0.10165,lsc_composite
1780,0.1492,raw_var_cusum
1781,0.14915,lsc_tail_cusum
1782,0.481,lsc_composite
1783,0.2774,lsc_kalman_cusum
1784,0.10165,lsc_composite
1785,0.0183,raw_var_cusum
1786,0.5535,lsc_tail_cusum
1787,0.1492,raw_var_cusum
1788,0.481,lsc_composite
1789,0.5535,lsc_tail_cusum
1790,0.5619,raw_var_cusum
1791,0.5535,lsc_tail_cusum
1792,0.2774,lsc_kalman_cusum
1793,0.481,lsc_composite
1794,0.5535,lsc_tail_cusum
1795,0.2774,lsc_kalman_cusum
1796,0.14915,lsc_tail_cusum
1797,1.0,lsc_composite
1798,0.10165,lsc_composite
1799,0.14915,lsc_tail_cusum
1800,0.2774,lsc_kalman_cusum
1801,0.2774,lsc_kalman_cusum
1802,0.2774,lsc_kalman_cusum
1803,0.2774,lsc_kalman_cusum
1804,0.481,lsc_composite
1805,0.2774,lsc_kalman_cusum
1806,0.2774,lsc_kalman_cusum
1807,0.14915,lsc_tail_cusum
1808,0.2774,lsc_kalman_cusum
1809,0.481,lsc_composite
1810,0.14915,lsc_tail_cusum
1811,0.1521,raw_cusum
1812,0.1492,raw_var_cusum
1813,1.0,lsc_composite
1814,0.1492,raw_var_cusum
1815,0.14915,lsc_tail_cusum
1816,0.14915,lsc_tail_cusum
1817,0.481,lsc_composite
1818,0.1492,raw_var_cusum
1819,0.481,lsc_composite
1820,0.14915,lsc_tail_cusum
1821,0.2774,lsc_kalman_cusum
1822,0.1521,raw_cusum
1823,1.0,lsc_composite
1824,0.10165,lsc_composite
1825,0.5619,raw_var_cusum
1826,0.10165,lsc_composite
1827,0.14915,lsc_tail_cusum
1828,1.0,lsc_composite
1829,0.14915,lsc_tail_cusum
1830,0.1492,raw_var_cusum
1831,0.2774,lsc_kalman_cusum
1832,0.2774,lsc_kalman_cusum
1833,0.1521,raw_cusum
1834,0.5535,lsc_tail_cusum
1835,0.14915,lsc_tail_cusum
1836,0.1521,raw_cusum
1837,0.481,lsc_composite
1838,0.2774,lsc_kalman_cusum
1839,0.2774,lsc_kalman_cusum
1840,0.10165,lsc_composite
1841,0.1521,raw_cusum
1842,0.5619,raw_var_cusum
1843,0.481,lsc_composite
1844,0.14915,lsc_tail_cusum
1845,1.0,lsc_composite
1846,0.481,lsc_composite
1847,0.1521,raw_cusum
1848,0.14915,lsc_tail_cusum
1849,0.5535,lsc_tail_cusum
1850,0.1521,raw_cusum
1851,0.1492,raw_var_cusum
1852,0.14915,lsc_tail_cusum
1853,0.481,lsc_composite
1854,0.10165,lsc_composite
1855,0.2774,lsc_kalman_cusum
1856,0.2774,lsc_kalman_cusum
1857,0.2774,lsc_kalman_cusum
1858,0.2774,lsc_kalman_cusum
1859,0.5619,raw_var_cusum
1860,0.481,lsc_composite
1861,0.5535,lsc_tail_cusum
1862,0.2774,lsc_kalman_cusum
1863,0.2774,lsc_kalman_cusum
1864,0.2774,lsc_kalman_cusum
1865,0.481,lsc_composite
1866,0.14915,lsc_tail_cusum
1867,0.5535,lsc_tail_cusum
1868,0.14915,lsc_tail_cusum
1869,0.481,lsc_composite
1870,1.0,lsc_composite
1871,0.481,lsc_composite
1872,0.1521,raw_cusum
1873,0.14915,lsc_tail_cusum
1874,0.1521,raw_cusum
1875,0.2774,lsc_kalman_cusum
1876,0.481,lsc_composite
1877,0.0183,raw_var_cusum
1878,0.2774,lsc_kalman_cusum
1879,0.5535,lsc_tail_cusum
1880,0.1492,raw_var_cusum
1881,0.481,lsc_composite
1882,0.481,lsc_composite
1883,0.14915,lsc_tail_cusum
1884,0.10165,lsc_composite
1885,0.10165,lsc_composite
1886,0.5619,raw_var_cusum
1887,0.10165,lsc_composite
1888,0.5619,raw_var_cusum
1889,0.14915,lsc_tail_cusum
1890,0.14915,lsc_tail_cusum
1891,0.14915,lsc_tail_cusum
1892,0.481,lsc_composite
1893,0.1521,raw_cusum
1894,0.2774,lsc_kalman_cusum
1895,0.5535,lsc_tail_cusum
1896,0.02015,lsc_kalman_cusum
1897,0.481,lsc_composite
1898,0.5619,raw_var_cusum
1899,0.481,lsc_composite
1900,0.5535,lsc_tail_cusum
1901,0.5535,lsc_tail_cusum
1902,0.5619,raw_var_cusum
1903,0.1492,raw_var_cusum
1904,0.14915,lsc_tail_cusum
1905,0.0183,raw_var_cusum
1906,0.5535,lsc_tail_cusum
1907,0.5619,raw_var_cusum
1908,0.1492,raw_var_cusum
1909,0.481,lsc_composite
1910,0.00925,lsc_composite
1911,0.1521,raw_cusum
1912,0.2774,lsc_kalman_cusum
1913,0.02015,lsc_kalman_cusum
1914,0.5619,raw_var_cusum
1915,0.481,lsc_composite
1916,0.14915,lsc_tail_cusum
1917,0.10165,lsc_composite
1918,0.1492,raw_var_cusum
1919,0.481,lsc_composite
1920,0.5535,lsc_tail_cusum
1921,0.10165,lsc_composite
1922,0.481,lsc_composite
1923,0.5535,lsc_tail_cusum
1924,1.0,lsc_composite
1925,0.1492,raw_var_cusum
1926,0.1492,raw_var_cusum
1927,0.1521,raw_cusum
1928,0.481,lsc_composite
1929,0.2774,lsc_kalman_cusum
1930,0.2774,lsc_kalman_cusum
1931,0.5535,lsc_tail_cusum
1932,0.5619,raw_var_cusum
1933,0.2774,lsc_kalman_cusum
1934,0.2774,lsc_kalman_cusum
1935,0.02015,lsc_kalman_cusum
1936,0.1492,raw_var_cusum
1937,0.5535,lsc_tail_cusum
1938,0.2774,lsc_kalman_cusum
1939,0.2774,lsc_kalman_cusum
1940,0.481,lsc_composite
1941,0.1521,raw_cusum
1942,0.481,lsc_composite
1943,0.1492,raw_var_cusum
1944,0.14915,lsc_tail_cusum
1945,1.0,lsc_composite
1946,0.2774,lsc_kalman_cusum
1947,0.5535,lsc_tail_cusum
1948,0.1521,raw_cusum
1949,0.1521,raw_cusum
1950,0.10165,lsc_composite
1951,0.2774,lsc_kalman_cusum
1952,0.2774,lsc_kalman_cusum
1953,0.10165,lsc_composite
1954,0.5535,lsc_tail_cusum
1955,1.0,lsc_composite
1956,0.14915,lsc_tail_cusum
1957,0.0183,raw_var_cusum
1958,0.5535,lsc_tail_cusum
1959,0.5535,lsc_tail_cusum
1960,0.14915,lsc_tail_cusum
1961,0.2774,lsc_kalman_cusum
1962,0.5535,lsc_tail_cusum
1963,0.1521,raw_cusum
1964,0.5535,lsc_tail_cusum
1965,0.1521,raw_cusum
1966,0.14915,lsc_tail_cusum
1967,0.5535,lsc_tail_cusum
1968,0.1492,raw_var_cusum
1969,0.2774,lsc_kalman_cusum
1970,1.0,lsc_composite
1971,0.5535,lsc_tail_cusum
1972,0.481,lsc_composite
1973,0.5535,lsc_tail_cusum
1974,0.1492,raw_var_cusum
1975,0.481,lsc_composite
1976,0.1521,raw_cusum
1977,0.2774,lsc_kalman_cusum
1978,0.481,lsc_composite
1979,0.2774,lsc_kalman_cusum
1980,0.1492,raw_var_cusum
1981,0.1492,raw_var_cusum
1982,0.2774,lsc_kalman_cusum
1983,0.5535,lsc_tail_cusum
1984,1.0,lsc_composite
1985,0.1492,raw_var_cusum
1986,1.0,lsc_composite
1987,0.10165,lsc_composite
1988,0.10165,lsc_composite
1989,0.0183,raw_var_cusum
1990,0.02015,lsc_kalman_cusum
1991,0.14915,lsc_tail_cusum
1992,0.10165,lsc_composite
1993,0.10165,lsc_composite
1994,0.481,lsc_composite
1995,0.10165,lsc_composite
1996,0.10165,lsc_composite
1997,0.5535,lsc_tail_cusum
1998,0.2774,lsc_kalman_cusum
1999,0.5535,lsc_tail_cusum
2000,0.1492,raw_var_cusum
2001,0.481,lsc_composite
2002,0.14915,lsc_tail_cusum
2003,0.481,lsc_composite
2004,0.1521,raw_cusum
2005,0.1492,raw_var_cusum
2006,0.0183,raw_var_cusum
2007,1.0,lsc_composite
2008,0.481,lsc_composite
2009,0.10165,lsc_composite
2010,0.2774,lsc_kalman_cusum
2011,1.0,lsc_composite
2012,0.1521,raw_cusum
2013,0.1492,raw_var_cusum
2014,0.481,lsc_composite
2015,1.0,lsc_composite
2016,0.481,lsc_composite
2017,1.0,lsc_composite
2018,0.14915,lsc_tail_cusum
2019,0.481,lsc_composite
2020,0.14915,lsc_tail_cusum
2021,0.5535,lsc_tail_cusum
2022,0.14915,lsc_tail_cusum
2023,0.481,lsc_composite
2024,0.14915,lsc_tail_cusum
2025,0.5619,raw_var_cusum
2026,0.2774,lsc_kalman_cusum
2027,0.481,lsc_composite
2028,0.1492,raw_var_cusum
2029,0.14915,lsc_tail_cusum
2030,0.1521,raw_cusum
2031,0.14915,lsc_tail_cusum
2032,0.1492,raw_var_cusum
2033,0.2774,lsc_kalman_cusum
2034,0.2774,lsc_kalman_cusum
2035,0.1521,raw_cusum
2036,0.481,lsc_composite
2037,0.5535,lsc_tail_cusum
2038,0.5619,raw_var_cusum
2039,0.2774,lsc_kalman_cusum
2040,0.1521,raw_cusum
2041,0.481,lsc_composite
2042,0.0183,raw_var_cusum
2043,0.02015,lsc_kalman_cusum
2044,0.1492,raw_var_cusum
2045,0.481,lsc_composite
2046,0.1492,raw_var_cusum
2047,0.10165,lsc_composite
2048,0.481,lsc_composite
2049,0.14915,lsc_tail_cusum
2050,0.10165,lsc_composite
2051,0.5535,lsc_tail_cusum
2052,0.2774,lsc_kalman_cusum
2053,0.5619,raw_var_cusum
2054,0.5619,raw_var_cusum
2055,0.481,lsc_composite
2056,0.10165,lsc_composite
2057,0.1492,raw_var_cusum
2058,0.481,lsc_composite
2059,1.0,lsc_composite
2060,0.481,lsc_composite
2061,0.481,lsc_composite
2062,0.2774,lsc_kalman_cusum
2063,0.10165,lsc_composite
2064,0.2774,lsc_kalman_cusum
2065,0.1521,raw_cusum
2066,1.0,lsc_composite
2067,0.1521,raw_cusum
2068,0.10165,lsc_composite
2069,0.5535,lsc_tail_cusum
2070,0.2774,lsc_kalman_cusum
2071,0.10165,lsc_composite
2072,0.5535,lsc_tail_cusum
2073,0.1521,raw_cusum
2074,0.5535,lsc_tail_cusum
2075,0.2774,lsc_kalman_cusum
2076,0.1521,raw_cusum
2077,0.481,lsc_composite
2078,0.481,lsc_composite
2079,0.0198,lsc_tail_cusum
2080,0.481,lsc_composite
2081,0.14915,lsc_tail_cusum
2082,1.0,lsc_composite
2083,0.14915,lsc_tail_cusum
2084,0.5535,lsc_tail_cusum
2085,0.1492,raw_var_cusum
2086,0.1492,raw_var_cusum
2087,0.1521,raw_cusum
2088,0.14915,lsc_tail_cusum
2089,0.14915,lsc_tail_cusum
2090,0.0198,lsc_tail_cusum
2091,0.2774,lsc_kalman_cusum
2092,0.1492,raw_var_cusum
2093,0.14915,lsc_tail_cusum
2094,1.0,lsc_composite
2095,0.2774,lsc_kalman_cusum
2096,0.10165,lsc_composite
2097,0.5619,raw_var_cusum
2098,0.481,lsc_composite
2099,0.1492,raw_var_cusum
2100,0.5619,raw_var_cusum
2101,0.481,lsc_composite
2102,0.481,lsc_composite
2103,0.5535,lsc_tail_cusum
2104,0.5619,raw_var_cusum
2105,0.481,lsc_composite
2106,0.02015,lsc_kalman_cusum
2107,0.1521,raw_cusum
2108,0.2774,lsc_kalman_cusum
2109,0.5535,lsc_tail_cusum
2110,0.14915,lsc_tail_cusum
2111,0.481,lsc_composite
2112,0.1521,raw_cusum
2113,0.1492,raw_var_cusum
2114,0.5535,lsc_tail_cusum
2115,0.0198,lsc_tail_cusum
2116,0.5619,raw_var_cusum
2117,0.02015,lsc_kalman_cusum
2118,0.481,lsc_composite
2119,0.14915,lsc_tail_cusum
2120,0.1492,raw_var_cusum
2121,0.1492,raw_var_cusum
2122,0.1492,raw_var_cusum
2123,0.0198,lsc_tail_cusum
2124,0.2774,lsc_kalman_cusum
2125,0.14915,lsc_tail_cusum
2126,0.2774,lsc_kalman_cusum
2127,0.481,lsc_composite
2128,0.00925,lsc_composite
2129,0.5619,raw_var_cusum
2130,0.2774,lsc_kalman_cusum
2131,0.5535,lsc_tail_cusum
2132,0.1521,raw_cusum
2133,0.5619,raw_var_cusum
2134,0.1521,raw_cusum
2135,0.5619,raw_var_cusum
2136,0.1521,raw_cusum
2137,0.5535,lsc_tail_cusum
2138,0.2774,lsc_kalman_cusum
2139,0.1492,raw_var_cusum
2140,0.2774,lsc_kalman_cusum
2141,0.481,lsc_composite
2142,0.2774,lsc_kalman_cusum
2143,0.14915,lsc_tail_cusum
2144,0.14915,lsc_tail_cusum
2145,0.2774,lsc_kalman_cusum
2146,0.14915,lsc_tail_cusum
2147,0.5535,lsc_tail_cusum
2148,0.14915,lsc_tail_cusum
2149,0.1521,raw_cusum
2150,0.2774,lsc_kalman_cusum
2151,0.0183,raw_var_cusum
2152,0.10165,lsc_composite
2153,0.1521,raw_cusum
2154,0.5619,raw_var_cusum
2155,0.14915,lsc_tail_cusum
2156,0.1492,raw_var_cusum
2157,0.2774,lsc_kalman_cusum
2158,0.1521,raw_cusum
2159,0.1521,raw_cusum
2160,0.1521,raw_cusum
2161,0.481,lsc_composite
2162,0.10165,lsc_composite
2163,1.0,lsc_composite
2164,0.14915,lsc_tail_cusum
2165,0.1521,raw_cusum
2166,0.10165,lsc_composite
2167,0.14915,lsc_tail_cusum
2168,0.5619,raw_var_cusum
2169,0.1492,raw_var_cusum
2170,0.2774,lsc_kalman_cusum
2171,0.481,lsc_composite
2172,0.2774,lsc_kalman_cusum
2173,0.2774,lsc_kalman_cusum
2174,0.5535,lsc_tail_cusum
2175,0.2774,lsc_kalman_cusum
2176,1.0,lsc_composite
2177,0.2774,lsc_kalman_cusum
2178,0.2774,lsc_kalman_cusum
2179,0.1521,raw_cusum
2180,0.0198,lsc_tail_cusum
2181,0.10165,lsc_composite
2182,0.5535,lsc_tail_cusum
2183,0.481,lsc_composite
2184,0.02015,lsc_kalman_cusum
2185,0.1492,raw_var_cusum
2186,0.1492,raw_var_cusum
2187,0.14915,lsc_tail_cusum
2188,0.481,lsc_composite
2189,0.10165,lsc_composite
2190,0.1492,raw_var_cusum
2191,0.10165,lsc_composite
2192,0.2774,lsc_kalman_cusum
2193,0.00925,lsc_composite
2194,0.0183,raw_var_cusum
2195,0.5619,raw_var_cusum
2196,0.0012,raw_var_cusum
2197,0.1492,raw_var_cusum
2198,0.5535,lsc_tail_cusum
2199,0.1521,raw_cusum
2200,0.5535,lsc_tail_cusum
2201,1.0,lsc_composite
2202,0.1521,raw_cusum
2203,1.0,lsc_composite
2204,1.0,lsc_composite
2205,0.14915,lsc_tail_cusum
2206,1.0,lsc_composite
2207,0.2774,lsc_kalman_cusum
2208,0.14915,lsc_tail_cusum
2209,1.0,lsc_composite
2210,0.481,lsc_composite
2211,0.2774,lsc_kalman_cusum
2212,0.1492,raw_var_cusum
2213,0.0198,lsc_tail_cusum
2214,0.5535,lsc_tail_cusum
2215,0.5619,raw_var_cusum
2216,0.481,lsc_composite
2217,0.1521,raw_cusum
2218,0.1492,raw_var_cusum
2219,0.2774,lsc_kalman_cusum
2220,0.10165,lsc_composite
2221,0.2774,lsc_kalman_cusum
2222,0.5619,raw_var_cusum
2223,0.481,lsc_composite
2224,0.1492,raw_var_cusum
2225,1.0,lsc_composite
2226,0.2774,lsc_kalman_cusum
2227,0.481,lsc_composite
2228,0.481,lsc_composite
2229,0.5535,lsc_tail_cusum
2230,0.5619,raw_var_cusum
2231,0.481,lsc_composite
2232,0.1492,raw_var_cusum
2233,1.0,lsc_composite
2234,0.481,lsc_composite
2235,1.0,lsc_composite
2236,0.5535,lsc_tail_cusum
2237,0.481,lsc_composite
2238,0.5535,lsc_tail_cusum
2239,1.0,lsc_composite
2240,0.14915,lsc_tail_cusum
2241,0.14915,lsc_tail_cusum
2242,0.14915,lsc_tail_cusum
2243,0.1521,raw_cusum
2244,0.5535,lsc_tail_cusum
2245,0.02015,lsc_kalman_cusum
2246,0.1521,raw_cusum
2247,0.0183,raw_var_cusum
2248,0.481,lsc_composite
2249,0.14915,lsc_tail_cusum
2250,0.2774,lsc_kalman_cusum
2251,0.10165,lsc_composite
2252,0.5535,lsc_tail_cusum
2253,0.5535,lsc_tail_cusum
2254,0.0198,lsc_tail_cusum
2255,0.14915,lsc_tail_cusum
2256,0.481,lsc_composite
2257,0.5535,lsc_tail_cusum
2258,0.0198,lsc_tail_cusum
2259,0.02015,lsc_kalman_cusum
2260,0.481,lsc_composite
2261,0.14915,lsc_tail_cusum
2262,0.5619,raw_var_cusum
2263,0.14915,lsc_tail_cusum
2264,0.14915,lsc_tail_cusum
2265,0.481,lsc_composite
2266,0.14915,lsc_tail_cusum
2267,0.10165,lsc_composite
2268,0.14915,lsc_tail_cusum
2269,0.2774,lsc_kalman_cusum
2270,0.481,lsc_composite
2271,0.1521,raw_cusum
2272,0.14915,lsc_tail_cusum
2273,0.481,lsc_composite
2274,0.5535,lsc_tail_cusum
2275,0.481,lsc_composite
2276,0.5619,raw_var_cusum
2277,0.481,lsc_composite
2278,0.0183,raw_var_cusum
2279,0.5535,lsc_tail_cusum
2280,0.481,lsc_composite
2281,1.0,lsc_composite
2282,0.5535,lsc_tail_cusum
2283,0.14915,lsc_tail_cusum
2284,0.481,lsc_composite
2285,0.481,lsc_composite
2286,0.5619,raw_var_cusum
2287,0.2774,lsc_kalman_cusum
2288,0.481,lsc_composite
2289,0.481,lsc_composite
2290,0.14915,lsc_tail_cusum
2291,0.00925,lsc_composite
2292,0.2774,lsc_kalman_cusum
2293,0.1492,raw_var_cusum
2294,0.1521,raw_cusum
2295,0.02015,lsc_kalman_cusum
2296,0.481,lsc_composite
2297,0.1492,raw_var_cusum
2298,0.2774,lsc_kalman_cusum
2299,1.0,lsc_composite
2300,0.481,lsc_composite
2301,0.481,lsc_composite
2302,0.02015,lsc_kalman_cusum
2303,0.10165,lsc_composite
2304,0.00925,lsc_composite
2305,0.10165,lsc_composite
2306,0.1521,raw_cusum
2307,0.2774,lsc_kalman_cusum
2308,0.14915,lsc_tail_cusum
2309,0.481,lsc_composite
2310,0.2774,lsc_kalman_cusum
2311,1.0,lsc_composite
2312,0.14915,lsc_tail_cusum
2313,0.2774,lsc_kalman_cusum
2314,0.14915,lsc_tail_cusum
2315,0.5535,lsc_tail_cusum
2316,0.2774,lsc_kalman_cusum
2317,0.1521,raw_cusum
2318,0.481,lsc_composite
2319,1.0,lsc_composite
2320,0.5535,lsc_tail_cusum
2321,0.1492,raw_var_cusum
2322,0.1521,raw_cusum
2323,0.14915,lsc_tail_cusum
2324,0.0198,lsc_tail_cusum
2325,0.10165,lsc_composite
2326,0.2774,lsc_kalman_cusum
2327,0.2774,lsc_kalman_cusum
2328,0.5535,lsc_tail_cusum
2329,0.2774,lsc_kalman_cusum
2330,0.10165,lsc_composite
2331,0.5535,lsc_tail_cusum
2332,0.1492,raw_var_cusum
2333,0.481,lsc_composite
2334,0.14915,lsc_tail_cusum
2335,0.10165,lsc_composite
2336,0.481,lsc_composite
2337,0.0198,lsc_tail_cusum
2338,0.2774,lsc_kalman_cusum
2339,0.14915,lsc_tail_cusum
2340,0.481,lsc_composite
2341,0.5535,lsc_tail_cusum
2342,0.1492,raw_var_cusum
2343,0.02015,lsc_kalman_cusum
2344,0.2774,lsc_kalman_cusum
2345,1.0,lsc_composite
2346,0.2774,lsc_kalman_cusum
2347,0.1492,raw_var_cusum
2348,0.2774,lsc_kalman_cusum
2349,0.481,lsc_composite
2350,0.1521,raw_cusum
2351,0.5619,raw_var_cusum
2352,0.10165,lsc_composite
2353,0.5619,raw_var_cusum
2354,0.5535,lsc_tail_cusum
2355,0.1521,raw_cusum
2356,0.481,lsc_composite
2357,0.10165,lsc_composite
2358,0.5535,lsc_tail_cusum
2359,0.2774,lsc_kalman_cusum
2360,0.14915,lsc_tail_cusum
2361,0.1492,raw_var_cusum
2362,0.2774,lsc_kalman_cusum
2363,0.14915,lsc_tail_cusum
2364,0.2774,lsc_kalman_cusum
2365,0.481,lsc_composite
2366,0.481,lsc_composite
2367,0.481,lsc_composite
2368,0.5535,lsc_tail_cusum
2369,0.14915,lsc_tail_cusum
2370,0.481,lsc_composite
2371,0.5619,raw_var_cusum
2372,0.00015,lsc_composite
2373,0.481,lsc_composite
2374,0.02015,lsc_kalman_cusum
2375,0.1492,raw_var_cusum
2376,0.2774,lsc_kalman_cusum
2377,0.1521,raw_cusum
2378,0.2774,lsc_kalman_cusum
2379,0.5535,lsc_tail_cusum
2380,0.481,lsc_composite
2381,0.2774,lsc_kalman_cusum
2382,0.5619,raw_var_cusum
2383,0.5535,lsc_tail_cusum
2384,0.2774,lsc_kalman_cusum
2385,0.481,lsc_composite
2386,0.481,lsc_composite
2387,0.14915,lsc_tail_cusum
2388,0.14915,lsc_tail_cusum
2389,0.0183,raw_var_cusum
2390,0.1521,raw_cusum
2391,0.5535,lsc_tail_cusum
2392,0.481,lsc_composite
2393,0.0183,raw_var_cusum
2394,0.5535,lsc_tail_cusum
2395,0.2774,lsc_kalman_cusum
2396,0.14915,lsc_tail_cusum
2397,1.0,lsc_composite
2398,0.481,lsc_composite
2399,1.0,lsc_composite
2400,0.14915,lsc_tail_cusum
2401,0.481,lsc_composite
2402,0.2774,lsc_kalman_cusum
2403,1.0,lsc_composite
2404,0.5619,raw_var_cusum
2405,0.1521,raw_cusum
2406,0.5535,lsc_tail_cusum
2407,0.1521,raw_cusum
2408,0.1492,raw_var_cusum
2409,0.481,lsc_composite
2410,0.481,lsc_composite
2411,0.14915,lsc_tail_cusum
2412,0.5535,lsc_tail_cusum
2413,0.10165,lsc_composite
2414,0.14915,lsc_tail_cusum
2415,0.14915,lsc_tail_cusum
2416,0.5535,lsc_tail_cusum
2417,0.481,lsc_composite
2418,0.2774,lsc_kalman_cusum
2419,0.1492,raw_var_cusum
2420,0.5619,raw_var_cusum
2421,0.5535,lsc_tail_cusum
2422,0.2774,lsc_kalman_cusum
2423,0.14915,lsc_tail_cusum
2424,0.1521,raw_cusum
2425,0.14915,lsc_tail_cusum
2426,0.14915,lsc_tail_cusum
2427,0.2774,lsc_kalman_cusum
2428,0.1521,raw_cusum
2429,0.5535,lsc_tail_cusum
2430,0.1521,raw_cusum
2431,0.14915,lsc_tail_cusum
2432,1.0,lsc_composite
2433,0.2774,lsc_kalman_cusum
2434,0.1492,raw_var_cusum
2435,0.2774,lsc_kalman_cusum
2436,1.0,lsc_composite
2437,0.481,lsc_composite
2438,0.5535,lsc_tail_cusum
2439,0.2774,lsc_kalman_cusum
2440,0.10165,lsc_composite
2441,0.1521,raw_cusum
2442,0.10165,lsc_composite
2443,0.2774,lsc_kalman_cusum
2444,0.5619,raw_var_cusum
2445,0.1492,raw_var_cusum
2446,1.0,lsc_composite
2447,0.5619,raw_var_cusum
2448,0.14915,lsc_tail_cusum
2449,0.1521,raw_cusum
2450,0.1492,raw_var_cusum
2451,0.1492,raw_var_cusum
2452,0.14915,lsc_tail_cusum
2453,1.0,lsc_composite
2454,0.0183,raw_var_cusum
2455,0.10165,lsc_composite
2456,0.1521,raw_cusum
2457,0.5535,lsc_tail_cusum
2458,0.2774,lsc_kalman_cusum
2459,1.0,lsc_composite
2460,1.0,lsc_composite
2461,0.1492,raw_var_cusum
2462,0.5619,raw_var_cusum
2463,0.5619,raw_var_cusum
2464,0.2774,lsc_kalman_cusum
2465,0.481,lsc_composite
2466,0.481,lsc_composite
2467,0.14915,lsc_tail_cusum
2468,0.10165,lsc_composite
2469,0.1492,raw_var_cusum
2470,0.02015,lsc_kalman_cusum
2471,0.5535,lsc_tail_cusum
2472,0.1521,raw_cusum
2473,0.2774,lsc_kalman_cusum
2474,0.5619,raw_var_cusum
2475,0.1521,raw_cusum
2476,0.14915,lsc_tail_cusum
2477,0.10165,lsc_composite
2478,0.14915,lsc_tail_cusum
2479,0.1521,raw_cusum
2480,0.5535,lsc_tail_cusum
2481,0.481,lsc_composite
2482,0.1492,raw_var_cusum
2483,0.14915,lsc_tail_cusum
2484,0.10165,lsc_composite
2485,0.481,lsc_composite
2486,1.0,lsc_composite
2487,0.5535,lsc_tail_cusum
2488,0.1521,raw_cusum
2489,0.481,lsc_composite
2490,0.1492,raw_var_cusum
2491,0.5535,lsc_tail_cusum
2492,0.481,lsc_composite
2493,0.2774,lsc_kalman_cusum
2494,0.481,lsc_composite
2495,1.0,lsc_composite
2496,1.0,lsc_composite
2497,0.14915,lsc_tail_cusum
2498,0.481,lsc_composite
2499,0.1492,raw_var_cusum
2500,0.1521,raw_cusum
2501,0.2774,lsc_kalman_cusum
2502,0.10165,lsc_composite
2503,0.14915,lsc_tail_cusum
2504,0.481,lsc_composite
2505,0.2774,lsc_kalman_cusum
2506,0.10165,lsc_composite
2507,0.5535,lsc_tail_cusum
2508,0.2774,lsc_kalman_cusum
2509,0.2774,lsc_kalman_cusum
2510,0.481,lsc_composite
2511,0.14915,lsc_tail_cusum
2512,0.5535,lsc_tail_cusum
2513,0.481,lsc_composite
2514,0.10165,lsc_composite
2515,0.5535,lsc_tail_cusum
2516,0.10165,lsc_composite
2517,0.481,lsc_composite
2518,0.5619,raw_var_cusum
2519,0.14915,lsc_tail_cusum
2520,0.481,lsc_composite
2521,0.2774,lsc_kalman_cusum
2522,0.5619,raw_var_cusum
2523,0.0183,raw_var_cusum
2524,0.5535,lsc_tail_cusum
2525,0.10165,lsc_composite
2526,0.481,lsc_composite
2527,0.0198,lsc_tail_cusum
2528,0.10165,lsc_composite
2529,0.481,lsc_composite
2530,0.1492,raw_var_cusum
2531,0.5535,lsc_tail_cusum
2532,0.481,lsc_composite
2533,0.14915,lsc_tail_cusum
2534,0.481,lsc_composite
2535,0.2774,lsc_kalman_cusum
2536,0.1492,raw_var_cusum
2537,0.1492,raw_var_cusum
2538,0.14915,lsc_tail_cusum
2539,0.10165,lsc_composite
2540,0.1521,raw_cusum
2541,0.2774,lsc_kalman_cusum
2542,0.1492,raw_var_cusum
2543,0.10165,lsc_composite
2544,0.10165,lsc_composite
2545,0.2774,lsc_kalman_cusum
2546,0.2774,lsc_kalman_cusum
2547,0.5535,lsc_tail_cusum
2548,0.10165,lsc_composite
2549,0.5535,lsc_tail_cusum
2550,1.0,lsc_composite
2551,0.5619,raw_var_cusum
2552,0.02015,lsc_kalman_cusum
2553,0.0198,lsc_tail_cusum
2554,0.481,lsc_composite
2555,0.14915,lsc_tail_cusum
2556,0.10165,lsc_composite
2557,0.1492,raw_var_cusum
2558,0.1492,raw_var_cusum
2559,0.1492,raw_var_cusum
2560,0.1521,raw_cusum
2561,0.10165,lsc_composite
2562,0.1492,raw_var_cusum
2563,0.14915,lsc_tail_cusum
2564,0.481,lsc_composite
2565,0.2774,lsc_kalman_cusum
2566,0.481,lsc_composite
2567,0.1492,raw_var_cusum
2568,0.5619,raw_var_cusum
2569,0.14915,lsc_tail_cusum
2570,0.1521,raw_cusum
2571,0.481,lsc_composite
2572,0.1521,raw_cusum
2573,0.481,lsc_composite
2574,0.1521,raw_cusum
2575,0.5619,raw_var_cusum
2576,0.1492,raw_var_cusum
2577,0.481,lsc_composite
2578,0.481,lsc_composite
2579,0.2774,lsc_kalman_cusum
2580,0.1492,raw_var_cusum
2581,0.5535,lsc_tail_cusum
2582,0.5535,lsc_tail_cusum
2583,1.0,lsc_composite
2584,0.5535,lsc_tail_cusum
2585,0.14915,lsc_tail_cusum
2586,0.481,lsc_composite
2587,0.2774,lsc_kalman_cusum
2588,1.0,lsc_composite
2589,0.5619,raw_var_cusum
2590,0.1492,raw_var_cusum
2591,0.10165,lsc_composite
2592,0.10165,lsc_composite
2593,0.02015,lsc_kalman_cusum
2594,0.10165,lsc_composite
2595,0.1492,raw_var_cusum
2596,0.1492,raw_var_cusum
2597,0.1521,raw_cusum
2598,0.14915,lsc_tail_cusum
2599,0.5535,lsc_tail_cusum
2600,0.481,lsc_composite
2601,0.481,lsc_composite
2602,0.2774,lsc_kalman_cusum
2603,0.2774,lsc_kalman_cusum
2604,0.0183,raw_var_cusum
2605,0.2774,lsc_kalman_cusum
2606,0.2774,lsc_kalman_cusum
2607,0.1521,raw_cusum
2608,0.481,lsc_composite
2609,0.14915,lsc_tail_cusum
2610,0.481,lsc_composite
2611,0.2774,lsc_kalman_cusum
2612,0.2774,lsc_kalman_cusum
2613,0.14915,lsc_tail_cusum
2614,0.481,lsc_composite
2615,0.481,lsc_composite
2616,0.1521,raw_cusum
2617,0.10165,lsc_composite
2618,0.10165,lsc_composite
2619,0.481,lsc_composite
2620,0.481,lsc_composite
2621,1.0,lsc_composite
2622,0.0198,lsc_tail_cusum
2623,0.1521,raw_cusum
2624,0.481,lsc_composite
2625,0.2774,lsc_kalman_cusum
2626,1.0,lsc_composite
2627,0.10165,lsc_composite
2628,0.2774,lsc_kalman_cusum
2629,0.14915,lsc_tail_cusum
2630,0.1492,raw_var_cusum
2631,0.1492,raw_var_cusum
2632,0.481,lsc_composite
2633,0.02015,lsc_kalman_cusum
2634,1.0,lsc_composite
2635,0.10165,lsc_composite
2636,0.1492,raw_var_cusum
2637,0.2774,lsc_kalman_cusum
2638,0.02015,lsc_kalman_cusum
2639,0.5535,lsc_tail_cusum
2640,0.5535,lsc_tail_cusum
2641,0.0198,lsc_tail_cusum
2642,0.2774,lsc_kalman_cusum
2643,0.2774,lsc_kalman_cusum
2644,0.1521,raw_cusum
2645,0.2774,lsc_kalman_cusum
2646,0.2774,lsc_kalman_cusum
2647,0.5535,lsc_tail_cusum
2648,0.2774,lsc_kalman_cusum
2649,0.5619,raw_var_cusum
2650,1.0,lsc_composite
2651,1.0,lsc_composite
2652,1.0,lsc_composite
2653,0.10165,lsc_composite
2654,0.1521,raw_cusum
2655,0.5619,raw_var_cusum
2656,0.1492,raw_var_cusum
2657,0.5535,lsc_tail_cusum
2658,0.1492,raw_var_cusum
2659,0.10165,lsc_composite
2660,0.1521,raw_cusum
2661,0.14915,lsc_tail_cusum
2662,0.14915,lsc_tail_cusum
2663,0.10165,lsc_composite
2664,1.0,lsc_composite
2665,0.1492,raw_var_cusum
2666,0.5535,lsc_tail_cusum
2667,0.14915,lsc_tail_cusum
2668,1.0,lsc_composite
2669,0.481,lsc_composite
2670,0.2774,lsc_kalman_cusum
2671,0.481,lsc_composite
2672,0.5535,lsc_tail_cusum
2673,0.481,lsc_composite
2674,0.1492,raw_var_cusum
2675,0.1492,raw_var_cusum
2676,0.5535,lsc_tail_cusum
2677,0.5619,raw_var_cusum
2678,0.10165,lsc_composite
2679,0.481,lsc_composite
2680,0.02015,lsc_kalman_cusum
2681,0.1492,raw_var_cusum
2682,0.5535,lsc_tail_cusum
2683,0.5535,lsc_tail_cusum
2684,0.0183,raw_var_cusum
2685,1.0,lsc_composite
2686,0.10165,lsc_composite
2687,0.10165,lsc_composite
2688,0.14915,lsc_tail_cusum
2689,0.5535,lsc_tail_cusum
2690,0.1521,raw_cusum
2691,0.2774,lsc_kalman_cusum
2692,0.5535,lsc_tail_cusum
2693,0.00925,lsc_composite
2694,0.14915,lsc_tail_cusum
2695,0.481,lsc_composite
2696,1.0,lsc_composite
2697,0.5535,lsc_tail_cusum
2698,0.0183,raw_var_cusum
2699,0.5535,lsc_tail_cusum
2700,0.1492,raw_var_cusum
2701,0.1492,raw_var_cusum
2702,0.2774,lsc_kalman_cusum
2703,0.2774,lsc_kalman_cusum
2704,0.1521,raw_cusum
2705,0.2774,lsc_kalman_cusum
2706,0.481,lsc_composite
2707,0.1521,raw_cusum
2708,0.5535,lsc_tail_cusum
2709,0.5535,lsc_tail_cusum
2710,1.0,lsc_composite
2711,0.5619,raw_var_cusum
2712,0.1521,raw_cusum
2713,0.1492,raw_var_cusum
2714,0.1521,raw_cusum
2715,0.2774,lsc_kalman_cusum
2716,0.02015,lsc_kalman_cusum
2717,0.5619,raw_var_cusum
2718,0.481,lsc_composite
2719,0.5535,lsc_tail_cusum
2720,0.5535,lsc_tail_cusum
2721,0.2774,lsc_kalman_cusum
2722,0.481,lsc_composite
2723,0.2774,lsc_kalman_cusum
2724,0.14915,lsc_tail_cusum
2725,0.5535,lsc_tail_cusum
2726,0.2774,lsc_kalman_cusum
2727,0.0198,lsc_tail_cusum
2728,0.14915,lsc_tail_cusum
2729,0.481,lsc_composite
2730,0.14915,lsc_tail_cusum
2731,0.5619,raw_var_cusum
2732,0.481,lsc_composite
2733,0.10165,lsc_composite
2734,0.2774,lsc_kalman_cusum
2735,0.00925,lsc_composite
2736,0.5535,lsc_tail_cusum
2737,0.10165,lsc_composite
2738,0.02015,lsc_kalman_cusum
2739,0.1521,raw_cusum
2740,0.1492,raw_var_cusum
2741,0.5619,raw_var_cusum
2742,0.1521,raw_cusum
2743,0.5619,raw_var_cusum
2744,0.481,lsc_composite
2745,0.481,lsc_composite
2746,0.5535,lsc_tail_cusum
2747,0.5619,raw_var_cusum
2748,0.14915,lsc_tail_cusum
2749,0.5619,raw_var_cusum
2750,0.5535,lsc_tail_cusum
2751,0.2774,lsc_kalman_cusum
2752,0.1492,raw_var_cusum
2753,0.1521,raw_cusum
2754,0.5535,lsc_tail_cusum
2755,0.0183,raw_var_cusum
2756,1.0,lsc_composite
2757,0.2774,lsc_kalman_cusum
2758,0.481,lsc_composite
2759,0.1492,raw_var_cusum
2760,0.14915,lsc_tail_cusum
2761,0.2774,lsc_kalman_cusum
2762,1.0,lsc_composite
2763,0.10165,lsc_composite
2764,0.14915,lsc_tail_cusum
2765,0.1492,raw_var_cusum
2766,0.1492,raw_var_cusum
2767,0.14915,lsc_tail_cusum
2768,0.2774,lsc_kalman_cusum
2769,0.1521,raw_cusum
2770,0.10165,lsc_composite
2771,0.481,lsc_composite
2772,0.1492,raw_var_cusum
2773,1.0,lsc_composite
2774,0.481,lsc_composite
2775,0.02015,lsc_kalman_cusum
2776,0.1492,raw_var_cusum
2777,0.481,lsc_composite
2778,0.1492,raw_var_cusum
2779,0.14915,lsc_tail_cusum
2780,0.14915,lsc_tail_cusum
2781,0.481,lsc_composite
2782,0.1492,raw_var_cusum
2783,0.1521,raw_cusum
2784,0.5619,raw_var_cusum
2785,0.1492,raw_var_cusum
2786,0.1521,raw_cusum
2787,0.1492,raw_var_cusum
2788,0.481,lsc_composite
2789,0.1521,raw_cusum
2790,0.5535,lsc_tail_cusum
2791,0.14915,lsc_tail_cusum
2792,0.2774,lsc_kalman_cusum
2793,0.2774,lsc_kalman_cusum
2794,0.10165,lsc_composite
2795,0.0183,raw_var_cusum
2796,0.5535,lsc_tail_cusum
2797,1.0,lsc_composite
2798,0.10165,lsc_composite
2799,0.0198,lsc_tail_cusum
2800,0.481,lsc_composite
2801,0.10165,lsc_composite
2802,0.1521,raw_cusum
2803,0.481,lsc_composite
2804,0.5535,lsc_tail_cusum
2805,0.10165,lsc_composite
2806,0.14915,lsc_tail_cusum
2807,1.0,lsc_composite
2808,0.0198,lsc_tail_cusum
2809,0.10165,lsc_composite
2810,0.2774,lsc_kalman_cusum
2811,0.10165,lsc_composite
2812,0.14915,lsc_tail_cusum
2813,0.2774,lsc_kalman_cusum
2814,0.5535,lsc_tail_cusum
2815,0.2774,lsc_kalman_cusum
2816,1.0,lsc_composite
2817,0.481,lsc_composite
2818,0.10165,lsc_composite
2819,0.1521,raw_cusum
2820,0.2774,lsc_kalman_cusum
2821,0.10165,lsc_composite
2822,0.481,lsc_composite
2823,0.14915,lsc_tail_cusum
2824,0.5535,lsc_tail_cusum
2825,0.14915,lsc_tail_cusum
2826,0.2774,lsc_kalman_cusum
2827,0.1521,raw_cusum
2828,1.0,lsc_composite
2829,1.0,lsc_composite
2830,1.0,lsc_composite
2831,0.481,lsc_composite
2832,0.14915,lsc_tail_cusum
2833,0.5619,raw_var_cusum
2834,0.00925,lsc_composite
2835,0.14915,lsc_tail_cusum
2836,0.2774,lsc_kalman_cusum
2837,0.1521,raw_cusum
2838,0.5535,lsc_tail_cusum
2839,0.2774,lsc_kalman_cusum
2840,0.5535,lsc_tail_cusum
2841,0.1492,raw_var_cusum
2842,0.1521,raw_cusum
2843,0.5535,lsc_tail_cusum
2844,0.5535,lsc_tail_cusum
2845,0.481,lsc_composite
2846,0.1521,raw_cusum
2847,0.1492,raw_var_cusum
2848,0.14915,lsc_tail_cusum
2849,1.0,lsc_composite
2850,0.481,lsc_composite
2851,0.2774,lsc_kalman_cusum
2852,0.10165,lsc_composite
2853,0.14915,lsc_tail_cusum
2854,0.5619,raw_var_cusum
2855,0.0183,raw_var_cusum
2856,0.2774,lsc_kalman_cusum
2857,0.5619,raw_var_cusum
2858,0.481,lsc_composite
2859,0.5535,lsc_tail_cusum
2860,0.481,lsc_composite
2861,0.14915,lsc_tail_cusum
2862,0.0198,lsc_tail_cusum
2863,0.481,lsc_composite
2864,0.481,lsc_composite
2865,0.1521,raw_cusum
2866,0.10165,lsc_composite
2867,0.5619,raw_var_cusum
2868,0.5535,lsc_tail_cusum
2869,0.1492,raw_var_cusum
2870,0.1492,raw_var_cusum
2871,0.481,lsc_composite
2872,0.481,lsc_composite
2873,0.14915,lsc_tail_cusum
2874,0.1492,raw_var_cusum
2875,0.2774,lsc_kalman_cusum
2876,0.5619,raw_var_cusum
2877,0.1521,raw_cusum
2878,0.1521,raw_cusum
2879,0.481,lsc_composite
2880,0.14915,lsc_tail_cusum
2881,1.0,lsc_composite
2882,0.14915,lsc_tail_cusum
2883,0.1492,raw_var_cusum
2884,0.14915,lsc_tail_cusum
2885,0.2774,lsc_kalman_cusum
2886,0.1521,raw_cusum
2887,0.14915,lsc_tail_cusum
2888,0.00925,lsc_composite
2889,0.1492,raw_var_cusum
2890,0.2774,lsc_kalman_cusum
2891,0.14915,lsc_tail_cusum
2892,0.5535,lsc_tail_cusum
2893,0.2774,lsc_kalman_cusum
2894,0.1492,raw_var_cusum
2895,0.1521,raw_cusum
2896,0.2774,lsc_kalman_cusum
2897,0.5535,lsc_tail_cusum
2898,0.10165,lsc_composite
2899,0.2774,lsc_kalman_cusum
2900,0.1521,raw_cusum
2901,0.1492,raw_var_cusum
2902,0.481,lsc_composite
2903,0.14915,lsc_tail_cusum
2904,0.14915,lsc_tail_cusum
2905,0.00075,lsc_tail_cusum
2906,0.14915,lsc_tail_cusum
2907,0.481,lsc_composite
2908,0.1492,raw_var_cusum
2909,0.5535,lsc_tail_cusum
2910,0.10165,lsc_composite
2911,0.481,lsc_composite
2912,0.10165,lsc_composite
2913,0.1521,raw_cusum
2914,0.1492,raw_var_cusum
2915,0.1492,raw_var_cusum
2916,0.5619,raw_var_cusum
2917,0.481,lsc_composite
2918,0.02015,lsc_kalman_cusum
2919,0.481,lsc_composite
2920,0.1521,raw_cusum
2921,0.14915,lsc_tail_cusum
2922,0.1521,raw_cusum
2923,0.5619,raw_var_cusum
2924,0.14915,lsc_tail_cusum
2925,0.481,lsc_composite
2926,0.1492,raw_var_cusum
2927,0.10165,lsc_composite
2928,0.481,lsc_composite
2929,0.02015,lsc_kalman_cusum
2930,0.0198,lsc_tail_cusum
2931,0.10165,lsc_composite
2932,0.14915,lsc_tail_cusum
2933,0.5535,lsc_tail_cusum
2934,0.10165,lsc_composite
2935,0.14915,lsc_tail_cusum
2936,1.0,lsc_composite
2937,0.1492,raw_var_cusum
2938,0.5535,lsc_tail_cusum
2939,0.1521,raw_cusum
2940,0.481,lsc_composite
2941,0.5619,raw_var_cusum
2942,0.2774,lsc_kalman_cusum
2943,0.14915,lsc_tail_cusum
2944,0.14915,lsc_tail_cusum
2945,0.481,lsc_composite
2946,0.10165,lsc_composite
2947,0.481,lsc_composite
2948,0.14915,lsc_tail_cusum
2949,0.14915,lsc_tail_cusum
2950,0.2774,lsc_kalman_cusum
2951,0.1492,raw_var_cusum
2952,1.0,lsc_composite
2953,0.5535,lsc_tail_cusum
2954,0.1492,raw_var_cusum
2955,0.5535,lsc_tail_cusum
2956,0.1492,raw_var_cusum
2957,0.14915,lsc_tail_cusum
2958,0.14915,lsc_tail_cusum
2959,0.5535,lsc_tail_cusum
2960,0.5619,raw_var_cusum
2961,0.10165,lsc_composite
2962,0.1521,raw_cusum
2963,0.5619,raw_var_cusum
2964,0.1521,raw_cusum
2965,0.481,lsc_composite
2966,0.2774,lsc_kalman_cusum
2967,0.5535,lsc_tail_cusum
2968,0.5535,lsc_tail_cusum
2969,0.481,lsc_composite
2970,0.481,lsc_composite
2971,0.2774,lsc_kalman_cusum
2972,0.1521,raw_cusum
2973,0.14915,lsc_tail_cusum
2974,0.2774,lsc_kalman_cusum
2975,0.2774,lsc_kalman_cusum
2976,0.5619,raw_var_cusum
2977,0.0198,lsc_tail_cusum
2978,0.1521,raw_cusum
2979,0.1521,raw_cusum
2980,0.5535,lsc_tail_cusum
2981,0.481,lsc_composite
2982,0.2774,lsc_kalman_cusum
2983,0.5535,lsc_tail_cusum
2984,0.14915,lsc_tail_cusum
2985,0.0198,lsc_tail_cusum
2986,0.00075,lsc_tail_cusum
2987,0.481,lsc_composite
2988,0.481,lsc_composite
2989,0.14915,lsc_tail_cusum
2990,1.0,lsc_composite
2991,0.0198,lsc_tail_cusum
2992,0.5619,raw_var_cusum
2993,0.5619,raw_var_cusum
2994,0.5619,raw_var_cusum
2995,0.2774,lsc_kalman_cusum
2996,0.10165,lsc_composite
2997,0.5619,raw_var_cusum
2998,0.1521,raw_cusum
2999,0.1492,raw_var_cusum
3000,1.0,lsc_composite
3001,0.5619,raw_var_cusum
3002,0.10165,lsc_composite
3003,0.1492,raw_var_cusum
3004,1.0,lsc_composite
3005,0.10165,lsc_composite
3006,0.2774,lsc_kalman_cusum
3007,0.5535,lsc_tail_cusum
3008,0.1521,raw_cusum
3009,1.0,lsc_composite
3010,0.10165,lsc_composite
3011,0.5535,lsc_tail_cusum
3012,0.10165,lsc_composite
3013,0.1521,raw_cusum
3014,0.10165,lsc_composite
3015,0.481,lsc_composite
3016,0.5535,lsc_tail_cusum
3017,0.1492,raw_var_cusum
3018,0.481,lsc_composite
3019,0.10165,lsc_composite
3020,0.14915,lsc_tail_cusum
3021,0.1492,raw_var_cusum
3022,0.5619,raw_var_cusum
3023,1.0,lsc_composite
3024,0.5535,lsc_tail_cusum
3025,0.1492,raw_var_cusum
3026,0.1521,raw_cusum
3027,0.5619,raw_var_cusum
3028,0.5535,lsc_tail_cusum
3029,0.5535,lsc_tail_cusum
3030,0.5619,raw_var_cusum
3031,0.5535,lsc_tail_cusum
3032,0.10165,lsc_composite
3033,0.10165,lsc_composite
3034,0.1521,raw_cusum
3035,0.2774,lsc_kalman_cusum
3036,0.481,lsc_composite
3037,1.0,lsc_composite
3038,0.1492,raw_var_cusum
3039,0.14915,lsc_tail_cusum
3040,0.14915,lsc_tail_cusum
3041,0.481,lsc_composite
3042,0.14915,lsc_tail_cusum
3043,0.5619,raw_var_cusum
3044,0.1521,raw_cusum
3045,0.10165,lsc_composite
3046,0.14915,lsc_tail_cusum
3047,0.5535,lsc_tail_cusum
3048,0.481,lsc_composite
3049,0.5535,lsc_tail_cusum
3050,1.0,lsc_composite
3051,0.1521,raw_cusum
3052,0.1521,raw_cusum
3053,0.2774,lsc_kalman_cusum
3054,0.2774,lsc_kalman_cusum
3055,0.481,lsc_composite
3056,0.14915,lsc_tail_cusum
3057,1.0,lsc_composite
3058,0.1521,raw_cusum
3059,1.0,lsc_composite
3060,0.5535,lsc_tail_cusum
3061,0.481,lsc_composite
3062,0.1521,raw_cusum
3063,0.1521,raw_cusum
3064,0.14915,lsc_tail_cusum
3065,0.14915,lsc_tail_cusum
3066,0.481,lsc_composite
3067,0.1492,raw_var_cusum
3068,1.0,lsc_composite
3069,0.5619,raw_var_cusum
3070,0.481,lsc_composite
3071,0.2774,lsc_kalman_cusum
3072,0.14915,lsc_tail_cusum
3073,0.481,lsc_composite
3074,0.1492,raw_var_cusum
3075,0.00925,lsc_composite
3076,0.0198,lsc_tail_cusum
3077,0.14915,lsc_tail_cusum
3078,1.0,lsc_composite
3079,0.481,lsc_composite
3080,0.5619,raw_var_cusum
3081,1.0,lsc_composite
3082,0.10165,lsc_composite
3083,0.02015,lsc_kalman_cusum
3084,0.481,lsc_composite
3085,0.10165,lsc_composite
3086,0.14915,lsc_tail_cusum
3087,0.2774,lsc_kalman_cusum
3088,0.2774,lsc_kalman_cusum
3089,0.2774,lsc_kalman_cusum
3090,0.1521,raw_cusum
3091,0.1492,raw_var_cusum
3092,0.14915,lsc_tail_cusum
3093,0.1521,raw_cusum
3094,0.14915,lsc_tail_cusum
3095,0.481,lsc_composite
3096,0.5619,raw_var_cusum
3097,0.481,lsc_composite
3098,0.14915,lsc_tail_cusum
3099,0.0198,lsc_tail_cusum
3100,0.14915,lsc_tail_cusum
3101,0.5619,raw_var_cusum
3102,0.14915,lsc_tail_cusum
3103,0.5619,raw_var_cusum
3104,0.1492,raw_var_cusum
3105,0.5535,lsc_tail_cusum
3106,0.1492,raw_var_cusum
3107,0.14915,lsc_tail_cusum
3108,0.5535,lsc_tail_cusum
3109,1.0,lsc_composite
3110,0.0183,raw_var_cusum
3111,0.0183,raw_var_cusum
3112,0.5535,lsc_tail_cusum
3113,1.0,lsc_composite
3114,0.5535,lsc_tail_cusum
3115,0.5619,raw_var_cusum
3116,0.2774,lsc_kalman_cusum
3117,0.5619,raw_var_cusum
3118,0.1492,raw_var_cusum
3119,0.14915,lsc_tail_cusum
3120,1.0,lsc_composite
3121,1.0,lsc_composite
3122,0.14915,lsc_tail_cusum
3123,0.481,lsc_composite
3124,0.5619,raw_var_cusum
3125,0.2774,lsc_kalman_cusum
3126,0.5619,raw_var_cusum
3127,0.00925,lsc_composite
3128,0.1492,raw_var_cusum
3129,0.1521,raw_cusum
3130,0.1492,raw_var_cusum
3131,1.0,lsc_composite
3132,1.0,lsc_composite
3133,0.5619,raw_var_cusum
3134,0.481,lsc_composite
3135,1.0,lsc_composite
3136,0.2774,lsc_kalman_cusum
3137,0.481,lsc_composite
3138,0.481,lsc_composite
3139,0.5535,lsc_tail_cusum
3140,1.0,lsc_composite
3141,0.1521,raw_cusum
3142,0.1492,raw_var_cusum
3143,0.481,lsc_composite
3144,0.5535,lsc_tail_cusum
3145,0.14915,lsc_tail_cusum
3146,0.5619,raw_var_cusum
3147,0.1492,raw_var_cusum
3148,0.481,lsc_composite
3149,0.0183,raw_var_cusum
3150,0.2774,lsc_kalman_cusum
3151,0.1521,raw_cusum
3152,0.481,lsc_composite
3153,0.1521,raw_cusum
3154,0.2774,lsc_kalman_cusum
3155,0.14915,lsc_tail_cusum
3156,0.481,lsc_composite
3157,0.2774,lsc_kalman_cusum
3158,0.2774,lsc_kalman_cusum
3159,0.1492,raw_var_cusum
3160,0.5535,lsc_tail_cusum
3161,0.481,lsc_composite
3162,0.2774,lsc_kalman_cusum
3163,1.0,lsc_composite
3164,0.5535,lsc_tail_cusum
3165,0.1492,raw_var_cusum
3166,0.5535,lsc_tail_cusum
3167,0.14915,lsc_tail_cusum
3168,0.2774,lsc_kalman_cusum
3169,0.10165,lsc_composite
3170,0.1521,raw_cusum
3171,0.5619,raw_var_cusum
3172,0.10165,lsc_composite
3173,0.5535,lsc_tail_cusum
3174,0.1492,raw_var_cusum
3175,0.5535,lsc_tail_cusum
3176,0.2774,lsc_kalman_cusum
3177,0.0198,lsc_tail_cusum
3178,0.5619,raw_var_cusum
3179,0.14915,lsc_tail_cusum
3180,0.2774,lsc_kalman_cusum
3181,0.481,lsc_composite
3182,0.481,lsc_composite
3183,0.14915,lsc_tail_cusum
3184,0.14915,lsc_tail_cusum
3185,0.481,lsc_composite
3186,0.1521,raw_cusum
3187,0.5535,lsc_tail_cusum
3188,0.10165,lsc_composite
3189,0.1492,raw_var_cusum
3190,0.1521,raw_cusum
3191,0.481,lsc_composite
3192,0.5535,lsc_tail_cusum
3193,0.2774,lsc_kalman_cusum
3194,0.481,lsc_composite
3195,0.481,lsc_composite
3196,0.481,lsc_composite
3197,0.5535,lsc_tail_cusum
3198,0.5535,lsc_tail_cusum
3199,0.1492,raw_var_cusum
3200,1.0,lsc_composite
3201,0.481,lsc_composite
3202,0.481,lsc_composite
3203,0.481,lsc_composite
3204,0.14915,lsc_tail_cusum
3205,0.2774,lsc_kalman_cusum
3206,0.10165,lsc_composite
3207,0.5535,lsc_tail_cusum
3208,0.5619,raw_var_cusum
3209,1.0,lsc_composite
3210,0.1521,raw_cusum
3211,0.481,lsc_composite
3212,0.481,lsc_composite
3213,0.10165,lsc_composite
3214,0.10165,lsc_composite
3215,0.481,lsc_composite
3216,0.00925,lsc_composite
3217,0.5619,raw_var_cusum
3218,0.481,lsc_composite
3219,0.2774,lsc_kalman_cusum
3220,0.14915,lsc_tail_cusum
3221,0.5535,lsc_tail_cusum
3222,0.5535,lsc_tail_cusum
3223,0.1521,raw_cusum
3224,0.14915,lsc_tail_cusum
3225,0.02015,lsc_kalman_cusum
3226,0.1492,raw_var_cusum
3227,0.02015,lsc_kalman_cusum
3228,0.481,lsc_composite
3229,0.5535,lsc_tail_cusum
3230,0.14915,lsc_tail_cusum
3231,0.10165,lsc_composite
3232,0.5619,raw_var_cusum
3233,0.10165,lsc_composite
3234,0.2774,lsc_kalman_cusum
3235,0.10165,lsc_composite
3236,0.5619,raw_var_cusum
3237,0.1492,raw_var_cusum
3238,0.2774,lsc_kalman_cusum
3239,0.2774,lsc_kalman_cusum
3240,0.481,lsc_composite
3241,0.02015,lsc_kalman_cusum
3242,0.1521,raw_cusum
3243,0.5619,raw_var_cusum
3244,0.10165,lsc_composite
3245,0.2774,lsc_kalman_cusum
3246,0.5619,raw_var_cusum
3247,0.0183,raw_var_cusum
3248,0.14915,lsc_tail_cusum
3249,0.2774,lsc_kalman_cusum
3250,1.0,lsc_composite
3251,0.5535,lsc_tail_cusum
3252,0.02015,lsc_kalman_cusum
3253,0.10165,lsc_composite
3254,0.481,lsc_composite
3255,0.2774,lsc_kalman_cusum
3256,0.5535,lsc_tail_cusum
3257,0.2774,lsc_kalman_cusum
3258,0.1492,raw_var_cusum
3259,0.5619,raw_var_cusum
3260,0.2774,lsc_kalman_cusum
3261,0.1492,raw_var_cusum
3262,0.14915,lsc_tail_cusum
3263,0.5619,raw_var_cusum
3264,0.10165,lsc_composite
3265,0.1521,raw_cusum
3266,0.1492,raw_var_cusum
3267,0.1521,raw_cusum
3268,0.14915,lsc_tail_cusum
3269,0.5535,lsc_tail_cusum
3270,0.2774,lsc_kalman_cusum
3271,0.1521,raw_cusum
3272,0.2774,lsc_kalman_cusum
3273,0.5535,lsc_tail_cusum
3274,0.2774,lsc_kalman_cusum
3275,0.481,lsc_composite
3276,0.5619,raw_var_cusum
3277,1.0,lsc_composite
3278,0.1492,raw_var_cusum
3279,0.14915,lsc_tail_cusum
3280,0.1521,raw_cusum
3281,0.481,lsc_composite
3282,0.2774,lsc_kalman_cusum
3283,0.481,lsc_composite
3284,0.1492,raw_var_cusum
3285,0.10165,lsc_composite
3286,0.0183,raw_var_cusum
3287,0.14915,lsc_tail_cusum
3288,0.5535,lsc_tail_cusum
3289,0.5619,raw_var_cusum
3290,0.2774,lsc_kalman_cusum
3291,0.5619,raw_var_cusum
3292,1.0,lsc_composite
3293,0.5535,lsc_tail_cusum
3294,0.0183,raw_var_cusum
3295,0.481,lsc_composite
3296,0.1521,raw_cusum
3297,0.2774,lsc_kalman_cusum
3298,0.5535,lsc_tail_cusum
3299,0.5535,lsc_tail_cusum
3300,0.2774,lsc_kalman_cusum
3301,0.1492,raw_var_cusum
3302,0.481,lsc_composite
3303,0.5535,lsc_tail_cusum
3304,0.2774,lsc_kalman_cusum
3305,0.0198,lsc_tail_cusum
3306,0.5535,lsc_tail_cusum
3307,0.02015,lsc_kalman_cusum
3308,0.2774,lsc_kalman_cusum
3309,0.481,lsc_composite
3310,0.481,lsc_composite
3311,0.481,lsc_composite
3312,0.14915,lsc_tail_cusum
3313,0.1492,raw_var_cusum
3314,0.5535,lsc_tail_cusum
3315,0.02015,lsc_kalman_cusum
3316,0.5619,raw_var_cusum
3317,0.481,lsc_composite
3318,0.02015,lsc_kalman_cusum
3319,0.2774,lsc_kalman_cusum
3320,0.14915,lsc_tail_cusum
3321,0.14915,lsc_tail_cusum
3322,0.481,lsc_composite
3323,0.481,lsc_composite
3324,0.14915,lsc_tail_cusum
3325,0.1492,raw_var_cusum
3326,0.5619,raw_var_cusum
3327,1.0,lsc_composite
3328,0.2774,lsc_kalman_cusum
3329,0.2774,lsc_kalman_cusum
3330,0.10165,lsc_composite
3331,0.5535,lsc_tail_cusum
3332,0.2774,lsc_kalman_cusum
3333,0.5535,lsc_tail_cusum
3334,0.2774,lsc_kalman_cusum
3335,0.00925,lsc_composite
3336,0.10165,lsc_composite
3337,0.2774,lsc_kalman_cusum
3338,1.0,lsc_composite
3339,0.14915,lsc_tail_cusum
3340,0.1521,raw_cusum
3341,0.1521,raw_cusum
3342,0.2774,lsc_kalman_cusum
3343,0.481,lsc_composite
3344,0.2774,lsc_kalman_cusum
3345,1.0,lsc_composite
3346,0.1492,raw_var_cusum
3347,0.481,lsc_composite
3348,0.0198,lsc_tail_cusum
3349,0.10165,lsc_composite
3350,0.2774,lsc_kalman_cusum
3351,0.2774,lsc_kalman_cusum
3352,0.5535,lsc_tail_cusum
3353,0.10165,lsc_composite
3354,0.5535,lsc_tail_cusum
3355,0.1521,raw_cusum
3356,0.1492,raw_var_cusum
3357,0.1521,raw_cusum
3358,0.1521,raw_cusum
3359,0.481,lsc_composite
3360,0.2774,lsc_kalman_cusum
3361,0.14915,lsc_tail_cusum
3362,0.1492,raw_var_cusum
3363,0.5535,lsc_tail_cusum
3364,0.2774,lsc_kalman_cusum
3365,0.10165,lsc_composite
3366,0.1521,raw_cusum
3367,0.1492,raw_var_cusum
3368,0.10165,lsc_composite
3369,0.5535,lsc_tail_cusum
3370,0.2774,lsc_kalman_cusum
3371,0.10165,lsc_composite
3372,0.2774,lsc_kalman_cusum
3373,0.1521,raw_cusum
3374,0.5619,raw_var_cusum
3375,0.14915,lsc_tail_cusum
3376,0.2774,lsc_kalman_cusum
3377,0.1492,raw_var_cusum
3378,0.1492,raw_var_cusum
3379,0.481,lsc_composite
3380,0.5535,lsc_tail_cusum
3381,0.1521,raw_cusum
3382,0.14915,lsc_tail_cusum
3383,0.02015,lsc_kalman_cusum
3384,0.2774,lsc_kalman_cusum
3385,0.481,lsc_composite
3386,0.14915,lsc_tail_cusum
3387,0.5619,raw_var_cusum
3388,0.2774,lsc_kalman_cusum
3389,0.1492,raw_var_cusum
3390,0.2774,lsc_kalman_cusum
3391,0.02015,lsc_kalman_cusum
3392,1.0,lsc_composite
3393,0.1492,raw_var_cusum
3394,0.1521,raw_cusum
3395,0.481,lsc_composite
3396,0.5619,raw_var_cusum
3397,1.0,lsc_composite
3398,0.481,lsc_composite
3399,0.1521,raw_cusum
3400,0.481,lsc_composite
3401,0.14915,lsc_tail_cusum
3402,0.10165,lsc_composite
3403,0.1492,raw_var_cusum
3404,0.481,lsc_composite
3405,0.2774,lsc_kalman_cusum
3406,0.2774,lsc_kalman_cusum
3407,0.5535,lsc_tail_cusum
3408,0.1492,raw_var_cusum
3409,0.0198,lsc_tail_cusum
3410,0.2774,lsc_kalman_cusum
3411,0.2774,lsc_kalman_cusum
3412,0.14915,lsc_tail_cusum
3413,0.481,lsc_composite
3414,1.0,lsc_composite
3415,0.1521,raw_cusum
3416,0.5619,raw_var_cusum
3417,0.5619,raw_var_cusum
3418,0.5535,lsc_tail_cusum
3419,0.1492,raw_var_cusum
3420,0.2774,lsc_kalman_cusum
3421,0.5619,raw_var_cusum
3422,1.0,lsc_composite
3423,1.0,lsc_composite
3424,0.1521,raw_cusum
3425,0.481,lsc_composite
3426,0.10165,lsc_composite
3427,0.1521,raw_cusum
3428,0.5535,lsc_tail_cusum
3429,0.10165,lsc_composite
3430,0.5535,lsc_tail_cusum
3431,0.0198,lsc_tail_cusum
3432,0.1492,raw_var_cusum
3433,0.1521,raw_cusum
3434,0.5535,lsc_tail_cusum
3435,0.1492,raw_var_cusum
3436,0.1492,raw_var_cusum
3437,1.0,lsc_composite
3438,0.481,lsc_composite
3439,0.2774,lsc_kalman_cusum
3440,0.2774,lsc_kalman_cusum
3441,0.2774,lsc_kalman_cusum
3442,0.10165,lsc_composite
3443,0.5535,lsc_tail_cusum
3444,0.481,lsc_composite
3445,0.5619,raw_var_cusum
3446,0.14915,lsc_tail_cusum
3447,0.2774,lsc_kalman_cusum
3448,0.5619,raw_var_cusum
3449,0.10165,lsc_composite
3450,1.0,lsc_composite
3451,0.1521,raw_cusum
3452,0.1521,raw_cusum
3453,0.5619,raw_var_cusum
3454,0.481,lsc_composite
3455,0.0183,raw_var_cusum
3456,0.0198,lsc_tail_cusum
3457,0.481,lsc_composite
3458,0.1492,raw_var_cusum
3459,0.5535,lsc_tail_cusum
3460,0.5535,lsc_tail_cusum
3461,0.2774,lsc_kalman_cusum
3462,0.481,lsc_composite
3463,0.5535,lsc_tail_cusum
3464,0.5535,lsc_tail_cusum
3465,0.00925,lsc_composite
3466,0.0183,raw_var_cusum
3467,0.2774,lsc_kalman_cusum
3468,0.2774,lsc_kalman_cusum
3469,0.2774,lsc_kalman_cusum
3470,0.481,lsc_composite
3471,0.5535,lsc_tail_cusum
3472,0.14915,lsc_tail_cusum
3473,0.1521,raw_cusum
3474,0.1521,raw_cusum
3475,0.5619,raw_var_cusum
3476,0.481,lsc_composite
3477,0.0183,raw_var_cusum
3478,0.2774,lsc_kalman_cusum
3479,0.481,lsc_composite
3480,0.5535,lsc_tail_cusum
3481,1.0,lsc_composite
3482,0.2774,lsc_kalman_cusum
3483,0.0183,raw_var_cusum
3484,0.10165,lsc_composite
3485,0.14915,lsc_tail_cusum
3486,0.1521,raw_cusum
3487,0.1492,raw_var_cusum
3488,0.1492,raw_var_cusum
3489,0.5535,lsc_tail_cusum
3490,0.14915,lsc_tail_cusum
3491,0.5619,raw_var_cusum
3492,1.0,lsc_composite
3493,0.10165,lsc_composite
3494,0.1492,raw_var_cusum
3495,0.5619,raw_var_cusum
3496,0.1521,raw_cusum
3497,0.2774,lsc_kalman_cusum
3498,0.481,lsc_composite
3499,0.481,lsc_composite
3500,0.1521,raw_cusum
3501,0.5535,lsc_tail_cusum
3502,0.1521,raw_cusum
3503,0.14915,lsc_tail_cusum
3504,0.0183,raw_var_cusum
3505,0.2774,lsc_kalman_cusum
3506,0.481,lsc_composite
3507,0.0198,lsc_tail_cusum
3508,0.5535,lsc_tail_cusum
3509,0.1492,raw_var_cusum
3510,0.10165,lsc_composite
3511,0.481,lsc_composite
3512,0.14915,lsc_tail_cusum
3513,0.14915,lsc_tail_cusum
3514,0.1521,raw_cusum
3515,0.14915,lsc_tail_cusum
3516,0.1492,raw_var_cusum
3517,0.1521,raw_cusum
3518,0.10165,lsc_composite
3519,0.1492,raw_var_cusum
3520,0.481,lsc_composite
3521,0.1492,raw_var_cusum
3522,0.1492,raw_var_cusum
3523,0.14915,lsc_tail_cusum
3524,0.10165,lsc_composite
3525,0.481,lsc_composite
3526,0.10165,lsc_composite
3527,0.5535,lsc_tail_cusum
3528,0.5619,raw_var_cusum
3529,0.10165,lsc_composite
3530,0.5535,lsc_tail_cusum
3531,0.481,lsc_composite
3532,0.481,lsc_composite
3533,0.2774,lsc_kalman_cusum
3534,0.2774,lsc_kalman_cusum
3535,0.5619,raw_var_cusum
3536,0.1521,raw_cusum
3537,0.5619,raw_var_cusum
3538,0.10165,lsc_composite
3539,0.1492,raw_var_cusum
3540,0.14915,lsc_tail_cusum
3541,0.481,lsc_composite
3542,0.0198,lsc_tail_cusum
3543,0.481,lsc_composite
3544,0.481,lsc_composite
3545,0.481,lsc_composite
3546,0.14915,lsc_tail_cusum
3547,0.2774,lsc_kalman_cusum
3548,0.1492,raw_var_cusum
3549,0.5619,raw_var_cusum
3550,0.1521,raw_cusum
3551,0.481,lsc_composite
3552,0.5535,lsc_tail_cusum
3553,0.02015,lsc_kalman_cusum
3554,0.481,lsc_composite
3555,1.0,lsc_composite
3556,0.1521,raw_cusum
3557,0.10165,lsc_composite
3558,0.0183,raw_var_cusum
3559,0.481,lsc_composite
3560,0.14915,lsc_tail_cusum
3561,0.2774,lsc_kalman_cusum
3562,0.5535,lsc_tail_cusum
3563,0.1492,raw_var_cusum
3564,0.14915,lsc_tail_cusum
3565,0.10165,lsc_composite
3566,0.1521,raw_cusum
3567,0.2774,lsc_kalman_cusum
3568,0.1492,raw_var_cusum
3569,0.481,lsc_composite
3570,0.1521,raw_cusum
3571,0.5535,lsc_tail_cusum
3572,0.2774,lsc_kalman_cusum
3573,0.14915,lsc_tail_cusum
3574,0.5619,raw_var_cusum
3575,1.0,lsc_composite
3576,0.481,lsc_composite
3577,0.1492,raw_var_cusum
3578,1.0,lsc_composite
3579,0.14915,lsc_tail_cusum
3580,0.481,lsc_composite
3581,0.481,lsc_composite
3582,0.1492,raw_var_cusum
3583,1.0,lsc_composite
3584,0.00925,lsc_composite
3585,0.481,lsc_composite
3586,0.2774,lsc_kalman_cusum
3587,0.14915,lsc_tail_cusum
3588,0.481,lsc_composite
3589,0.481,lsc_composite
3590,0.00925,lsc_composite
3591,0.2774,lsc_kalman_cusum
3592,0.481,lsc_composite
3593,0.1492,raw_var_cusum
3594,0.2774,lsc_kalman_cusum
3595,0.02015,lsc_kalman_cusum
3596,0.1521,raw_cusum
3597,0.14915,lsc_tail_cusum
3598,0.5535,lsc_tail_cusum
3599,0.10165,lsc_composite
3600,0.5535,lsc_tail_cusum
3601,0.14915,lsc_tail_cusum
3602,0.1492,raw_var_cusum
3603,0.2774,lsc_kalman_cusum
3604,0.1521,raw_cusum
3605,0.1521,raw_cusum
3606,0.1492,raw_var_cusum
3607,0.1492,raw_var_cusum
3608,0.2774,lsc_kalman_cusum
3609,0.10165,lsc_composite
3610,0.1492,raw_var_cusum
3611,0.2774,lsc_kalman_cusum
3612,0.481,lsc_composite
3613,0.14915,lsc_tail_cusum
3614,0.1521,raw_cusum
3615,0.14915,lsc_tail_cusum
3616,0.5535,lsc_tail_cusum
3617,0.481,lsc_composite
3618,0.2774,lsc_kalman_cusum
3619,0.1521,raw_cusum
3620,0.2774,lsc_kalman_cusum
3621,0.14915,lsc_tail_cusum
3622,1.0,lsc_composite
3623,0.14915,lsc_tail_cusum
3624,1.0,lsc_composite
3625,0.5619,raw_var_cusum
3626,0.481,lsc_composite
3627,0.5535,lsc_tail_cusum
3628,0.2774,lsc_kalman_cusum
3629,0.2774,lsc_kalman_cusum
3630,0.1521,raw_cusum
3631,0.1521,raw_cusum
3632,0.2774,lsc_kalman_cusum
3633,0.2774,lsc_kalman_cusum
3634,0.0198,lsc_tail_cusum
3635,0.10165,lsc_composite
3636,0.2774,lsc_kalman_cusum
3637,0.481,lsc_composite
3638,0.2774,lsc_kalman_cusum
3639,0.10165,lsc_composite
3640,0.00925,lsc_composite
3641,0.1492,raw_var_cusum
3642,0.14915,lsc_tail_cusum
3643,0.481,lsc_composite
3644,0.2774,lsc_kalman_cusum
3645,0.1521,raw_cusum
3646,0.10165,lsc_composite
3647,0.10165,lsc_composite
3648,0.2774,lsc_kalman_cusum
3649,0.1521,raw_cusum
3650,0.481,lsc_composite
3651,0.1521,raw_cusum
3652,0.5619,raw_var_cusum
3653,0.1492,raw_var_cusum
3654,0.5619,raw_var_cusum
3655,0.481,lsc_composite
3656,0.14915,lsc_tail_cusum
3657,0.1492,raw_var_cusum
3658,0.5535,lsc_tail_cusum
3659,0.14915,lsc_tail_cusum
3660,0.5535,lsc_tail_cusum
3661,0.5619,raw_var_cusum
3662,0.5535,lsc_tail_cusum
3663,0.1521,raw_cusum
3664,0.14915,lsc_tail_cusum
3665,0.14915,lsc_tail_cusum
3666,0.481,lsc_composite
3667,0.1521,raw_cusum
3668,0.00925,lsc_composite
3669,0.1521,raw_cusum
3670,0.5535,lsc_tail_cusum
3671,0.1492,raw_var_cusum
3672,0.0183,raw_var_cusum
3673,0.5535,lsc_tail_cusum
3674,0.1492,raw_var_cusum
3675,0.1521,raw_cusum
3676,0.5535,lsc_tail_cusum
3677,0.10165,lsc_composite
3678,0.2774,lsc_kalman_cusum
3679,0.5535,lsc_tail_cusum
3680,0.5535,lsc_tail_cusum
3681,0.1521,raw_cusum
3682,0.2774,lsc_kalman_cusum
3683,0.481,lsc_composite
3684,0.5619,raw_var_cusum
3685,0.00075,lsc_tail_cusum
3686,0.481,lsc_composite
3687,0.2774,lsc_kalman_cusum
3688,0.2774,lsc_kalman_cusum
3689,0.10165,lsc_composite
3690,0.10165,lsc_composite
3691,0.5619,raw_var_cusum
3692,0.5535,lsc_tail_cusum
3693,0.2774,lsc_kalman_cusum
3694,0.2774,lsc_kalman_cusum
3695,0.2774,lsc_kalman_cusum
3696,0.2774,lsc_kalman_cusum
3697,0.5535,lsc_tail_cusum
3698,1.0,lsc_composite
3699,0.10165,lsc_composite
3700,0.2774,lsc_kalman_cusum
3701,0.1492,raw_var_cusum
3702,0.5535,lsc_tail_cusum
3703,0.0183,raw_var_cusum
3704,0.1492,raw_var_cusum
3705,0.14915,lsc_tail_cusum
3706,0.00925,lsc_composite
3707,0.2774,lsc_kalman_cusum
3708,0.2774,lsc_kalman_cusum
3709,0.0198,lsc_tail_cusum
3710,0.02015,lsc_kalman_cusum
3711,0.10165,lsc_composite
3712,0.1492,raw_var_cusum
3713,0.481,lsc_composite
3714,0.481,lsc_composite
3715,0.5619,raw_var_cusum
3716,0.10165,lsc_composite
3717,0.1521,raw_cusum
3718,0.481,lsc_composite
3719,0.1521,raw_cusum
3720,0.481,lsc_composite
3721,0.481,lsc_composite
3722,0.5535,lsc_tail_cusum
3723,0.481,lsc_composite
3724,0.1492,raw_var_cusum
3725,0.14915,lsc_tail_cusum
3726,0.2774,lsc_kalman_cusum
3727,0.5535,lsc_tail_cusum
3728,0.481,lsc_composite
3729,0.481,lsc_composite
3730,0.14915,lsc_tail_cusum
3731,0.2774,lsc_kalman_cusum
3732,0.14915,lsc_tail_cusum
3733,0.14915,lsc_tail_cusum
3734,0.5535,lsc_tail_cusum
3735,0.481,lsc_composite
3736,0.1521,raw_cusum
3737,0.481,lsc_composite
3738,0.2774,lsc_kalman_cusum
3739,0.1521,raw_cusum
3740,0.0198,lsc_tail_cusum
3741,0.5619,raw_var_cusum
3742,0.1521,raw_cusum
3743,0.481,lsc_composite
3744,1.0,lsc_composite
3745,0.481,lsc_composite
3746,0.00925,lsc_composite
3747,0.2774,lsc_kalman_cusum
3748,0.10165,lsc_composite
3749,0.481,lsc_composite
3750,0.1492,raw_var_cusum
3751,1.0,lsc_composite
3752,0.481,lsc_composite
3753,0.5535,lsc_tail_cusum
3754,0.2774,lsc_kalman_cusum
3755,0.14915,lsc_tail_cusum
3756,0.10165,lsc_composite
3757,1.0,lsc_composite
3758,0.481,lsc_composite
3759,1.0,lsc_composite
3760,0.5619,raw_var_cusum
3761,0.0198,lsc_tail_cusum
3762,0.2774,lsc_kalman_cusum
3763,0.0198,lsc_tail_cusum
3764,0.1521,raw_cusum
3765,0.5535,lsc_tail_cusum
3766,0.2774,lsc_kalman_cusum
3767,0.481,lsc_composite
3768,0.1492,raw_var_cusum
3769,0.1521,raw_cusum
3770,0.02015,lsc_kalman_cusum
3771,0.2774,lsc_kalman_cusum
3772,0.10165,lsc_composite
3773,0.2774,lsc_kalman_cusum
3774,0.2774,lsc_kalman_cusum
3775,0.1521,raw_cusum
3776,0.0198,lsc_tail_cusum
3777,0.5535,lsc_tail_cusum
3778,0.02015,lsc_kalman_cusum
3779,1.0,lsc_composite
3780,0.2774,lsc_kalman_cusum
3781,0.10165,lsc_composite
3782,1.0,lsc_composite
3783,0.481,lsc_composite
3784,0.481,lsc_composite
3785,0.5535,lsc_tail_cusum
3786,0.5535,lsc_tail_cusum
3787,0.0183,raw_var_cusum
3788,0.1492,raw_var_cusum
3789,0.10165,lsc_composite
3790,0.481,lsc_composite
3791,0.1521,raw_cusum
3792,0.5619,raw_var_cusum
3793,0.481,lsc_composite
3794,0.00925,lsc_composite
3795,0.5535,lsc_tail_cusum
3796,0.481,lsc_composite
3797,1.0,lsc_composite
3798,0.481,lsc_composite
3799,0.14915,lsc_tail_cusum
3800,0.5535,lsc_tail_cusum
3801,0.14915,lsc_tail_cusum
3802,0.481,lsc_composite
3803,0.5619,raw_var_cusum
3804,0.5535,lsc_tail_cusum
3805,0.1521,raw_cusum
3806,0.10165,lsc_composite
3807,0.14915,lsc_tail_cusum
3808,0.14915,lsc_tail_cusum
3809,0.14915,lsc_tail_cusum
3810,0.10165,lsc_composite
3811,0.481,lsc_composite
3812,0.1492,raw_var_cusum
3813,0.10165,lsc_composite
3814,0.1492,raw_var_cusum
3815,0.10165,lsc_composite
3816,0.481,lsc_composite
3817,1.0,lsc_composite
3818,0.481,lsc_composite
3819,0.481,lsc_composite
3820,0.10165,lsc_composite
3821,0.10165,lsc_composite
3822,0.2774,lsc_kalman_cusum
3823,0.1521,raw_cusum
3824,0.5535,lsc_tail_cusum
3825,0.14915,lsc_tail_cusum
3826,0.481,lsc_composite
3827,0.1492,raw_var_cusum
3828,0.1521,raw_cusum
3829,0.0198,lsc_tail_cusum
3830,0.10165,lsc_composite
3831,1.0,lsc_composite
3832,0.481,lsc_composite
3833,0.14915,lsc_tail_cusum
3834,0.1492,raw_var_cusum
3835,0.2774,lsc_kalman_cusum
3836,0.2774,lsc_kalman_cusum
3837,0.481,lsc_composite
3838,0.14915,lsc_tail_cusum
3839,1.0,lsc_composite
3840,0.481,lsc_composite
3841,0.14915,lsc_tail_cusum
3842,1.0,lsc_composite
3843,1.0,lsc_composite
3844,0.481,lsc_composite
3845,0.1492,raw_var_cusum
3846,0.10165,lsc_composite
3847,0.2774,lsc_kalman_cusum
3848,0.14915,lsc_tail_cusum
3849,0.14915,lsc_tail_cusum
3850,0.481,lsc_composite
3851,0.2774,lsc_kalman_cusum
3852,0.2774,lsc_kalman_cusum
3853,0.14915,lsc_tail_cusum
3854,0.5535,lsc_tail_cusum
3855,0.10165,lsc_composite
3856,0.5619,raw_var_cusum
3857,0.2774,lsc_kalman_cusum
3858,0.1492,raw_var_cusum
3859,0.10165,lsc_composite
3860,0.481,lsc_composite
3861,1.0,lsc_composite
3862,0.14915,lsc_tail_cusum
3863,1.0,lsc_composite
3864,0.14915,lsc_tail_cusum
3865,0.0183,raw_var_cusum
3866,0.481,lsc_composite
3867,0.481,lsc_composite
3868,0.5535,lsc_tail_cusum
3869,0.1492,raw_var_cusum
3870,0.5535,lsc_tail_cusum
3871,0.14915,lsc_tail_cusum
3872,0.5535,lsc_tail_cusum
3873,0.2774,lsc_kalman_cusum
3874,1.0,lsc_composite
3875,0.5535,lsc_tail_cusum
3876,0.481,lsc_composite
3877,0.2774,lsc_kalman_cusum
3878,0.10165,lsc_composite
3879,0.1492,raw_var_cusum
3880,0.2774,lsc_kalman_cusum
3881,0.481,lsc_composite
3882,0.1521,raw_cusum
3883,0.10165,lsc_composite
3884,0.1521,raw_cusum
3885,0.1492,raw_var_cusum
3886,0.10165,lsc_composite
3887,0.481,lsc_composite
3888,0.2774,lsc_kalman_cusum
3889,0.481,lsc_composite
3890,0.481,lsc_composite
3891,0.481,lsc_composite
3892,0.02015,lsc_kalman_cusum
3893,0.481,lsc_composite
3894,0.5619,raw_var_cusum
3895,0.14915,lsc_tail_cusum
3896,0.5535,lsc_tail_cusum
3897,0.5535,lsc_tail_cusum
3898,0.2774,lsc_kalman_cusum
3899,0.14915,lsc_tail_cusum
3900,0.2774,lsc_kalman_cusum
3901,0.10165,lsc_composite
3902,0.5535,lsc_tail_cusum
3903,0.14915,lsc_tail_cusum
3904,0.14915,lsc_tail_cusum
3905,0.14915,lsc_tail_cusum
3906,0.481,lsc_composite
3907,0.481,lsc_composite
3908,0.1492,raw_var_cusum
3909,0.2774,lsc_kalman_cusum
3910,0.5535,lsc_tail_cusum
3911,0.1492,raw_var_cusum
3912,0.2774,lsc_kalman_cusum
3913,0.481,lsc_composite
3914,0.2774,lsc_kalman_cusum
3915,0.5535,lsc_tail_cusum
3916,1.0,lsc_composite
3917,0.5535,lsc_tail_cusum
3918,0.10165,lsc_composite
3919,0.2774,lsc_kalman_cusum
3920,1.0,lsc_composite
3921,0.481,lsc_composite
3922,0.5619,raw_var_cusum
3923,0.1492,raw_var_cusum
3924,0.1492,raw_var_cusum
3925,0.00925,lsc_composite
3926,0.5535,lsc_tail_cusum
3927,0.5619,raw_var_cusum
3928,0.1492,raw_var_cusum
3929,0.481,lsc_composite
3930,0.481,lsc_composite
3931,0.5535,lsc_tail_cusum
3932,0.14915,lsc_tail_cusum
3933,0.481,lsc_composite
3934,0.5619,raw_var_cusum
3935,0.2774,lsc_kalman_cusum
3936,0.1492,raw_var_cusum
3937,0.481,lsc_composite
3938,0.2774,lsc_kalman_cusum
3939,0.10165,lsc_composite
3940,0.5619,raw_var_cusum
3941,0.14915,lsc_tail_cusum
3942,0.14915,lsc_tail_cusum
3943,0.02015,lsc_kalman_cusum
3944,0.481,lsc_composite
3945,0.2774,lsc_kalman_cusum
3946,0.5535,lsc_tail_cusum
3947,0.2774,lsc_kalman_cusum
3948,0.5535,lsc_tail_cusum
3949,0.10165,lsc_composite
3950,0.1492,raw_var_cusum
3951,0.481,lsc_composite
3952,1.0,lsc_composite
3953,0.481,lsc_composite
3954,0.1492,raw_var_cusum
3955,0.481,lsc_composite
3956,0.2774,lsc_kalman_cusum
3957,0.1521,raw_cusum
3958,0.14915,lsc_tail_cusum
3959,0.1521,raw_cusum
3960,0.14915,lsc_tail_cusum
3961,0.14915,lsc_tail_cusum
3962,0.481,lsc_composite
3963,0.481,lsc_composite
3964,0.14915,lsc_tail_cusum
3965,0.14915,lsc_tail_cusum
3966,0.0183,raw_var_cusum
3967,0.481,lsc_composite
3968,0.5619,raw_var_cusum
3969,0.0198,lsc_tail_cusum
3970,0.481,lsc_composite
3971,0.0183,raw_var_cusum
3972,0.5619,raw_var_cusum
3973,0.2774,lsc_kalman_cusum
3974,1.0,lsc_composite
3975,0.1492,raw_var_cusum
3976,0.00925,lsc_composite
3977,0.5619,raw_var_cusum
3978,0.5619,raw_var_cusum
3979,0.10165,lsc_composite
3980,0.1521,raw_cusum
3981,0.1492,raw_var_cusum
3982,0.481,lsc_composite
3983,0.10165,lsc_composite
3984,1.0,lsc_composite
3985,0.02015,lsc_kalman_cusum
3986,0.14915,lsc_tail_cusum
3987,0.481,lsc_composite
3988,0.0183,raw_var_cusum
3989,0.14915,lsc_tail_cusum
3990,0.10165,lsc_composite
3991,0.2774,lsc_kalman_cusum
3992,0.2774,lsc_kalman_cusum
3993,0.5619,raw_var_cusum
3994,0.1492,raw_var_cusum
3995,0.0198,lsc_tail_cusum
3996,0.5535,lsc_tail_cusum
3997,0.1492,raw_var_cusum
3998,0.481,lsc_composite
3999,0.481,lsc_composite
4000,0.2774,lsc_kalman_cusum
4001,1.0,lsc_composite
4002,0.2774,lsc_kalman_cusum
4003,0.481,lsc_composite
4004,0.0198,lsc_tail_cusum
4005,0.02015,lsc_kalman_cusum
4006,0.5619,raw_var_cusum
4007,0.1521,raw_cusum
4008,0.1521,raw_cusum
4009,0.14915,lsc_tail_cusum
4010,0.481,lsc_composite
4011,0.2774,lsc_kalman_cusum
4012,0.5619,raw_var_cusum
4013,0.5619,raw_var_cusum
4014,0.5619,raw_var_cusum
4015,0.5619,raw_var_cusum
4016,0.14915,lsc_tail_cusum
4017,0.5535,lsc_tail_cusum
4018,0.10165,lsc_composite
4019,0.481,lsc_composite
4020,1.0,lsc_composite
4021,0.1521,raw_cusum
4022,0.1492,raw_var_cusum
4023,0.1492,raw_var_cusum
4024,0.1521,raw_cusum
4025,0.5535,lsc_tail_cusum
4026,0.5535,lsc_tail_cusum
4027,1.0,lsc_composite
4028,0.1521,raw_cusum
4029,0.1492,raw_var_cusum
4030,1.0,lsc_composite
4031,0.5535,lsc_tail_cusum
4032,0.481,lsc_composite
4033,0.1521,raw_cusum
4034,0.5535,lsc_tail_cusum
4035,0.14915,lsc_tail_cusum
4036,0.481,lsc_composite
4037,0.481,lsc_composite
4038,0.2774,lsc_kalman_cusum
4039,0.2774,lsc_kalman_cusum
4040,0.5535,lsc_tail_cusum
4041,0.481,lsc_composite
4042,0.2774,lsc_kalman_cusum
4043,0.10165,lsc_composite
4044,0.1492,raw_var_cusum
4045,0.481,lsc_composite
4046,0.10165,lsc_composite
4047,0.5619,raw_var_cusum
4048,0.1521,raw_cusum
4049,0.14915,lsc_tail_cusum
4050,0.2774,lsc_kalman_cusum
4051,0.5619,raw_var_cusum
4052,0.10165,lsc_composite
4053,0.10165,lsc_composite
4054,0.5619,raw_var_cusum
4055,1.0,lsc_composite
4056,0.14915,lsc_tail_cusum
4057,0.481,lsc_composite
4058,0.481,lsc_composite
4059,0.14915,lsc_tail_cusum
4060,0.1492,raw_var_cusum
4061,0.5535,lsc_tail_cusum
4062,0.14915,lsc_tail_cusum
4063,0.2774,lsc_kalman_cusum
4064,0.5619,raw_var_cusum
4065,0.2774,lsc_kalman_cusum
4066,0.1492,raw_var_cusum
4067,0.5535,lsc_tail_cusum
4068,0.2774,lsc_kalman_cusum
4069,0.0183,raw_var_cusum
4070,0.2774,lsc_kalman_cusum
4071,0.5535,lsc_tail_cusum
4072,1.0,lsc_composite
4073,0.481,lsc_composite
4074,0.14915,lsc_tail_cusum
4075,0.1492,raw_var_cusum
4076,0.1492,raw_var_cusum
4077,0.0198,lsc_tail_cusum
4078,0.1492,raw_var_cusum
4079,0.14915,lsc_tail_cusum
4080,0.14915,lsc_tail_cusum
4081,1.0,lsc_composite
4082,0.481,lsc_composite
4083,0.10165,lsc_composite
4084,0.0198,lsc_tail_cusum
4085,0.02015,lsc_kalman_cusum
4086,0.1521,raw_cusum
4087,0.10165,lsc_composite
4088,0.2774,lsc_kalman_cusum
4089,0.10165,lsc_composite
4090,0.00925,lsc_composite
4091,0.14915,lsc_tail_cusum
4092,0.14915,lsc_tail_cusum
4093,0.5535,lsc_tail_cusum
4094,0.481,lsc_composite
4095,0.481,lsc_composite
4096,0.5535,lsc_tail_cusum
4097,0.10165,lsc_composite
4098,0.1521,raw_cusum
4099,0.0183,raw_var_cusum
4100,0.5535,lsc_tail_cusum
4101,0.481,lsc_composite
4102,0.1521,raw_cusum
4103,0.1492,raw_var_cusum
4104,0.10165,lsc_composite
4105,0.481,lsc_composite
4106,0.5535,lsc_tail_cusum
4107,0.5619,raw_var_cusum
4108,0.1521,raw_cusum
4109,1.0,lsc_composite
4110,0.5619,raw_var_cusum
4111,0.481,lsc_composite
4112,0.10165,lsc_composite
4113,1.0,lsc_composite
4114,1.0,lsc_composite
4115,0.1521,raw_cusum
4116,0.10165,lsc_composite
4117,0.1492,raw_var_cusum
4118,0.2774,lsc_kalman_cusum
4119,0.02015,lsc_kalman_cusum
4120,0.1492,raw_var_cusum
4121,0.2774,lsc_kalman_cusum
4122,1.0,lsc_composite
4123,0.5535,lsc_tail_cusum
4124,0.481,lsc_composite
4125,0.5535,lsc_tail_cusum
4126,0.481,lsc_composite
4127,0.2774,lsc_kalman_cusum
4128,0.5535,lsc_tail_cusum
4129,0.481,lsc_composite
4130,0.1492,raw_var_cusum
4131,0.1492,raw_var_cusum
4132,0.10165,lsc_composite
4133,0.481,lsc_composite
4134,0.14915,lsc_tail_cusum
4135,0.2774,lsc_kalman_cusum
4136,0.0198,lsc_tail_cusum
4137,0.10165,lsc_composite
4138,0.1492,raw_var_cusum
4139,0.5535,lsc_tail_cusum
4140,0.481,lsc_composite
4141,0.10165,lsc_composite
4142,0.481,lsc_composite
4143,0.2774,lsc_kalman_cusum
4144,0.1492,raw_var_cusum
4145,0.14915,lsc_tail_cusum
4146,0.2774,lsc_kalman_cusum
4147,1.0,lsc_composite
4148,0.1492,raw_var_cusum
4149,0.2774,lsc_kalman_cusum
4150,1.0,lsc_composite
4151,0.5619,raw_var_cusum
4152,0.5535,lsc_tail_cusum
4153,0.5619,raw_var_cusum
4154,0.1521,raw_cusum
4155,0.481,lsc_composite
4156,0.10165,lsc_composite
4157,0.10165,lsc_composite
4158,0.481,lsc_composite
4159,0.481,lsc_composite
4160,0.2774,lsc_kalman_cusum
4161,0.14915,lsc_tail_cusum
4162,0.10165,lsc_composite
4163,0.1492,raw_var_cusum
4164,0.5535,lsc_tail_cusum
4165,0.5535,lsc_tail_cusum
4166,0.2774,lsc_kalman_cusum
4167,0.5535,lsc_tail_cusum
4168,0.481,lsc_composite
4169,0.10165,lsc_composite
4170,0.2774,lsc_kalman_cusum
4171,0.10165,lsc_composite
4172,1.0,lsc_composite
4173,0.1492,raw_var_cusum
4174,0.481,lsc_composite
4175,0.14915,lsc_tail_cusum
4176,0.481,lsc_composite
4177,0.5535,lsc_tail_cusum
4178,0.481,lsc_composite
4179,0.1521,raw_cusum
4180,0.1521,raw_cusum
4181,0.1521,raw_cusum
4182,0.481,lsc_composite
4183,0.2774,lsc_kalman_cusum
4184,0.10165,lsc_composite
4185,0.1492,raw_var_cusum
4186,0.481,lsc_composite
4187,0.1521,raw_cusum
4188,0.5535,lsc_tail_cusum
4189,0.2774,lsc_kalman_cusum
4190,0.2774,lsc_kalman_cusum
4191,0.5535,lsc_tail_cusum
4192,0.481,lsc_composite
4193,0.2774,lsc_kalman_cusum
4194,0.2774,lsc_kalman_cusum
4195,0.1521,raw_cusum
4196,0.481,lsc_composite
4197,0.2774,lsc_kalman_cusum
4198,0.5535,lsc_tail_cusum
4199,0.14915,lsc_tail_cusum
4200,0.1492,raw_var_cusum
4201,0.2774,lsc_kalman_cusum
4202,0.481,lsc_composite
4203,0.5619,raw_var_cusum
4204,0.02015,lsc_kalman_cusum
4205,0.5619,raw_var_cusum
4206,0.2774,lsc_kalman_cusum
4207,0.14915,lsc_tail_cusum
4208,0.10165,lsc_composite
4209,0.481,lsc_composite
4210,1.0,lsc_composite
4211,0.14915,lsc_tail_cusum
4212,0.481,lsc_composite
4213,0.2774,lsc_kalman_cusum
4214,0.481,lsc_composite
4215,0.5535,lsc_tail_cusum
4216,0.481,lsc_composite
4217,0.2774,lsc_kalman_cusum
4218,0.5619,raw_var_cusum
4219,0.5619,raw_var_cusum
4220,0.5619,raw_var_cusum
4221,1.0,lsc_composite
4222,1.0,lsc_composite
4223,0.14915,lsc_tail_cusum
4224,0.481,lsc_composite
4225,0.481,lsc_composite
4226,0.1521,raw_cusum
4227,0.481,lsc_composite
4228,1.0,lsc_composite
4229,0.5535,lsc_tail_cusum
4230,0.14915,lsc_tail_cusum
4231,0.2774,lsc_kalman_cusum
4232,0.481,lsc_composite
4233,0.481,lsc_composite
4234,0.2774,lsc_kalman_cusum
4235,0.481,lsc_composite
4236,0.481,lsc_composite
4237,0.2774,lsc_kalman_cusum
4238,0.2774,lsc_kalman_cusum
4239,0.481,lsc_composite
4240,0.5535,lsc_tail_cusum
4241,0.1492,raw_var_cusum
4242,0.2774,lsc_kalman_cusum
4243,0.10165,lsc_composite
4244,0.14915,lsc_tail_cusum
4245,0.14915,lsc_tail_cusum
4246,0.14915,lsc_tail_cusum
4247,0.0183,raw_var_cusum
4248,1.0,lsc_composite
4249,0.10165,lsc_composite
4250,0.2774,lsc_kalman_cusum
4251,0.10165,lsc_composite
4252,0.2774,lsc_kalman_cusum
4253,0.2774,lsc_kalman_cusum
4254,1.0,lsc_composite
4255,0.02015,lsc_kalman_cusum
4256,0.10165,lsc_composite
4257,0.10165,lsc_composite
4258,0.2774,lsc_kalman_cusum
4259,0.1521,raw_cusum
4260,0.5535,lsc_tail_cusum
4261,0.5619,raw_var_cusum
4262,0.5619,raw_var_cusum
4263,0.5535,lsc_tail_cusum
4264,0.10165,lsc_composite
4265,0.14915,lsc_tail_cusum
4266,0.1492,raw_var_cusum
4267,0.1521,raw_cusum
4268,1.0,lsc_composite
4269,0.1521,raw_cusum
4270,0.0183,raw_var_cusum
4271,1.0,lsc_composite
4272,0.0198,lsc_tail_cusum
4273,0.2774,lsc_kalman_cusum
4274,0.481,lsc_composite
4275,0.481,lsc_composite
4276,0.1521,raw_cusum
4277,0.481,lsc_composite
4278,0.02015,lsc_kalman_cusum
4279,0.1521,raw_cusum
4280,0.1521,raw_cusum
4281,0.481,lsc_composite
4282,0.481,lsc_composite
4283,0.481,lsc_composite
4284,0.481,lsc_composite
4285,0.1521,raw_cusum
4286,0.1492,raw_var_cusum
4287,0.5619,raw_var_cusum
4288,0.2774,lsc_kalman_cusum
4289,0.2774,lsc_kalman_cusum
4290,0.5619,raw_var_cusum
4291,0.5535,lsc_tail_cusum
4292,0.2774,lsc_kalman_cusum
4293,0.1492,raw_var_cusum
4294,0.1492,raw_var_cusum
4295,0.2774,lsc_kalman_cusum
4296,1.0,lsc_composite
4297,0.1492,raw_var_cusum
4298,0.14915,lsc_tail_cusum
4299,0.5535,lsc_tail_cusum
4300,0.1521,raw_cusum
4301,0.1492,raw_var_cusum
4302,0.481,lsc_composite
4303,0.1492,raw_var_cusum
4304,0.5619,raw_var_cusum
4305,0.14915,lsc_tail_cusum
4306,0.1521,raw_cusum
4307,0.5535,lsc_tail_cusum
4308,0.2774,lsc_kalman_cusum
4309,0.1492,raw_var_cusum
4310,0.2774,lsc_kalman_cusum
4311,0.1521,raw_cusum
4312,0.481,lsc_composite
4313,0.1492,raw_var_cusum
4314,0.2774,lsc_kalman_cusum
4315,1.0,lsc_composite
4316,0.481,lsc_composite
4317,0.14915,lsc_tail_cusum
4318,0.481,lsc_composite
4319,0.14915,lsc_tail_cusum
4320,0.2774,lsc_kalman_cusum
4321,0.1521,raw_cusum
4322,0.2774,lsc_kalman_cusum
4323,0.5619,raw_var_cusum
4324,0.2774,lsc_kalman_cusum
4325,0.1492,raw_var_cusum
4326,0.2774,lsc_kalman_cusum
4327,0.2774,lsc_kalman_cusum
4328,0.2774,lsc_kalman_cusum
4329,0.481,lsc_composite
4330,0.5535,lsc_tail_cusum
4331,0.10165,lsc_composite
4332,0.10165,lsc_composite
4333,0.1521,raw_cusum
4334,0.5535,lsc_tail_cusum
4335,0.481,lsc_composite
4336,0.0198,lsc_tail_cusum
4337,0.14915,lsc_tail_cusum
4338,0.1492,raw_var_cusum
4339,0.2774,lsc_kalman_cusum
4340,0.2774,lsc_kalman_cusum
4341,0.1521,raw_cusum
4342,0.481,lsc_composite
4343,0.5535,lsc_tail_cusum
4344,0.1521,raw_cusum
4345,0.1521,raw_cusum
4346,0.5619,raw_var_cusum
4347,0.481,lsc_composite
4348,0.1492,raw_var_cusum
4349,0.5535,lsc_tail_cusum
4350,0.10165,lsc_composite
4351,0.481,lsc_composite
4352,1.0,lsc_composite
4353,0.481,lsc_composite
4354,0.2774,lsc_kalman_cusum
4355,0.481,lsc_composite
4356,0.481,lsc_composite
4357,0.1492,raw_var_cusum
4358,0.14915,lsc_tail_cusum
4359,0.14915,lsc_tail_cusum
4360,0.481,lsc_composite
4361,0.481,lsc_composite
4362,0.02015,lsc_kalman_cusum
4363,0.1521,raw_cusum
4364,0.14915,lsc_tail_cusum
4365,0.5535,lsc_tail_cusum
4366,0.02015,lsc_kalman_cusum
4367,0.1492,raw_var_cusum
4368,0.2774,lsc_kalman_cusum
4369,0.5535,lsc_tail_cusum
4370,0.2774,lsc_kalman_cusum
4371,0.2774,lsc_kalman_cusum
4372,0.2774,lsc_kalman_cusum
4373,0.14915,lsc_tail_cusum
4374,0.5535,lsc_tail_cusum
4375,0.10165,lsc_composite
4376,0.2774,lsc_kalman_cusum
4377,0.5535,lsc_tail_cusum
4378,0.00925,lsc_composite
4379,0.481,lsc_composite
4380,0.481,lsc_composite
4381,0.5535,lsc_tail_cusum
4382,0.481,lsc_composite
4383,0.5535,lsc_tail_cusum
4384,0.5535,lsc_tail_cusum
4385,0.10165,lsc_composite
4386,0.5535,lsc_tail_cusum
4387,0.481,lsc_composite
4388,0.10165,lsc_composite
4389,0.10165,lsc_composite
4390,0.1521,raw_cusum
4391,0.1492,raw_var_cusum
4392,0.2774,lsc_kalman_cusum
4393,0.2774,lsc_kalman_cusum
4394,0.481,lsc_composite
4395,0.481,lsc_composite
4396,0.1492,raw_var_cusum
4397,0.0183,raw_var_cusum
4398,0.481,lsc_composite
4399,0.10165,lsc_composite
4400,0.2774,lsc_kalman_cusum
4401,0.481,lsc_composite
4402,0.481,lsc_composite
4403,0.14915,lsc_tail_cusum
4404,0.5619,raw_var_cusum
4405,0.1492,raw_var_cusum
4406,0.2774,lsc_kalman_cusum
4407,0.5535,lsc_tail_cusum
4408,0.14915,lsc_tail_cusum
4409,0.5535,lsc_tail_cusum
4410,0.481,lsc_composite
4411,1.0,lsc_composite
4412,0.14915,lsc_tail_cusum
4413,0.481,lsc_composite
4414,0.00015,lsc_composite
4415,0.14915,lsc_tail_cusum
4416,0.481,lsc_composite
4417,0.14915,lsc_tail_cusum
4418,0.14915,lsc_tail_cusum
4419,0.2774,lsc_kalman_cusum
4420,0.10165,lsc_composite
4421,1.0,lsc_composite
4422,0.2774,lsc_kalman_cusum
4423,0.1521,raw_cusum
4424,0.14915,lsc_tail_cusum
4425,0.481,lsc_composite
4426,0.10165,lsc_composite
4427,0.14915,lsc_tail_cusum
4428,0.5535,lsc_tail_cusum
4429,0.10165,lsc_composite
4430,0.0198,lsc_tail_cusum
4431,0.1492,raw_var_cusum
4432,0.481,lsc_composite
4433,1.0,lsc_composite
4434,0.0198,lsc_tail_cusum
4435,0.1521,raw_cusum
4436,0.2774,lsc_kalman_cusum
4437,0.481,lsc_composite
4438,0.10165,lsc_composite
4439,0.10165,lsc_composite
4440,0.2774,lsc_kalman_cusum
4441,1.0,lsc_composite
4442,0.2774,lsc_kalman_cusum
4443,0.481,lsc_composite
4444,0.02015,lsc_kalman_cusum
4445,0.14915,lsc_tail_cusum
4446,0.14915,lsc_tail_cusum
4447,1.0,lsc_composite
4448,0.10165,lsc_composite
4449,1.0,lsc_composite
4450,0.1521,raw_cusum
4451,0.10165,lsc_composite
4452,0.14915,lsc_tail_cusum
4453,0.10165,lsc_composite
4454,0.1521,raw_cusum
4455,0.14915,lsc_tail_cusum
4456,0.14915,lsc_tail_cusum
4457,0.481,lsc_composite
4458,0.5535,lsc_tail_cusum
4459,0.1492,raw_var_cusum
4460,0.5535,lsc_tail_cusum
4461,0.5535,lsc_tail_cusum
4462,0.1492,raw_var_cusum
4463,0.1492,raw_var_cusum
4464,0.14915,lsc_tail_cusum
4465,0.481,lsc_composite
4466,0.14915,lsc_tail_cusum
4467,0.10165,lsc_composite
4468,0.5535,lsc_tail_cusum
4469,0.14915,lsc_tail_cusum
4470,0.10165,lsc_composite
4471,0.1492,raw_var_cusum
4472,0.14915,lsc_tail_cusum
4473,0.5619,raw_var_cusum
4474,0.2774,lsc_kalman_cusum
4475,0.02015,lsc_kalman_cusum
4476,0.5535,lsc_tail_cusum
4477,0.2774,lsc_kalman_cusum
4478,0.14915,lsc_tail_cusum
4479,0.0183,raw_var_cusum
4480,0.10165,lsc_composite
4481,0.481,lsc_composite
4482,0.14915,lsc_tail_cusum
4483,0.2774,lsc_kalman_cusum
4484,0.2774,lsc_kalman_cusum
4485,0.5619,raw_var_cusum
4486,0.2774,lsc_kalman_cusum
4487,0.14915,lsc_tail_cusum
4488,0.14915,lsc_tail_cusum
4489,0.5535,lsc_tail_cusum
4490,0.10165,lsc_composite
4491,0.5535,lsc_tail_cusum
4492,0.481,lsc_composite
4493,0.1492,raw_var_cusum
4494,0.481,lsc_composite
4495,0.5535,lsc_tail_cusum
4496,0.2774,lsc_kalman_cusum
4497,0.5535,lsc_tail_cusum
4498,0.14915,lsc_tail_cusum
4499,0.5619,raw_var_cusum
4500,0.10165,lsc_composite
4501,1.0,lsc_composite
4502,0.1492,raw_var_cusum
4503,0.0183,raw_var_cusum
4504,0.481,lsc_composite
4505,0.5535,lsc_tail_cusum
4506,0.481,lsc_composite
4507,0.481,lsc_composite
4508,0.14915,lsc_tail_cusum
4509,0.481,lsc_composite
4510,0.5619,raw_var_cusum
4511,1.0,lsc_composite
4512,0.1521,raw_cusum
4513,0.481,lsc_composite
4514,0.10165,lsc_composite
4515,0.2774,lsc_kalman_cusum
4516,0.2774,lsc_kalman_cusum
4517,0.5619,raw_var_cusum
4518,1.0,lsc_composite
4519,1.0,lsc_composite
4520,0.1521,raw_cusum
4521,0.1492,raw_var_cusum
4522,0.2774,lsc_kalman_cusum
4523,0.1521,raw_cusum
4524,0.5535,lsc_tail_cusum
4525,0.481,lsc_composite
4526,0.481,lsc_composite
4527,1.0,lsc_composite
4528,0.10165,lsc_composite
4529,0.5535,lsc_tail_cusum
4530,0.2774,lsc_kalman_cusum
4531,0.5619,raw_var_cusum
4532,0.10165,lsc_composite
4533,0.10165,lsc_composite
4534,1.0,lsc_composite
4535,0.481,lsc_composite
4536,0.14915,lsc_tail_cusum
4537,0.481,lsc_composite
4538,0.1521,raw_cusum
4539,0.14915,lsc_tail_cusum
4540,0.1521,raw_cusum
4541,0.1521,raw_cusum
4542,0.481,lsc_composite
4543,0.1521,raw_cusum
4544,1.0,lsc_composite
4545,0.02015,lsc_kalman_cusum
4546,0.14915,lsc_tail_cusum
4547,0.14915,lsc_tail_cusum
4548,0.0198,lsc_tail_cusum
4549,0.5535,lsc_tail_cusum
4550,0.2774,lsc_kalman_cusum
4551,0.10165,lsc_composite
4552,0.10165,lsc_composite
4553,0.1521,raw_cusum
4554,0.14915,lsc_tail_cusum
4555,0.2774,lsc_kalman_cusum
4556,0.5535,lsc_tail_cusum
4557,0.481,lsc_composite
4558,0.2774,lsc_kalman_cusum
4559,0.2774,lsc_kalman_cusum
4560,1.0,lsc_composite
4561,0.481,lsc_composite
4562,1.0,lsc_composite
4563,0.10165,lsc_composite
4564,1.0,lsc_composite
4565,0.14915,lsc_tail_cusum
4566,1.0,lsc_composite
4567,0.14915,lsc_tail_cusum
4568,0.14915,lsc_tail_cusum
4569,0.5535,lsc_tail_cusum
4570,0.5535,lsc_tail_cusum
4571,0.481,lsc_composite
4572,0.5535,lsc_tail_cusum
4573,0.2774,lsc_kalman_cusum
4574,0.10165,lsc_composite
4575,0.10165,lsc_composite
4576,0.2774,lsc_kalman_cusum
4577,0.481,lsc_composite
4578,0.0198,lsc_tail_cusum
4579,0.14915,lsc_tail_cusum
4580,1.0,lsc_composite
4581,1.0,lsc_composite
4582,0.481,lsc_composite
4583,0.1521,raw_cusum
4584,0.5619,raw_var_cusum
4585,0.481,lsc_composite
4586,0.481,lsc_composite
4587,0.14915,lsc_tail_cusum
4588,0.14915,lsc_tail_cusum
4589,0.00925,lsc_composite
4590,0.2774,lsc_kalman_cusum
4591,0.481,lsc_composite
4592,0.10165,lsc_composite
4593,0.2774,lsc_kalman_cusum
4594,0.481,lsc_composite
4595,0.2774,lsc_kalman_cusum
4596,0.1492,raw_var_cusum
4597,0.481,lsc_composite
4598,0.10165,lsc_composite
4599,0.1521,raw_cusum
4600,1.0,lsc_composite
4601,0.1492,raw_var_cusum
4602,0.0183,raw_var_cusum
4603,0.14915,lsc_tail_cusum
4604,0.2774,lsc_kalman_cusum
4605,0.2774,lsc_kalman_cusum
4606,0.10165,lsc_composite
4607,0.14915,lsc_tail_cusum
4608,0.1521,raw_cusum
4609,0.481,lsc_composite
4610,1.0,lsc_composite
4611,0.02015,lsc_kalman_cusum
4612,0.1492,raw_var_cusum
4613,0.1521,raw_cusum
4614,0.10165,lsc_composite
4615,0.2774,lsc_kalman_cusum
4616,0.1521,raw_cusum
4617,0.481,lsc_composite
4618,0.2774,lsc_kalman_cusum
4619,0.481,lsc_composite
4620,0.1492,raw_var_cusum
4621,0.10165,lsc_composite
4622,0.2774,lsc_kalman_cusum
4623,0.14915,lsc_tail_cusum
4624,0.1492,raw_var_cusum
4625,0.10165,lsc_composite
4626,0.1521,raw_cusum
4627,0.1492,raw_var_cusum
4628,0.481,lsc_composite
4629,0.0198,lsc_tail_cusum
4630,0.2774,lsc_kalman_cusum
4631,0.0198,lsc_tail_cusum
4632,0.1521,raw_cusum
4633,0.1492,raw_var_cusum
4634,1.0,lsc_composite
4635,0.0183,raw_var_cusum
4636,0.14915,lsc_tail_cusum
4637,0.481,lsc_composite
4638,0.5619,raw_var_cusum
4639,0.1521,raw_cusum
4640,0.5535,lsc_tail_cusum
4641,0.10165,lsc_composite
4642,0.10165,lsc_composite
4643,0.14915,lsc_tail_cusum
4644,0.1492,raw_var_cusum
4645,0.14915,lsc_tail_cusum
4646,0.1521,raw_cusum
4647,0.481,lsc_composite
4648,0.5619,raw_var_cusum
4649,0.481,lsc_composite
4650,0.481,lsc_composite
4651,0.5619,raw_var_cusum
4652,0.10165,lsc_composite
4653,0.10165,lsc_composite
4654,0.5535,lsc_tail_cusum
4655,0.1492,raw_var_cusum
4656,0.5535,lsc_tail_cusum
4657,0.2774,lsc_kalman_cusum
4658,0.2774,lsc_kalman_cusum
4659,0.481,lsc_composite
4660,0.481,lsc_composite
4661,0.2774,lsc_kalman_cusum
4662,0.14915,lsc_tail_cusum
4663,0.1492,raw_var_cusum
4664,0.2774,lsc_kalman_cusum
4665,0.481,lsc_composite
4666,0.2774,lsc_kalman_cusum
4667,0.14915,lsc_tail_cusum
4668,0.10165,lsc_composite
4669,0.1521,raw_cusum
4670,0.1492,raw_var_cusum
4671,0.481,lsc_composite
4672,0.481,lsc_composite
4673,0.10165,lsc_composite
4674,0.10165,lsc_composite
4675,0.2774,lsc_kalman_cusum
4676,0.2774,lsc_kalman_cusum
4677,0.5535,lsc_tail_cusum
4678,0.481,lsc_composite
4679,0.1492,raw_var_cusum
4680,0.1521,raw_cusum
4681,0.02015,lsc_kalman_cusum
4682,0.2774,lsc_kalman_cusum
4683,0.2774,lsc_kalman_cusum
4684,0.481,lsc_composite
4685,0.481,lsc_composite
4686,1.0,lsc_composite
4687,0.0198,lsc_tail_cusum
4688,1.0,lsc_composite
4689,0.2774,lsc_kalman_cusum
4690,0.02015,lsc_kalman_cusum
4691,0.10165,lsc_composite
4692,0.1492,raw_var_cusum
4693,0.2774,lsc_kalman_cusum
4694,0.2774,lsc_kalman_cusum
4695,0.14915,lsc_tail_cusum
4696,0.481,lsc_composite
4697,0.481,lsc_composite
4698,0.2774,lsc_kalman_cusum
4699,0.2774,lsc_kalman_cusum
4700,0.481,lsc_composite
4701,0.14915,lsc_tail_cusum
4702,0.5535,lsc_tail_cusum
4703,0.10165,lsc_composite
4704,0.10165,lsc_composite
4705,0.10165,lsc_composite
4706,0.1521,raw_cusum
4707,0.0183,raw_var_cusum
4708,0.10165,lsc_composite
4709,0.5619,raw_var_cusum
4710,0.2774,lsc_kalman_cusum
4711,0.1492,raw_var_cusum
4712,0.481,lsc_composite
4713,0.2774,lsc_kalman_cusum
4714,0.14915,lsc_tail_cusum
4715,0.2774,lsc_kalman_cusum
4716,0.5535,lsc_tail_cusum
4717,0.2774,lsc_kalman_cusum
4718,0.481,lsc_composite
4719,0.481,lsc_composite
4720,0.0183,raw_var_cusum
4721,0.1521,raw_cusum
4722,0.5619,raw_var_cusum
4723,0.1521,raw_cusum
4724,0.5619,raw_var_cusum
4725,0.5535,lsc_tail_cusum
4726,0.1492,raw_var_cusum
4727,0.5619,raw_var_cusum
4728,0.481,lsc_composite
4729,0.481,lsc_composite
4730,0.1521,raw_cusum
4731,0.2774,lsc_kalman_cusum
4732,0.1492,raw_var_cusum
4733,0.1521,raw_cusum
4734,0.1492,raw_var_cusum
4735,0.0183,raw_var_cusum
4736,0.5535,lsc_tail_cusum
4737,0.2774,lsc_kalman_cusum
4738,1.0,lsc_composite
4739,0.481,lsc_composite
4740,0.10165,lsc_composite
4741,0.5535,lsc_tail_cusum
4742,0.481,lsc_composite
4743,0.2774,lsc_kalman_cusum
4744,0.14915,lsc_tail_cusum
4745,0.14915,lsc_tail_cusum
4746,0.10165,lsc_composite
4747,0.5535,lsc_tail_cusum
4748,0.5619,raw_var_cusum
4749,0.481,lsc_composite
4750,0.5619,raw_var_cusum
4751,0.2774,lsc_kalman_cusum
4752,0.5619,raw_var_cusum
4753,0.14915,lsc_tail_cusum
4754,0.1521,raw_cusum
4755,0.0183,raw_var_cusum
4756,0.5535,lsc_tail_cusum
4757,0.1521,raw_cusum
4758,1.0,lsc_composite
4759,0.2774,lsc_kalman_cusum
4760,0.1492,raw_var_cusum
4761,0.481,lsc_composite
4762,0.481,lsc_composite
4763,0.481,lsc_composite
4764,0.0183,raw_var_cusum
4765,0.14915,lsc_tail_cusum
4766,0.02015,lsc_kalman_cusum
4767,0.5535,lsc_tail_cusum
4768,0.1492,raw_var_cusum
4769,0.1521,raw_cusum
4770,0.481,lsc_composite
4771,0.5535,lsc_tail_cusum
4772,0.1521,raw_cusum
4773,0.5535,lsc_tail_cusum
4774,0.2774,lsc_kalman_cusum
4775,0.1521,raw_cusum
4776,0.5535,lsc_tail_cusum
4777,0.1521,raw_cusum
4778,0.14915,lsc_tail_cusum
4779,0.1492,raw_var_cusum
4780,1.0,lsc_composite
4781,0.1492,raw_var_cusum
4782,0.10165,lsc_composite
4783,0.1492,raw_var_cusum
4784,0.10165,lsc_composite
4785,0.5619,raw_var_cusum
4786,0.02015,lsc_kalman_cusum
4787,0.2774,lsc_kalman_cusum
4788,0.14915,lsc_tail_cusum
4789,0.1492,raw_var_cusum
4790,0.481,lsc_composite
4791,0.2774,lsc_kalman_cusum
4792,0.14915,lsc_tail_cusum
4793,0.2774,lsc_kalman_cusum
4794,0.481,lsc_composite
4795,0.10165,lsc_composite
4796,0.14915,lsc_tail_cusum
4797,0.2774,lsc_kalman_cusum
4798,0.481,lsc_composite
4799,0.481,lsc_composite
4800,0.2774,lsc_kalman_cusum
4801,0.1521,raw_cusum
4802,1.0,lsc_composite
4803,1.0,lsc_composite
4804,1.0,lsc_composite
4805,1.0,lsc_composite
4806,0.2774,lsc_kalman_cusum
4807,1.0,lsc_composite
4808,0.10165,lsc_composite
4809,0.0198,lsc_tail_cusum
4810,0.2774,lsc_kalman_cusum
4811,1.0,lsc_composite
4812,0.2774,lsc_kalman_cusum
4813,0.1521,raw_cusum
4814,0.14915,lsc_tail_cusum
4815,0.2774,lsc_kalman_cusum
4816,0.1521,raw_cusum
4817,0.10165,lsc_composite
4818,0.14915,lsc_tail_cusum
4819,0.5535,lsc_tail_cusum
4820,0.5535,lsc_tail_cusum
4821,0.14915,lsc_tail_cusum
4822,0.481,lsc_composite
4823,1.0,lsc_composite
4824,0.1492,raw_var_cusum
4825,0.481,lsc_composite
4826,0.14915,lsc_tail_cusum
4827,0.481,lsc_composite
4828,0.481,lsc_composite
4829,0.0183,raw_var_cusum
4830,0.14915,lsc_tail_cusum
4831,0.1521,raw_cusum
4832,0.2774,lsc_kalman_cusum
4833,0.14915,lsc_tail_cusum
4834,0.5619,raw_var_cusum
4835,0.1492,raw_var_cusum
4836,0.14915,lsc_tail_cusum
4837,0.5535,lsc_tail_cusum
4838,0.2774,lsc_kalman_cusum
4839,0.1521,raw_cusum
4840,0.1521,raw_cusum
4841,0.10165,lsc_composite
4842,0.0198,lsc_tail_cusum
4843,0.481,lsc_composite
4844,0.2774,lsc_kalman_cusum
4845,0.2774,lsc_kalman_cusum
4846,0.00925,lsc_composite
4847,0.481,lsc_composite
4848,0.1521,raw_cusum
4849,0.0198,lsc_tail_cusum
4850,0.1521,raw_cusum
4851,0.1492,raw_var_cusum
4852,0.2774,lsc_kalman_cusum
4853,0.2774,lsc_kalman_cusum
4854,0.1492,raw_var_cusum
4855,0.2774,lsc_kalman_cusum
4856,0.0183,raw_var_cusum
4857,1.0,lsc_composite
4858,0.1521,raw_cusum
4859,0.2774,lsc_kalman_cusum
4860,0.481,lsc_composite
4861,0.481,lsc_composite
4862,0.481,lsc_composite
4863,0.10165,lsc_composite
4864,0.00925,lsc_composite
4865,0.481,lsc_composite
4866,1.0,lsc_composite
4867,1.0,lsc_composite
4868,0.14915,lsc_tail_cusum
4869,0.1521,raw_cusum
4870,0.10165,lsc_composite
4871,0.481,lsc_composite
4872,0.481,lsc_composite
4873,0.14915,lsc_tail_cusum
4874,0.5619,raw_var_cusum
4875,0.10165,lsc_composite
4876,0.10165,lsc_composite
4877,0.1521,raw_cusum
4878,0.5619,raw_var_cusum
4879,0.5619,raw_var_cusum
4880,0.1492,raw_var_cusum
4881,0.1521,raw_cusum
4882,0.0183,raw_var_cusum
4883,0.02015,lsc_kalman_cusum
4884,0.1492,raw_var_cusum
4885,0.1492,raw_var_cusum
4886,0.481,lsc_composite
4887,0.14915,lsc_tail_cusum
4888,0.1521,raw_cusum
4889,0.10165,lsc_composite
4890,0.481,lsc_composite
4891,0.481,lsc_composite
4892,0.10165,lsc_composite
4893,0.1521,raw_cusum
4894,0.481,lsc_composite
4895,0.481,lsc_composite
4896,0.1492,raw_var_cusum
4897,0.1492,raw_var_cusum
4898,0.481,lsc_composite
4899,0.1521,raw_cusum
4900,0.1492,raw_var_cusum
4901,0.1521,raw_cusum
4902,0.1492,raw_var_cusum
4903,0.10165,lsc_composite
4904,0.5535,lsc_tail_cusum
4905,0.10165,lsc_composite
4906,0.1492,raw_var_cusum
4907,0.14915,lsc_tail_cusum
4908,0.0198,lsc_tail_cusum
4909,0.481,lsc_composite
4910,0.14915,lsc_tail_cusum
4911,0.14915,lsc_tail_cusum
4912,0.2774,lsc_kalman_cusum
4913,0.1521,raw_cusum
4914,0.1521,raw_cusum
4915,0.14915,lsc_tail_cusum
4916,0.14915,lsc_tail_cusum
4917,1.0,lsc_composite
4918,0.481,lsc_composite
4919,0.2774,lsc_kalman_cusum
4920,0.10165,lsc_composite
4921,0.481,lsc_composite
4922,0.481,lsc_composite
4923,0.5535,lsc_tail_cusum
4924,0.10165,lsc_composite
4925,0.10165,lsc_composite
4926,0.0198,lsc_tail_cusum
4927,0.10165,lsc_composite
4928,0.2774,lsc_kalman_cusum
4929,0.14915,lsc_tail_cusum
4930,0.481,lsc_composite
4931,0.2774,lsc_kalman_cusum
4932,0.2774,lsc_kalman_cusum
4933,0.1492,raw_var_cusum
4934,0.2774,lsc_kalman_cusum
4935,0.1521,raw_cusum
4936,0.14915,lsc_tail_cusum
4937,0.481,lsc_composite
4938,0.481,lsc_composite
4939,0.10165,lsc_composite
4940,0.1521,raw_cusum
4941,0.14915,lsc_tail_cusum
4942,0.1521,raw_cusum
4943,0.2774,lsc_kalman_cusum
4944,0.2774,lsc_kalman_cusum
4945,0.14915,lsc_tail_cusum
4946,0.5619,raw_var_cusum
4947,0.5619,raw_var_cusum
4948,0.481,lsc_composite
4949,0.481,lsc_composite
4950,0.1492,raw_var_cusum
4951,0.2774,lsc_kalman_cusum
4952,0.1492,raw_var_cusum
4953,0.2774,lsc_kalman_cusum
4954,0.2774,lsc_kalman_cusum
4955,0.481,lsc_composite
4956,0.14915,lsc_tail_cusum
4957,0.5535,lsc_tail_cusum
4958,0.5535,lsc_tail_cusum
4959,0.5535,lsc_tail_cusum
4960,0.481,lsc_composite
4961,0.2774,lsc_kalman_cusum
4962,0.5619,raw_var_cusum
4963,1.0,lsc_composite
4964,0.5535,lsc_tail_cusum
4965,0.10165,lsc_composite
4966,0.1521,raw_cusum
4967,0.2774,lsc_kalman_cusum
4968,0.5535,lsc_tail_cusum
4969,0.481,lsc_composite
4970,0.1521,raw_cusum
4971,0.481,lsc_composite
4972,0.2774,lsc_kalman_cusum
4973,0.1521,raw_cusum
4974,0.1492,raw_var_cusum
4975,0.1492,raw_var_cusum
4976,0.5619,raw_var_cusum
4977,0.2774,lsc_kalman_cusum
4978,0.1521,raw_cusum
4979,0.02015,lsc_kalman_cusum
4980,0.5535,lsc_tail_cusum
4981,0.1492,raw_var_cusum
4982,0.14915,lsc_tail_cusum
4983,1.0,lsc_composite
4984,0.5619,raw_var_cusum
4985,0.481,lsc_composite
4986,0.5535,lsc_tail_cusum
4987,0.481,lsc_composite
4988,0.10165,lsc_composite
4989,0.5535,lsc_tail_cusum
4990,0.5535,lsc_tail_cusum
4991,0.2774,lsc_kalman_cusum
4992,0.1492,raw_var_cusum
4993,0.5619,raw_var_cusum
4994,0.10165,lsc_composite
4995,0.481,lsc_composite
4996,0.5619,raw_var_cusum
4997,0.2774,lsc_kalman_cusum
4998,0.481,lsc_composite
4999,0.5619,raw_var_cusum
5000,0.2774,lsc_kalman_cusum
5001,0.5535,lsc_tail_cusum
5002,0.1492,raw_var_cusum
5003,0.1521,raw_cusum
5004,0.5535,lsc_tail_cusum
5005,1.0,lsc_composite
5006,0.5535,lsc_tail_cusum
5007,0.481,lsc_composite
5008,0.481,lsc_composite
5009,0.1521,raw_cusum
5010,0.481,lsc_composite
5011,0.5619,raw_var_cusum
5012,0.5619,raw_var_cusum
5013,0.00925,lsc_composite
5014,0.5535,lsc_tail_cusum
5015,0.5619,raw_var_cusum
5016,0.481,lsc_composite
5017,1.0,lsc_composite
5018,0.0198,lsc_tail_cusum
5019,0.5619,raw_var_cusum
5020,0.5535,lsc_tail_cusum
5021,0.2774,lsc_kalman_cusum
5022,0.5619,raw_var_cusum
5023,0.481,lsc_composite
5024,0.2774,lsc_kalman_cusum
5025,0.10165,lsc_composite
5026,0.5619,raw_var_cusum
5027,0.1492,raw_var_cusum
5028,0.5619,raw_var_cusum
5029,1.0,lsc_composite
5030,0.5535,lsc_tail_cusum
5031,0.1521,raw_cusum
5032,0.5535,lsc_tail_cusum
5033,0.2774,lsc_kalman_cusum
5034,0.1492,raw_var_cusum
5035,0.14915,lsc_tail_cusum
5036,0.2774,lsc_kalman_cusum
5037,1.0,lsc_composite
5038,0.0183,raw_var_cusum
5039,1.0,lsc_composite
5040,0.481,lsc_composite
5041,0.1521,raw_cusum
5042,1.0,lsc_composite
5043,0.5535,lsc_tail_cusum
5044,0.5535,lsc_tail_cusum
5045,0.1492,raw_var_cusum
5046,0.10165,lsc_composite
5047,0.1492,raw_var_cusum
5048,0.481,lsc_composite
5049,0.2774,lsc_kalman_cusum
5050,0.5535,lsc_tail_cusum
5051,0.00925,lsc_composite
5052,0.10165,lsc_composite
5053,0.1492,raw_var_cusum
5054,0.2774,lsc_kalman_cusum
5055,0.481,lsc_composite
5056,0.14915,lsc_tail_cusum
5057,0.5535,lsc_tail_cusum
5058,0.14915,lsc_tail_cusum
5059,0.5619,raw_var_cusum
5060,0.2774,lsc_kalman_cusum
5061,0.5535,lsc_tail_cusum
5062,0.1492,raw_var_cusum
5063,0.14915,lsc_tail_cusum
5064,0.1492,raw_var_cusum
5065,0.10165,lsc_composite
5066,0.10165,lsc_composite
5067,0.1521,raw_cusum
5068,0.2774,lsc_kalman_cusum
5069,0.1492,raw_var_cusum
5070,0.481,lsc_composite
5071,0.1492,raw_var_cusum
5072,0.2774,lsc_kalman_cusum
5073,0.14915,lsc_tail_cusum
5074,1.0,lsc_composite
5075,0.1492,raw_var_cusum
5076,0.481,lsc_composite
5077,0.481,lsc_composite
5078,0.1492,raw_var_cusum
5079,0.5535,lsc_tail_cusum
5080,0.2774,lsc_kalman_cusum
5081,0.14915,lsc_tail_cusum
5082,0.14915,lsc_tail_cusum
5083,0.2774,lsc_kalman_cusum
5084,0.00925,lsc_composite
5085,1.0,lsc_composite
5086,0.481,lsc_composite
5087,0.5535,lsc_tail_cusum
5088,0.14915,lsc_tail_cusum
5089,0.14915,lsc_tail_cusum
5090,0.5535,lsc_tail_cusum
5091,1.0,lsc_composite
5092,0.14915,lsc_tail_cusum
5093,0.481,lsc_composite
5094,0.5535,lsc_tail_cusum
5095,0.10165,lsc_composite
5096,0.1521,raw_cusum
5097,0.0183,raw_var_cusum
5098,0.481,lsc_composite
5099,0.2774,lsc_kalman_cusum
5100,0.481,lsc_composite
5101,0.5619,raw_var_cusum
5102,0.5535,lsc_tail_cusum
5103,0.5619,raw_var_cusum
5104,0.481,lsc_composite
5105,0.10165,lsc_composite
5106,0.0198,lsc_tail_cusum
5107,0.1492,raw_var_cusum
5108,0.2774,lsc_kalman_cusum
5109,0.5535,lsc_tail_cusum
5110,0.1521,raw_cusum
5111,0.14915,lsc_tail_cusum
5112,0.2774,lsc_kalman_cusum
5113,0.1492,raw_var_cusum
5114,0.00925,lsc_composite
5115,0.5535,lsc_tail_cusum
5116,0.1521,raw_cusum
5117,0.2774,lsc_kalman_cusum
5118,0.02015,lsc_kalman_cusum
5119,0.2774,lsc_kalman_cusum
5120,0.1521,raw_cusum
5121,0.481,lsc_composite
5122,0.1492,raw_var_cusum
5123,0.481,lsc_composite
5124,0.2774,lsc_kalman_cusum
5125,0.481,lsc_composite
5126,1.0,lsc_composite
5127,0.14915,lsc_tail_cusum
5128,1.0,lsc_composite
5129,0.481,lsc_composite
5130,0.5535,lsc_tail_cusum
5131,0.10165,lsc_composite
5132,0.5535,lsc_tail_cusum
5133,0.1521,raw_cusum
5134,0.10165,lsc_composite
5135,0.5619,raw_var_cusum
5136,0.1521,raw_cusum
5137,0.481,lsc_composite
5138,0.10165,lsc_composite
5139,0.5619,raw_var_cusum
5140,0.2774,lsc_kalman_cusum
5141,0.5619,raw_var_cusum
5142,0.1521,raw_cusum
5143,0.14915,lsc_tail_cusum
5144,0.481,lsc_composite
5145,0.1521,raw_cusum
5146,0.481,lsc_composite
5147,0.1492,raw_var_cusum
5148,0.14915,lsc_tail_cusum
5149,0.1492,raw_var_cusum
5150,0.10165,lsc_composite
5151,0.1492,raw_var_cusum
5152,1.0,lsc_composite
5153,1.0,lsc_composite
5154,0.1492,raw_var_cusum
5155,0.2774,lsc_kalman_cusum
5156,0.481,lsc_composite
5157,0.2774,lsc_kalman_cusum
5158,0.2774,lsc_kalman_cusum
5159,0.481,lsc_composite
5160,0.2774,lsc_kalman_cusum
5161,0.2774,lsc_kalman_cusum
5162,0.481,lsc_composite
5163,0.2774,lsc_kalman_cusum
5164,0.5535,lsc_tail_cusum
5165,0.1521,raw_cusum
5166,0.481,lsc_composite
5167,1.0,lsc_composite
5168,0.481,lsc_composite
5169,0.14915,lsc_tail_cusum
5170,0.02015,lsc_kalman_cusum
5171,0.1521,raw_cusum
5172,0.10165,lsc_composite
5173,0.1492,raw_var_cusum
5174,0.2774,lsc_kalman_cusum
5175,0.2774,lsc_kalman_cusum
5176,0.0183,raw_var_cusum
5177,0.5619,raw_var_cusum
5178,0.2774,lsc_kalman_cusum
5179,0.10165,lsc_composite
5180,0.10165,lsc_composite
5181,0.2774,lsc_kalman_cusum
5182,0.2774,lsc_kalman_cusum
5183,0.10165,lsc_composite
5184,0.14915,lsc_tail_cusum
5185,0.02015,lsc_kalman_cusum
5186,0.5535,lsc_tail_cusum
5187,0.10165,lsc_composite
5188,0.10165,lsc_composite
5189,1.0,lsc_composite
5190,0.5535,lsc_tail_cusum
5191,0.481,lsc_composite
5192,0.2774,lsc_kalman_cusum
5193,0.481,lsc_composite
5194,0.481,lsc_composite
5195,0.2774,lsc_kalman_cusum
5196,0.0183,raw_var_cusum
5197,0.10165,lsc_composite
5198,0.481,lsc_composite
5199,0.481,lsc_composite
5200,0.14915,lsc_tail_cusum
5201,0.5619,raw_var_cusum
5202,0.1492,raw_var_cusum
5203,1.0,lsc_composite
5204,0.481,lsc_composite
5205,0.481,lsc_composite
5206,0.1492,raw_var_cusum
5207,0.481,lsc_composite
5208,0.10165,lsc_composite
5209,0.14915,lsc_tail_cusum
5210,0.2774,lsc_kalman_cusum
5211,0.1492,raw_var_cusum
5212,0.481,lsc_composite
5213,0.14915,lsc_tail_cusum
5214,0.481,lsc_composite
5215,0.481,lsc_composite
5216,1.0,lsc_composite
5217,0.1492,raw_var_cusum
5218,0.5535,lsc_tail_cusum
5219,0.1492,raw_var_cusum
5220,0.1521,raw_cusum
5221,0.2774,lsc_kalman_cusum
5222,0.14915,lsc_tail_cusum
5223,0.1492,raw_var_cusum
5224,0.10165,lsc_composite
5225,0.14915,lsc_tail_cusum
5226,0.5535,lsc_tail_cusum
5227,1.0,lsc_composite
5228,0.1492,raw_var_cusum
5229,0.5535,lsc_tail_cusum
5230,0.14915,lsc_tail_cusum
5231,0.5619,raw_var_cusum
5232,0.2774,lsc_kalman_cusum
5233,0.14915,lsc_tail_cusum
5234,0.5535,lsc_tail_cusum
5235,0.14915,lsc_tail_cusum
5236,0.481,lsc_composite
5237,0.1521,raw_cusum
5238,0.2774,lsc_kalman_cusum
5239,0.1492,raw_var_cusum
5240,0.02015,lsc_kalman_cusum
5241,0.481,lsc_composite
5242,0.5535,lsc_tail_cusum
5243,0.14915,lsc_tail_cusum
5244,0.5535,lsc_tail_cusum
5245,0.14915,lsc_tail_cusum
5246,0.2774,lsc_kalman_cusum
5247,0.14915,lsc_tail_cusum
5248,0.10165,lsc_composite
5249,0.481,lsc_composite
5250,0.10165,lsc_composite
5251,0.14915,lsc_tail_cusum
5252,0.481,lsc_composite
5253,0.14915,lsc_tail_cusum
5254,0.2774,lsc_kalman_cusum
5255,0.0183,raw_var_cusum
5256,0.1521,raw_cusum
5257,0.481,lsc_composite
5258,0.5619,raw_var_cusum
5259,0.481,lsc_composite
5260,1.0,lsc_composite
5261,0.0198,lsc_tail_cusum
5262,0.1521,raw_cusum
5263,0.481,lsc_composite
5264,0.10165,lsc_composite
5265,0.5535,lsc_tail_cusum
5266,0.2774,lsc_kalman_cusum
5267,0.5535,lsc_tail_cusum
5268,0.481,lsc_composite
5269,0.2774,lsc_kalman_cusum
5270,0.1521,raw_cusum
5271,0.5619,raw_var_cusum
5272,0.1492,raw_var_cusum
5273,0.02015,lsc_kalman_cusum
5274,0.1521,raw_cusum
5275,0.1492,raw_var_cusum
5276,0.1521,raw_cusum
5277,0.2774,lsc_kalman_cusum
5278,0.2774,lsc_kalman_cusum
5279,0.2774,lsc_kalman_cusum
5280,0.481,lsc_composite
5281,0.14915,lsc_tail_cusum
5282,0.481,lsc_composite
5283,0.2774,lsc_kalman_cusum
5284,0.1521,raw_cusum
5285,0.2774,lsc_kalman_cusum
5286,0.5535,lsc_tail_cusum
5287,0.481,lsc_composite
5288,0.10165,lsc_composite
5289,0.14915,lsc_tail_cusum
5290,0.5535,lsc_tail_cusum
5291,0.481,lsc_composite
5292,0.5535,lsc_tail_cusum
5293,0.481,lsc_composite
5294,0.1521,raw_cusum
5295,0.5619,raw_var_cusum
5296,0.5535,lsc_tail_cusum
5297,0.14915,lsc_tail_cusum
5298,0.5535,lsc_tail_cusum
5299,0.10165,lsc_composite
5300,0.14915,lsc_tail_cusum
5301,0.2774,lsc_kalman_cusum
5302,0.2774,lsc_kalman_cusum
5303,0.14915,lsc_tail_cusum
5304,1.0,lsc_composite
5305,0.2774,lsc_kalman_cusum
5306,0.1521,raw_cusum
5307,0.5619,raw_var_cusum
5308,0.481,lsc_composite
5309,1.0,lsc_composite
5310,0.2774,lsc_kalman_cusum
5311,0.10165,lsc_composite
5312,1.0,lsc_composite
5313,0.10165,lsc_composite
5314,0.1492,raw_var_cusum
5315,0.5535,lsc_tail_cusum
5316,0.1521,raw_cusum
5317,0.2774,lsc_kalman_cusum
5318,0.02015,lsc_kalman_cusum
5319,0.14915,lsc_tail_cusum
5320,0.481,lsc_composite
5321,0.481,lsc_composite
5322,0.2774,lsc_kalman_cusum
5323,0.0198,lsc_tail_cusum
5324,0.10165,lsc_composite
5325,0.10165,lsc_composite
5326,0.1521,raw_cusum
5327,0.481,lsc_composite
5328,0.1492,raw_var_cusum
5329,0.481,lsc_composite
5330,0.02015,lsc_kalman_cusum
5331,0.14915,lsc_tail_cusum
5332,0.5535,lsc_tail_cusum
5333,0.481,lsc_composite
5334,0.2774,lsc_kalman_cusum
5335,0.5535,lsc_tail_cusum
5336,0.14915,lsc_tail_cusum
5337,0.481,lsc_composite
5338,0.0183,raw_var_cusum
5339,0.481,lsc_composite
5340,1.0,lsc_composite
5341,0.00925,lsc_composite
5342,0.481,lsc_composite
5343,0.1492,raw_var_cusum
5344,0.14915,lsc_tail_cusum
5345,0.1492,raw_var_cusum
5346,1.0,lsc_composite
5347,0.14915,lsc_tail_cusum
5348,0.0198,lsc_tail_cusum
5349,0.5535,lsc_tail_cusum
5350,0.14915,lsc_tail_cusum
5351,0.481,lsc_composite
5352,0.1521,raw_cusum
5353,0.1492,raw_var_cusum
5354,0.5535,lsc_tail_cusum
5355,0.14915,lsc_tail_cusum
5356,0.14915,lsc_tail_cusum
5357,0.481,lsc_composite
5358,0.1521,raw_cusum
5359,0.5535,lsc_tail_cusum
5360,0.1492,raw_var_cusum
5361,1.0,lsc_composite
5362,0.1492,raw_var_cusum
5363,0.10165,lsc_composite
5364,0.02015,lsc_kalman_cusum
5365,0.2774,lsc_kalman_cusum
5366,0.481,lsc_composite
5367,1.0,lsc_composite
5368,0.5619,raw_var_cusum
5369,0.5535,lsc_tail_cusum
5370,0.5535,lsc_tail_cusum
5371,0.0198,lsc_tail_cusum
5372,0.2774,lsc_kalman_cusum
5373,0.0183,raw_var_cusum
5374,0.10165,lsc_composite
5375,0.10165,lsc_composite
5376,0.2774,lsc_kalman_cusum
5377,0.10165,lsc_composite
5378,0.1492,raw_var_cusum
5379,0.2774,lsc_kalman_cusum
5380,1.0,lsc_composite
5381,0.5619,raw_var_cusum
5382,0.0198,lsc_tail_cusum
5383,0.10165,lsc_composite
5384,0.10165,lsc_composite
5385,0.1492,raw_var_cusum
5386,0.1492,raw_var_cusum
5387,0.5619,raw_var_cusum
5388,0.481,lsc_composite
5389,0.1521,raw_cusum
5390,0.481,lsc_composite
5391,1.0,lsc_composite
5392,0.2774,lsc_kalman_cusum
5393,1.0,lsc_composite
5394,0.481,lsc_composite
5395,0.10165,lsc_composite
5396,0.10165,lsc_composite
5397,1.0,lsc_composite
5398,0.2774,lsc_kalman_cusum
5399,0.5535,lsc_tail_cusum
5400,0.0183,raw_var_cusum
5401,0.1521,raw_cusum
5402,1.0,lsc_composite
5403,0.1521,raw_cusum
5404,0.2774,lsc_kalman_cusum
5405,0.2774,lsc_kalman_cusum
5406,0.0198,lsc_tail_cusum
5407,0.14915,lsc_tail_cusum
5408,0.5535,lsc_tail_cusum
5409,0.1492,raw_var_cusum
5410,0.02015,lsc_kalman_cusum
5411,0.1521,raw_cusum
5412,0.1492,raw_var_cusum
5413,0.14915,lsc_tail_cusum
5414,0.481,lsc_composite
5415,0.1521,raw_cusum
5416,0.481,lsc_composite
5417,0.1521,raw_cusum
5418,0.1492,raw_var_cusum
5419,0.14915,lsc_tail_cusum
5420,0.5619,raw_var_cusum
5421,0.0198,lsc_tail_cusum
5422,0.5535,lsc_tail_cusum
5423,0.10165,lsc_composite
5424,0.1521,raw_cusum
5425,0.14915,lsc_tail_cusum
5426,0.1521,raw_cusum
5427,0.5535,lsc_tail_cusum
5428,0.481,lsc_composite
5429,0.481,lsc_composite
5430,0.14915,lsc_tail_cusum
5431,0.1492,raw_var_cusum
5432,0.2774,lsc_kalman_cusum
5433,0.5619,raw_var_cusum
5434,0.481,lsc_composite
5435,1.0,lsc_composite
5436,0.5535,lsc_tail_cusum
5437,0.10165,lsc_composite
5438,0.1521,raw_cusum
5439,0.2774,lsc_kalman_cusum
5440,0.5535,lsc_tail_cusum
5441,0.1492,raw_var_cusum
5442,0.02015,lsc_kalman_cusum
5443,0.5535,lsc_tail_cusum
5444,0.1521,raw_cusum
5445,0.5535,lsc_tail_cusum
5446,0.2774,lsc_kalman_cusum
5447,0.5619,raw_var_cusum
5448,0.0198,lsc_tail_cusum
5449,0.1492,raw_var_cusum
5450,0.10165,lsc_composite
5451,0.5535,lsc_tail_cusum
5452,0.5619,raw_var_cusum
5453,0.2774,lsc_kalman_cusum
5454,0.10165,lsc_composite
5455,0.481,lsc_composite
5456,0.2774,lsc_kalman_cusum
5457,1.0,lsc_composite
5458,0.2774,lsc_kalman_cusum
5459,1.0,lsc_composite
5460,1.0,lsc_composite
5461,0.2774,lsc_kalman_cusum
5462,0.1521,raw_cusum
5463,0.1521,raw_cusum
5464,0.14915,lsc_tail_cusum
5465,0.1521,raw_cusum
5466,0.14915,lsc_tail_cusum
5467,0.2774,lsc_kalman_cusum
5468,0.481,lsc_composite
5469,0.14915,lsc_tail_cusum
5470,0.14915,lsc_tail_cusum
5471,0.1492,raw_var_cusum
5472,0.2774,lsc_kalman_cusum
5473,0.5619,raw_var_cusum
5474,0.1521,raw_cusum
5475,0.481,lsc_composite
5476,0.2774,lsc_kalman_cusum
5477,0.0183,raw_var_cusum
5478,0.2774,lsc_kalman_cusum
5479,0.14915,lsc_tail_cusum
5480,0.5535,lsc_tail_cusum
5481,0.14915,lsc_tail_cusum
5482,0.481,lsc_composite
5483,0.10165,lsc_composite
5484,0.1492,raw_var_cusum
5485,0.14915,lsc_tail_cusum
5486,0.5619,raw_var_cusum
5487,0.1492,raw_var_cusum
5488,0.2774,lsc_kalman_cusum
5489,1.0,lsc_composite
5490,1.0,lsc_composite
5491,0.1521,raw_cusum
5492,0.481,lsc_composite
5493,0.2774,lsc_kalman_cusum
5494,0.1492,raw_var_cusum
5495,0.5619,raw_var_cusum
5496,0.5535,lsc_tail_cusum
5497,0.481,lsc_composite
5498,0.481,lsc_composite
5499,0.0198,lsc_tail_cusum
5500,0.481,lsc_composite
5501,1.0,lsc_composite
5502,0.10165,lsc_composite
5503,0.481,lsc_composite
5504,0.2774,lsc_kalman_cusum
5505,0.5619,raw_var_cusum
5506,0.10165,lsc_composite
5507,0.1492,raw_var_cusum
5508,0.5535,lsc_tail_cusum
5509,0.5619,raw_var_cusum
5510,0.2774,lsc_kalman_cusum
5511,0.10165,lsc_composite
5512,0.02015,lsc_kalman_cusum
5513,0.5535,lsc_tail_cusum
5514,0.2774,lsc_kalman_cusum
5515,0.10165,lsc_composite
5516,0.481,lsc_composite
5517,0.1492,raw_var_cusum
5518,0.14915,lsc_tail_cusum
5519,0.2774,lsc_kalman_cusum
5520,0.2774,lsc_kalman_cusum
5521,0.5535,lsc_tail_cusum
5522,0.481,lsc_composite
5523,1.0,lsc_composite
5524,0.2774,lsc_kalman_cusum
5525,0.2774,lsc_kalman_cusum
5526,0.1492,raw_var_cusum
5527,0.14915,lsc_tail_cusum
5528,0.1492,raw_var_cusum
5529,0.481,lsc_composite
5530,0.481,lsc_composite
5531,0.14915,lsc_tail_cusum
5532,0.14915,lsc_tail_cusum
5533,0.00925,lsc_composite
5534,0.2774,lsc_kalman_cusum
5535,0.10165,lsc_composite
5536,0.481,lsc_composite
5537,0.5619,raw_var_cusum
5538,0.5619,raw_var_cusum
5539,0.2774,lsc_kalman_cusum
5540,0.2774,lsc_kalman_cusum
5541,0.14915,lsc_tail_cusum
5542,0.2774,lsc_kalman_cusum
5543,0.481,lsc_composite
5544,0.14915,lsc_tail_cusum
5545,0.1521,raw_cusum
5546,0.5619,raw_var_cusum
5547,0.1492,raw_var_cusum
5548,1.0,lsc_composite
5549,0.10165,lsc_composite
5550,0.10165,lsc_composite
5551,0.5535,lsc_tail_cusum
5552,0.2774,lsc_kalman_cusum
5553,0.481,lsc_composite
5554,1.0,lsc_composite
5555,0.1492,raw_var_cusum
5556,0.14915,lsc_tail_cusum
5557,0.0183,raw_var_cusum
5558,0.481,lsc_composite
5559,0.0183,raw_var_cusum
5560,0.481,lsc_composite
5561,0.02015,lsc_kalman_cusum
5562,0.1521,raw_cusum
5563,1.0,lsc_composite
5564,0.02015,lsc_kalman_cusum
5565,0.5619,raw_var_cusum
5566,0.10165,lsc_composite
5567,0.1492,raw_var_cusum
5568,0.2774,lsc_kalman_cusum
5569,0.5619,raw_var_cusum
5570,0.1492,raw_var_cusum
5571,0.5535,lsc_tail_cusum
5572,0.5535,lsc_tail_cusum
5573,0.14915,lsc_tail_cusum
5574,0.1492,raw_var_cusum
5575,0.1521,raw_cusum
5576,0.5619,raw_var_cusum
5577,0.10165,lsc_composite
5578,0.481,lsc_composite
5579,1.0,lsc_composite
5580,0.2774,lsc_kalman_cusum
5581,1.0,lsc_composite
5582,0.2774,lsc_kalman_cusum
5583,0.10165,lsc_composite
5584,0.2774,lsc_kalman_cusum
5585,0.10165,lsc_composite
5586,0.2774,lsc_kalman_cusum
5587,0.5535,lsc_tail_cusum
5588,0.14915,lsc_tail_cusum
5589,0.1492,raw_var_cusum
5590,0.14915,lsc_tail_cusum
5591,0.5535,lsc_tail_cusum
5592,0.02015,lsc_kalman_cusum
5593,0.1492,raw_var_cusum
5594,0.2774,lsc_kalman_cusum
5595,0.481,lsc_composite
5596,0.481,lsc_composite
5597,0.1492,raw_var_cusum
5598,0.1521,raw_cusum
5599,0.2774,lsc_kalman_cusum
5600,0.10165,lsc_composite
5601,1.0,lsc_composite
5602,0.2774,lsc_kalman_cusum
5603,0.481,lsc_composite
5604,0.481,lsc_composite
5605,0.0183,raw_var_cusum
5606,0.5535,lsc_tail_cusum
5607,0.10165,lsc_composite
5608,1.0,lsc_composite
5609,0.14915,lsc_tail_cusum
5610,0.1492,raw_var_cusum
5611,0.5619,raw_var_cusum
5612,0.481,lsc_composite
5613,0.0183,raw_var_cusum
5614,1.0,lsc_composite
5615,0.5535,lsc_tail_cusum
5616,0.0183,raw_var_cusum
5617,0.14915,lsc_tail_cusum
5618,0.00925,lsc_composite
5619,0.10165,lsc_composite
5620,0.0183,raw_var_cusum
5621,0.2774,lsc_kalman_cusum
5622,0.1492,raw_var_cusum
5623,0.14915,lsc_tail_cusum
5624,0.1492,raw_var_cusum
5625,1.0,lsc_composite
5626,0.2774,lsc_kalman_cusum
5627,0.14915,lsc_tail_cusum
5628,0.1521,raw_cusum
5629,0.481,lsc_composite
5630,0.481,lsc_composite
5631,0.1521,raw_cusum
5632,0.1521,raw_cusum
5633,0.5535,lsc_tail_cusum
5634,0.5535,lsc_tail_cusum
5635,1.0,lsc_composite
5636,0.5619,raw_var_cusum
5637,0.1521,raw_cusum
5638,0.1492,raw_var_cusum
5639,0.2774,lsc_kalman_cusum
5640,0.5619,raw_var_cusum
5641,0.2774,lsc_kalman_cusum
5642,1.0,lsc_composite
5643,0.481,lsc_composite
5644,1.0,lsc_composite
5645,0.10165,lsc_composite
5646,0.481,lsc_composite
5647,0.1492,raw_var_cusum
5648,0.2774,lsc_kalman_cusum
5649,0.5535,lsc_tail_cusum
5650,0.2774,lsc_kalman_cusum
5651,0.5619,raw_var_cusum
5652,0.5535,lsc_tail_cusum
5653,0.1521,raw_cusum
5654,0.1492,raw_var_cusum
5655,0.1521,raw_cusum
5656,1.0,lsc_composite
5657,0.481,lsc_composite
5658,0.10165,lsc_composite
5659,0.10165,lsc_composite
5660,0.481,lsc_composite
5661,0.481,lsc_composite
5662,0.0183,raw_var_cusum
5663,0.10165,lsc_composite
5664,0.10165,lsc_composite
5665,0.2774,lsc_kalman_cusum
5666,0.2774,lsc_kalman_cusum
5667,0.1521,raw_cusum
5668,0.14915,lsc_tail_cusum
5669,0.14915,lsc_tail_cusum
5670,0.1521,raw_cusum
5671,0.1521,raw_cusum
5672,0.1521,raw_cusum
5673,0.2774,lsc_kalman_cusum
5674,0.02015,lsc_kalman_cusum
5675,1.0,lsc_composite
5676,0.481,lsc_composite
5677,0.14915,lsc_tail_cusum
5678,0.1492,raw_var_cusum
5679,0.481,lsc_composite
5680,0.481,lsc_composite
5681,0.14915,lsc_tail_cusum
5682,0.2774,lsc_kalman_cusum
5683,0.1521,raw_cusum
5684,0.2774,lsc_kalman_cusum
5685,0.2774,lsc_kalman_cusum
5686,0.481,lsc_composite
5687,0.1521,raw_cusum
5688,0.481,lsc_composite
5689,0.10165,lsc_composite
5690,0.2774,lsc_kalman_cusum
5691,0.14915,lsc_tail_cusum
5692,0.10165,lsc_composite
5693,0.5535,lsc_tail_cusum
5694,0.1521,raw_cusum
5695,0.14915,lsc_tail_cusum
5696,0.1492,raw_var_cusum
5697,1.0,lsc_composite
5698,0.2774,lsc_kalman_cusum
5699,0.1492,raw_var_cusum
5700,0.481,lsc_composite
5701,0.1521,raw_cusum
5702,0.10165,lsc_composite
5703,0.10165,lsc_composite
5704,0.10165,lsc_composite
5705,0.1492,raw_var_cusum
5706,0.2774,lsc_kalman_cusum
5707,0.5619,raw_var_cusum
5708,0.1521,raw_cusum
5709,0.5535,lsc_tail_cusum
5710,0.481,lsc_composite
5711,0.10165,lsc_composite
5712,0.0198,lsc_tail_cusum
5713,0.2774,lsc_kalman_cusum
5714,0.10165,lsc_composite
5715,1.0,lsc_composite
5716,0.0183,raw_var_cusum
5717,0.02015,lsc_kalman_cusum
5718,0.02015,lsc_kalman_cusum
5719,0.14915,lsc_tail_cusum
5720,0.1521,raw_cusum
5721,0.2774,lsc_kalman_cusum
5722,0.1521,raw_cusum
5723,0.481,lsc_composite
5724,0.2774,lsc_kalman_cusum
5725,0.0198,lsc_tail_cusum
5726,0.481,lsc_composite
5727,0.02015,lsc_kalman_cusum
5728,0.5535,lsc_tail_cusum
5729,0.10165,lsc_composite
5730,0.14915,lsc_tail_cusum
5731,0.5619,raw_var_cusum
5732,0.14915,lsc_tail_cusum
5733,0.2774,lsc_kalman_cusum
5734,0.5535,lsc_tail_cusum
5735,0.481,lsc_composite
5736,0.481,lsc_composite
5737,0.481,lsc_composite
5738,0.14915,lsc_tail_cusum
5739,0.2774,lsc_kalman_cusum
5740,0.481,lsc_composite
5741,0.10165,lsc_composite
5742,0.481,lsc_composite
5743,0.0183,raw_var_cusum
5744,0.14915,lsc_tail_cusum
5745,0.10165,lsc_composite
5746,0.10165,lsc_composite
5747,0.481,lsc_composite
5748,0.1521,raw_cusum
5749,0.10165,lsc_composite
5750,0.10165,lsc_composite
5751,0.481,lsc_composite
5752,0.5619,raw_var_cusum
5753,0.481,lsc_composite
5754,0.2774,lsc_kalman_cusum
5755,0.14915,lsc_tail_cusum
5756,0.10165,lsc_composite
5757,0.14915,lsc_tail_cusum
5758,0.1492,raw_var_cusum
5759,0.14915,lsc_tail_cusum
5760,0.5535,lsc_tail_cusum
5761,0.5619,raw_var_cusum
5762,0.481,lsc_composite
5763,0.0198,lsc_tail_cusum
5764,1.0,lsc_composite
5765,0.5535,lsc_tail_cusum
5766,0.1521,raw_cusum
5767,0.481,lsc_composite
5768,0.14915,lsc_tail_cusum
5769,0.2774,lsc_kalman_cusum
5770,0.2774,lsc_kalman_cusum
5771,0.481,lsc_composite
5772,0.14915,lsc_tail_cusum
5773,0.10165,lsc_composite
5774,0.481,lsc_composite
5775,0.14915,lsc_tail_cusum
5776,0.1492,raw_var_cusum
5777,0.1492,raw_var_cusum
5778,0.0198,lsc_tail_cusum
5779,0.2774,lsc_kalman_cusum
5780,0.10165,lsc_composite
5781,0.14915,lsc_tail_cusum
5782,0.2774,lsc_kalman_cusum
5783,0.5535,lsc_tail_cusum
5784,0.2774,lsc_kalman_cusum
5785,0.1521,raw_cusum
5786,0.1492,raw_var_cusum
5787,0.1521,raw_cusum
5788,0.2774,lsc_kalman_cusum
5789,0.1521,raw_cusum
5790,0.0198,lsc_tail_cusum
5791,0.5619,raw_var_cusum
5792,0.5619,raw_var_cusum
5793,0.14915,lsc_tail_cusum
5794,0.14915,lsc_tail_cusum
5795,0.481,lsc_composite
5796,0.2774,lsc_kalman_cusum
5797,0.1492,raw_var_cusum
5798,0.1521,raw_cusum
5799,0.481,lsc_composite
5800,0.1521,raw_cusum
5801,0.1521,raw_cusum
5802,0.14915,lsc_tail_cusum
5803,0.481,lsc_composite
5804,0.14915,lsc_tail_cusum
5805,0.1521,raw_cusum
5806,0.14915,lsc_tail_cusum
5807,0.14915,lsc_tail_cusum
5808,1.0,lsc_composite
5809,0.1492,raw_var_cusum
5810,1.0,lsc_composite
5811,0.2774,lsc_kalman_cusum
5812,0.2774,lsc_kalman_cusum
5813,0.5619,raw_var_cusum
5814,0.2774,lsc_kalman_cusum
5815,0.5535,lsc_tail_cusum
5816,0.1492,raw_var_cusum
5817,0.5535,lsc_tail_cusum
5818,0.5535,lsc_tail_cusum
5819,0.5535,lsc_tail_cusum
5820,0.0198,lsc_tail_cusum
5821,0.5535,lsc_tail_cusum
5822,0.14915,lsc_tail_cusum
5823,0.5619,raw_var_cusum
5824,0.1521,raw_cusum
5825,0.481,lsc_composite
5826,0.5535,lsc_tail_cusum
5827,0.14915,lsc_tail_cusum
5828,0.481,lsc_composite
5829,0.5535,lsc_tail_cusum
5830,0.10165,lsc_composite
5831,0.1521,raw_cusum
5832,0.1492,raw_var_cusum
5833,0.5535,lsc_tail_cusum
5834,0.2774,lsc_kalman_cusum
5835,0.14915,lsc_tail_cusum
5836,0.481,lsc_composite
5837,0.2774,lsc_kalman_cusum
5838,0.481,lsc_composite
5839,0.1521,raw_cusum
5840,0.481,lsc_composite
5841,0.481,lsc_composite
5842,0.1521,raw_cusum
5843,0.2774,lsc_kalman_cusum
5844,1.0,lsc_composite
5845,0.14915,lsc_tail_cusum
5846,0.481,lsc_composite
5847,0.2774,lsc_kalman_cusum
5848,0.2774,lsc_kalman_cusum
5849,1.0,lsc_composite
5850,0.1521,raw_cusum
5851,0.481,lsc_composite
5852,0.481,lsc_composite
5853,0.2774,lsc_kalman_cusum
5854,0.5619,raw_var_cusum
5855,0.1521,raw_cusum
5856,0.1521,raw_cusum
5857,0.14915,lsc_tail_cusum
5858,0.2774,lsc_kalman_cusum
5859,0.1521,raw_cusum
5860,0.14915,lsc_tail_cusum
5861,0.5535,lsc_tail_cusum
5862,0.5535,lsc_tail_cusum
5863,0.10165,lsc_composite
5864,0.2774,lsc_kalman_cusum
5865,0.0183,raw_var_cusum
5866,0.10165,lsc_composite
5867,0.481,lsc_composite
5868,0.14915,lsc_tail_cusum
5869,0.0183,raw_var_cusum
5870,0.10165,lsc_composite
5871,0.5535,lsc_tail_cusum
5872,1.0,lsc_composite
5873,0.5619,raw_var_cusum
5874,0.5535,lsc_tail_cusum
5875,0.481,lsc_composite
5876,1.0,lsc_composite
5877,0.10165,lsc_composite
5878,0.5619,raw_var_cusum
5879,0.14915,lsc_tail_cusum
5880,0.481,lsc_composite
5881,0.5535,lsc_tail_cusum
5882,0.1521,raw_cusum
5883,0.5619,raw_var_cusum
5884,0.5535,lsc_tail_cusum
5885,0.10165,lsc_composite
5886,0.5535,lsc_tail_cusum
5887,0.10165,lsc_composite
5888,0.481,lsc_composite
5889,0.1521,raw_cusum
5890,0.1521,raw_cusum
5891,0.2774,lsc_kalman_cusum
5892,0.2774,lsc_kalman_cusum
5893,0.02015,lsc_kalman_cusum
5894,0.10165,lsc_composite
5895,0.2774,lsc_kalman_cusum
5896,0.14915,lsc_tail_cusum
5897,0.10165,lsc_composite
5898,0.5535,lsc_tail_cusum
5899,0.14915,lsc_tail_cusum
5900,0.14915,lsc_tail_cusum
5901,0.10165,lsc_composite
5902,0.2774,lsc_kalman_cusum
5903,1.0,lsc_composite
5904,0.1521,raw_cusum
5905,0.14915,lsc_tail_cusum
5906,1.0,lsc_composite
5907,0.2774,lsc_kalman_cusum
5908,0.481,lsc_composite
5909,0.481,lsc_composite
5910,0.481,lsc_composite
5911,0.481,lsc_composite
5912,0.14915,lsc_tail_cusum
5913,0.1521,raw_cusum
5914,0.481,lsc_composite
5915,0.1492,raw_var_cusum
5916,0.0198,lsc_tail_cusum
5917,0.481,lsc_composite
5918,0.5535,lsc_tail_cusum
5919,0.1492,raw_var_cusum
5920,0.5619,raw_var_cusum
5921,0.2774,lsc_kalman_cusum
5922,1.0,lsc_composite
5923,0.2774,lsc_kalman_cusum
5924,0.2774,lsc_kalman_cusum
5925,0.14915,lsc_tail_cusum
5926,0.481,lsc_composite
5927,0.5535,lsc_tail_cusum
5928,0.14915,lsc_tail_cusum
5929,0.481,lsc_composite
5930,0.10165,lsc_composite
5931,0.0198,lsc_tail_cusum
5932,0.5535,lsc_tail_cusum
5933,0.5535,lsc_tail_cusum
5934,0.2774,lsc_kalman_cusum
5935,0.14915,lsc_tail_cusum
5936,0.481,lsc_composite
5937,0.14915,lsc_tail_cusum
5938,0.2774,lsc_kalman_cusum
5939,1.0,lsc_composite
5940,0.5535,lsc_tail_cusum
5941,0.2774,lsc_kalman_cusum
5942,0.1521,raw_cusum
5943,0.1492,raw_var_cusum
5944,0.1492,raw_var_cusum
5945,0.1492,raw_var_cusum
5946,0.1492,raw_var_cusum
5947,0.00925,lsc_composite
5948,0.14915,lsc_tail_cusum
5949,0.10165,lsc_composite
5950,0.481,lsc_composite
5951,0.481,lsc_composite
5952,0.481,lsc_composite
5953,0.481,lsc_composite
5954,0.14915,lsc_tail_cusum
5955,0.5535,lsc_tail_cusum
5956,0.14915,lsc_tail_cusum
5957,0.481,lsc_composite
5958,0.1492,raw_var_cusum
5959,0.2774,lsc_kalman_cusum
5960,0.481,lsc_composite
5961,0.1492,raw_var_cusum
5962,0.0183,raw_var_cusum
5963,0.0183,raw_var_cusum
5964,0.1492,raw_var_cusum
5965,0.00075,lsc_tail_cusum
5966,0.1492,raw_var_cusum
5967,0.2774,lsc_kalman_cusum
5968,0.14915,lsc_tail_cusum
5969,0.1521,raw_cusum
5970,0.1492,raw_var_cusum
5971,0.2774,lsc_kalman_cusum
5972,0.5535,lsc_tail_cusum
5973,1.0,lsc_composite
5974,0.1492,raw_var_cusum
5975,0.10165,lsc_composite
5976,0.2774,lsc_kalman_cusum
5977,0.0198,lsc_tail_cusum
5978,0.02015,lsc_kalman_cusum
5979,0.2774,lsc_kalman_cusum
5980,0.5535,lsc_tail_cusum
5981,0.1521,raw_cusum
5982,0.5535,lsc_tail_cusum
5983,0.1521,raw_cusum
5984,0.1521,raw_cusum
5985,0.10165,lsc_composite
5986,0.2774,lsc_kalman_cusum
5987,0.0183,raw_var_cusum
5988,0.1521,raw_cusum
5989,0.1521,raw_cusum
5990,0.14915,lsc_tail_cusum
5991,0.10165,lsc_composite
5992,0.0183,raw_var_cusum
5993,0.481,lsc_composite
5994,0.14915,lsc_tail_cusum
5995,0.1492,raw_var_cusum
5996,0.2774,lsc_kalman_cusum
5997,0.2774,lsc_kalman_cusum
5998,0.5535,lsc_tail_cusum
5999,0.2774,lsc_kalman_cusum
6000,0.5535,lsc_tail_cusum
6001,0.2774,lsc_kalman_cusum
6002,1.0,lsc_composite
6003,0.10165,lsc_composite
6004,0.481,lsc_composite
6005,0.10165,lsc_composite
6006,0.5619,raw_var_cusum
6007,0.5535,lsc_tail_cusum
6008,0.14915,lsc_tail_cusum
6009,0.5535,lsc_tail_cusum
6010,0.481,lsc_composite
6011,0.481,lsc_composite
6012,0.2774,lsc_kalman_cusum
6013,0.5535,lsc_tail_cusum
6014,0.5619,raw_var_cusum
6015,0.2774,lsc_kalman_cusum
6016,0.1521,raw_cusum
6017,0.1492,raw_var_cusum
6018,0.481,lsc_composite
6019,0.14915,lsc_tail_cusum
6020,0.1492,raw_var_cusum
6021,0.5619,raw_var_cusum
6022,0.1492,raw_var_cusum
6023,0.1521,raw_cusum
6024,0.10165,lsc_composite
6025,0.1492,raw_var_cusum
6026,0.10165,lsc_composite
6027,0.481,lsc_composite
6028,0.1492,raw_var_cusum
6029,0.10165,lsc_composite
6030,0.14915,lsc_tail_cusum
6031,0.5535,lsc_tail_cusum
6032,0.2774,lsc_kalman_cusum
6033,0.481,lsc_composite
6034,0.2774,lsc_kalman_cusum
6035,0.2774,lsc_kalman_cusum
6036,1.0,lsc_composite
6037,0.5535,lsc_tail_cusum
6038,0.1521,raw_cusum
6039,0.2774,lsc_kalman_cusum
6040,0.5535,lsc_tail_cusum
6041,0.14915,lsc_tail_cusum
6042,0.14915,lsc_tail_cusum
6043,0.14915,lsc_tail_cusum
6044,0.10165,lsc_composite
6045,0.2774,lsc_kalman_cusum
6046,0.5535,lsc_tail_cusum
6047,0.1492,raw_var_cusum
6048,0.14915,lsc_tail_cusum
6049,0.481,lsc_composite
6050,0.5535,lsc_tail_cusum
6051,0.5535,lsc_tail_cusum
6052,0.481,lsc_composite
6053,0.10165,lsc_composite
6054,0.1492,raw_var_cusum
6055,0.2774,lsc_kalman_cusum
6056,0.5535,lsc_tail_cusum
6057,0.5619,raw_var_cusum
6058,0.5535,lsc_tail_cusum
6059,0.481,lsc_composite
6060,0.481,lsc_composite
6061,0.481,lsc_composite
6062,1.0,lsc_composite
6063,0.481,lsc_composite
6064,0.5619,raw_var_cusum
6065,0.5535,lsc_tail_cusum
6066,0.1521,raw_cusum
6067,0.481,lsc_composite
6068,0.1521,raw_cusum
6069,0.14915,lsc_tail_cusum
6070,0.2774,lsc_kalman_cusum
6071,0.481,lsc_composite
6072,1.0,lsc_composite
6073,0.2774,lsc_kalman_cusum
6074,0.481,lsc_composite
6075,0.5535,lsc_tail_cusum
6076,0.2774,lsc_kalman_cusum
6077,0.1521,raw_cusum
6078,0.10165,lsc_composite
6079,0.5535,lsc_tail_cusum
6080,0.14915,lsc_tail_cusum
6081,0.2774,lsc_kalman_cusum
6082,0.1521,raw_cusum
6083,0.1492,raw_var_cusum
6084,0.5535,lsc_tail_cusum
6085,0.14915,lsc_tail_cusum
6086,0.14915,lsc_tail_cusum
6087,1.0,lsc_composite
6088,0.02015,lsc_kalman_cusum
6089,0.10165,lsc_composite
6090,0.14915,lsc_tail_cusum
6091,0.14915,lsc_tail_cusum
6092,0.2774,lsc_kalman_cusum
6093,0.481,lsc_composite
6094,0.2774,lsc_kalman_cusum
6095,0.481,lsc_composite
6096,0.1521,raw_cusum
6097,0.5535,lsc_tail_cusum
6098,0.1521,raw_cusum
6099,0.00925,lsc_composite
6100,0.481,lsc_composite
6101,0.1492,raw_var_cusum
6102,0.5535,lsc_tail_cusum
6103,0.1521,raw_cusum
6104,0.481,lsc_composite
6105,0.14915,lsc_tail_cusum
6106,0.5535,lsc_tail_cusum
6107,0.5619,raw_var_cusum
6108,0.14915,lsc_tail_cusum
6109,0.2774,lsc_kalman_cusum
6110,0.5535,lsc_tail_cusum
6111,0.481,lsc_composite
6112,0.481,lsc_composite
6113,0.481,lsc_composite
6114,0.481,lsc_composite
6115,0.2774,lsc_kalman_cusum
6116,0.1521,raw_cusum
6117,1.0,lsc_composite
6118,0.14915,lsc_tail_cusum
6119,0.481,lsc_composite
6120,0.14915,lsc_tail_cusum
6121,0.02015,lsc_kalman_cusum
6122,0.5535,lsc_tail_cusum
6123,0.1521,raw_cusum
6124,0.10165,lsc_composite
6125,0.14915,lsc_tail_cusum
6126,0.00925,lsc_composite
6127,0.14915,lsc_tail_cusum
6128,0.2774,lsc_kalman_cusum
6129,0.5535,lsc_tail_cusum
6130,0.481,lsc_composite
6131,0.0198,lsc_tail_cusum
6132,0.1492,raw_var_cusum
6133,0.1521,raw_cusum
6134,0.14915,lsc_tail_cusum
6135,0.5619,raw_var_cusum
6136,0.2774,lsc_kalman_cusum
6137,1.0,lsc_composite
6138,0.02015,lsc_kalman_cusum
6139,0.0183,raw_var_cusum
6140,0.14915,lsc_tail_cusum
6141,0.481,lsc_composite
6142,0.1492,raw_var_cusum
6143,0.481,lsc_composite
6144,0.1521,raw_cusum
6145,0.481,lsc_composite
6146,0.481,lsc_composite
6147,0.1521,raw_cusum
6148,0.2774,lsc_kalman_cusum
6149,0.481,lsc_composite
6150,0.10165,lsc_composite
6151,0.1492,raw_var_cusum
6152,0.481,lsc_composite
6153,0.10165,lsc_composite
6154,1.0,lsc_composite
6155,0.1521,raw_cusum
6156,0.481,lsc_composite
6157,0.481,lsc_composite
6158,0.2774,lsc_kalman_cusum
6159,0.481,lsc_composite
6160,0.14915,lsc_tail_cusum
6161,0.1521,raw_cusum
6162,0.10165,lsc_composite
6163,0.2774,lsc_kalman_cusum
6164,0.481,lsc_composite
6165,0.2774,lsc_kalman_cusum
6166,0.10165,lsc_composite
6167,0.481,lsc_composite
6168,0.14915,lsc_tail_cusum
6169,0.2774,lsc_kalman_cusum
6170,0.0198,lsc_tail_cusum
6171,0.14915,lsc_tail_cusum
6172,0.14915,lsc_tail_cusum
6173,0.2774,lsc_kalman_cusum
6174,0.5535,lsc_tail_cusum
6175,0.02015,lsc_kalman_cusum
6176,0.1492,raw_var_cusum
6177,0.1492,raw_var_cusum
6178,0.2774,lsc_kalman_cusum
6179,0.0183,raw_var_cusum
6180,0.1492,raw_var_cusum
6181,0.2774,lsc_kalman_cusum
6182,0.1492,raw_var_cusum
6183,0.481,lsc_composite
6184,0.481,lsc_composite
6185,0.10165,lsc_composite
6186,0.481,lsc_composite
6187,0.2774,lsc_kalman_cusum
6188,0.02015,lsc_kalman_cusum
6189,0.2774,lsc_kalman_cusum
6190,0.10165,lsc_composite
6191,0.0198,lsc_tail_cusum
6192,0.481,lsc_composite
6193,0.14915,lsc_tail_cusum
6194,0.1521,raw_cusum
6195,0.5619,raw_var_cusum
6196,0.481,lsc_composite
6197,0.2774,lsc_kalman_cusum
6198,0.0183,raw_var_cusum
6199,0.2774,lsc_kalman_cusum
6200,0.14915,lsc_tail_cusum
6201,0.0198,lsc_tail_cusum
6202,0.481,lsc_composite
6203,0.1521,raw_cusum
6204,0.2774,lsc_kalman_cusum
6205,0.1492,raw_var_cusum
6206,0.2774,lsc_kalman_cusum
6207,0.2774,lsc_kalman_cusum
6208,0.2774,lsc_kalman_cusum
6209,0.1521,raw_cusum
6210,0.14915,lsc_tail_cusum
6211,0.481,lsc_composite
6212,0.2774,lsc_kalman_cusum
6213,0.1521,raw_cusum
6214,0.14915,lsc_tail_cusum
6215,0.14915,lsc_tail_cusum
6216,0.0183,raw_var_cusum
6217,0.1521,raw_cusum
6218,0.1492,raw_var_cusum
6219,0.14915,lsc_tail_cusum
6220,0.481,lsc_composite
6221,1.0,lsc_composite
6222,0.481,lsc_composite
6223,0.2774,lsc_kalman_cusum
6224,0.02015,lsc_kalman_cusum
6225,0.481,lsc_composite
6226,0.5619,raw_var_cusum
6227,0.1521,raw_cusum
6228,0.2774,lsc_kalman_cusum
6229,0.1521,raw_cusum
6230,0.1492,raw_var_cusum
6231,1.0,lsc_composite
6232,0.481,lsc_composite
6233,0.1521,raw_cusum
6234,0.5535,lsc_tail_cusum
6235,0.481,lsc_composite
6236,0.14915,lsc_tail_cusum
6237,0.481,lsc_composite
6238,0.14915,lsc_tail_cusum
6239,0.10165,lsc_composite
6240,0.5619,raw_var_cusum
6241,0.481,lsc_composite
6242,0.2774,lsc_kalman_cusum
6243,0.0183,raw_var_cusum
6244,0.2774,lsc_kalman_cusum
6245,0.10165,lsc_composite
6246,0.1521,raw_cusum
6247,0.5535,lsc_tail_cusum
6248,0.0198,lsc_tail_cusum
6249,0.5535,lsc_tail_cusum
6250,0.10165,lsc_composite
6251,0.02015,lsc_kalman_cusum
6252,0.0183,raw_var_cusum
6253,0.2774,lsc_kalman_cusum
6254,0.10165,lsc_composite
6255,0.14915,lsc_tail_cusum
6256,0.2774,lsc_kalman_cusum
6257,0.10165,lsc_composite
6258,0.1521,raw_cusum
6259,0.0012,raw_var_cusum
6260,0.14915,lsc_tail_cusum
6261,0.1521,raw_cusum
6262,0.1492,raw_var_cusum
6263,0.14915,lsc_tail_cusum
6264,0.1521,raw_cusum
6265,0.2774,lsc_kalman_cusum
6266,0.1521,raw_cusum
6267,0.481,lsc_composite
6268,0.1521,raw_cusum
6269,0.02015,lsc_kalman_cusum
6270,0.5619,raw_var_cusum
6271,0.1492,raw_var_cusum
6272,0.10165,lsc_composite
6273,0.5535,lsc_tail_cusum
6274,0.1492,raw_var_cusum
6275,0.5619,raw_var_cusum
6276,0.481,lsc_composite
6277,0.14915,lsc_tail_cusum
6278,0.5619,raw_var_cusum
6279,0.14915,lsc_tail_cusum
6280,0.1521,raw_cusum
6281,0.14915,lsc_tail_cusum
6282,0.5619,raw_var_cusum
6283,0.02015,lsc_kalman_cusum
6284,0.10165,lsc_composite
6285,1.0,lsc_composite
6286,0.14915,lsc_tail_cusum
6287,0.2774,lsc_kalman_cusum
6288,0.5619,raw_var_cusum
6289,0.481,lsc_composite
6290,0.1492,raw_var_cusum
6291,0.2774,lsc_kalman_cusum
6292,0.10165,lsc_composite
6293,0.0183,raw_var_cusum
6294,0.0183,raw_var_cusum
6295,0.5619,raw_var_cusum
6296,0.2774,lsc_kalman_cusum
6297,0.1492,raw_var_cusum
6298,0.1492,raw_var_cusum
6299,0.1521,raw_cusum
6300,0.2774,lsc_kalman_cusum
6301,0.14915,lsc_tail_cusum
6302,0.481,lsc_composite
6303,0.10165,lsc_composite
6304,0.5619,raw_var_cusum
6305,0.2774,lsc_kalman_cusum
6306,0.481,lsc_composite
6307,0.5535,lsc_tail_cusum
6308,0.2774,lsc_kalman_cusum
6309,1.0,lsc_composite
6310,0.5619,raw_var_cusum
6311,0.481,lsc_composite
6312,0.1492,raw_var_cusum
6313,0.481,lsc_composite
6314,0.481,lsc_composite
6315,0.481,lsc_composite
6316,0.14915,lsc_tail_cusum
6317,0.5535,lsc_tail_cusum
6318,0.481,lsc_composite
6319,0.481,lsc_composite
6320,0.5535,lsc_tail_cusum
6321,0.14915,lsc_tail_cusum
6322,0.1521,raw_cusum
6323,0.2774,lsc_kalman_cusum
6324,0.481,lsc_composite
6325,0.14915,lsc_tail_cusum
6326,0.02015,lsc_kalman_cusum
6327,0.5619,raw_var_cusum
6328,0.14915,lsc_tail_cusum
6329,0.14915,lsc_tail_cusum
6330,0.2774,lsc_kalman_cusum
6331,1.0,lsc_composite
6332,0.14915,lsc_tail_cusum
6333,0.5535,lsc_tail_cusum
6334,0.481,lsc_composite
6335,0.2774,lsc_kalman_cusum
6336,0.5535,lsc_tail_cusum
6337,0.5535,lsc_tail_cusum
6338,0.5535,lsc_tail_cusum
6339,0.10165,lsc_composite
6340,0.5535,lsc_tail_cusum
6341,0.481,lsc_composite
6342,0.481,lsc_composite
6343,0.14915,lsc_tail_cusum
6344,0.1521,raw_cusum
6345,0.481,lsc_composite
6346,0.14915,lsc_tail_cusum
6347,0.5535,lsc_tail_cusum
6348,0.1521,raw_cusum
6349,0.5619,raw_var_cusum
6350,0.2774,lsc_kalman_cusum
6351,0.1492,raw_var_cusum
6352,0.481,lsc_composite
6353,0.5619,raw_var_cusum
6354,0.0183,raw_var_cusum
6355,0.1492,raw_var_cusum
6356,0.481,lsc_composite
6357,0.14915,lsc_tail_cusum
6358,0.10165,lsc_composite
6359,0.2774,lsc_kalman_cusum
6360,0.1521,raw_cusum
6361,0.481,lsc_composite
6362,0.481,lsc_composite
6363,0.5619,raw_var_cusum
6364,0.2774,lsc_kalman_cusum
6365,0.5535,lsc_tail_cusum
6366,0.5619,raw_var_cusum
6367,0.2774,lsc_kalman_cusum
6368,0.481,lsc_composite
6369,0.1492,raw_var_cusum
6370,0.0183,raw_var_cusum
6371,0.10165,lsc_composite
6372,0.1492,raw_var_cusum
6373,0.0198,lsc_tail_cusum
6374,0.1492,raw_var_cusum
6375,0.2774,lsc_kalman_cusum
6376,0.5619,raw_var_cusum
6377,0.2774,lsc_kalman_cusum
6378,0.0198,lsc_tail_cusum
6379,0.2774,lsc_kalman_cusum
6380,0.14915,lsc_tail_cusum
6381,0.10165,lsc_composite
6382,0.2774,lsc_kalman_cusum
6383,0.14915,lsc_tail_cusum
6384,0.481,lsc_composite
6385,0.481,lsc_composite
6386,0.10165,lsc_composite
6387,0.481,lsc_composite
6388,0.1492,raw_var_cusum
6389,0.481,lsc_composite
6390,0.481,lsc_composite
6391,0.10165,lsc_composite
6392,0.1492,raw_var_cusum
6393,0.02015,lsc_kalman_cusum
6394,1.0,lsc_composite
6395,0.10165,lsc_composite
6396,0.2774,lsc_kalman_cusum
6397,0.481,lsc_composite
6398,0.5619,raw_var_cusum
6399,0.481,lsc_composite
6400,0.10165,lsc_composite
6401,0.481,lsc_composite
6402,0.481,lsc_composite
6403,0.2774,lsc_kalman_cusum
6404,0.14915,lsc_tail_cusum
6405,0.5535,lsc_tail_cusum
6406,0.10165,lsc_composite
6407,0.5619,raw_var_cusum
6408,0.5535,lsc_tail_cusum
6409,0.14915,lsc_tail_cusum
6410,0.5535,lsc_tail_cusum
6411,1.0,lsc_composite
6412,0.2774,lsc_kalman_cusum
6413,0.1492,raw_var_cusum
6414,1.0,lsc_composite
6415,1.0,lsc_composite
6416,0.481,lsc_composite
6417,0.1521,raw_cusum
6418,0.1492,raw_var_cusum
6419,0.14915,lsc_tail_cusum
6420,0.5619,raw_var_cusum
6421,0.1521,raw_cusum
6422,0.481,lsc_composite
6423,1.0,lsc_composite
6424,0.1521,raw_cusum
6425,0.10165,lsc_composite
6426,0.481,lsc_composite
6427,0.2774,lsc_kalman_cusum
6428,0.10165,lsc_composite
6429,0.2774,lsc_kalman_cusum
6430,0.5619,raw_var_cusum
6431,0.5535,lsc_tail_cusum
6432,0.1492,raw_var_cusum
6433,0.00925,lsc_composite
6434,0.2774,lsc_kalman_cusum
6435,0.1521,raw_cusum
6436,0.5535,lsc_tail_cusum
6437,0.5535,lsc_tail_cusum
6438,0.1521,raw_cusum
6439,0.14915,lsc_tail_cusum
6440,0.2774,lsc_kalman_cusum
6441,0.02015,lsc_kalman_cusum
6442,0.5619,raw_var_cusum
6443,0.2774,lsc_kalman_cusum
6444,0.1492,raw_var_cusum
6445,0.5619,raw_var_cusum
6446,0.481,lsc_composite
6447,0.14915,lsc_tail_cusum
6448,0.481,lsc_composite
6449,0.1521,raw_cusum
6450,1.0,lsc_composite
6451,0.5535,lsc_tail_cusum
6452,0.5619,raw_var_cusum
6453,0.2774,lsc_kalman_cusum
6454,0.5535,lsc_tail_cusum
6455,0.481,lsc_composite
6456,0.481,lsc_composite
6457,0.5535,lsc_tail_cusum
6458,1.0,lsc_composite
6459,0.5535,lsc_tail_cusum
6460,0.2774,lsc_kalman_cusum
6461,0.1492,raw_var_cusum
6462,0.1492,raw_var_cusum
6463,0.1492,raw_var_cusum
6464,0.5535,lsc_tail_cusum
6465,0.1492,raw_var_cusum
6466,0.5535,lsc_tail_cusum
6467,0.1521,raw_cusum
6468,0.1521,raw_cusum
6469,0.481,lsc_composite
6470,1.0,lsc_composite
6471,0.1521,raw_cusum
6472,0.5535,lsc_tail_cusum
6473,0.2774,lsc_kalman_cusum
6474,0.1521,raw_cusum
6475,0.481,lsc_composite
6476,0.14915,lsc_tail_cusum
6477,0.00075,lsc_tail_cusum
6478,0.10165,lsc_composite
6479,0.481,lsc_composite
6480,0.5619,raw_var_cusum
6481,1.0,lsc_composite
6482,0.481,lsc_composite
6483,0.10165,lsc_composite
6484,0.2774,lsc_kalman_cusum
6485,0.481,lsc_composite
6486,0.2774,lsc_kalman_cusum
6487,0.10165,lsc_composite
6488,0.2774,lsc_kalman_cusum
6489,0.1521,raw_cusum
6490,0.1521,raw_cusum
6491,0.481,lsc_composite
6492,0.02015,lsc_kalman_cusum
6493,0.2774,lsc_kalman_cusum
6494,0.5619,raw_var_cusum
6495,0.14915,lsc_tail_cusum
6496,0.2774,lsc_kalman_cusum
6497,0.481,lsc_composite
6498,0.5535,lsc_tail_cusum
6499,0.14915,lsc_tail_cusum
6500,0.2774,lsc_kalman_cusum
6501,0.10165,lsc_composite
6502,0.2774,lsc_kalman_cusum
6503,0.1521,raw_cusum
6504,0.481,lsc_composite
6505,0.1521,raw_cusum
6506,0.2774,lsc_kalman_cusum
6507,0.10165,lsc_composite
6508,0.481,lsc_composite
6509,0.2774,lsc_kalman_cusum
6510,0.14915,lsc_tail_cusum
6511,0.481,lsc_composite
6512,1.0,lsc_composite
6513,0.1521,raw_cusum
6514,0.5619,raw_var_cusum
6515,0.481,lsc_composite
6516,0.481,lsc_composite
6517,0.1492,raw_var_cusum
6518,0.0183,raw_var_cusum
6519,0.2774,lsc_kalman_cusum
6520,0.0183,raw_var_cusum
6521,0.5535,lsc_tail_cusum
6522,0.2774,lsc_kalman_cusum
6523,0.10165,lsc_composite
6524,0.2774,lsc_kalman_cusum
6525,0.481,lsc_composite
6526,0.1521,raw_cusum
6527,0.2774,lsc_kalman_cusum
6528,0.2774,lsc_kalman_cusum
6529,0.481,lsc_composite
6530,0.5535,lsc_tail_cusum
6531,0.481,lsc_composite
6532,0.2774,lsc_kalman_cusum
6533,0.5535,lsc_tail_cusum
6534,0.14915,lsc_tail_cusum
6535,1.0,lsc_composite
6536,0.1521,raw_cusum
6537,0.5619,raw_var_cusum
6538,0.5535,lsc_tail_cusum
6539,0.1521,raw_cusum
6540,0.14915,lsc_tail_cusum
6541,1.0,lsc_composite
6542,0.10165,lsc_composite
6543,0.02015,lsc_kalman_cusum
6544,0.10165,lsc_composite
6545,0.1521,raw_cusum
6546,0.1521,raw_cusum
6547,0.10165,lsc_composite
6548,0.14915,lsc_tail_cusum
6549,0.481,lsc_composite
6550,0.14915,lsc_tail_cusum
6551,0.481,lsc_composite
6552,0.14915,lsc_tail_cusum
6553,0.1521,raw_cusum
6554,0.10165,lsc_composite
6555,0.5619,raw_var_cusum
6556,0.14915,lsc_tail_cusum
6557,0.10165,lsc_composite
6558,0.5535,lsc_tail_cusum
6559,0.14915,lsc_tail_cusum
6560,0.481,lsc_composite
6561,0.14915,lsc_tail_cusum
6562,0.1492,raw_var_cusum
6563,0.14915,lsc_tail_cusum
6564,0.481,lsc_composite
6565,0.2774,lsc_kalman_cusum
6566,0.0183,raw_var_cusum
6567,0.10165,lsc_composite
6568,0.5535,lsc_tail_cusum
6569,0.481,lsc_composite
6570,0.10165,lsc_composite
6571,0.481,lsc_composite
6572,0.0198,lsc_tail_cusum
6573,0.14915,lsc_tail_cusum
6574,0.14915,lsc_tail_cusum
6575,1.0,lsc_composite
6576,0.481,lsc_composite
6577,0.10165,lsc_composite
6578,0.1521,raw_cusum
6579,0.1521,raw_cusum
6580,0.14915,lsc_tail_cusum
6581,0.14915,lsc_tail_cusum
6582,0.10165,lsc_composite
6583,0.5535,lsc_tail_cusum
6584,0.1492,raw_var_cusum
6585,0.5619,raw_var_cusum
6586,0.481,lsc_composite
6587,0.1492,raw_var_cusum
6588,0.5535,lsc_tail_cusum
6589,0.5535,lsc_tail_cusum
6590,0.5535,lsc_tail_cusum
6591,0.00075,lsc_tail_cusum
6592,0.10165,lsc_composite
6593,0.5535,lsc_tail_cusum
6594,0.481,lsc_composite
6595,0.5535,lsc_tail_cusum
6596,0.5535,lsc_tail_cusum
6597,0.1521,raw_cusum
6598,1.0,lsc_composite
6599,1.0,lsc_composite
6600,0.2774,lsc_kalman_cusum
6601,0.481,lsc_composite
6602,0.1521,raw_cusum
6603,1.0,lsc_composite
6604,0.10165,lsc_composite
6605,0.481,lsc_composite
6606,0.00925,lsc_composite
6607,0.481,lsc_composite
6608,0.1492,raw_var_cusum
6609,0.02015,lsc_kalman_cusum
6610,0.481,lsc_composite
6611,0.14915,lsc_tail_cusum
6612,0.0183,raw_var_cusum
6613,0.481,lsc_composite
6614,0.1492,raw_var_cusum
6615,0.1521,raw_cusum
6616,1.0,lsc_composite
6617,0.14915,lsc_tail_cusum
6618,0.1521,raw_cusum
6619,0.14915,lsc_tail_cusum
6620,0.10165,lsc_composite
6621,0.481,lsc_composite
6622,0.481,lsc_composite
6623,0.02015,lsc_kalman_cusum
6624,0.2774,lsc_kalman_cusum
6625,0.10165,lsc_composite
6626,0.2774,lsc_kalman_cusum
6627,0.10165,lsc_composite
6628,0.5535,lsc_tail_cusum
6629,0.5535,lsc_tail_cusum
6630,0.5535,lsc_tail_cusum
6631,0.481,lsc_composite
6632,0.481,lsc_composite
6633,0.5619,raw_var_cusum
6634,0.14915,lsc_tail_cusum
6635,0.1521,raw_cusum
6636,0.5619,raw_var_cusum
6637,0.481,lsc_composite
6638,0.481,lsc_composite
6639,0.14915,lsc_tail_cusum
6640,0.2774,lsc_kalman_cusum
6641,0.1521,raw_cusum
6642,0.14915,lsc_tail_cusum
6643,0.2774,lsc_kalman_cusum
6644,0.2774,lsc_kalman_cusum
6645,0.10165,lsc_composite
6646,0.481,lsc_composite
6647,0.10165,lsc_composite
6648,0.10165,lsc_composite
6649,0.5535,lsc_tail_cusum
6650,0.1492,raw_var_cusum
6651,0.481,lsc_composite
6652,0.481,lsc_composite
6653,0.481,lsc_composite
6654,0.1521,raw_cusum
6655,0.10165,lsc_composite
6656,1.0,lsc_composite
6657,0.0198,lsc_tail_cusum
6658,0.1521,raw_cusum
6659,0.1521,raw_cusum
6660,0.1492,raw_var_cusum
6661,0.5619,raw_var_cusum
6662,0.02015,lsc_kalman_cusum
6663,0.5535,lsc_tail_cusum
6664,0.481,lsc_composite
6665,0.14915,lsc_tail_cusum
6666,0.14915,lsc_tail_cusum
6667,0.5535,lsc_tail_cusum
6668,0.0198,lsc_tail_cusum
6669,0.1521,raw_cusum
6670,0.481,lsc_composite
6671,0.02015,lsc_kalman_cusum
6672,1.0,lsc_composite
6673,0.0183,raw_var_cusum
6674,0.10165,lsc_composite
6675,0.14915,lsc_tail_cusum
6676,0.0183,raw_var_cusum
6677,0.10165,lsc_composite
6678,1.0,lsc_composite
6679,0.10165,lsc_composite
6680,0.481,lsc_composite
6681,0.481,lsc_composite
6682,0.1521,raw_cusum
6683,0.1492,raw_var_cusum
6684,0.14915,lsc_tail_cusum
6685,0.14915,lsc_tail_cusum
6686,0.5535,lsc_tail_cusum
6687,0.14915,lsc_tail_cusum
6688,0.2774,lsc_kalman_cusum
6689,0.10165,lsc_composite
6690,1.0,lsc_composite
6691,0.481,lsc_composite
6692,0.2774,lsc_kalman_cusum
6693,0.02015,lsc_kalman_cusum
6694,0.481,lsc_composite
6695,1.0,lsc_composite
6696,0.5619,raw_var_cusum
6697,0.481,lsc_composite
6698,0.481,lsc_composite
6699,0.1492,raw_var_cusum
6700,0.481,lsc_composite
6701,0.14915,lsc_tail_cusum
6702,0.14915,lsc_tail_cusum
6703,0.2774,lsc_kalman_cusum
6704,0.2774,lsc_kalman_cusum
6705,0.2774,lsc_kalman_cusum
6706,0.2774,lsc_kalman_cusum
6707,0.1492,raw_var_cusum
6708,0.5535,lsc_tail_cusum
6709,0.10165,lsc_composite
6710,0.10165,lsc_composite
6711,0.10165,lsc_composite
6712,0.00075,lsc_tail_cusum
6713,0.2774,lsc_kalman_cusum
6714,0.10165,lsc_composite
6715,0.5535,lsc_tail_cusum
6716,0.14915,lsc_tail_cusum
6717,0.10165,lsc_composite
6718,0.1492,raw_var_cusum
6719,0.1492,raw_var_cusum
6720,0.0183,raw_var_cusum
6721,0.2774,lsc_kalman_cusum
6722,0.10165,lsc_composite
6723,0.14915,lsc_tail_cusum
6724,0.02015,lsc_kalman_cusum
6725,0.2774,lsc_kalman_cusum
6726,1.0,lsc_composite
6727,0.481,lsc_composite
6728,0.2774,lsc_kalman_cusum
6729,0.481,lsc_composite
6730,0.2774,lsc_kalman_cusum
6731,0.10165,lsc_composite
6732,0.1521,raw_cusum
6733,0.02015,lsc_kalman_cusum
6734,0.1492,raw_var_cusum
6735,0.0183,raw_var_cusum
6736,0.5535,lsc_tail_cusum
6737,0.14915,lsc_tail_cusum
6738,0.481,lsc_composite
6739,1.0,lsc_composite
6740,0.2774,lsc_kalman_cusum
6741,0.1492,raw_var_cusum
6742,0.1492,raw_var_cusum
6743,0.1521,raw_cusum
6744,0.14915,lsc_tail_cusum
6745,0.481,lsc_composite
6746,0.5619,raw_var_cusum
6747,0.481,lsc_composite
6748,0.2774,lsc_kalman_cusum
6749,0.1521,raw_cusum
6750,0.0183,raw_var_cusum
6751,0.14915,lsc_tail_cusum
6752,0.481,lsc_composite
6753,0.5535,lsc_tail_cusum
6754,0.481,lsc_composite
6755,0.481,lsc_composite
6756,0.0198,lsc_tail_cusum
6757,0.5535,lsc_tail_cusum
6758,0.2774,lsc_kalman_cusum
6759,1.0,lsc_composite
6760,0.1492,raw_var_cusum
6761,0.2774,lsc_kalman_cusum
6762,0.2774,lsc_kalman_cusum
6763,0.2774,lsc_kalman_cusum
6764,0.481,lsc_composite
6765,0.5619,raw_var_cusum
6766,0.14915,lsc_tail_cusum
6767,0.481,lsc_composite
6768,0.2774,lsc_kalman_cusum
6769,0.10165,lsc_composite
6770,0.2774,lsc_kalman_cusum
6771,0.481,lsc_composite
6772,0.5619,raw_var_cusum
6773,0.481,lsc_composite
6774,0.5535,lsc_tail_cusum
6775,0.2774,lsc_kalman_cusum
6776,0.481,lsc_composite
6777,0.10165,lsc_composite
6778,0.1521,raw_cusum
6779,0.481,lsc_composite
6780,0.14915,lsc_tail_cusum
6781,0.2774,lsc_kalman_cusum
6782,0.14915,lsc_tail_cusum
6783,0.14915,lsc_tail_cusum
6784,0.5535,lsc_tail_cusum
6785,0.481,lsc_composite
6786,0.14915,lsc_tail_cusum
6787,0.1492,raw_var_cusum
6788,0.5535,lsc_tail_cusum
6789,0.00925,lsc_composite
6790,0.2774,lsc_kalman_cusum
6791,0.5535,lsc_tail_cusum
6792,0.1521,raw_cusum
6793,0.5535,lsc_tail_cusum
6794,0.14915,lsc_tail_cusum
6795,0.2774,lsc_kalman_cusum
6796,0.14915,lsc_tail_cusum
6797,0.481,lsc_composite
6798,0.481,lsc_composite
6799,0.2774,lsc_kalman_cusum
6800,0.10165,lsc_composite
6801,0.1521,raw_cusum
6802,1.0,lsc_composite
6803,0.5535,lsc_tail_cusum
6804,0.14915,lsc_tail_cusum
6805,0.1521,raw_cusum
6806,0.14915,lsc_tail_cusum
6807,0.1492,raw_var_cusum
6808,0.10165,lsc_composite
6809,0.1492,raw_var_cusum
6810,0.14915,lsc_tail_cusum
6811,0.481,lsc_composite
6812,0.14915,lsc_tail_cusum
6813,0.5535,lsc_tail_cusum
6814,0.481,lsc_composite
6815,0.10165,lsc_composite
6816,0.2774,lsc_kalman_cusum
6817,0.10165,lsc_composite
6818,0.14915,lsc_tail_cusum
6819,0.14915,lsc_tail_cusum
6820,0.2774,lsc_kalman_cusum
6821,0.14915,lsc_tail_cusum
6822,0.5535,lsc_tail_cusum
6823,0.1492,raw_var_cusum
6824,0.481,lsc_composite
6825,0.481,lsc_composite
6826,0.10165,lsc_composite
6827,0.10165,lsc_composite
6828,0.14915,lsc_tail_cusum
6829,0.2774,lsc_kalman_cusum
6830,0.2774,lsc_kalman_cusum
6831,1.0,lsc_composite
6832,0.481,lsc_composite
6833,0.481,lsc_composite
6834,0.1521,raw_cusum
6835,0.2774,lsc_kalman_cusum
6836,0.2774,lsc_kalman_cusum
6837,0.481,lsc_composite
6838,0.5535,lsc_tail_cusum
6839,0.14915,lsc_tail_cusum
6840,0.2774,lsc_kalman_cusum
6841,0.1492,raw_var_cusum
6842,0.5619,raw_var_cusum
6843,0.14915,lsc_tail_cusum
6844,0.10165,lsc_composite
6845,0.1492,raw_var_cusum
6846,0.0198,lsc_tail_cusum
6847,0.5535,lsc_tail_cusum
6848,0.14915,lsc_tail_cusum
6849,0.481,lsc_composite
6850,0.10165,lsc_composite
6851,0.481,lsc_composite
6852,0.481,lsc_composite
6853,0.2774,lsc_kalman_cusum
6854,0.14915,lsc_tail_cusum
6855,0.0183,raw_var_cusum
6856,0.14915,lsc_tail_cusum
6857,0.0198,lsc_tail_cusum
6858,0.0183,raw_var_cusum
6859,0.14915,lsc_tail_cusum
6860,0.5535,lsc_tail_cusum
6861,0.2774,lsc_kalman_cusum
6862,0.481,lsc_composite
6863,0.14915,lsc_tail_cusum
6864,0.5535,lsc_tail_cusum
6865,0.02015,lsc_kalman_cusum
6866,0.1521,raw_cusum
6867,0.1492,raw_var_cusum
6868,0.481,lsc_composite
6869,0.14915,lsc_tail_cusum
6870,0.1492,raw_var_cusum
6871,0.10165,lsc_composite
6872,0.10165,lsc_composite
6873,0.14915,lsc_tail_cusum
6874,1.0,lsc_composite
6875,0.5535,lsc_tail_cusum
6876,0.5535,lsc_tail_cusum
6877,0.2774,lsc_kalman_cusum
6878,0.1521,raw_cusum
6879,0.5619,raw_var_cusum
6880,0.0183,raw_var_cusum
6881,0.5535,lsc_tail_cusum
6882,1.0,lsc_composite
6883,0.5535,lsc_tail_cusum
6884,0.1492,raw_var_cusum
6885,0.10165,lsc_composite
6886,0.481,lsc_composite
6887,0.5535,lsc_tail_cusum
6888,0.5535,lsc_tail_cusum
6889,0.2774,lsc_kalman_cusum
6890,0.1492,raw_var_cusum
6891,1.0,lsc_composite
6892,0.1521,raw_cusum
6893,0.481,lsc_composite
6894,0.1521,raw_cusum
6895,0.5535,lsc_tail_cusum
6896,0.2774,lsc_kalman_cusum
6897,0.5535,lsc_tail_cusum
6898,0.14915,lsc_tail_cusum
6899,0.1492,raw_var_cusum
6900,0.481,lsc_composite
6901,0.481,lsc_composite
6902,0.5619,raw_var_cusum
6903,0.1521,raw_cusum
6904,0.14915,lsc_tail_cusum
6905,0.5619,raw_var_cusum
6906,0.1492,raw_var_cusum
6907,0.14915,lsc_tail_cusum
6908,0.5619,raw_var_cusum
6909,0.2774,lsc_kalman_cusum
6910,0.14915,lsc_tail_cusum
6911,0.14915,lsc_tail_cusum
6912,0.5619,raw_var_cusum
6913,0.02015,lsc_kalman_cusum
6914,0.1521,raw_cusum
6915,0.14915,lsc_tail_cusum
6916,0.14915,lsc_tail_cusum
6917,0.5535,lsc_tail_cusum
6918,0.10165,lsc_composite
6919,0.2774,lsc_kalman_cusum
6920,0.1521,raw_cusum
6921,0.14915,lsc_tail_cusum
6922,0.1521,raw_cusum
6923,0.1521,raw_cusum
6924,0.481,lsc_composite
6925,0.14915,lsc_tail_cusum
6926,0.481,lsc_composite
6927,0.10165,lsc_composite
6928,0.1521,raw_cusum
6929,0.10165,lsc_composite
6930,0.481,lsc_composite
6931,0.481,lsc_composite
6932,0.14915,lsc_tail_cusum
6933,0.0183,raw_var_cusum
6934,0.0183,raw_var_cusum
6935,0.1521,raw_cusum
6936,0.481,lsc_composite
6937,1.0,lsc_composite
6938,0.5535,lsc_tail_cusum
6939,0.481,lsc_composite
6940,0.14915,lsc_tail_cusum
6941,0.481,lsc_composite
6942,0.5535,lsc_tail_cusum
6943,0.14915,lsc_tail_cusum
6944,0.1492,raw_var_cusum
6945,0.2774,lsc_kalman_cusum
6946,0.2774,lsc_kalman_cusum
6947,0.2774,lsc_kalman_cusum
6948,0.1521,raw_cusum
6949,0.2774,lsc_kalman_cusum
6950,1.0,lsc_composite
6951,0.5535,lsc_tail_cusum
6952,0.10165,lsc_composite
6953,0.5619,raw_var_cusum
6954,0.2774,lsc_kalman_cusum
6955,0.10165,lsc_composite
6956,0.2774,lsc_kalman_cusum
6957,0.1521,raw_cusum
6958,0.14915,lsc_tail_cusum
6959,0.5535,lsc_tail_cusum
6960,0.481,lsc_composite
6961,1.0,lsc_composite
6962,0.481,lsc_composite
6963,0.2774,lsc_kalman_cusum
6964,0.1492,raw_var_cusum
6965,0.14915,lsc_tail_cusum
6966,1.0,lsc_composite
6967,0.481,lsc_composite
6968,0.0012,raw_var_cusum
6969,0.2774,lsc_kalman_cusum
6970,0.481,lsc_composite
6971,0.10165,lsc_composite
6972,0.5535,lsc_tail_cusum
6973,0.1521,raw_cusum
6974,0.5535,lsc_tail_cusum
6975,0.5535,lsc_tail_cusum
6976,0.10165,lsc_composite
6977,0.1492,raw_var_cusum
6978,0.481,lsc_composite
6979,0.10165,lsc_composite
6980,0.481,lsc_composite
6981,0.14915,lsc_tail_cusum
6982,0.2774,lsc_kalman_cusum
6983,0.5619,raw_var_cusum
6984,0.5535,lsc_tail_cusum
6985,0.1521,raw_cusum
6986,0.14915,lsc_tail_cusum
6987,0.481,lsc_composite
6988,0.1492,raw_var_cusum
6989,0.481,lsc_composite
6990,0.0183,raw_var_cusum
6991,0.1492,raw_var_cusum
6992,0.5535,lsc_tail_cusum
6993,0.14915,lsc_tail_cusum
6994,0.481,lsc_composite
6995,0.5619,raw_var_cusum
6996,0.481,lsc_composite
6997,0.2774,lsc_kalman_cusum
6998,0.1521,raw_cusum
6999,0.1492,raw_var_cusum
7000,1.0,lsc_composite
7001,0.481,lsc_composite
7002,0.481,lsc_composite
7003,0.481,lsc_composite
7004,0.0198,lsc_tail_cusum
7005,0.14915,lsc_tail_cusum
7006,0.2774,lsc_kalman_cusum
7007,0.1492,raw_var_cusum
7008,0.0183,raw_var_cusum
7009,0.481,lsc_composite
7010,0.1492,raw_var_cusum
7011,0.481,lsc_composite
7012,0.1521,raw_cusum
7013,0.0183,raw_var_cusum
7014,1.0,lsc_composite
7015,0.2774,lsc_kalman_cusum
7016,0.481,lsc_composite
7017,0.2774,lsc_kalman_cusum
7018,0.5535,lsc_tail_cusum
7019,0.00925,lsc_composite
7020,0.2774,lsc_kalman_cusum
7021,0.2774,lsc_kalman_cusum
7022,0.10165,lsc_composite
7023,0.14915,lsc_tail_cusum
7024,0.1492,raw_var_cusum
7025,0.481,lsc_composite
7026,0.5535,lsc_tail_cusum
7027,0.1492,raw_var_cusum
7028,0.1492,raw_var_cusum
7029,0.5535,lsc_tail_cusum
7030,0.481,lsc_composite
7031,0.5535,lsc_tail_cusum
7032,0.2774,lsc_kalman_cusum
7033,0.1492,raw_var_cusum
7034,0.481,lsc_composite
7035,0.481,lsc_composite
7036,1.0,lsc_composite
7037,0.481,lsc_composite
7038,0.5535,lsc_tail_cusum
7039,0.481,lsc_composite
7040,0.1521,raw_cusum
7041,1.0,lsc_composite
7042,0.1492,raw_var_cusum
7043,1.0,lsc_composite
7044,0.2774,lsc_kalman_cusum
7045,0.10165,lsc_composite
7046,0.1521,raw_cusum
7047,0.1521,raw_cusum
7048,0.00075,lsc_tail_cusum
7049,0.1492,raw_var_cusum
7050,1.0,lsc_composite
7051,0.1521,raw_cusum
7052,0.1521,raw_cusum
7053,0.481,lsc_composite
7054,0.2774,lsc_kalman_cusum
7055,0.5535,lsc_tail_cusum
7056,0.5619,raw_var_cusum
7057,0.00925,lsc_composite
7058,0.5619,raw_var_cusum
7059,1.0,lsc_composite
7060,0.1521,raw_cusum
7061,0.1521,raw_cusum
7062,0.10165,lsc_composite
7063,0.5535,lsc_tail_cusum
7064,0.481,lsc_composite
7065,0.14915,lsc_tail_cusum
7066,0.14915,lsc_tail_cusum
7067,0.0183,raw_var_cusum
7068,0.0183,raw_var_cusum
7069,0.0183,raw_var_cusum
7070,0.481,lsc_composite
7071,0.2774,lsc_kalman_cusum
7072,1.0,lsc_composite
7073,0.2774,lsc_kalman_cusum
7074,1.0,lsc_composite
7075,0.2774,lsc_kalman_cusum
7076,0.1492,raw_var_cusum
7077,0.1492,raw_var_cusum
7078,0.481,lsc_composite
7079,0.10165,lsc_composite
7080,0.1492,raw_var_cusum
7081,0.10165,lsc_composite
7082,1.0,lsc_composite
7083,0.5535,lsc_tail_cusum
7084,0.5535,lsc_tail_cusum
7085,0.1521,raw_cusum
7086,0.5535,lsc_tail_cusum
7087,0.5535,lsc_tail_cusum
7088,0.481,lsc_composite
7089,0.14915,lsc_tail_cusum
7090,0.481,lsc_composite
7091,0.1521,raw_cusum
7092,1.0,lsc_composite
7093,0.10165,lsc_composite
7094,0.5619,raw_var_cusum
7095,0.481,lsc_composite
7096,0.481,lsc_composite
7097,0.5535,lsc_tail_cusum
7098,0.5535,lsc_tail_cusum
7099,0.1521,raw_cusum
7100,0.2774,lsc_kalman_cusum
7101,0.481,lsc_composite
7102,0.1521,raw_cusum
7103,0.10165,lsc_composite
7104,0.5535,lsc_tail_cusum
7105,0.1521,raw_cusum
7106,0.5535,lsc_tail_cusum
7107,0.1521,raw_cusum
7108,0.481,lsc_composite
7109,0.1521,raw_cusum
7110,0.5619,raw_var_cusum
7111,0.5535,lsc_tail_cusum
7112,0.1521,raw_cusum
7113,0.481,lsc_composite
7114,0.5535,lsc_tail_cusum
7115,0.481,lsc_composite
7116,0.2774,lsc_kalman_cusum
7117,0.10165,lsc_composite
7118,0.2774,lsc_kalman_cusum
7119,0.1521,raw_cusum
7120,0.5535,lsc_tail_cusum
7121,0.5535,lsc_tail_cusum
7122,0.1492,raw_var_cusum
7123,0.5535,lsc_tail_cusum
7124,0.14915,lsc_tail_cusum
7125,0.481,lsc_composite
7126,0.00925,lsc_composite
7127,0.02015,lsc_kalman_cusum
7128,0.1521,raw_cusum
7129,0.10165,lsc_composite
7130,0.2774,lsc_kalman_cusum
7131,1.0,lsc_composite
7132,0.1492,raw_var_cusum
7133,0.10165,lsc_composite
7134,0.5535,lsc_tail_cusum
7135,0.5619,raw_var_cusum
7136,0.481,lsc_composite
7137,0.1492,raw_var_cusum
7138,0.14915,lsc_tail_cusum
7139,1.0,lsc_composite
7140,0.10165,lsc_composite
7141,0.1521,raw_cusum
7142,0.2774,lsc_kalman_cusum
7143,0.10165,lsc_composite
7144,0.14915,lsc_tail_cusum
7145,0.5619,raw_var_cusum
7146,0.1521,raw_cusum
7147,0.14915,lsc_tail_cusum
7148,1.0,lsc_composite
7149,0.2774,lsc_kalman_cusum
7150,0.2774,lsc_kalman_cusum
7151,0.2774,lsc_kalman_cusum
7152,0.1492,raw_var_cusum
7153,0.481,lsc_composite
7154,0.481,lsc_composite
7155,0.1521,raw_cusum
7156,0.5535,lsc_tail_cusum
7157,0.10165,lsc_composite
7158,0.1521,raw_cusum
7159,0.02015,lsc_kalman_cusum
7160,0.1492,raw_var_cusum
7161,0.10165,lsc_composite
7162,0.481,lsc_composite
7163,0.481,lsc_composite
7164,0.5619,raw_var_cusum
7165,0.5619,raw_var_cusum
7166,0.1492,raw_var_cusum
7167,0.10165,lsc_composite
7168,0.2774,lsc_kalman_cusum
7169,0.2774,lsc_kalman_cusum
7170,0.5619,raw_var_cusum
7171,0.481,lsc_composite
7172,0.1492,raw_var_cusum
7173,1.0,lsc_composite
7174,0.5619,raw_var_cusum
7175,0.10165,lsc_composite
7176,0.1492,raw_var_cusum
7177,0.481,lsc_composite
7178,1.0,lsc_composite
7179,1.0,lsc_composite
7180,0.2774,lsc_kalman_cusum
7181,0.481,lsc_composite
7182,0.481,lsc_composite
7183,0.1492,raw_var_cusum
7184,0.2774,lsc_kalman_cusum
7185,0.481,lsc_composite
7186,0.10165,lsc_composite
7187,0.481,lsc_composite
7188,1.0,lsc_composite
7189,0.2774,lsc_kalman_cusum
7190,0.481,lsc_composite
7191,0.1521,raw_cusum
7192,0.481,lsc_composite
7193,1.0,lsc_composite
7194,0.1521,raw_cusum
7195,0.10165,lsc_composite
7196,0.5535,lsc_tail_cusum
7197,0.5619,raw_var_cusum
7198,0.5535,lsc_tail_cusum
7199,0.481,lsc_composite
7200,0.2774,lsc_kalman_cusum
7201,0.1521,raw_cusum
7202,1.0,lsc_composite
7203,0.10165,lsc_composite
7204,0.14915,lsc_tail_cusum
7205,0.1492,raw_var_cusum
7206,0.1521,raw_cusum
7207,0.2774,lsc_kalman_cusum
7208,0.1521,raw_cusum
7209,0.5619,raw_var_cusum
7210,0.1492,raw_var_cusum
7211,0.14915,lsc_tail_cusum
7212,0.14915,lsc_tail_cusum
7213,0.10165,lsc_composite
7214,0.14915,lsc_tail_cusum
7215,0.481,lsc_composite
7216,0.14915,lsc_tail_cusum
7217,0.481,lsc_composite
7218,1.0,lsc_composite
7219,0.14915,lsc_tail_cusum
7220,0.2774,lsc_kalman_cusum
7221,0.1521,raw_cusum
7222,0.5619,raw_var_cusum
7223,0.481,lsc_composite
7224,0.1521,raw_cusum
7225,0.10165,lsc_composite
7226,0.1492,raw_var_cusum
7227,0.2774,lsc_kalman_cusum
7228,0.2774,lsc_kalman_cusum
7229,0.481,lsc_composite
7230,0.481,lsc_composite
7231,0.14915,lsc_tail_cusum
7232,0.0183,raw_var_cusum
7233,0.2774,lsc_kalman_cusum
7234,0.2774,lsc_kalman_cusum
7235,0.5619,raw_var_cusum
7236,0.1492,raw_var_cusum
7237,0.5619,raw_var_cusum
7238,0.14915,lsc_tail_cusum
7239,0.2774,lsc_kalman_cusum
7240,0.14915,lsc_tail_cusum
7241,0.1521,raw_cusum
7242,0.481,lsc_composite
7243,0.481,lsc_composite
7244,0.5535,lsc_tail_cusum
7245,0.2774,lsc_kalman_cusum
7246,0.00075,lsc_tail_cusum
7247,0.2774,lsc_kalman_cusum
7248,0.481,lsc_composite
7249,0.0198,lsc_tail_cusum
7250,0.10165,lsc_composite
7251,0.481,lsc_composite
7252,0.14915,lsc_tail_cusum
7253,0.481,lsc_composite
7254,0.14915,lsc_tail_cusum
7255,0.481,lsc_composite
7256,0.5535,lsc_tail_cusum
7257,0.5535,lsc_tail_cusum
7258,0.2774,lsc_kalman_cusum
7259,0.14915,lsc_tail_cusum
7260,0.481,lsc_composite
7261,0.14915,lsc_tail_cusum
7262,1.0,lsc_composite
7263,0.14915,lsc_tail_cusum
7264,0.10165,lsc_composite
7265,0.2774,lsc_kalman_cusum
7266,0.5535,lsc_tail_cusum
7267,0.10165,lsc_composite
7268,0.02015,lsc_kalman_cusum
7269,0.2774,lsc_kalman_cusum
7270,0.1521,raw_cusum
7271,0.1492,raw_var_cusum
7272,1.0,lsc_composite
7273,0.5535,lsc_tail_cusum
7274,0.1521,raw_cusum
7275,0.1521,raw_cusum
7276,0.14915,lsc_tail_cusum
7277,0.1521,raw_cusum
7278,0.2774,lsc_kalman_cusum
7279,0.14915,lsc_tail_cusum
7280,0.5535,lsc_tail_cusum
7281,0.2774,lsc_kalman_cusum
7282,0.1521,raw_cusum
7283,0.481,lsc_composite
7284,0.2774,lsc_kalman_cusum
7285,0.2774,lsc_kalman_cusum
7286,1.0,lsc_composite
7287,0.14915,lsc_tail_cusum
7288,0.5535,lsc_tail_cusum
7289,0.14915,lsc_tail_cusum
7290,0.1492,raw_var_cusum
7291,0.481,lsc_composite
7292,0.481,lsc_composite
7293,0.1521,raw_cusum
7294,0.14915,lsc_tail_cusum
7295,0.481,lsc_composite
7296,0.1492,raw_var_cusum
7297,0.10165,lsc_composite
7298,0.1492,raw_var_cusum
7299,0.481,lsc_composite
7300,0.1521,raw_cusum
7301,0.5535,lsc_tail_cusum
7302,0.481,lsc_composite
7303,0.1492,raw_var_cusum
7304,0.2774,lsc_kalman_cusum
7305,1.0,lsc_composite
7306,0.2774,lsc_kalman_cusum
7307,0.10165,lsc_composite
7308,0.1521,raw_cusum
7309,0.10165,lsc_composite
7310,0.5535,lsc_tail_cusum
7311,0.1521,raw_cusum
7312,0.0183,raw_var_cusum
7313,0.1492,raw_var_cusum
7314,0.2774,lsc_kalman_cusum
7315,0.02015,lsc_kalman_cusum
7316,0.5535,lsc_tail_cusum
7317,0.2774,lsc_kalman_cusum
7318,0.481,lsc_composite
7319,0.481,lsc_composite
7320,0.481,lsc_composite
7321,0.1492,raw_var_cusum
7322,0.02015,lsc_kalman_cusum
7323,1.0,lsc_composite
7324,0.2774,lsc_kalman_cusum
7325,0.5535,lsc_tail_cusum
7326,0.1521,raw_cusum
7327,1.0,lsc_composite
7328,0.10165,lsc_composite
7329,0.10165,lsc_composite
7330,0.14915,lsc_tail_cusum
7331,0.1492,raw_var_cusum
7332,0.02015,lsc_kalman_cusum
7333,0.5535,lsc_tail_cusum
7334,0.1521,raw_cusum
7335,0.481,lsc_composite
7336,0.1492,raw_var_cusum
7337,0.1521,raw_cusum
7338,0.14915,lsc_tail_cusum
7339,0.1492,raw_var_cusum
7340,0.481,lsc_composite
7341,0.5619,raw_var_cusum
7342,0.5535,lsc_tail_cusum
7343,0.02015,lsc_kalman_cusum
7344,0.10165,lsc_composite
7345,0.481,lsc_composite
7346,0.10165,lsc_composite
7347,0.2774,lsc_kalman_cusum
7348,0.14915,lsc_tail_cusum
7349,0.481,lsc_composite
7350,0.10165,lsc_composite
7351,0.00925,lsc_composite
7352,0.2774,lsc_kalman_cusum
7353,0.1492,raw_var_cusum
7354,0.14915,lsc_tail_cusum
7355,0.1492,raw_var_cusum
7356,0.1521,raw_cusum
7357,0.5535,lsc_tail_cusum
7358,0.481,lsc_composite
7359,0.1521,raw_cusum
7360,0.10165,lsc_composite
7361,1.0,lsc_composite
7362,0.5535,lsc_tail_cusum
7363,0.10165,lsc_composite
7364,0.481,lsc_composite
7365,0.481,lsc_composite
7366,0.10165,lsc_composite
7367,0.481,lsc_composite
7368,0.2774,lsc_kalman_cusum
7369,0.481,lsc_composite
7370,0.14915,lsc_tail_cusum
7371,0.5619,raw_var_cusum
7372,0.10165,lsc_composite
7373,0.2774,lsc_kalman_cusum
7374,1.0,lsc_composite
7375,0.481,lsc_composite
7376,0.1521,raw_cusum
7377,0.5535,lsc_tail_cusum
7378,0.481,lsc_composite
7379,0.14915,lsc_tail_cusum
7380,0.2774,lsc_kalman_cusum
7381,0.10165,lsc_composite
7382,0.5619,raw_var_cusum
7383,0.481,lsc_composite
7384,0.1492,raw_var_cusum
7385,1.0,lsc_composite
7386,0.1492,raw_var_cusum
7387,0.481,lsc_composite
7388,0.2774,lsc_kalman_cusum
7389,0.5535,lsc_tail_cusum
7390,0.481,lsc_composite
7391,0.02015,lsc_kalman_cusum
7392,0.481,lsc_composite
7393,0.481,lsc_composite
7394,0.1521,raw_cusum
7395,0.481,lsc_composite
7396,0.14915,lsc_tail_cusum
7397,0.14915,lsc_tail_cusum
7398,0.481,lsc_composite
7399,0.10165,lsc_composite
7400,0.481,lsc_composite
7401,0.1492,raw_var_cusum
7402,0.5535,lsc_tail_cusum
7403,0.2774,lsc_kalman_cusum
7404,0.481,lsc_composite
7405,0.2774,lsc_kalman_cusum
7406,0.14915,lsc_tail_cusum
7407,0.481,lsc_composite
7408,0.14915,lsc_tail_cusum
7409,0.481,lsc_composite
7410,0.1521,raw_cusum
7411,0.1492,raw_var_cusum
7412,0.481,lsc_composite
7413,0.5535,lsc_tail_cusum
7414,0.2774,lsc_kalman_cusum
7415,0.5619,raw_var_cusum
7416,0.2774,lsc_kalman_cusum
7417,0.5535,lsc_tail_cusum
7418,0.2774,lsc_kalman_cusum
7419,0.1492,raw_var_cusum
7420,0.2774,lsc_kalman_cusum
7421,0.14915,lsc_tail_cusum
7422,0.1492,raw_var_cusum
7423,0.481,lsc_composite
7424,0.2774,lsc_kalman_cusum
7425,1.0,lsc_composite
7426,0.14915,lsc_tail_cusum
7427,0.5535,lsc_tail_cusum
7428,0.1492,raw_var_cusum
7429,0.481,lsc_composite
7430,0.14915,lsc_tail_cusum
7431,0.2774,lsc_kalman_cusum
7432,0.5535,lsc_tail_cusum
7433,0.1521,raw_cusum
7434,0.5619,raw_var_cusum
7435,0.481,lsc_composite
7436,0.481,lsc_composite
7437,0.14915,lsc_tail_cusum
7438,0.0183,raw_var_cusum
7439,0.2774,lsc_kalman_cusum
7440,1.0,lsc_composite
7441,0.5535,lsc_tail_cusum
7442,0.2774,lsc_kalman_cusum
7443,0.14915,lsc_tail_cusum
7444,1.0,lsc_composite
7445,1.0,lsc_composite
7446,0.5535,lsc_tail_cusum
7447,0.481,lsc_composite
7448,0.5535,lsc_tail_cusum
7449,0.10165,lsc_composite
7450,0.2774,lsc_kalman_cusum
7451,0.481,lsc_composite
7452,0.1492,raw_var_cusum
7453,0.1521,raw_cusum
7454,0.5619,raw_var_cusum
7455,1.0,lsc_composite
7456,0.5619,raw_var_cusum
7457,0.1492,raw_var_cusum
7458,0.14915,lsc_tail_cusum
7459,0.2774,lsc_kalman_cusum
7460,0.481,lsc_composite
7461,0.5535,lsc_tail_cusum
7462,0.5619,raw_var_cusum
7463,0.0198,lsc_tail_cusum
7464,0.481,lsc_composite
7465,0.1521,raw_cusum
7466,0.2774,lsc_kalman_cusum
7467,0.5535,lsc_tail_cusum
7468,0.481,lsc_composite
7469,0.481,lsc_composite
7470,0.14915,lsc_tail_cusum
7471,0.481,lsc_composite
7472,0.2774,lsc_kalman_cusum
7473,0.10165,lsc_composite
7474,0.2774,lsc_kalman_cusum
7475,0.10165,lsc_composite
7476,1.0,lsc_composite
7477,0.1492,raw_var_cusum
7478,0.481,lsc_composite
7479,0.1492,raw_var_cusum
7480,0.5535,lsc_tail_cusum
7481,0.2774,lsc_kalman_cusum
7482,1.0,lsc_composite
7483,0.481,lsc_composite
7484,1.0,lsc_composite
7485,0.10165,lsc_composite
7486,0.10165,lsc_composite
7487,0.14915,lsc_tail_cusum
7488,0.5535,lsc_tail_cusum
7489,0.1521,raw_cusum
7490,1.0,lsc_composite
7491,0.2774,lsc_kalman_cusum
7492,0.481,lsc_composite
7493,0.14915,lsc_tail_cusum
7494,0.10165,lsc_composite
7495,0.10165,lsc_composite
7496,0.1492,raw_var_cusum
7497,0.5535,lsc_tail_cusum
7498,0.5619,raw_var_cusum
7499,0.14915,lsc_tail_cusum
7500,1.0,lsc_composite
7501,0.1521,raw_cusum
7502,0.2774,lsc_kalman_cusum
7503,0.481,lsc_composite
7504,0.5619,raw_var_cusum
7505,0.481,lsc_composite
7506,0.1492,raw_var_cusum
7507,0.10165,lsc_composite
7508,0.5619,raw_var_cusum
7509,0.481,lsc_composite
7510,0.5535,lsc_tail_cusum
7511,0.5535,lsc_tail_cusum
7512,0.2774,lsc_kalman_cusum
7513,0.1492,raw_var_cusum
7514,0.5619,raw_var_cusum
7515,0.5535,lsc_tail_cusum
7516,1.0,lsc_composite
7517,0.5535,lsc_tail_cusum
7518,0.02015,lsc_kalman_cusum
7519,0.1492,raw_var_cusum
7520,0.481,lsc_composite
7521,0.5535,lsc_tail_cusum
7522,0.14915,lsc_tail_cusum
7523,0.5535,lsc_tail_cusum
7524,0.5535,lsc_tail_cusum
7525,0.5535,lsc_tail_cusum
7526,0.481,lsc_composite
7527,0.5535,lsc_tail_cusum
7528,0.5619,raw_var_cusum
7529,0.481,lsc_composite
7530,0.1492,raw_var_cusum
7531,0.2774,lsc_kalman_cusum
7532,0.14915,lsc_tail_cusum
7533,0.5535,lsc_tail_cusum
7534,0.1521,raw_cusum
7535,0.1492,raw_var_cusum
7536,0.1521,raw_cusum
7537,0.481,lsc_composite
7538,0.1492,raw_var_cusum
7539,0.5619,raw_var_cusum
7540,0.1521,raw_cusum
7541,0.14915,lsc_tail_cusum
7542,0.14915,lsc_tail_cusum
7543,0.2774,lsc_kalman_cusum
7544,0.2774,lsc_kalman_cusum
7545,0.1521,raw_cusum
7546,0.14915,lsc_tail_cusum
7547,0.14915,lsc_tail_cusum
7548,0.481,lsc_composite
7549,1.0,lsc_composite
7550,0.0183,raw_var_cusum
7551,0.481,lsc_composite
7552,0.2774,lsc_kalman_cusum
7553,0.5535,lsc_tail_cusum
7554,0.481,lsc_composite
7555,0.14915,lsc_tail_cusum
7556,0.5535,lsc_tail_cusum
7557,0.0183,raw_var_cusum
7558,0.2774,lsc_kalman_cusum
7559,0.5619,raw_var_cusum
7560,0.481,lsc_composite
7561,1.0,lsc_composite
7562,0.5535,lsc_tail_cusum
7563,0.10165,lsc_composite
7564,0.14915,lsc_tail_cusum
7565,0.10165,lsc_composite
7566,0.1521,raw_cusum
7567,0.14915,lsc_tail_cusum
7568,0.2774,lsc_kalman_cusum
7569,0.481,lsc_composite
7570,0.5619,raw_var_cusum
7571,0.2774,lsc_kalman_cusum
7572,0.2774,lsc_kalman_cusum
7573,0.10165,lsc_composite
7574,0.10165,lsc_composite
7575,0.5535,lsc_tail_cusum
7576,0.10165,lsc_composite
7577,0.14915,lsc_tail_cusum
7578,0.1492,raw_var_cusum
7579,0.481,lsc_composite
7580,1.0,lsc_composite
7581,0.481,lsc_composite
7582,0.481,lsc_composite
7583,0.14915,lsc_tail_cusum
7584,0.5619,raw_var_cusum
7585,0.5535,lsc_tail_cusum
7586,0.2774,lsc_kalman_cusum
7587,0.481,lsc_composite
7588,0.10165,lsc_composite
7589,0.481,lsc_composite
7590,0.2774,lsc_kalman_cusum
7591,0.2774,lsc_kalman_cusum
7592,1.0,lsc_composite
7593,0.10165,lsc_composite
7594,0.481,lsc_composite
7595,0.2774,lsc_kalman_cusum
7596,0.2774,lsc_kalman_cusum
7597,0.2774,lsc_kalman_cusum
7598,0.481,lsc_composite
7599,0.5535,lsc_tail_cusum
7600,0.5535,lsc_tail_cusum
7601,0.481,lsc_composite
7602,0.2774,lsc_kalman_cusum
7603,0.0198,lsc_tail_cusum
7604,0.0198,lsc_tail_cusum
7605,0.481,lsc_composite
7606,0.10165,lsc_composite
7607,0.2774,lsc_kalman_cusum
7608,1.0,lsc_composite
7609,0.14915,lsc_tail_cusum
7610,0.5535,lsc_tail_cusum
7611,0.10165,lsc_composite
7612,1.0,lsc_composite
7613,0.14915,lsc_tail_cusum
7614,0.5535,lsc_tail_cusum
7615,0.10165,lsc_composite
7616,0.1492,raw_var_cusum
7617,0.2774,lsc_kalman_cusum
7618,0.1521,raw_cusum
7619,0.5535,lsc_tail_cusum
7620,0.481,lsc_composite
7621,0.1492,raw_var_cusum
7622,0.0183,raw_var_cusum
7623,0.14915,lsc_tail_cusum
7624,0.481,lsc_composite
7625,0.10165,lsc_composite
7626,0.14915,lsc_tail_cusum
7627,0.1492,raw_var_cusum
7628,0.5535,lsc_tail_cusum
7629,0.2774,lsc_kalman_cusum
7630,0.14915,lsc_tail_cusum
7631,0.1521,raw_cusum
7632,0.1521,raw_cusum
7633,0.14915,lsc_tail_cusum
7634,0.1521,raw_cusum
7635,0.481,lsc_composite
7636,0.2774,lsc_kalman_cusum
7637,0.481,lsc_composite
7638,0.10165,lsc_composite
7639,0.2774,lsc_kalman_cusum
7640,0.481,lsc_composite
7641,0.14915,lsc_tail_cusum
7642,0.14915,lsc_tail_cusum
7643,1.0,lsc_composite
7644,0.5535,lsc_tail_cusum
7645,1.0,lsc_composite
7646,0.5535,lsc_tail_cusum
7647,0.1492,raw_var_cusum
7648,0.1492,raw_var_cusum
7649,0.5535,lsc_tail_cusum
7650,1.0,lsc_composite
7651,0.2774,lsc_kalman_cusum
7652,0.1492,raw_var_cusum
7653,0.14915,lsc_tail_cusum
7654,0.1492,raw_var_cusum
7655,0.481,lsc_composite
7656,0.14915,lsc_tail_cusum
7657,0.1492,raw_var_cusum
7658,0.02015,lsc_kalman_cusum
7659,0.00925,lsc_composite
7660,0.2774,lsc_kalman_cusum
7661,0.5535,lsc_tail_cusum
7662,0.02015,lsc_kalman_cusum
7663,0.1521,raw_cusum
7664,0.5619,raw_var_cusum
7665,0.10165,lsc_composite
7666,0.2774,lsc_kalman_cusum
7667,0.0183,raw_var_cusum
7668,0.5535,lsc_tail_cusum
7669,0.481,lsc_composite
7670,0.481,lsc_composite
7671,0.481,lsc_composite
7672,0.481,lsc_composite
7673,0.2774,lsc_kalman_cusum
7674,0.5535,lsc_tail_cusum
7675,0.2774,lsc_kalman_cusum
7676,0.1521,raw_cusum
7677,0.481,lsc_composite
7678,0.2774,lsc_kalman_cusum
7679,0.1492,raw_var_cusum
7680,0.2774,lsc_kalman_cusum
7681,0.2774,lsc_kalman_cusum
7682,0.481,lsc_composite
7683,0.1492,raw_var_cusum
7684,1.0,lsc_composite
7685,0.2774,lsc_kalman_cusum
7686,0.10165,lsc_composite
7687,0.5535,lsc_tail_cusum
7688,0.14915,lsc_tail_cusum
7689,0.14915,lsc_tail_cusum
7690,0.10165,lsc_composite
7691,0.2774,lsc_kalman_cusum
7692,0.5619,raw_var_cusum
7693,0.14915,lsc_tail_cusum
7694,0.0183,raw_var_cusum
7695,0.5535,lsc_tail_cusum
7696,0.14915,lsc_tail_cusum
7697,1.0,lsc_composite
7698,0.481,lsc_composite
7699,0.5535,lsc_tail_cusum
7700,0.5535,lsc_tail_cusum
7701,1.0,lsc_composite
7702,0.0183,raw_var_cusum
7703,0.5619,raw_var_cusum
7704,0.14915,lsc_tail_cusum
7705,1.0,lsc_composite
7706,0.5535,lsc_tail_cusum
7707,0.481,lsc_composite
7708,0.481,lsc_composite
7709,0.1521,raw_cusum
7710,0.1492,raw_var_cusum
7711,1.0,lsc_composite
7712,0.14915,lsc_tail_cusum
7713,0.1521,raw_cusum
7714,0.1521,raw_cusum
7715,0.02015,lsc_kalman_cusum
7716,0.481,lsc_composite
7717,0.10165,lsc_composite
7718,0.14915,lsc_tail_cusum
7719,0.2774,lsc_kalman_cusum
7720,0.5535,lsc_tail_cusum
7721,0.1521,raw_cusum
7722,0.1492,raw_var_cusum
7723,0.14915,lsc_tail_cusum
7724,0.5535,lsc_tail_cusum
7725,0.481,lsc_composite
7726,0.2774,lsc_kalman_cusum
7727,1.0,lsc_composite
7728,0.481,lsc_composite
7729,0.481,lsc_composite
7730,0.1521,raw_cusum
7731,0.10165,lsc_composite
7732,0.1492,raw_var_cusum
7733,0.1521,raw_cusum
7734,0.5535,lsc_tail_cusum
7735,0.14915,lsc_tail_cusum
7736,0.2774,lsc_kalman_cusum
7737,0.0183,raw_var_cusum
7738,0.1492,raw_var_cusum
7739,0.5535,lsc_tail_cusum
7740,0.1521,raw_cusum
7741,0.5535,lsc_tail_cusum
7742,0.481,lsc_composite
7743,0.481,lsc_composite
7744,0.481,lsc_composite
7745,1.0,lsc_composite
7746,0.1492,raw_var_cusum
7747,0.5619,raw_var_cusum
7748,0.1521,raw_cusum
7749,0.2774,lsc_kalman_cusum
7750,0.2774,lsc_kalman_cusum
7751,1.0,lsc_composite
7752,0.481,lsc_composite
7753,0.10165,lsc_composite
7754,0.1521,raw_cusum
7755,1.0,lsc_composite
7756,0.1492,raw_var_cusum
7757,0.5619,raw_var_cusum
7758,0.0183,raw_var_cusum
7759,0.14915,lsc_tail_cusum
7760,0.1492,raw_var_cusum
7761,0.14915,lsc_tail_cusum
7762,0.1492,raw_var_cusum
7763,0.1521,raw_cusum
7764,0.1492,raw_var_cusum
7765,0.481,lsc_composite
7766,0.1492,raw_var_cusum
7767,0.14915,lsc_tail_cusum
7768,0.14915,lsc_tail_cusum
7769,0.5619,raw_var_cusum
7770,0.1521,raw_cusum
7771,0.2774,lsc_kalman_cusum
7772,0.481,lsc_composite
7773,0.5619,raw_var_cusum
7774,1.0,lsc_composite
7775,0.1521,raw_cusum
7776,0.5535,lsc_tail_cusum
7777,0.1521,raw_cusum
7778,0.2774,lsc_kalman_cusum
7779,0.2774,lsc_kalman_cusum
7780,0.2774,lsc_kalman_cusum
7781,0.1521,raw_cusum
7782,0.5535,lsc_tail_cusum
7783,0.481,lsc_composite
7784,0.481,lsc_composite
7785,0.10165,lsc_composite
7786,0.10165,lsc_composite
7787,0.1492,raw_var_cusum
7788,0.1492,raw_var_cusum
7789,0.1492,raw_var_cusum
7790,0.02015,lsc_kalman_cusum
7791,0.2774,lsc_kalman_cusum
7792,0.10165,lsc_composite
7793,0.5619,raw_var_cusum
7794,0.481,lsc_composite
7795,1.0,lsc_composite
7796,0.1521,raw_cusum
7797,0.14915,lsc_tail_cusum
7798,0.481,lsc_composite
7799,0.1492,raw_var_cusum
7800,0.481,lsc_composite
7801,0.10165,lsc_composite
7802,0.1521,raw_cusum
7803,0.481,lsc_composite
7804,0.1521,raw_cusum
7805,0.10165,lsc_composite
7806,0.2774,lsc_kalman_cusum
7807,0.481,lsc_composite
7808,0.14915,lsc_tail_cusum
7809,0.5619,raw_var_cusum
7810,0.10165,lsc_composite
7811,0.481,lsc_composite
7812,0.2774,lsc_kalman_cusum
7813,0.14915,lsc_tail_cusum
7814,0.2774,lsc_kalman_cusum
7815,0.481,lsc_composite
7816,0.481,lsc_composite
7817,1.0,lsc_composite
7818,0.1492,raw_var_cusum
7819,0.2774,lsc_kalman_cusum
7820,0.1492,raw_var_cusum
7821,0.481,lsc_composite
7822,0.5535,lsc_tail_cusum
7823,0.481,lsc_composite
7824,0.14915,lsc_tail_cusum
7825,0.1492,raw_var_cusum
7826,0.481,lsc_composite
7827,0.1521,raw_cusum
7828,0.2774,lsc_kalman_cusum
7829,0.5619,raw_var_cusum
7830,0.5535,lsc_tail_cusum
7831,0.14915,lsc_tail_cusum
7832,0.1521,raw_cusum
7833,0.5535,lsc_tail_cusum
7834,0.2774,lsc_kalman_cusum
7835,0.5535,lsc_tail_cusum
7836,0.1492,raw_var_cusum
7837,0.481,lsc_composite
7838,0.1492,raw_var_cusum
7839,0.10165,lsc_composite
7840,0.1492,raw_var_cusum
7841,0.481,lsc_composite
7842,0.481,lsc_composite
7843,0.1492,raw_var_cusum
7844,0.10165,lsc_composite
7845,0.2774,lsc_kalman_cusum
7846,0.2774,lsc_kalman_cusum
7847,0.10165,lsc_composite
7848,0.2774,lsc_kalman_cusum
7849,0.5535,lsc_tail_cusum
7850,0.1521,raw_cusum
7851,0.481,lsc_composite
7852,0.1492,raw_var_cusum
7853,1.0,lsc_composite
7854,0.10165,lsc_composite
7855,0.481,lsc_composite
7856,0.14915,lsc_tail_cusum
7857,0.5619,raw_var_cusum
7858,0.5535,lsc_tail_cusum
7859,0.2774,lsc_kalman_cusum
7860,0.2774,lsc_kalman_cusum
7861,0.10165,lsc_composite
7862,0.5535,lsc_tail_cusum
7863,0.14915,lsc_tail_cusum
7864,0.481,lsc_composite
7865,0.481,lsc_composite
7866,1.0,lsc_composite
7867,0.481,lsc_composite
7868,0.481,lsc_composite
7869,0.1521,raw_cusum
7870,0.1492,raw_var_cusum
7871,0.1521,raw_cusum
7872,0.2774,lsc_kalman_cusum
7873,0.481,lsc_composite
7874,0.481,lsc_composite
7875,0.5619,raw_var_cusum
7876,0.481,lsc_composite
7877,0.5535,lsc_tail_cusum
7878,0.14915,lsc_tail_cusum
7879,0.10165,lsc_composite
7880,0.1521,raw_cusum
7881,0.5619,raw_var_cusum
7882,0.14915,lsc_tail_cusum
7883,0.2774,lsc_kalman_cusum
7884,0.481,lsc_composite
7885,0.1492,raw_var_cusum
7886,0.481,lsc_composite
7887,0.2774,lsc_kalman_cusum
7888,0.10165,lsc_composite
7889,0.5619,raw_var_cusum
7890,0.10165,lsc_composite
7891,0.10165,lsc_composite
7892,0.1492,raw_var_cusum
7893,0.2774,lsc_kalman_cusum
7894,0.481,lsc_composite
7895,0.2774,lsc_kalman_cusum
7896,0.2774,lsc_kalman_cusum
7897,0.14915,lsc_tail_cusum
7898,0.14915,lsc_tail_cusum
7899,0.1521,raw_cusum
7900,0.5535,lsc_tail_cusum
7901,0.481,lsc_composite
7902,0.5619,raw_var_cusum
7903,0.14915,lsc_tail_cusum
7904,0.14915,lsc_tail_cusum
7905,0.5535,lsc_tail_cusum
7906,0.481,lsc_composite
7907,1.0,lsc_composite
7908,0.5535,lsc_tail_cusum
7909,0.481,lsc_composite
7910,0.481,lsc_composite
7911,0.14915,lsc_tail_cusum
7912,0.5535,lsc_tail_cusum
7913,0.1492,raw_var_cusum
7914,0.2774,lsc_kalman_cusum
7915,0.1492,raw_var_cusum
7916,1.0,lsc_composite
7917,0.481,lsc_composite
7918,0.10165,lsc_composite
7919,0.2774,lsc_kalman_cusum
7920,0.481,lsc_composite
7921,1.0,lsc_composite
7922,0.2774,lsc_kalman_cusum
7923,0.10165,lsc_composite
7924,0.10165,lsc_composite
7925,0.10165,lsc_composite
7926,0.2774,lsc_kalman_cusum
7927,0.481,lsc_composite
7928,0.10165,lsc_composite
7929,0.2774,lsc_kalman_cusum
7930,0.14915,lsc_tail_cusum
7931,0.2774,lsc_kalman_cusum
7932,0.1521,raw_cusum
7933,0.2774,lsc_kalman_cusum
7934,1.0,lsc_composite
7935,1.0,lsc_composite
7936,0.14915,lsc_tail_cusum
7937,0.02015,lsc_kalman_cusum
7938,0.2774,lsc_kalman_cusum
7939,0.14915,lsc_tail_cusum
7940,1.0,lsc_composite
7941,0.1492,raw_var_cusum
7942,1.0,lsc_composite
7943,0.1492,raw_var_cusum
7944,0.2774,lsc_kalman_cusum
7945,0.2774,lsc_kalman_cusum
7946,0.1521,raw_cusum
7947,0.1521,raw_cusum
7948,0.14915,lsc_tail_cusum
7949,1.0,lsc_composite
7950,0.5619,raw_var_cusum
7951,0.10165,lsc_composite
7952,0.1492,raw_var_cusum
7953,0.481,lsc_composite
7954,0.1521,raw_cusum
7955,1.0,lsc_composite
7956,0.2774,lsc_kalman_cusum
7957,0.1492,raw_var_cusum
7958,0.1521,raw_cusum
7959,0.1492,raw_var_cusum
7960,1.0,lsc_composite
7961,0.00925,lsc_composite
7962,0.5535,lsc_tail_cusum
7963,1.0,lsc_composite
7964,0.481,lsc_composite
7965,0.5535,lsc_tail_cusum
7966,1.0,lsc_composite
7967,0.14915,lsc_tail_cusum
7968,0.2774,lsc_kalman_cusum
7969,0.02015,lsc_kalman_cusum
7970,1.0,lsc_composite
7971,0.0183,raw_var_cusum
7972,0.5535,lsc_tail_cusum
7973,0.2774,lsc_kalman_cusum
7974,0.1521,raw_cusum
7975,0.14915,lsc_tail_cusum
7976,0.1521,raw_cusum
7977,0.481,lsc_composite
7978,0.5535,lsc_tail_cusum
7979,0.10165,lsc_composite
7980,0.2774,lsc_kalman_cusum
7981,0.1521,raw_cusum
7982,0.10165,lsc_composite
7983,0.2774,lsc_kalman_cusum
7984,0.481,lsc_composite
7985,0.5535,lsc_tail_cusum
7986,1.0,lsc_composite
7987,0.5535,lsc_tail_cusum
7988,0.1521,raw_cusum
7989,0.1521,raw_cusum
7990,0.5535,lsc_tail_cusum
7991,0.481,lsc_composite
7992,0.481,lsc_composite
7993,0.2774,lsc_kalman_cusum
7994,0.1492,raw_var_cusum
7995,0.481,lsc_composite
7996,0.5619,raw_var_cusum
7997,0.5535,lsc_tail_cusum
7998,0.1521,raw_cusum
7999,0.1492,raw_var_cusum
8000,0.14915,lsc_tail_cusum
8001,0.0198,lsc_tail_cusum
8002,0.481,lsc_composite
8003,0.481,lsc_composite
8004,0.0198,lsc_tail_cusum
8005,0.1492,raw_var_cusum
8006,1.0,lsc_composite
8007,0.0183,raw_var_cusum
8008,0.2774,lsc_kalman_cusum
8009,0.481,lsc_composite
8010,0.14915,lsc_tail_cusum
8011,0.2774,lsc_kalman_cusum
8012,0.1521,raw_cusum
8013,0.0012,raw_var_cusum
8014,0.481,lsc_composite
8015,0.1521,raw_cusum
8016,0.2774,lsc_kalman_cusum
8017,0.5535,lsc_tail_cusum
8018,0.14915,lsc_tail_cusum
8019,0.0183,raw_var_cusum
8020,0.10165,lsc_composite
8021,0.5619,raw_var_cusum
8022,0.1492,raw_var_cusum
8023,1.0,lsc_composite
8024,0.14915,lsc_tail_cusum
8025,0.481,lsc_composite
8026,0.481,lsc_composite
8027,0.2774,lsc_kalman_cusum
8028,0.14915,lsc_tail_cusum
8029,1.0,lsc_composite
8030,0.5535,lsc_tail_cusum
8031,0.2774,lsc_kalman_cusum
8032,0.00075,lsc_tail_cusum
8033,0.14915,lsc_tail_cusum
8034,0.481,lsc_composite
8035,0.5535,lsc_tail_cusum
8036,0.481,lsc_composite
8037,0.5535,lsc_tail_cusum
8038,0.1492,raw_var_cusum
8039,0.2774,lsc_kalman_cusum
8040,0.2774,lsc_kalman_cusum
8041,1.0,lsc_composite
8042,0.481,lsc_composite
8043,0.1492,raw_var_cusum
8044,0.2774,lsc_kalman_cusum
8045,0.10165,lsc_composite
8046,0.2774,lsc_kalman_cusum
8047,0.14915,lsc_tail_cusum
8048,0.2774,lsc_kalman_cusum
8049,0.1492,raw_var_cusum
8050,0.14915,lsc_tail_cusum
8051,0.481,lsc_composite
8052,1.0,lsc_composite
8053,0.481,lsc_composite
8054,0.481,lsc_composite
8055,1.0,lsc_composite
8056,1.0,lsc_composite
8057,1.0,lsc_composite
8058,0.481,lsc_composite
8059,0.0183,raw_var_cusum
8060,0.14915,lsc_tail_cusum
8061,0.481,lsc_composite
8062,1.0,lsc_composite
8063,0.5619,raw_var_cusum
8064,0.1521,raw_cusum
8065,0.481,lsc_composite
8066,1.0,lsc_composite
8067,0.481,lsc_composite
8068,0.1492,raw_var_cusum
8069,0.14915,lsc_tail_cusum
8070,0.2774,lsc_kalman_cusum
8071,0.10165,lsc_composite
8072,0.0198,lsc_tail_cusum
8073,0.02015,lsc_kalman_cusum
8074,0.481,lsc_composite
8075,0.1492,raw_var_cusum
8076,0.1492,raw_var_cusum
8077,0.5619,raw_var_cusum
8078,0.5619,raw_var_cusum
8079,0.00925,lsc_composite
8080,0.2774,lsc_kalman_cusum
8081,0.0198,lsc_tail_cusum
8082,0.1521,raw_cusum
8083,0.5535,lsc_tail_cusum
8084,0.2774,lsc_kalman_cusum
8085,0.5619,raw_var_cusum
8086,0.1521,raw_cusum
8087,0.1521,raw_cusum
8088,0.481,lsc_composite
8089,0.481,lsc_composite
8090,0.2774,lsc_kalman_cusum
8091,0.5619,raw_var_cusum
8092,0.2774,lsc_kalman_cusum
8093,0.481,lsc_composite
8094,0.481,lsc_composite
8095,0.1521,raw_cusum
8096,0.14915,lsc_tail_cusum
8097,0.481,lsc_composite
8098,0.481,lsc_composite
8099,0.1492,raw_var_cusum
8100,0.10165,lsc_composite
8101,0.10165,lsc_composite
8102,0.481,lsc_composite
8103,0.0198,lsc_tail_cusum
8104,0.1492,raw_var_cusum
8105,0.10165,lsc_composite
8106,0.0198,lsc_tail_cusum
8107,0.1521,raw_cusum
8108,0.1521,raw_cusum
8109,0.1492,raw_var_cusum
8110,0.481,lsc_composite
8111,1.0,lsc_composite
8112,0.1492,raw_var_cusum
8113,0.5535,lsc_tail_cusum
8114,0.5619,raw_var_cusum
8115,0.0198,lsc_tail_cusum
8116,0.5535,lsc_tail_cusum
8117,0.2774,lsc_kalman_cusum
8118,0.14915,lsc_tail_cusum
8119,0.1492,raw_var_cusum
8120,0.5535,lsc_tail_cusum
8121,0.14915,lsc_tail_cusum
8122,0.1521,raw_cusum
8123,0.5535,lsc_tail_cusum
8124,0.0183,raw_var_cusum
8125,0.2774,lsc_kalman_cusum
8126,0.481,lsc_composite
8127,0.481,lsc_composite
8128,0.5535,lsc_tail_cusum
8129,0.10165,lsc_composite
8130,1.0,lsc_composite
8131,0.5535,lsc_tail_cusum
8132,0.1521,raw_cusum
8133,0.14915,lsc_tail_cusum
8134,0.14915,lsc_tail_cusum
8135,0.1492,raw_var_cusum
8136,0.1521,raw_cusum
8137,0.481,lsc_composite
8138,0.481,lsc_composite
8139,0.5619,raw_var_cusum
8140,0.2774,lsc_kalman_cusum
8141,0.1492,raw_var_cusum
8142,0.0198,lsc_tail_cusum
8143,0.1492,raw_var_cusum
8144,0.10165,lsc_composite
8145,0.1492,raw_var_cusum
8146,0.1521,raw_cusum
8147,0.481,lsc_composite
8148,0.481,lsc_composite
8149,0.1521,raw_cusum
8150,0.481,lsc_composite
8151,0.2774,lsc_kalman_cusum
8152,0.1521,raw_cusum
8153,0.481,lsc_composite
8154,0.14915,lsc_tail_cusum
8155,0.0183,raw_var_cusum
8156,0.1521,raw_cusum
8157,0.14915,lsc_tail_cusum
8158,0.14915,lsc_tail_cusum
8159,0.2774,lsc_kalman_cusum
8160,0.2774,lsc_kalman_cusum
8161,0.1492,raw_var_cusum
8162,0.0183,raw_var_cusum
8163,0.00925,lsc_composite
8164,0.481,lsc_composite
8165,0.5535,lsc_tail_cusum
8166,0.10165,lsc_composite
8167,0.1492,raw_var_cusum
8168,1.0,lsc_composite
8169,0.5535,lsc_tail_cusum
8170,0.10165,lsc_composite
8171,0.481,lsc_composite
8172,0.14915,lsc_tail_cusum
8173,0.10165,lsc_composite
8174,0.1521,raw_cusum
8175,0.10165,lsc_composite
8176,0.2774,lsc_kalman_cusum
8177,0.5619,raw_var_cusum
8178,0.0183,raw_var_cusum
8179,0.1521,raw_cusum
8180,0.1492,raw_var_cusum
8181,1.0,lsc_composite
8182,0.1492,raw_var_cusum
8183,0.481,lsc_composite
8184,0.5535,lsc_tail_cusum
8185,0.0198,lsc_tail_cusum
8186,0.02015,lsc_kalman_cusum
8187,0.5535,lsc_tail_cusum
8188,0.1521,raw_cusum
8189,0.2774,lsc_kalman_cusum
8190,0.481,lsc_composite
8191,0.1521,raw_cusum
8192,0.2774,lsc_kalman_cusum
8193,0.2774,lsc_kalman_cusum
8194,0.2774,lsc_kalman_cusum
8195,0.14915,lsc_tail_cusum
8196,0.14915,lsc_tail_cusum
8197,0.2774,lsc_kalman_cusum
8198,0.2774,lsc_kalman_cusum
8199,0.5535,lsc_tail_cusum
8200,0.481,lsc_composite
8201,1.0,lsc_composite
8202,0.10165,lsc_composite
8203,0.481,lsc_composite
8204,0.481,lsc_composite
8205,0.10165,lsc_composite
8206,0.481,lsc_composite
8207,0.481,lsc_composite
8208,0.1521,raw_cusum
8209,0.2774,lsc_kalman_cusum
8210,1.0,lsc_composite
8211,0.14915,lsc_tail_cusum
8212,0.1521,raw_cusum
8213,0.2774,lsc_kalman_cusum
8214,0.10165,lsc_composite
8215,1.0,lsc_composite
8216,0.481,lsc_composite
8217,0.481,lsc_composite
8218,0.1521,raw_cusum
8219,0.14915,lsc_tail_cusum
8220,0.10165,lsc_composite
8221,0.0183,raw_var_cusum
8222,0.2774,lsc_kalman_cusum
8223,0.1492,raw_var_cusum
8224,0.14915,lsc_tail_cusum
8225,0.1521,raw_cusum
8226,0.14915,lsc_tail_cusum
8227,0.1521,raw_cusum
8228,0.5535,lsc_tail_cusum
8229,0.2774,lsc_kalman_cusum
8230,0.2774,lsc_kalman_cusum
8231,0.5535,lsc_tail_cusum
8232,0.5619,raw_var_cusum
8233,0.14915,lsc_tail_cusum
8234,0.2774,lsc_kalman_cusum
8235,0.2774,lsc_kalman_cusum
8236,0.1521,raw_cusum
8237,0.0198,lsc_tail_cusum
8238,0.14915,lsc_tail_cusum
8239,0.481,lsc_composite
8240,0.5619,raw_var_cusum
8241,0.481,lsc_composite
8242,0.10165,lsc_composite
8243,0.0198,lsc_tail_cusum
8244,1.0,lsc_composite
8245,0.10165,lsc_composite
8246,0.481,lsc_composite
8247,0.02015,lsc_kalman_cusum
8248,0.481,lsc_composite
8249,0.481,lsc_composite
8250,0.1521,raw_cusum
8251,0.2774,lsc_kalman_cusum
8252,0.2774,lsc_kalman_cusum
8253,0.5535,lsc_tail_cusum
8254,0.14915,lsc_tail_cusum
8255,0.481,lsc_composite
8256,0.02015,lsc_kalman_cusum
8257,0.2774,lsc_kalman_cusum
8258,0.5535,lsc_tail_cusum
8259,0.10165,lsc_composite
8260,0.1521,raw_cusum
8261,0.14915,lsc_tail_cusum
8262,0.1492,raw_var_cusum
8263,0.1521,raw_cusum
8264,0.0183,raw_var_cusum
8265,0.481,lsc_composite
8266,0.1492,raw_var_cusum
8267,1.0,lsc_composite
8268,0.481,lsc_composite
8269,0.10165,lsc_composite
8270,0.5535,lsc_tail_cusum
8271,0.2774,lsc_kalman_cusum
8272,1.0,lsc_composite
8273,0.2774,lsc_kalman_cusum
8274,0.5619,raw_var_cusum
8275,1.0,lsc_composite
8276,0.2774,lsc_kalman_cusum
8277,0.1492,raw_var_cusum
8278,0.481,lsc_composite
8279,0.481,lsc_composite
8280,0.481,lsc_composite
8281,0.5535,lsc_tail_cusum
8282,0.00925,lsc_composite
8283,0.0198,lsc_tail_cusum
8284,0.481,lsc_composite
8285,0.481,lsc_composite
8286,1.0,lsc_composite
8287,0.5619,raw_var_cusum
8288,0.0183,raw_var_cusum
8289,0.1492,raw_var_cusum
8290,0.10165,lsc_composite
8291,0.2774,lsc_kalman_cusum
8292,0.5535,lsc_tail_cusum
8293,1.0,lsc_composite
8294,0.5619,raw_var_cusum
8295,0.10165,lsc_composite
8296,0.2774,lsc_kalman_cusum
8297,0.481,lsc_composite
8298,0.1492,raw_var_cusum
8299,0.481,lsc_composite
8300,1.0,lsc_composite
8301,0.1521,raw_cusum
8302,0.5619,raw_var_cusum
8303,0.0198,lsc_tail_cusum
8304,0.14915,lsc_tail_cusum
8305,0.1492,raw_var_cusum
8306,0.2774,lsc_kalman_cusum
8307,0.481,lsc_composite
8308,0.2774,lsc_kalman_cusum
8309,0.0183,raw_var_cusum
8310,1.0,lsc_composite
8311,0.1492,raw_var_cusum
8312,0.1492,raw_var_cusum
8313,0.10165,lsc_composite
8314,0.5535,lsc_tail_cusum
8315,0.481,lsc_composite
8316,0.1521,raw_cusum
8317,0.481,lsc_composite
8318,0.14915,lsc_tail_cusum
8319,0.5535,lsc_tail_cusum
8320,0.481,lsc_composite
8321,0.1521,raw_cusum
8322,0.0183,raw_var_cusum
8323,0.1492,raw_var_cusum
8324,0.14915,lsc_tail_cusum
8325,0.10165,lsc_composite
8326,0.14915,lsc_tail_cusum
8327,0.1492,raw_var_cusum
8328,0.1521,raw_cusum
8329,0.14915,lsc_tail_cusum
8330,0.5619,raw_var_cusum
8331,0.2774,lsc_kalman_cusum
8332,1.0,lsc_composite
8333,0.10165,lsc_composite
8334,1.0,lsc_composite
8335,0.2774,lsc_kalman_cusum
8336,0.1521,raw_cusum
8337,0.0183,raw_var_cusum
8338,0.2774,lsc_kalman_cusum
8339,0.2774,lsc_kalman_cusum
8340,0.14915,lsc_tail_cusum
8341,0.14915,lsc_tail_cusum
8342,0.1492,raw_var_cusum
8343,0.10165,lsc_composite
8344,0.5535,lsc_tail_cusum
8345,0.10165,lsc_composite
8346,0.481,lsc_composite
8347,0.14915,lsc_tail_cusum
8348,0.1492,raw_var_cusum
8349,0.1521,raw_cusum
8350,0.1521,raw_cusum
8351,0.1492,raw_var_cusum
8352,0.14915,lsc_tail_cusum
8353,0.10165,lsc_composite
8354,0.10165,lsc_composite
8355,0.5535,lsc_tail_cusum
8356,0.10165,lsc_composite
8357,0.5535,lsc_tail_cusum
8358,0.14915,lsc_tail_cusum
8359,0.10165,lsc_composite
8360,0.5535,lsc_tail_cusum
8361,0.481,lsc_composite
8362,0.2774,lsc_kalman_cusum
8363,0.1492,raw_var_cusum
8364,0.1492,raw_var_cusum
8365,0.10165,lsc_composite
8366,0.2774,lsc_kalman_cusum
8367,0.14915,lsc_tail_cusum
8368,0.2774,lsc_kalman_cusum
8369,0.5619,raw_var_cusum
8370,0.5535,lsc_tail_cusum
8371,0.1521,raw_cusum
8372,0.5535,lsc_tail_cusum
8373,0.481,lsc_composite
8374,0.1521,raw_cusum
8375,0.5535,lsc_tail_cusum
8376,0.1521,raw_cusum
8377,0.5619,raw_var_cusum
8378,0.1492,raw_var_cusum
8379,0.1492,raw_var_cusum
8380,0.481,lsc_composite
8381,0.14915,lsc_tail_cusum
8382,0.1492,raw_var_cusum
8383,1.0,lsc_composite
8384,0.10165,lsc_composite
8385,0.14915,lsc_tail_cusum
8386,0.14915,lsc_tail_cusum
8387,0.481,lsc_composite
8388,0.5535,lsc_tail_cusum
8389,0.1521,raw_cusum
8390,0.1492,raw_var_cusum
8391,0.0198,lsc_tail_cusum
8392,0.1492,raw_var_cusum
8393,0.14915,lsc_tail_cusum
8394,0.2774,lsc_kalman_cusum
8395,0.10165,lsc_composite
8396,0.481,lsc_composite
8397,1.0,lsc_composite
8398,0.5535,lsc_tail_cusum
8399,0.10165,lsc_composite
8400,0.5535,lsc_tail_cusum
8401,1.0,lsc_composite
8402,0.5535,lsc_tail_cusum
8403,0.1492,raw_var_cusum
8404,1.0,lsc_composite
8405,0.5535,lsc_tail_cusum
8406,1.0,lsc_composite
8407,0.481,lsc_composite
8408,0.0198,lsc_tail_cusum
8409,0.1492,raw_var_cusum
8410,0.5535,lsc_tail_cusum
8411,0.2774,lsc_kalman_cusum
8412,0.481,lsc_composite
8413,0.481,lsc_composite
8414,0.5535,lsc_tail_cusum
8415,1.0,lsc_composite
8416,0.0183,raw_var_cusum
8417,0.5619,raw_var_cusum
8418,0.10165,lsc_composite
8419,0.1521,raw_cusum
8420,0.02015,lsc_kalman_cusum
8421,0.2774,lsc_kalman_cusum
8422,0.14915,lsc_tail_cusum
8423,0.481,lsc_composite
8424,0.1521,raw_cusum
8425,0.5535,lsc_tail_cusum
8426,0.5535,lsc_tail_cusum
8427,0.2774,lsc_kalman_cusum
8428,0.481,lsc_composite
8429,0.10165,lsc_composite
8430,0.1492,raw_var_cusum
8431,0.1521,raw_cusum
8432,0.10165,lsc_composite
8433,1.0,lsc_composite
8434,0.14915,lsc_tail_cusum
8435,0.2774,lsc_kalman_cusum
8436,0.481,lsc_composite
8437,0.14915,lsc_tail_cusum
8438,0.0198,lsc_tail_cusum
8439,0.5619,raw_var_cusum
8440,0.5535,lsc_tail_cusum
8441,1.0,lsc_composite
8442,0.1492,raw_var_cusum
8443,0.481,lsc_composite
8444,0.5535,lsc_tail_cusum
8445,0.10165,lsc_composite
8446,0.10165,lsc_composite
8447,1.0,lsc_composite
8448,0.2774,lsc_kalman_cusum
8449,0.481,lsc_composite
8450,0.14915,lsc_tail_cusum
8451,0.2774,lsc_kalman_cusum
8452,0.14915,lsc_tail_cusum
8453,0.10165,lsc_composite
8454,0.5619,raw_var_cusum
8455,0.1492,raw_var_cusum
8456,0.481,lsc_composite
8457,0.5619,raw_var_cusum
8458,0.481,lsc_composite
8459,0.5535,lsc_tail_cusum
8460,0.481,lsc_composite
8461,0.2774,lsc_kalman_cusum
8462,0.1521,raw_cusum
8463,0.2774,lsc_kalman_cusum
8464,0.5619,raw_var_cusum
8465,0.481,lsc_composite
8466,0.1521,raw_cusum
8467,0.2774,lsc_kalman_cusum
8468,0.5535,lsc_tail_cusum
8469,0.5535,lsc_tail_cusum
8470,0.5619,raw_var_cusum
8471,0.02015,lsc_kalman_cusum
8472,0.481,lsc_composite
8473,0.1492,raw_var_cusum
8474,0.0198,lsc_tail_cusum
8475,0.5535,lsc_tail_cusum
8476,1.0,lsc_composite
8477,1.0,lsc_composite
8478,0.5535,lsc_tail_cusum
8479,0.2774,lsc_kalman_cusum
8480,0.14915,lsc_tail_cusum
8481,0.10165,lsc_composite
8482,0.14915,lsc_tail_cusum
8483,0.5535,lsc_tail_cusum
8484,0.0183,raw_var_cusum
8485,0.1521,raw_cusum
8486,0.5619,raw_var_cusum
8487,0.14915,lsc_tail_cusum
8488,0.10165,lsc_composite
8489,0.2774,lsc_kalman_cusum
8490,0.5535,lsc_tail_cusum
8491,1.0,lsc_composite
8492,1.0,lsc_composite
8493,0.2774,lsc_kalman_cusum
8494,0.2774,lsc_kalman_cusum
8495,0.481,lsc_composite
8496,0.10165,lsc_composite
8497,0.1492,raw_var_cusum
8498,0.1492,raw_var_cusum
8499,0.14915,lsc_tail_cusum
8500,0.14915,lsc_tail_cusum
8501,0.1492,raw_var_cusum
8502,1.0,lsc_composite
8503,0.2774,lsc_kalman_cusum
8504,0.481,lsc_composite
8505,0.5535,lsc_tail_cusum
8506,0.1521,raw_cusum
8507,0.5535,lsc_tail_cusum
8508,0.2774,lsc_kalman_cusum
8509,0.481,lsc_composite
8510,0.10165,lsc_composite
8511,0.5619,raw_var_cusum
8512,0.5619,raw_var_cusum
8513,0.14915,lsc_tail_cusum
8514,0.14915,lsc_tail_cusum
8515,0.10165,lsc_composite
8516,0.10165,lsc_composite
8517,0.5619,raw_var_cusum
8518,0.02015,lsc_kalman_cusum
8519,0.2774,lsc_kalman_cusum
8520,0.1521,raw_cusum
8521,0.5535,lsc_tail_cusum
8522,0.2774,lsc_kalman_cusum
8523,0.14915,lsc_tail_cusum
8524,0.481,lsc_composite
8525,0.1492,raw_var_cusum
8526,0.481,lsc_composite
8527,0.5535,lsc_tail_cusum
8528,0.10165,lsc_composite
8529,0.1492,raw_var_cusum
8530,0.5535,lsc_tail_cusum
8531,0.481,lsc_composite
8532,1.0,lsc_composite
8533,0.2774,lsc_kalman_cusum
8534,0.5535,lsc_tail_cusum
8535,0.5535,lsc_tail_cusum
8536,0.5619,raw_var_cusum
8537,0.5619,raw_var_cusum
8538,0.2774,lsc_kalman_cusum
8539,0.2774,lsc_kalman_cusum
8540,0.481,lsc_composite
8541,0.481,lsc_composite
8542,0.5535,lsc_tail_cusum
8543,0.1521,raw_cusum
8544,0.1521,raw_cusum
8545,0.02015,lsc_kalman_cusum
8546,0.10165,lsc_composite
8547,0.5535,lsc_tail_cusum
8548,0.2774,lsc_kalman_cusum
8549,0.1492,raw_var_cusum
8550,0.0183,raw_var_cusum
8551,0.2774,lsc_kalman_cusum
8552,0.10165,lsc_composite
8553,0.1492,raw_var_cusum
8554,0.481,lsc_composite
8555,0.2774,lsc_kalman_cusum
8556,0.10165,lsc_composite
8557,0.481,lsc_composite
8558,0.10165,lsc_composite
8559,1.0,lsc_composite
8560,0.2774,lsc_kalman_cusum
8561,0.5619,raw_var_cusum
8562,0.481,lsc_composite
8563,0.1521,raw_cusum
8564,0.481,lsc_composite
8565,0.5535,lsc_tail_cusum
8566,0.1521,raw_cusum
8567,1.0,lsc_composite
8568,0.1492,raw_var_cusum
8569,0.481,lsc_composite
8570,0.1492,raw_var_cusum
8571,0.5535,lsc_tail_cusum
8572,0.5535,lsc_tail_cusum
8573,0.10165,lsc_composite
8574,0.481,lsc_composite
8575,0.5619,raw_var_cusum
8576,0.5535,lsc_tail_cusum
8577,1.0,lsc_composite
8578,0.2774,lsc_kalman_cusum
8579,0.5535,lsc_tail_cusum
8580,0.0198,lsc_tail_cusum
8581,0.14915,lsc_tail_cusum
8582,0.1492,raw_var_cusum
8583,0.2774,lsc_kalman_cusum
8584,0.10165,lsc_composite
8585,0.1521,raw_cusum
8586,0.14915,lsc_tail_cusum
8587,0.481,lsc_composite
8588,0.1521,raw_cusum
8589,0.5535,lsc_tail_cusum
8590,0.481,lsc_composite
8591,0.1521,raw_cusum
8592,0.481,lsc_composite
8593,0.1521,raw_cusum
8594,0.1492,raw_var_cusum
8595,0.5619,raw_var_cusum
8596,0.14915,lsc_tail_cusum
8597,0.10165,lsc_composite
8598,0.481,lsc_composite
8599,0.5619,raw_var_cusum
8600,0.1492,raw_var_cusum
8601,0.5535,lsc_tail_cusum
8602,0.5535,lsc_tail_cusum
8603,0.2774,lsc_kalman_cusum
8604,0.1521,raw_cusum
8605,0.1492,raw_var_cusum
8606,0.14915,lsc_tail_cusum
8607,0.1521,raw_cusum
8608,0.14915,lsc_tail_cusum
8609,0.1521,raw_cusum
8610,0.0183,raw_var_cusum
8611,0.481,lsc_composite
8612,0.481,lsc_composite
8613,0.2774,lsc_kalman_cusum
8614,1.0,lsc_composite
8615,0.2774,lsc_kalman_cusum
8616,0.1492,raw_var_cusum
8617,0.481,lsc_composite
8618,0.481,lsc_composite
8619,0.481,lsc_composite
8620,0.10165,lsc_composite
8621,0.481,lsc_composite
8622,0.1492,raw_var_cusum
8623,0.1521,raw_cusum
8624,0.14915,lsc_tail_cusum
8625,0.1521,raw_cusum
8626,0.481,lsc_composite
8627,0.1521,raw_cusum
8628,0.1521,raw_cusum
8629,0.2774,lsc_kalman_cusum
8630,1.0,lsc_composite
8631,0.5535,lsc_tail_cusum
8632,0.1492,raw_var_cusum
8633,0.0198,lsc_tail_cusum
8634,0.10165,lsc_composite
8635,0.481,lsc_composite
8636,0.2774,lsc_kalman_cusum
8637,0.2774,lsc_kalman_cusum
8638,0.481,lsc_composite
8639,0.14915,lsc_tail_cusum
8640,0.14915,lsc_tail_cusum
8641,0.2774,lsc_kalman_cusum
8642,1.0,lsc_composite
8643,0.481,lsc_composite
8644,0.481,lsc_composite
8645,0.14915,lsc_tail_cusum
8646,0.5535,lsc_tail_cusum
8647,0.1521,raw_cusum
8648,0.2774,lsc_kalman_cusum
8649,0.2774,lsc_kalman_cusum
8650,0.0183,raw_var_cusum
8651,0.14915,lsc_tail_cusum
8652,0.481,lsc_composite
8653,0.1492,raw_var_cusum
8654,0.0198,lsc_tail_cusum
8655,0.14915,lsc_tail_cusum
8656,0.14915,lsc_tail_cusum
8657,0.1492,raw_var_cusum
8658,0.1521,raw_cusum
8659,0.481,lsc_composite
8660,0.2774,lsc_kalman_cusum
8661,0.1492,raw_var_cusum
8662,0.10165,lsc_composite
8663,0.10165,lsc_composite
8664,0.2774,lsc_kalman_cusum
8665,1.0,lsc_composite
8666,0.10165,lsc_composite
8667,0.5535,lsc_tail_cusum
8668,0.14915,lsc_tail_cusum
8669,0.2774,lsc_kalman_cusum
8670,1.0,lsc_composite
8671,0.481,lsc_composite
8672,0.5619,raw_var_cusum
8673,1.0,lsc_composite
8674,0.5535,lsc_tail_cusum
8675,0.0183,raw_var_cusum
8676,0.1492,raw_var_cusum
8677,0.1521,raw_cusum
8678,0.14915,lsc_tail_cusum
8679,0.5619,raw_var_cusum
8680,0.1492,raw_var_cusum
8681,0.5619,raw_var_cusum
8682,0.10165,lsc_composite
8683,0.5619,raw_var_cusum
8684,1.0,lsc_composite
8685,0.5619,raw_var_cusum
8686,0.2774,lsc_kalman_cusum
8687,0.5619,raw_var_cusum
8688,0.0183,raw_var_cusum
8689,0.481,lsc_composite
8690,0.5619,raw_var_cusum
8691,0.02015,lsc_kalman_cusum
8692,1.0,lsc_composite
8693,1.0,lsc_composite
8694,0.10165,lsc_composite
8695,1.0,lsc_composite
8696,0.2774,lsc_kalman_cusum
8697,0.481,lsc_composite
8698,0.1521,raw_cusum
8699,0.14915,lsc_tail_cusum
8700,0.1492,raw_var_cusum
8701,0.2774,lsc_kalman_cusum
8702,0.1492,raw_var_cusum
8703,0.14915,lsc_tail_cusum
8704,0.5535,lsc_tail_cusum
8705,0.5619,raw_var_cusum
8706,0.2774,lsc_kalman_cusum
8707,0.10165,lsc_composite
8708,0.5619,raw_var_cusum
8709,0.2774,lsc_kalman_cusum
8710,0.481,lsc_composite
8711,0.481,lsc_composite
8712,1.0,lsc_composite
8713,0.10165,lsc_composite
8714,0.5535,lsc_tail_cusum
8715,0.14915,lsc_tail_cusum
8716,0.481,lsc_composite
8717,0.1521,raw_cusum
8718,0.5619,raw_var_cusum
8719,0.5535,lsc_tail_cusum
8720,0.481,lsc_composite
8721,0.2774,lsc_kalman_cusum
8722,0.481,lsc_composite
8723,0.14915,lsc_tail_cusum
8724,0.1492,raw_var_cusum
8725,0.1492,raw_var_cusum
8726,0.5535,lsc_tail_cusum
8727,0.0183,raw_var_cusum
8728,0.481,lsc_composite
8729,0.5535,lsc_tail_cusum
8730,0.2774,lsc_kalman_cusum
8731,0.1521,raw_cusum
8732,0.14915,lsc_tail_cusum
8733,0.2774,lsc_kalman_cusum
8734,0.1492,raw_var_cusum
8735,0.481,lsc_composite
8736,1.0,lsc_composite
8737,0.10165,lsc_composite
8738,0.1521,raw_cusum
8739,0.2774,lsc_kalman_cusum
8740,1.0,lsc_composite
8741,0.02015,lsc_kalman_cusum
8742,0.2774,lsc_kalman_cusum
8743,0.1521,raw_cusum
8744,0.481,lsc_composite
8745,0.1492,raw_var_cusum
8746,0.0198,lsc_tail_cusum
8747,0.1492,raw_var_cusum
8748,0.481,lsc_composite
8749,0.481,lsc_composite
8750,0.14915,lsc_tail_cusum
8751,0.1521,raw_cusum
8752,0.1521,raw_cusum
8753,0.5619,raw_var_cusum
8754,0.10165,lsc_composite
8755,0.14915,lsc_tail_cusum
8756,0.481,lsc_composite
8757,0.02015,lsc_kalman_cusum
8758,0.2774,lsc_kalman_cusum
8759,0.2774,lsc_kalman_cusum
8760,1.0,lsc_composite
8761,0.2774,lsc_kalman_cusum
8762,0.14915,lsc_tail_cusum
8763,0.1521,raw_cusum
8764,0.5535,lsc_tail_cusum
8765,0.481,lsc_composite
8766,0.10165,lsc_composite
8767,0.10165,lsc_composite
8768,0.10165,lsc_composite
8769,0.481,lsc_composite
8770,0.02015,lsc_kalman_cusum
8771,0.1492,raw_var_cusum
8772,0.1521,raw_cusum
8773,0.0198,lsc_tail_cusum
8774,0.5535,lsc_tail_cusum
8775,0.10165,lsc_composite
8776,0.481,lsc_composite
8777,0.5535,lsc_tail_cusum
8778,1.0,lsc_composite
8779,0.10165,lsc_composite
8780,0.5535,lsc_tail_cusum
8781,0.0183,raw_var_cusum
8782,0.5535,lsc_tail_cusum
8783,0.14915,lsc_tail_cusum
8784,0.14915,lsc_tail_cusum
8785,0.14915,lsc_tail_cusum
8786,0.5535,lsc_tail_cusum
8787,0.5619,raw_var_cusum
8788,0.2774,lsc_kalman_cusum
8789,0.2774,lsc_kalman_cusum
8790,0.481,lsc_composite
8791,1.0,lsc_composite
8792,0.10165,lsc_composite
8793,0.2774,lsc_kalman_cusum
8794,0.481,lsc_composite
8795,0.1492,raw_var_cusum
8796,0.5535,lsc_tail_cusum
8797,0.2774,lsc_kalman_cusum
8798,0.1492,raw_var_cusum
8799,0.481,lsc_composite
8800,0.5535,lsc_tail_cusum
8801,0.481,lsc_composite
8802,0.1492,raw_var_cusum
8803,0.481,lsc_composite
8804,0.1492,raw_var_cusum
8805,0.14915,lsc_tail_cusum
8806,0.1492,raw_var_cusum
8807,0.2774,lsc_kalman_cusum
8808,0.1492,raw_var_cusum
8809,0.5535,lsc_tail_cusum
8810,0.10165,lsc_composite
8811,0.14915,lsc_tail_cusum
8812,0.1521,raw_cusum
8813,0.02015,lsc_kalman_cusum
8814,0.14915,lsc_tail_cusum
8815,0.10165,lsc_composite
8816,0.1521,raw_cusum
8817,0.481,lsc_composite
8818,0.14915,lsc_tail_cusum
8819,0.5619,raw_var_cusum
8820,0.1521,raw_cusum
8821,0.1521,raw_cusum
8822,0.481,lsc_composite
8823,0.14915,lsc_tail_cusum
8824,0.2774,lsc_kalman_cusum
8825,0.481,lsc_composite
8826,0.02015,lsc_kalman_cusum
8827,0.2774,lsc_kalman_cusum
8828,0.1492,raw_var_cusum
8829,0.5619,raw_var_cusum
8830,0.14915,lsc_tail_cusum
8831,0.5535,lsc_tail_cusum
8832,0.2774,lsc_kalman_cusum
8833,0.481,lsc_composite
8834,1.0,lsc_composite
8835,0.1492,raw_var_cusum
8836,1.0,lsc_composite
8837,0.2774,lsc_kalman_cusum
8838,0.14915,lsc_tail_cusum
8839,0.481,lsc_composite
8840,0.10165,lsc_composite
8841,0.1521,raw_cusum
8842,0.14915,lsc_tail_cusum
8843,0.2774,lsc_kalman_cusum
8844,0.1521,raw_cusum
8845,0.2774,lsc_kalman_cusum
8846,0.5535,lsc_tail_cusum
8847,0.481,lsc_composite
8848,0.1521,raw_cusum
8849,0.481,lsc_composite
8850,0.5619,raw_var_cusum
8851,0.5535,lsc_tail_cusum
8852,0.10165,lsc_composite
8853,0.5535,lsc_tail_cusum
8854,0.02015,lsc_kalman_cusum
8855,0.481,lsc_composite
8856,0.5619,raw_var_cusum
8857,0.1492,raw_var_cusum
8858,0.5535,lsc_tail_cusum
8859,0.14915,lsc_tail_cusum
8860,0.14915,lsc_tail_cusum
8861,0.481,lsc_composite
8862,0.1521,raw_cusum
8863,0.1521,raw_cusum
8864,1.0,lsc_composite
8865,0.5535,lsc_tail_cusum
8866,0.481,lsc_composite
8867,0.5535,lsc_tail_cusum
8868,0.10165,lsc_composite
8869,0.1492,raw_var_cusum
8870,0.1521,raw_cusum
8871,0.2774,lsc_kalman_cusum
8872,0.10165,lsc_composite
8873,0.5535,lsc_tail_cusum
8874,0.2774,lsc_kalman_cusum
8875,0.14915,lsc_tail_cusum
8876,0.10165,lsc_composite
8877,0.2774,lsc_kalman_cusum
8878,0.481,lsc_composite
8879,0.1521,raw_cusum
8880,0.5535,lsc_tail_cusum
8881,0.481,lsc_composite
8882,0.14915,lsc_tail_cusum
8883,0.2774,lsc_kalman_cusum
8884,0.02015,lsc_kalman_cusum
8885,0.14915,lsc_tail_cusum
8886,0.5535,lsc_tail_cusum
8887,0.10165,lsc_composite
8888,0.10165,lsc_composite
8889,0.5535,lsc_tail_cusum
8890,1.0,lsc_composite
8891,0.10165,lsc_composite
8892,0.5535,lsc_tail_cusum
8893,0.2774,lsc_kalman_cusum
8894,0.481,lsc_composite
8895,0.2774,lsc_kalman_cusum
8896,0.1492,raw_var_cusum
8897,0.1492,raw_var_cusum
8898,0.5619,raw_var_cusum
8899,0.5619,raw_var_cusum
8900,0.481,lsc_composite
8901,0.481,lsc_composite
8902,0.2774,lsc_kalman_cusum
8903,0.5535,lsc_tail_cusum
8904,0.2774,lsc_kalman_cusum
8905,0.481,lsc_composite
8906,0.481,lsc_composite
8907,0.2774,lsc_kalman_cusum
8908,0.481,lsc_composite
8909,0.481,lsc_composite
8910,0.5535,lsc_tail_cusum
8911,0.10165,lsc_composite
8912,0.481,lsc_composite
8913,0.10165,lsc_composite
8914,1.0,lsc_composite
8915,0.5535,lsc_tail_cusum
8916,0.2774,lsc_kalman_cusum
8917,0.14915,lsc_tail_cusum
8918,0.481,lsc_composite
8919,0.14915,lsc_tail_cusum
8920,0.1521,raw_cusum
8921,0.14915,lsc_tail_cusum
8922,1.0,lsc_composite
8923,0.481,lsc_composite
8924,0.10165,lsc_composite
8925,0.14915,lsc_tail_cusum
8926,0.481,lsc_composite
8927,0.2774,lsc_kalman_cusum
8928,0.2774,lsc_kalman_cusum
8929,1.0,lsc_composite
8930,0.5535,lsc_tail_cusum
8931,0.14915,lsc_tail_cusum
8932,0.2774,lsc_kalman_cusum
8933,0.481,lsc_composite
8934,0.5619,raw_var_cusum
8935,0.2774,lsc_kalman_cusum
8936,0.2774,lsc_kalman_cusum
8937,0.2774,lsc_kalman_cusum
8938,0.481,lsc_composite
8939,0.1492,raw_var_cusum
8940,0.481,lsc_composite
8941,0.2774,lsc_kalman_cusum
8942,0.481,lsc_composite
8943,0.5535,lsc_tail_cusum
8944,0.5619,raw_var_cusum
8945,0.1492,raw_var_cusum
8946,0.1492,raw_var_cusum
8947,0.481,lsc_composite
8948,0.1492,raw_var_cusum
8949,0.2774,lsc_kalman_cusum
8950,0.1492,raw_var_cusum
8951,0.1521,raw_cusum
8952,0.1521,raw_cusum
8953,0.2774,lsc_kalman_cusum
8954,0.481,lsc_composite
8955,0.14915,lsc_tail_cusum
8956,0.10165,lsc_composite
8957,0.10165,lsc_composite
8958,1.0,lsc_composite
8959,0.5535,lsc_tail_cusum
8960,0.481,lsc_composite
8961,0.5619,raw_var_cusum
8962,0.1492,raw_var_cusum
8963,0.2774,lsc_kalman_cusum
8964,0.1521,raw_cusum
8965,0.5619,raw_var_cusum
8966,0.481,lsc_composite
8967,0.14915,lsc_tail_cusum
8968,0.14915,lsc_tail_cusum
8969,0.14915,lsc_tail_cusum
8970,0.1492,raw_var_cusum
8971,1.0,lsc_composite
8972,0.14915,lsc_tail_cusum
8973,0.2774,lsc_kalman_cusum
8974,0.481,lsc_composite
8975,0.1521,raw_cusum
8976,0.1492,raw_var_cusum
8977,0.5535,lsc_tail_cusum
8978,0.481,lsc_composite
8979,0.481,lsc_composite
8980,0.14915,lsc_tail_cusum
8981,0.1521,raw_cusum
8982,0.2774,lsc_kalman_cusum
8983,0.1521,raw_cusum
8984,0.2774,lsc_kalman_cusum
8985,0.481,lsc_composite
8986,0.10165,lsc_composite
8987,0.2774,lsc_kalman_cusum
8988,0.5535,lsc_tail_cusum
8989,0.2774,lsc_kalman_cusum
8990,0.481,lsc_composite
8991,0.14915,lsc_tail_cusum
8992,0.14915,lsc_tail_cusum
8993,0.5535,lsc_tail_cusum
8994,0.1492,raw_var_cusum
8995,0.14915,lsc_tail_cusum
8996,0.1521,raw_cusum
8997,0.10165,lsc_composite
8998,0.10165,lsc_composite
8999,0.5535,lsc_tail_cusum
9000,0.5619,raw_var_cusum
9001,0.14915,lsc_tail_cusum
9002,1.0,lsc_composite
9003,0.10165,lsc_composite
9004,0.5535,lsc_tail_cusum
9005,0.2774,lsc_kalman_cusum
9006,0.481,lsc_composite
9007,0.5535,lsc_tail_cusum
9008,0.481,lsc_composite
9009,0.481,lsc_composite
9010,0.2774,lsc_kalman_cusum
9011,0.14915,lsc_tail_cusum
9012,0.481,lsc_composite
9013,0.5535,lsc_tail_cusum
9014,0.14915,lsc_tail_cusum
9015,0.10165,lsc_composite
9016,0.481,lsc_composite
9017,0.1521,raw_cusum
9018,0.2774,lsc_kalman_cusum
9019,0.481,lsc_composite
9020,0.14915,lsc_tail_cusum
9021,0.5535,lsc_tail_cusum
9022,0.1521,raw_cusum
9023,0.5535,lsc_tail_cusum
9024,0.2774,lsc_kalman_cusum
9025,0.14915,lsc_tail_cusum
9026,1.0,lsc_composite
9027,0.2774,lsc_kalman_cusum
9028,0.2774,lsc_kalman_cusum
9029,0.5619,raw_var_cusum
9030,0.0198,lsc_tail_cusum
9031,0.1492,raw_var_cusum
9032,0.1492,raw_var_cusum
9033,0.2774,lsc_kalman_cusum
9034,0.10165,lsc_composite
9035,0.5619,raw_var_cusum
9036,0.481,lsc_composite
9037,0.2774,lsc_kalman_cusum
9038,0.5535,lsc_tail_cusum
9039,0.5535,lsc_tail_cusum
9040,0.14915,lsc_tail_cusum
9041,0.5535,lsc_tail_cusum
9042,0.5535,lsc_tail_cusum
9043,0.0183,raw_var_cusum
9044,0.1492,raw_var_cusum
9045,0.14915,lsc_tail_cusum
9046,0.5619,raw_var_cusum
9047,0.10165,lsc_composite
9048,0.0183,raw_var_cusum
9049,0.0198,lsc_tail_cusum
9050,0.00925,lsc_composite
9051,1.0,lsc_composite
9052,0.10165,lsc_composite
9053,0.14915,lsc_tail_cusum
9054,0.5619,raw_var_cusum
9055,0.5619,raw_var_cusum
9056,0.2774,lsc_kalman_cusum
9057,1.0,lsc_composite
9058,0.1492,raw_var_cusum
9059,0.2774,lsc_kalman_cusum
9060,0.481,lsc_composite
9061,0.1521,raw_cusum
9062,0.02015,lsc_kalman_cusum
9063,0.481,lsc_composite
9064,0.14915,lsc_tail_cusum
9065,0.2774,lsc_kalman_cusum
9066,0.481,lsc_composite
9067,0.481,lsc_composite
9068,0.1492,raw_var_cusum
9069,0.10165,lsc_composite
9070,0.5619,raw_var_cusum
9071,0.10165,lsc_composite
9072,0.0198,lsc_tail_cusum
9073,0.14915,lsc_tail_cusum
9074,0.00925,lsc_composite
9075,0.5535,lsc_tail_cusum
9076,0.5535,lsc_tail_cusum
9077,0.481,lsc_composite
9078,0.0198,lsc_tail_cusum
9079,0.10165,lsc_composite
9080,0.5535,lsc_tail_cusum
9081,0.481,lsc_composite
9082,0.1521,raw_cusum
9083,0.1521,raw_cusum
9084,0.1521,raw_cusum
9085,0.1521,raw_cusum
9086,0.1492,raw_var_cusum
9087,0.14915,lsc_tail_cusum
9088,0.1492,raw_var_cusum
9089,0.10165,lsc_composite
9090,0.0183,raw_var_cusum
9091,0.10165,lsc_composite
9092,0.2774,lsc_kalman_cusum
9093,0.2774,lsc_kalman_cusum
9094,0.5619,raw_var_cusum
9095,0.14915,lsc_tail_cusum
9096,0.2774,lsc_kalman_cusum
9097,0.1521,raw_cusum
9098,1.0,lsc_composite
9099,0.10165,lsc_composite
9100,0.1492,raw_var_cusum
9101,0.1492,raw_var_cusum
9102,0.5619,raw_var_cusum
9103,0.2774,lsc_kalman_cusum
9104,0.481,lsc_composite
9105,0.5619,raw_var_cusum
9106,1.0,lsc_composite
9107,0.481,lsc_composite
9108,0.481,lsc_composite
9109,0.481,lsc_composite
9110,0.5535,lsc_tail_cusum
9111,0.5619,raw_var_cusum
9112,0.5619,raw_var_cusum
9113,0.481,lsc_composite
9114,0.481,lsc_composite
9115,0.1521,raw_cusum
9116,0.14915,lsc_tail_cusum
9117,0.481,lsc_composite
9118,0.5619,raw_var_cusum
9119,0.1492,raw_var_cusum
9120,0.5535,lsc_tail_cusum
9121,1.0,lsc_composite
9122,0.1521,raw_cusum
9123,0.481,lsc_composite
9124,0.2774,lsc_kalman_cusum
9125,0.2774,lsc_kalman_cusum
9126,0.1492,raw_var_cusum
9127,0.1521,raw_cusum
9128,0.2774,lsc_kalman_cusum
9129,0.10165,lsc_composite
9130,0.0198,lsc_tail_cusum
9131,0.5535,lsc_tail_cusum
9132,0.1521,raw_cusum
9133,0.2774,lsc_kalman_cusum
9134,0.1521,raw_cusum
9135,0.2774,lsc_kalman_cusum
9136,0.1492,raw_var_cusum
9137,0.10165,lsc_composite
9138,0.14915,lsc_tail_cusum
9139,1.0,lsc_composite
9140,0.0183,raw_var_cusum
9141,0.2774,lsc_kalman_cusum
9142,0.2774,lsc_kalman_cusum
9143,0.14915,lsc_tail_cusum
9144,0.5619,raw_var_cusum
9145,0.1492,raw_var_cusum
9146,0.481,lsc_composite
9147,0.14915,lsc_tail_cusum
9148,0.5535,lsc_tail_cusum
9149,0.14915,lsc_tail_cusum
9150,0.5535,lsc_tail_cusum
9151,0.2774,lsc_kalman_cusum
9152,0.5535,lsc_tail_cusum
9153,1.0,lsc_composite
9154,0.2774,lsc_kalman_cusum
9155,0.481,lsc_composite
9156,0.481,lsc_composite
9157,0.10165,lsc_composite
9158,0.2774,lsc_kalman_cusum
9159,0.5535,lsc_tail_cusum
9160,0.1521,raw_cusum
9161,0.2774,lsc_kalman_cusum
9162,0.0183,raw_var_cusum
9163,0.14915,lsc_tail_cusum
9164,0.5619,raw_var_cusum
9165,0.5619,raw_var_cusum
9166,0.481,lsc_composite
9167,0.1521,raw_cusum
9168,0.2774,lsc_kalman_cusum
9169,0.0198,lsc_tail_cusum
9170,0.1521,raw_cusum
9171,0.2774,lsc_kalman_cusum
9172,0.1492,raw_var_cusum
9173,0.2774,lsc_kalman_cusum
9174,0.0183,raw_var_cusum
9175,0.1521,raw_cusum
9176,0.14915,lsc_tail_cusum
9177,0.5535,lsc_tail_cusum
9178,0.5535,lsc_tail_cusum
9179,0.2774,lsc_kalman_cusum
9180,0.2774,lsc_kalman_cusum
9181,0.481,lsc_composite
9182,0.5535,lsc_tail_cusum
9183,0.14915,lsc_tail_cusum
9184,0.5619,raw_var_cusum
9185,0.1492,raw_var_cusum
9186,0.10165,lsc_composite
9187,0.00925,lsc_composite
9188,0.5535,lsc_tail_cusum
9189,1.0,lsc_composite
9190,0.1492,raw_var_cusum
9191,0.2774,lsc_kalman_cusum
9192,0.2774,lsc_kalman_cusum
9193,0.5535,lsc_tail_cusum
9194,0.481,lsc_composite
9195,0.1492,raw_var_cusum
9196,0.481,lsc_composite
9197,0.10165,lsc_composite
9198,0.1492,raw_var_cusum
9199,0.5619,raw_var_cusum
9200,0.1521,raw_cusum
9201,0.2774,lsc_kalman_cusum
9202,0.14915,lsc_tail_cusum
9203,0.5619,raw_var_cusum
9204,0.1492,raw_var_cusum
9205,0.481,lsc_composite
9206,0.10165,lsc_composite
9207,0.14915,lsc_tail_cusum
9208,0.2774,lsc_kalman_cusum
9209,0.0183,raw_var_cusum
9210,0.481,lsc_composite
9211,0.14915,lsc_tail_cusum
9212,0.14915,lsc_tail_cusum
9213,0.10165,lsc_composite
9214,0.10165,lsc_composite
9215,0.481,lsc_composite
9216,0.481,lsc_composite
9217,0.5619,raw_var_cusum
9218,1.0,lsc_composite
9219,0.14915,lsc_tail_cusum
9220,1.0,lsc_composite
9221,0.1521,raw_cusum
9222,0.481,lsc_composite
9223,0.481,lsc_composite
9224,0.10165,lsc_composite
9225,0.10165,lsc_composite
9226,0.2774,lsc_kalman_cusum
9227,0.5535,lsc_tail_cusum
9228,0.481,lsc_composite
9229,0.481,lsc_composite
9230,1.0,lsc_composite
9231,0.5619,raw_var_cusum
9232,0.10165,lsc_composite
9233,0.481,lsc_composite
9234,0.10165,lsc_composite
9235,0.0183,raw_var_cusum
9236,0.2774,lsc_kalman_cusum
9237,0.0198,lsc_tail_cusum
9238,0.481,lsc_composite
9239,0.0183,raw_var_cusum
9240,0.1492,raw_var_cusum
9241,0.14915,lsc_tail_cusum
9242,0.1521,raw_cusum
9243,0.5619,raw_var_cusum
9244,0.1492,raw_var_cusum
9245,0.2774,lsc_kalman_cusum
9246,0.2774,lsc_kalman_cusum
9247,0.481,lsc_composite
9248,0.481,lsc_composite
9249,0.1492,raw_var_cusum
9250,0.5535,lsc_tail_cusum
9251,0.481,lsc_composite
9252,0.14915,lsc_tail_cusum
9253,0.14915,lsc_tail_cusum
9254,0.5619,raw_var_cusum
9255,0.5619,raw_var_cusum
9256,0.2774,lsc_kalman_cusum
9257,0.10165,lsc_composite
9258,0.5535,lsc_tail_cusum
9259,0.481,lsc_composite
9260,0.481,lsc_composite
9261,0.14915,lsc_tail_cusum
9262,0.1521,raw_cusum
9263,0.1521,raw_cusum
9264,0.1492,raw_var_cusum
9265,0.5619,raw_var_cusum
9266,0.10165,lsc_composite
9267,0.5535,lsc_tail_cusum
9268,0.10165,lsc_composite
9269,0.1492,raw_var_cusum
9270,0.5535,lsc_tail_cusum
9271,0.5619,raw_var_cusum
9272,0.10165,lsc_composite
9273,0.0198,lsc_tail_cusum
9274,0.1521,raw_cusum
9275,0.10165,lsc_composite
9276,0.14915,lsc_tail_cusum
9277,0.5535,lsc_tail_cusum
9278,1.0,lsc_composite
9279,0.1492,raw_var_cusum
9280,0.481,lsc_composite
9281,0.2774,lsc_kalman_cusum
9282,0.2774,lsc_kalman_cusum
9283,1.0,lsc_composite
9284,0.2774,lsc_kalman_cusum
9285,0.5535,lsc_tail_cusum
9286,0.02015,lsc_kalman_cusum
9287,0.5535,lsc_tail_cusum
9288,0.1492,raw_var_cusum
9289,0.481,lsc_composite
9290,0.0198,lsc_tail_cusum
9291,0.481,lsc_composite
9292,0.5535,lsc_tail_cusum
9293,0.481,lsc_composite
9294,0.1492,raw_var_cusum
9295,0.481,lsc_composite
9296,0.2774,lsc_kalman_cusum
9297,0.2774,lsc_kalman_cusum
9298,0.10165,lsc_composite
9299,0.1492,raw_var_cusum
9300,0.481,lsc_composite
9301,0.1492,raw_var_cusum
9302,0.10165,lsc_composite
9303,0.481,lsc_composite
9304,0.10165,lsc_composite
9305,0.14915,lsc_tail_cusum
9306,0.1521,raw_cusum
9307,0.1521,raw_cusum
9308,0.2774,lsc_kalman_cusum
9309,0.481,lsc_composite
9310,1.0,lsc_composite
9311,0.2774,lsc_kalman_cusum
9312,0.10165,lsc_composite
9313,0.5619,raw_var_cusum
9314,0.481,lsc_composite
9315,0.1521,raw_cusum
9316,0.14915,lsc_tail_cusum
9317,0.481,lsc_composite
9318,0.481,lsc_composite
9319,1.0,lsc_composite
9320,0.481,lsc_composite
9321,0.481,lsc_composite
9322,0.1521,raw_cusum
9323,0.1492,raw_var_cusum
9324,0.5619,raw_var_cusum
9325,0.2774,lsc_kalman_cusum
9326,0.1492,raw_var_cusum
9327,0.2774,lsc_kalman_cusum
9328,0.02015,lsc_kalman_cusum
9329,1.0,lsc_composite
9330,0.2774,lsc_kalman_cusum
9331,0.10165,lsc_composite
9332,0.1492,raw_var_cusum
9333,0.10165,lsc_composite
9334,0.10165,lsc_composite
9335,0.481,lsc_composite
9336,0.481,lsc_composite
9337,0.2774,lsc_kalman_cusum
9338,0.1492,raw_var_cusum
9339,0.0183,raw_var_cusum
9340,0.2774,lsc_kalman_cusum
9341,0.14915,lsc_tail_cusum
9342,0.481,lsc_composite
9343,0.10165,lsc_composite
9344,0.14915,lsc_tail_cusum
9345,0.5619,raw_var_cusum
9346,0.1521,raw_cusum
9347,1.0,lsc_composite
9348,0.1521,raw_cusum
9349,0.0198,lsc_tail_cusum
9350,0.1521,raw_cusum
9351,0.481,lsc_composite
9352,0.14915,lsc_tail_cusum
9353,1.0,lsc_composite
9354,0.1492,raw_var_cusum
9355,0.02015,lsc_kalman_cusum
9356,0.1492,raw_var_cusum
9357,0.2774,lsc_kalman_cusum
9358,0.02015,lsc_kalman_cusum
9359,0.481,lsc_composite
9360,0.2774,lsc_kalman_cusum
9361,0.2774,lsc_kalman_cusum
9362,0.5535,lsc_tail_cusum
9363,0.481,lsc_composite
9364,0.481,lsc_composite
9365,0.1521,raw_cusum
9366,0.10165,lsc_composite
9367,0.5535,lsc_tail_cusum
9368,0.5535,lsc_tail_cusum
9369,1.0,lsc_composite
9370,0.1492,raw_var_cusum
9371,0.2774,lsc_kalman_cusum
9372,0.14915,lsc_tail_cusum
9373,0.2774,lsc_kalman_cusum
9374,0.5619,raw_var_cusum
9375,0.1492,raw_var_cusum
9376,0.1492,raw_var_cusum
9377,0.1492,raw_var_cusum
9378,0.2774,lsc_kalman_cusum
9379,0.481,lsc_composite
9380,0.02015,lsc_kalman_cusum
9381,0.5535,lsc_tail_cusum
9382,0.481,lsc_composite
9383,0.10165,lsc_composite
9384,0.5619,raw_var_cusum
9385,0.5619,raw_var_cusum
9386,0.1492,raw_var_cusum
9387,0.5535,lsc_tail_cusum
9388,0.1492,raw_var_cusum
9389,0.1521,raw_cusum
9390,0.10165,lsc_composite
9391,0.481,lsc_composite
9392,0.2774,lsc_kalman_cusum
9393,0.5535,lsc_tail_cusum
9394,0.481,lsc_composite
9395,0.2774,lsc_kalman_cusum
9396,0.1521,raw_cusum
9397,0.2774,lsc_kalman_cusum
9398,0.02015,lsc_kalman_cusum
9399,0.1521,raw_cusum
9400,0.1492,raw_var_cusum
9401,0.10165,lsc_composite
9402,0.5535,lsc_tail_cusum
9403,0.14915,lsc_tail_cusum
9404,0.2774,lsc_kalman_cusum
9405,0.0183,raw_var_cusum
9406,0.481,lsc_composite
9407,0.14915,lsc_tail_cusum
9408,0.481,lsc_composite
9409,0.481,lsc_composite
9410,0.10165,lsc_composite
9411,0.2774,lsc_kalman_cusum
9412,0.5535,lsc_tail_cusum
9413,0.14915,lsc_tail_cusum
9414,0.0183,raw_var_cusum
9415,0.14915,lsc_tail_cusum
9416,0.1492,raw_var_cusum
9417,0.481,lsc_composite
9418,0.1521,raw_cusum
9419,0.5535,lsc_tail_cusum
9420,0.481,lsc_composite
9421,0.2774,lsc_kalman_cusum
9422,0.481,lsc_composite
9423,0.481,lsc_composite
9424,0.02015,lsc_kalman_cusum
9425,0.481,lsc_composite
9426,0.14915,lsc_tail_cusum
9427,0.00925,lsc_composite
9428,0.481,lsc_composite
9429,0.2774,lsc_kalman_cusum
9430,0.1492,raw_var_cusum
9431,0.14915,lsc_tail_cusum
9432,0.10165,lsc_composite
9433,0.481,lsc_composite
9434,0.1492,raw_var_cusum
9435,0.14915,lsc_tail_cusum
9436,0.14915,lsc_tail_cusum
9437,0.0198,lsc_tail_cusum
9438,0.1521,raw_cusum
9439,0.1521,raw_cusum
9440,0.10165,lsc_composite
9441,1.0,lsc_composite
9442,1.0,lsc_composite
9443,0.14915,lsc_tail_cusum
9444,0.2774,lsc_kalman_cusum
9445,0.1492,raw_var_cusum
9446,0.5619,raw_var_cusum
9447,0.481,lsc_composite
9448,0.2774,lsc_kalman_cusum
9449,0.5535,lsc_tail_cusum
9450,0.481,lsc_composite
9451,0.1521,raw_cusum
9452,1.0,lsc_composite
9453,0.14915,lsc_tail_cusum
9454,0.5535,lsc_tail_cusum
9455,0.2774,lsc_kalman_cusum
9456,0.2774,lsc_kalman_cusum
9457,0.2774,lsc_kalman_cusum
9458,0.14915,lsc_tail_cusum
9459,0.2774,lsc_kalman_cusum
9460,0.14915,lsc_tail_cusum
9461,0.481,lsc_composite
9462,0.481,lsc_composite
9463,1.0,lsc_composite
9464,0.02015,lsc_kalman_cusum
9465,0.1492,raw_var_cusum
9466,0.1492,raw_var_cusum
9467,0.0198,lsc_tail_cusum
9468,0.1492,raw_var_cusum
9469,0.14915,lsc_tail_cusum
9470,0.481,lsc_composite
9471,0.5535,lsc_tail_cusum
9472,0.2774,lsc_kalman_cusum
9473,0.14915,lsc_tail_cusum
9474,0.14915,lsc_tail_cusum
9475,1.0,lsc_composite
9476,0.5535,lsc_tail_cusum
9477,0.2774,lsc_kalman_cusum
9478,0.1492,raw_var_cusum
9479,0.481,lsc_composite
9480,0.1521,raw_cusum
9481,0.0183,raw_var_cusum
9482,0.1521,raw_cusum
9483,0.481,lsc_composite
9484,0.10165,lsc_composite
9485,1.0,lsc_composite
9486,0.5535,lsc_tail_cusum
9487,0.481,lsc_composite
9488,0.5619,raw_var_cusum
9489,0.10165,lsc_composite
9490,0.14915,lsc_tail_cusum
9491,0.481,lsc_composite
9492,0.481,lsc_composite
9493,0.1521,raw_cusum
9494,0.481,lsc_composite
9495,0.2774,lsc_kalman_cusum
9496,0.14915,lsc_tail_cusum
9497,0.00925,lsc_composite
9498,0.14915,lsc_tail_cusum
9499,0.10165,lsc_composite
9500,0.2774,lsc_kalman_cusum
9501,0.1521,raw_cusum
9502,0.1492,raw_var_cusum
9503,0.2774,lsc_kalman_cusum
9504,0.5619,raw_var_cusum
9505,0.5535,lsc_tail_cusum
9506,0.2774,lsc_kalman_cusum
9507,0.14915,lsc_tail_cusum
9508,0.10165,lsc_composite
9509,1.0,lsc_composite
9510,0.481,lsc_composite
9511,0.2774,lsc_kalman_cusum
9512,0.10165,lsc_composite
9513,0.5535,lsc_tail_cusum
9514,0.2774,lsc_kalman_cusum
9515,0.10165,lsc_composite
9516,0.1492,raw_var_cusum
9517,1.0,lsc_composite
9518,5e-05,lsc_tail_cusum
9519,0.2774,lsc_kalman_cusum
9520,0.5619,raw_var_cusum
9521,0.1521,raw_cusum
9522,0.5535,lsc_tail_cusum
9523,0.481,lsc_composite
9524,0.2774,lsc_kalman_cusum
9525,0.2774,lsc_kalman_cusum
9526,1.0,lsc_composite
9527,0.5619,raw_var_cusum
9528,0.0183,raw_var_cusum
9529,1.0,lsc_composite
9530,0.1521,raw_cusum
9531,0.5535,lsc_tail_cusum
9532,0.2774,lsc_kalman_cusum
9533,0.1492,raw_var_cusum
9534,0.481,lsc_composite
9535,0.5535,lsc_tail_cusum
9536,0.2774,lsc_kalman_cusum
9537,0.481,lsc_composite
9538,0.14915,lsc_tail_cusum
9539,1.0,lsc_composite
9540,0.14915,lsc_tail_cusum
9541,0.14915,lsc_tail_cusum
9542,0.1521,raw_cusum
9543,0.0183,raw_var_cusum
9544,0.2774,lsc_kalman_cusum
9545,0.5535,lsc_tail_cusum
9546,0.5619,raw_var_cusum
9547,0.481,lsc_composite
9548,0.2774,lsc_kalman_cusum
9549,0.5535,lsc_tail_cusum
9550,0.1492,raw_var_cusum
9551,0.5535,lsc_tail_cusum
9552,0.1492,raw_var_cusum
9553,0.5535,lsc_tail_cusum
9554,0.2774,lsc_kalman_cusum
9555,0.1492,raw_var_cusum
9556,0.5535,lsc_tail_cusum
9557,0.1521,raw_cusum
9558,0.2774,lsc_kalman_cusum
9559,0.481,lsc_composite
9560,0.0012,raw_var_cusum
9561,0.2774,lsc_kalman_cusum
9562,0.1521,raw_cusum
9563,0.2774,lsc_kalman_cusum
9564,0.2774,lsc_kalman_cusum
9565,0.1492,raw_var_cusum
9566,1.0,lsc_composite
9567,0.5535,lsc_tail_cusum
9568,0.2774,lsc_kalman_cusum
9569,0.1492,raw_var_cusum
9570,0.1521,raw_cusum
9571,0.481,lsc_composite
9572,0.481,lsc_composite
9573,0.1492,raw_var_cusum
9574,0.10165,lsc_composite
9575,0.2774,lsc_kalman_cusum
9576,0.1521,raw_cusum
9577,0.2774,lsc_kalman_cusum
9578,0.2774,lsc_kalman_cusum
9579,0.02015,lsc_kalman_cusum
9580,0.1492,raw_var_cusum
9581,0.481,lsc_composite
9582,0.1521,raw_cusum
9583,0.481,lsc_composite
9584,0.5535,lsc_tail_cusum
9585,0.1492,raw_var_cusum
9586,0.481,lsc_composite
9587,0.5535,lsc_tail_cusum
9588,0.02015,lsc_kalman_cusum
9589,0.1492,raw_var_cusum
9590,0.2774,lsc_kalman_cusum
9591,0.5619,raw_var_cusum
9592,0.5535,lsc_tail_cusum
9593,0.481,lsc_composite
9594,0.481,lsc_composite
9595,0.481,lsc_composite
9596,0.1521,raw_cusum
9597,1.0,lsc_composite
9598,0.0198,lsc_tail_cusum
9599,0.14915,lsc_tail_cusum
9600,0.2774,lsc_kalman_cusum
9601,0.5619,raw_var_cusum
9602,1.0,lsc_composite
9603,0.10165,lsc_composite
9604,0.14915,lsc_tail_cusum
9605,0.1492,raw_var_cusum
9606,0.5619,raw_var_cusum
9607,0.1521,raw_cusum
9608,0.5619,raw_var_cusum
9609,0.10165,lsc_composite
9610,0.14915,lsc_tail_cusum
9611,0.481,lsc_composite
9612,0.481,lsc_composite
9613,0.2774,lsc_kalman_cusum
9614,0.481,lsc_composite
9615,0.481,lsc_composite
9616,0.2774,lsc_kalman_cusum
9617,0.1492,raw_var_cusum
9618,0.0183,raw_var_cusum
9619,0.5535,lsc_tail_cusum
9620,0.5535,lsc_tail_cusum
9621,0.14915,lsc_tail_cusum
9622,0.1521,raw_cusum
9623,0.10165,lsc_composite
9624,0.5535,lsc_tail_cusum
9625,1.0,lsc_composite
9626,0.2774,lsc_kalman_cusum
9627,0.10165,lsc_composite
9628,0.5535,lsc_tail_cusum
9629,0.5535,lsc_tail_cusum
9630,0.481,lsc_composite
9631,0.14915,lsc_tail_cusum
9632,0.10165,lsc_composite
9633,0.5535,lsc_tail_cusum
9634,0.14915,lsc_tail_cusum
9635,0.1521,raw_cusum
9636,0.00925,lsc_composite
9637,0.5619,raw_var_cusum
9638,0.1521,raw_cusum
9639,0.5535,lsc_tail_cusum
9640,0.2774,lsc_kalman_cusum
9641,0.2774,lsc_kalman_cusum
9642,0.10165,lsc_composite
9643,0.5535,lsc_tail_cusum
9644,0.2774,lsc_kalman_cusum
9645,0.1521,raw_cusum
9646,0.481,lsc_composite
9647,0.1521,raw_cusum
9648,0.1492,raw_var_cusum
9649,0.481,lsc_composite
9650,0.10165,lsc_composite
9651,1.0,lsc_composite
9652,0.1521,raw_cusum
9653,0.481,lsc_composite
9654,0.5535,lsc_tail_cusum
9655,0.481,lsc_composite
9656,0.14915,lsc_tail_cusum
9657,0.1492,raw_var_cusum
9658,0.1521,raw_cusum
9659,0.1521,raw_cusum
9660,0.1521,raw_cusum
9661,0.5619,raw_var_cusum
9662,0.5619,raw_var_cusum
9663,0.10165,lsc_composite
9664,0.1492,raw_var_cusum
9665,0.1492,raw_var_cusum
9666,0.1492,raw_var_cusum
9667,0.1492,raw_var_cusum
9668,0.5619,raw_var_cusum
9669,0.2774,lsc_kalman_cusum
9670,0.2774,lsc_kalman_cusum
9671,0.2774,lsc_kalman_cusum
9672,0.2774,lsc_kalman_cusum
9673,0.2774,lsc_kalman_cusum
9674,0.1492,raw_var_cusum
9675,0.1521,raw_cusum
9676,0.10165,lsc_composite
9677,1.0,lsc_composite
9678,0.02015,lsc_kalman_cusum
9679,0.10165,lsc_composite
9680,1.0,lsc_composite
9681,0.481,lsc_composite
9682,0.2774,lsc_kalman_cusum
9683,0.1521,raw_cusum
9684,0.10165,lsc_composite
9685,0.2774,lsc_kalman_cusum
9686,0.1521,raw_cusum
9687,1.0,lsc_composite
9688,0.14915,lsc_tail_cusum
9689,0.5619,raw_var_cusum
9690,0.14915,lsc_tail_cusum
9691,0.481,lsc_composite
9692,0.14915,lsc_tail_cusum
9693,0.10165,lsc_composite
9694,0.14915,lsc_tail_cusum
9695,0.481,lsc_composite
9696,0.10165,lsc_composite
9697,0.2774,lsc_kalman_cusum
9698,0.02015,lsc_kalman_cusum
9699,1.0,lsc_composite
9700,0.1492,raw_var_cusum
9701,0.5619,raw_var_cusum
9702,0.10165,lsc_composite
9703,0.1492,raw_var_cusum
9704,0.5535,lsc_tail_cusum
9705,0.5535,lsc_tail_cusum
9706,0.481,lsc_composite
9707,0.481,lsc_composite
9708,0.2774,lsc_kalman_cusum
9709,0.5535,lsc_tail_cusum
9710,0.1492,raw_var_cusum
9711,0.5535,lsc_tail_cusum
9712,0.14915,lsc_tail_cusum
9713,0.5535,lsc_tail_cusum
9714,1.0,lsc_composite
9715,0.481,lsc_composite
9716,0.2774,lsc_kalman_cusum
9717,0.14915,lsc_tail_cusum
9718,0.5619,raw_var_cusum
9719,0.2774,lsc_kalman_cusum
9720,0.5619,raw_var_cusum
9721,0.2774,lsc_kalman_cusum
9722,0.10165,lsc_composite
9723,0.2774,lsc_kalman_cusum
9724,0.14915,lsc_tail_cusum
9725,0.14915,lsc_tail_cusum
9726,0.5535,lsc_tail_cusum
9727,0.481,lsc_composite
9728,1.0,lsc_composite
9729,0.14915,lsc_tail_cusum
9730,0.14915,lsc_tail_cusum
9731,0.5619,raw_var_cusum
9732,0.1521,raw_cusum
9733,0.1492,raw_var_cusum
9734,0.481,lsc_composite
9735,1.0,lsc_composite
9736,0.481,lsc_composite
9737,0.10165,lsc_composite
9738,0.5535,lsc_tail_cusum
9739,0.10165,lsc_composite
9740,0.1521,raw_cusum
9741,0.481,lsc_composite
9742,0.02015,lsc_kalman_cusum
9743,0.481,lsc_composite
9744,0.14915,lsc_tail_cusum
9745,0.1492,raw_var_cusum
9746,0.10165,lsc_composite
9747,0.5619,raw_var_cusum
9748,0.1521,raw_cusum
9749,0.14915,lsc_tail_cusum
9750,0.481,lsc_composite
9751,0.2774,lsc_kalman_cusum
9752,0.2774,lsc_kalman_cusum
9753,0.1492,raw_var_cusum
9754,0.2774,lsc_kalman_cusum
9755,0.14915,lsc_tail_cusum
9756,0.5619,raw_var_cusum
9757,0.10165,lsc_composite
9758,0.481,lsc_composite
9759,0.1492,raw_var_cusum
9760,0.2774,lsc_kalman_cusum
9761,0.10165,lsc_composite
9762,0.2774,lsc_kalman_cusum
9763,0.481,lsc_composite
9764,0.481,lsc_composite
9765,0.1492,raw_var_cusum
9766,0.5619,raw_var_cusum
9767,0.10165,lsc_composite
9768,0.14915,lsc_tail_cusum
9769,0.481,lsc_composite
9770,0.481,lsc_composite
9771,0.2774,lsc_kalman_cusum
9772,0.2774,lsc_kalman_cusum
9773,0.10165,lsc_composite
9774,0.0183,raw_var_cusum
9775,0.1492,raw_var_cusum
9776,0.481,lsc_composite
9777,0.0198,lsc_tail_cusum
9778,0.481,lsc_composite
9779,0.5535,lsc_tail_cusum
9780,0.2774,lsc_kalman_cusum
9781,0.1521,raw_cusum
9782,0.10165,lsc_composite
9783,0.14915,lsc_tail_cusum
9784,0.02015,lsc_kalman_cusum
9785,0.2774,lsc_kalman_cusum
9786,0.10165,lsc_composite
9787,0.14915,lsc_tail_cusum
9788,0.10165,lsc_composite
9789,0.481,lsc_composite
9790,0.481,lsc_composite
9791,0.10165,lsc_composite
9792,0.5619,raw_var_cusum
9793,0.5619,raw_var_cusum
9794,1.0,lsc_composite
9795,1.0,lsc_composite
9796,0.10165,lsc_composite
9797,0.481,lsc_composite
9798,0.481,lsc_composite
9799,0.10165,lsc_composite
9800,0.481,lsc_composite
9801,0.10165,lsc_composite
9802,1.0,lsc_composite
9803,0.14915,lsc_tail_cusum
9804,0.5619,raw_var_cusum
9805,0.2774,lsc_kalman_cusum
9806,0.2774,lsc_kalman_cusum
9807,0.481,lsc_composite
9808,0.1492,raw_var_cusum
9809,0.2774,lsc_kalman_cusum
9810,0.1492,raw_var_cusum
9811,0.10165,lsc_composite
9812,0.1492,raw_var_cusum
9813,0.2774,lsc_kalman_cusum
9814,0.2774,lsc_kalman_cusum
9815,0.10165,lsc_composite
9816,0.1492,raw_var_cusum
9817,0.5619,raw_var_cusum
9818,0.2774,lsc_kalman_cusum
9819,0.1521,raw_cusum
9820,0.5619,raw_var_cusum
9821,0.5535,lsc_tail_cusum
9822,0.5619,raw_var_cusum
9823,0.02015,lsc_kalman_cusum
9824,0.5535,lsc_tail_cusum
9825,0.2774,lsc_kalman_cusum
9826,0.5535,lsc_tail_cusum
9827,0.1521,raw_cusum
9828,0.5619,raw_var_cusum
9829,0.1521,raw_cusum
9830,0.2774,lsc_kalman_cusum
9831,0.10165,lsc_composite
9832,0.1521,raw_cusum
9833,0.5535,lsc_tail_cusum
9834,0.1492,raw_var_cusum
9835,0.14915,lsc_tail_cusum
9836,1.0,lsc_composite
9837,0.5535,lsc_tail_cusum
9838,0.1492,raw_var_cusum
9839,0.10165,lsc_composite
9840,0.02015,lsc_kalman_cusum
9841,0.481,lsc_composite
9842,0.1492,raw_var_cusum
9843,1.0,lsc_composite
9844,1.0,lsc_composite
9845,0.2774,lsc_kalman_cusum
9846,0.2774,lsc_kalman_cusum
9847,0.14915,lsc_tail_cusum
9848,0.5535,lsc_tail_cusum
9849,1.0,lsc_composite
9850,0.1521,raw_cusum
9851,0.00925,lsc_composite
9852,0.0183,raw_var_cusum
9853,0.1521,raw_cusum
9854,0.10165,lsc_composite
9855,0.1492,raw_var_cusum
9856,0.481,lsc_composite
9857,0.02015,lsc_kalman_cusum
9858,0.481,lsc_composite
9859,0.481,lsc_composite
9860,0.5619,raw_var_cusum
9861,0.5535,lsc_tail_cusum
9862,0.14915,lsc_tail_cusum
9863,0.1521,raw_cusum
9864,0.2774,lsc_kalman_cusum
9865,0.14915,lsc_tail_cusum
9866,0.5535,lsc_tail_cusum
9867,0.5535,lsc_tail_cusum
9868,0.5619,raw_var_cusum
9869,0.10165,lsc_composite
9870,0.14915,lsc_tail_cusum
9871,0.1492,raw_var_cusum
9872,0.02015,lsc_kalman_cusum
9873,0.14915,lsc_tail_cusum
9874,0.481,lsc_composite
9875,1.0,lsc_composite
9876,0.1492,raw_var_cusum
9877,0.14915,lsc_tail_cusum
9878,1.0,lsc_composite
9879,0.14915,lsc_tail_cusum
9880,0.1492,raw_var_cusum
9881,0.5535,lsc_tail_cusum
9882,0.5619,raw_var_cusum
9883,0.14915,lsc_tail_cusum
9884,0.1492,raw_var_cusum
9885,0.10165,lsc_composite
9886,0.5535,lsc_tail_cusum
9887,0.10165,lsc_composite
9888,0.1521,raw_cusum
9889,0.2774,lsc_kalman_cusum
9890,0.14915,lsc_tail_cusum
9891,0.1492,raw_var_cusum
9892,0.10165,lsc_composite
9893,0.14915,lsc_tail_cusum
9894,0.1521,raw_cusum
9895,0.14915,lsc_tail_cusum
9896,0.0183,raw_var_cusum
9897,0.2774,lsc_kalman_cusum
9898,0.14915,lsc_tail_cusum
9899,0.481,lsc_composite
9900,0.481,lsc_composite
9901,0.2774,lsc_kalman_cusum
9902,0.5535,lsc_tail_cusum
9903,0.1492,raw_var_cusum
9904,0.5619,raw_var_cusum
9905,0.481,lsc_composite
9906,1.0,lsc_composite
9907,0.5535,lsc_tail_cusum
9908,0.5619,raw_var_cusum
9909,1.0,lsc_composite
9910,0.1492,raw_var_cusum
9911,0.1521,raw_cusum
9912,0.1521,raw_cusum
9913,0.1492,raw_var_cusum
9914,0.0183,raw_var_cusum
9915,0.02015,lsc_kalman_cusum
9916,0.2774,lsc_kalman_cusum
9917,0.1492,raw_var_cusum
9918,0.5535,lsc_tail_cusum
9919,0.1492,raw_var_cusum
9920,0.14915,lsc_tail_cusum
9921,0.5535,lsc_tail_cusum
9922,0.1521,raw_cusum
9923,0.10165,lsc_composite
9924,0.5535,lsc_tail_cusum
9925,0.481,lsc_composite
9926,0.5535,lsc_tail_cusum
9927,0.5535,lsc_tail_cusum
9928,0.5619,raw_var_cusum
9929,0.1521,raw_cusum
9930,0.10165,lsc_composite
9931,1.0,lsc_composite
9932,0.10165,lsc_composite
9933,0.481,lsc_composite
9934,0.2774,lsc_kalman_cusum
9935,0.1521,raw_cusum
9936,0.5535,lsc_tail_cusum
9937,0.5535,lsc_tail_cusum
9938,0.14915,lsc_tail_cusum
9939,0.1492,raw_var_cusum
9940,0.481,lsc_composite
9941,0.1521,raw_cusum
9942,0.2774,lsc_kalman_cusum
9943,0.1492,raw_var_cusum
9944,0.481,lsc_composite
9945,0.14915,lsc_tail_cusum
9946,0.1521,raw_cusum
9947,0.10165,lsc_composite
9948,0.2774,lsc_kalman_cusum
9949,0.1521,raw_cusum
9950,0.1492,raw_var_cusum
9951,0.5619,raw_var_cusum
9952,0.481,lsc_composite
9953,0.5619,raw_var_cusum
9954,0.1492,raw_var_cusum
9955,0.2774,lsc_kalman_cusum
9956,0.2774,lsc_kalman_cusum
9957,0.2774,lsc_kalman_cusum
9958,0.1521,raw_cusum
9959,1.0,lsc_composite
9960,0.2774,lsc_kalman_cusum
9961,0.2774,lsc_kalman_cusum
9962,0.14915,lsc_tail_cusum
9963,0.5619,raw_var_cusum
9964,0.481,lsc_composite
9965,0.5535,lsc_tail_cusum
9966,0.2774,lsc_kalman_cusum
9967,0.14915,lsc_tail_cusum
9968,0.14915,lsc_tail_cusum
9969,0.1492,raw_var_cusum
9970,0.481,lsc_composite
9971,0.2774,lsc_kalman_cusum
9972,0.14915,lsc_tail_cusum
9973,0.14915,lsc_tail_cusum
9974,0.1492,raw_var_cusum
9975,0.10165,lsc_composite
9976,0.14915,lsc_tail_cusum
9977,0.2774,lsc_kalman_cusum
9978,0.14915,lsc_tail_cusum
9979,0.5619,raw_var_cusum
9980,0.2774,lsc_kalman_cusum
9981,0.14915,lsc_tail_cusum
9982,0.5535,lsc_tail_cusum
9983,0.481,lsc_composite
9984,1.0,lsc_composite
9985,0.1521,raw_cusum
9986,0.5535,lsc_tail_cusum
9987,0.1492,raw_var_cusum
9988,0.1492,raw_var_cusum
9989,0.10165,lsc_composite
9990,0.2774,lsc_kalman_cusum
9991,0.1521,raw_cusum
9992,0.481,lsc_composite
9993,0.481,lsc_composite
9994,0.2774,lsc_kalman_cusum
9995,0.481,lsc_composite
9996,0.481,lsc_composite
9997,0.481,lsc_composite
9998,0.00925,lsc_composite
9999,0.14915,lsc_tail_cusum
10000,0.481,lsc_composite
10001,0.5535,lsc_tail_cusum
10002,0.1521,raw_cusum
10003,0.14915,lsc_tail_cusum
10004,1.0,lsc_composite
10005,0.14915,lsc_tail_cusum
10006,0.2774,lsc_kalman_cusum
10007,0.5535,lsc_tail_cusum
10008,0.481,lsc_composite
10009,0.1521,raw_cusum
10010,0.481,lsc_composite
10011,0.5619,raw_var_cusum
10012,0.481,lsc_composite
10013,0.1492,raw_var_cusum
10014,0.2774,lsc_kalman_cusum
10015,0.5619,raw_var_cusum
10016,0.0012,raw_var_cusum
10017,0.1492,raw_var_cusum
10018,0.1492,raw_var_cusum
10019,0.5535,lsc_tail_cusum
10020,0.14915,lsc_tail_cusum
10021,0.1521,raw_cusum
10022,0.481,lsc_composite
10023,1.0,lsc_composite
10024,0.481,lsc_composite
10025,0.02015,lsc_kalman_cusum
10026,0.1521,raw_cusum
10027,0.10165,lsc_composite
10028,0.481,lsc_composite
10029,0.5619,raw_var_cusum
10030,0.2774,lsc_kalman_cusum
10031,0.5535,lsc_tail_cusum
10032,0.14915,lsc_tail_cusum
10033,0.02015,lsc_kalman_cusum
10034,0.1492,raw_var_cusum
10035,0.5535,lsc_tail_cusum
10036,0.1521,raw_cusum
10037,0.10165,lsc_composite
10038,0.481,lsc_composite
10039,1.0,lsc_composite
10040,0.10165,lsc_composite
10041,0.10165,lsc_composite
10042,0.5535,lsc_tail_cusum
10043,0.1521,raw_cusum
10044,0.481,lsc_composite
10045,0.481,lsc_composite
10046,0.5619,raw_var_cusum
10047,1.0,lsc_composite
10048,0.14915,lsc_tail_cusum
10049,0.5535,lsc_tail_cusum
10050,0.1521,raw_cusum
10051,0.481,lsc_composite
10052,0.14915,lsc_tail_cusum
10053,0.1521,raw_cusum
10054,0.481,lsc_composite
10055,0.1492,raw_var_cusum
10056,0.14915,lsc_tail_cusum
10057,0.2774,lsc_kalman_cusum
10058,0.10165,lsc_composite
10059,0.2774,lsc_kalman_cusum
10060,0.481,lsc_composite
10061,1.0,lsc_composite
10062,0.10165,lsc_composite
10063,0.10165,lsc_composite
10064,0.2774,lsc_kalman_cusum
10065,0.2774,lsc_kalman_cusum
10066,0.481,lsc_composite
10067,0.0198,lsc_tail_cusum
10068,0.2774,lsc_kalman_cusum
10069,0.1521,raw_cusum
10070,0.2774,lsc_kalman_cusum
10071,0.10165,lsc_composite
10072,0.5535,lsc_tail_cusum
10073,0.1492,raw_var_cusum
10074,0.481,lsc_composite
10075,0.14915,lsc_tail_cusum
10076,0.481,lsc_composite
10077,0.481,lsc_composite
10078,0.14915,lsc_tail_cusum
10079,1.0,lsc_composite
10080,0.14915,lsc_tail_cusum
10081,0.5619,raw_var_cusum
10082,0.1521,raw_cusum
10083,0.481,lsc_composite
10084,0.5535,lsc_tail_cusum
10085,0.14915,lsc_tail_cusum
10086,0.2774,lsc_kalman_cusum
10087,0.481,lsc_composite
10088,0.2774,lsc_kalman_cusum
10089,0.2774,lsc_kalman_cusum
10090,0.5619,raw_var_cusum
10091,0.10165,lsc_composite
10092,0.10165,lsc_composite
10093,0.10165,lsc_composite
10094,0.1492,raw_var_cusum
10095,0.5619,raw_var_cusum
10096,0.5619,raw_var_cusum
10097,0.481,lsc_composite
10098,0.5619,raw_var_cusum
10099,1.0,lsc_composite
10100,0.5535,lsc_tail_cusum
10101,0.481,lsc_composite
10102,0.1521,raw_cusum
10103,0.1521,raw_cusum
10104,0.5535,lsc_tail_cusum
10105,0.14915,lsc_tail_cusum
10106,1.0,lsc_composite
10107,0.1521,raw_cusum
10108,0.2774,lsc_kalman_cusum
10109,0.1521,raw_cusum
10110,0.1521,raw_cusum
10111,0.5535,lsc_tail_cusum
10112,0.481,lsc_composite
10113,0.481,lsc_composite
10114,0.1521,raw_cusum
10115,0.14915,lsc_tail_cusum
10116,0.5535,lsc_tail_cusum
10117,0.5535,lsc_tail_cusum
10118,0.481,lsc_composite
10119,0.1492,raw_var_cusum
10120,1.0,lsc_composite
10121,0.1492,raw_var_cusum
10122,0.5535,lsc_tail_cusum
10123,0.2774,lsc_kalman_cusum
10124,0.1521,raw_cusum
10125,0.1492,raw_var_cusum
10126,0.1521,raw_cusum
10127,0.1492,raw_var_cusum
10128,0.10165,lsc_composite
10129,0.481,lsc_composite
10130,0.1521,raw_cusum
10131,0.481,lsc_composite
10132,0.481,lsc_composite
10133,0.481,lsc_composite
10134,0.02015,lsc_kalman_cusum
10135,0.481,lsc_composite
10136,0.1492,raw_var_cusum
10137,0.1521,raw_cusum
10138,0.2774,lsc_kalman_cusum
10139,0.02015,lsc_kalman_cusum
10140,0.5535,lsc_tail_cusum
10141,0.2774,lsc_kalman_cusum
10142,0.10165,lsc_composite
10143,0.1521,raw_cusum
10144,0.1492,raw_var_cusum
10145,0.02015,lsc_kalman_cusum
10146,0.10165,lsc_composite
10147,0.2774,lsc_kalman_cusum
10148,0.2774,lsc_kalman_cusum
10149,0.10165,lsc_composite
10150,0.5619,raw_var_cusum
10151,0.481,lsc_composite
10152,0.5535,lsc_tail_cusum
10153,0.481,lsc_composite
10154,0.14915,lsc_tail_cusum
10155,0.1521,raw_cusum
10156,0.00925,lsc_composite
10157,0.10165,lsc_composite
10158,0.481,lsc_composite
10159,0.2774,lsc_kalman_cusum
10160,1.0,lsc_composite
10161,0.1521,raw_cusum
10162,0.10165,lsc_composite
10163,0.5619,raw_var_cusum
10164,0.14915,lsc_tail_cusum
10165,0.481,lsc_composite
10166,0.2774,lsc_kalman_cusum
10167,0.02015,lsc_kalman_cusum
10168,1.0,lsc_composite
10169,0.10165,lsc_composite
10170,0.10165,lsc_composite
10171,0.2774,lsc_kalman_cusum
10172,0.0198,lsc_tail_cusum
10173,0.10165,lsc_composite
10174,0.14915,lsc_tail_cusum
10175,0.5535,lsc_tail_cusum
10176,0.1521,raw_cusum
10177,0.5535,lsc_tail_cusum
10178,0.481,lsc_composite
10179,0.0198,lsc_tail_cusum
10180,0.5619,raw_var_cusum
10181,0.10165,lsc_composite
10182,0.481,lsc_composite
10183,0.1492,raw_var_cusum
10184,0.10165,lsc_composite
10185,0.14915,lsc_tail_cusum
10186,0.1492,raw_var_cusum
10187,1.0,lsc_composite
10188,0.481,lsc_composite
10189,0.481,lsc_composite
10190,0.481,lsc_composite
10191,0.1492,raw_var_cusum
10192,0.2774,lsc_kalman_cusum
10193,0.5535,lsc_tail_cusum
10194,0.1521,raw_cusum
10195,0.481,lsc_composite
10196,0.1492,raw_var_cusum
10197,1.0,lsc_composite
10198,0.2774,lsc_kalman_cusum
10199,1.0,lsc_composite
10200,0.02015,lsc_kalman_cusum
10201,0.5535,lsc_tail_cusum
10202,0.14915,lsc_tail_cusum
10203,0.10165,lsc_composite
10204,1.0,lsc_composite
10205,0.2774,lsc_kalman_cusum
10206,0.14915,lsc_tail_cusum
10207,0.14915,lsc_tail_cusum
10208,0.2774,lsc_kalman_cusum
10209,0.1492,raw_var_cusum
10210,0.481,lsc_composite
10211,0.14915,lsc_tail_cusum
10212,0.481,lsc_composite
10213,0.02015,lsc_kalman_cusum
10214,0.481,lsc_composite
10215,0.10165,lsc_composite
10216,0.14915,lsc_tail_cusum
10217,0.1492,raw_var_cusum
10218,0.5535,lsc_tail_cusum
10219,1.0,lsc_composite
10220,0.14915,lsc_tail_cusum
10221,0.2774,lsc_kalman_cusum
10222,0.1492,raw_var_cusum
10223,0.1521,raw_cusum
10224,0.481,lsc_composite
10225,0.10165,lsc_composite
10226,0.14915,lsc_tail_cusum
10227,0.2774,lsc_kalman_cusum
10228,0.1521,raw_cusum
10229,0.14915,lsc_tail_cusum
10230,0.2774,lsc_kalman_cusum
10231,0.10165,lsc_composite
10232,0.5535,lsc_tail_cusum
10233,0.481,lsc_composite
10234,0.1521,raw_cusum
10235,0.14915,lsc_tail_cusum
10236,0.2774,lsc_kalman_cusum
10237,0.2774,lsc_kalman_cusum
10238,0.481,lsc_composite
10239,0.1492,raw_var_cusum
10240,0.5619,raw_var_cusum
10241,0.481,lsc_composite
10242,0.0183,raw_var_cusum
10243,0.1521,raw_cusum
10244,0.5535,lsc_tail_cusum
10245,0.5535,lsc_tail_cusum
10246,0.1492,raw_var_cusum
10247,0.1492,raw_var_cusum
10248,1.0,lsc_composite
10249,0.481,lsc_composite
10250,0.0198,lsc_tail_cusum
10251,0.2774,lsc_kalman_cusum
10252,0.2774,lsc_kalman_cusum
10253,0.2774,lsc_kalman_cusum
10254,0.1492,raw_var_cusum
10255,0.14915,lsc_tail_cusum
10256,0.481,lsc_composite
10257,0.5535,lsc_tail_cusum
10258,0.1492,raw_var_cusum
10259,0.481,lsc_composite
10260,0.1492,raw_var_cusum
10261,0.1521,raw_cusum
10262,0.0198,lsc_tail_cusum
10263,0.10165,lsc_composite
10264,0.2774,lsc_kalman_cusum
10265,0.5619,raw_var_cusum
10266,0.2774,lsc_kalman_cusum
10267,0.5619,raw_var_cusum
10268,0.1521,raw_cusum
10269,0.02015,lsc_kalman_cusum
10270,0.481,lsc_composite
10271,0.14915,lsc_tail_cusum
10272,0.10165,lsc_composite
10273,0.481,lsc_composite
10274,0.10165,lsc_composite
10275,0.02015,lsc_kalman_cusum
10276,0.481,lsc_composite
10277,0.10165,lsc_composite
10278,0.5535,lsc_tail_cusum
10279,0.1521,raw_cusum
10280,0.5619,raw_var_cusum
10281,0.5535,lsc_tail_cusum
10282,0.1521,raw_cusum
10283,0.0183,raw_var_cusum
10284,0.5535,lsc_tail_cusum
10285,0.10165,lsc_composite
10286,0.5535,lsc_tail_cusum
10287,0.02015,lsc_kalman_cusum
10288,0.0198,lsc_tail_cusum
10289,1.0,lsc_composite
10290,0.2774,lsc_kalman_cusum
10291,0.481,lsc_composite
10292,0.5619,raw_var_cusum
10293,0.5619,raw_var_cusum
10294,0.1521,raw_cusum
10295,0.10165,lsc_composite
10296,0.1521,raw_cusum
10297,0.1492,raw_var_cusum
10298,0.2774,lsc_kalman_cusum
10299,0.481,lsc_composite
10300,0.1521,raw_cusum
10301,0.2774,lsc_kalman_cusum
10302,0.481,lsc_composite
10303,0.1521,raw_cusum
10304,0.481,lsc_composite
10305,0.1521,raw_cusum
10306,0.1521,raw_cusum
10307,0.5619,raw_var_cusum
10308,0.1492,raw_var_cusum
10309,0.10165,lsc_composite
10310,0.14915,lsc_tail_cusum
10311,1.0,lsc_composite
10312,0.2774,lsc_kalman_cusum
10313,0.5535,lsc_tail_cusum
10314,1.0,lsc_composite
10315,0.2774,lsc_kalman_cusum
10316,0.14915,lsc_tail_cusum
10317,0.481,lsc_composite
10318,0.1521,raw_cusum
10319,0.14915,lsc_tail_cusum
10320,0.10165,lsc_composite
10321,0.0198,lsc_tail_cusum
10322,0.1492,raw_var_cusum
10323,0.481,lsc_composite
10324,0.14915,lsc_tail_cusum
10325,0.1521,raw_cusum
10326,0.1492,raw_var_cusum
10327,0.10165,lsc_composite
10328,1.0,lsc_composite
10329,0.481,lsc_composite
10330,0.481,lsc_composite
10331,0.0183,raw_var_cusum
10332,0.2774,lsc_kalman_cusum
10333,1.0,lsc_composite
10334,0.1521,raw_cusum
10335,0.5619,raw_var_cusum
10336,0.5619,raw_var_cusum
10337,0.481,lsc_composite
10338,0.02015,lsc_kalman_cusum
10339,0.1521,raw_cusum
10340,0.2774,lsc_kalman_cusum
10341,0.481,lsc_composite
10342,0.14915,lsc_tail_cusum
10343,0.10165,lsc_composite
10344,0.481,lsc_composite
10345,0.1521,raw_cusum
10346,0.481,lsc_composite
10347,0.2774,lsc_kalman_cusum
10348,0.14915,lsc_tail_cusum
10349,0.2774,lsc_kalman_cusum
10350,0.14915,lsc_tail_cusum
10351,0.481,lsc_composite
10352,0.14915,lsc_tail_cusum
10353,0.481,lsc_composite
10354,0.10165,lsc_composite
10355,0.14915,lsc_tail_cusum
10356,0.10165,lsc_composite
10357,0.2774,lsc_kalman_cusum
10358,0.2774,lsc_kalman_cusum
10359,0.0183,raw_var_cusum
10360,0.5619,raw_var_cusum
10361,0.481,lsc_composite
10362,0.5535,lsc_tail_cusum
10363,0.2774,lsc_kalman_cusum
10364,0.2774,lsc_kalman_cusum
10365,0.2774,lsc_kalman_cusum
10366,0.14915,lsc_tail_cusum
10367,0.10165,lsc_composite
10368,0.14915,lsc_tail_cusum
10369,0.14915,lsc_tail_cusum
10370,0.14915,lsc_tail_cusum
10371,0.5619,raw_var_cusum
10372,0.481,lsc_composite
10373,0.1521,raw_cusum
10374,0.1521,raw_cusum
10375,0.2774,lsc_kalman_cusum
10376,0.5535,lsc_tail_cusum
10377,0.481,lsc_composite
10378,0.481,lsc_composite
10379,0.1492,raw_var_cusum
10380,0.0183,raw_var_cusum
10381,0.2774,lsc_kalman_cusum
10382,0.481,lsc_composite
10383,0.1521,raw_cusum
10384,0.5619,raw_var_cusum
10385,0.5535,lsc_tail_cusum
10386,0.5535,lsc_tail_cusum
10387,0.1492,raw_var_cusum
10388,0.14915,lsc_tail_cusum
10389,0.1492,raw_var_cusum
10390,0.5535,lsc_tail_cusum
10391,0.10165,lsc_composite
10392,0.2774,lsc_kalman_cusum
10393,0.481,lsc_composite
10394,0.1521,raw_cusum
10395,0.14915,lsc_tail_cusum
10396,0.5619,raw_var_cusum
10397,0.5535,lsc_tail_cusum
10398,0.02015,lsc_kalman_cusum
10399,0.14915,lsc_tail_cusum
10400,0.1492,raw_var_cusum
10401,0.1521,raw_cusum
10402,0.0198,lsc_tail_cusum
10403,0.5535,lsc_tail_cusum
10404,0.481,lsc_composite
10405,0.1521,raw_cusum
10406,0.5535,lsc_tail_cusum
10407,0.2774,lsc_kalman_cusum
10408,0.2774,lsc_kalman_cusum
10409,0.5619,raw_var_cusum
10410,0.1492,raw_var_cusum
10411,0.14915,lsc_tail_cusum
10412,0.1521,raw_cusum
10413,0.10165,lsc_composite
10414,0.481,lsc_composite
10415,0.481,lsc_composite
10416,0.481,lsc_composite
10417,0.481,lsc_composite
10418,1.0,lsc_composite
10419,0.10165,lsc_composite
10420,0.10165,lsc_composite
10421,0.1521,raw_cusum
10422,1.0,lsc_composite
10423,0.5535,lsc_tail_cusum
10424,0.10165,lsc_composite
10425,0.5535,lsc_tail_cusum
10426,0.481,lsc_composite
10427,0.5535,lsc_tail_cusum
10428,0.10165,lsc_composite
10429,0.481,lsc_composite
10430,0.1492,raw_var_cusum
10431,0.5535,lsc_tail_cusum
10432,0.5619,raw_var_cusum
10433,0.1492,raw_var_cusum
10434,0.481,lsc_composite
10435,0.5619,raw_var_cusum
10436,0.1492,raw_var_cusum
10437,0.5535,lsc_tail_cusum
10438,0.1521,raw_cusum
10439,0.10165,lsc_composite
10440,0.481,lsc_composite
10441,0.1521,raw_cusum
10442,0.14915,lsc_tail_cusum
10443,0.2774,lsc_kalman_cusum
10444,0.2774,lsc_kalman_cusum
10445,0.1492,raw_var_cusum
10446,0.14915,lsc_tail_cusum
10447,1.0,lsc_composite
10448,0.10165,lsc_composite
10449,0.481,lsc_composite
10450,0.481,lsc_composite
10451,0.5619,raw_var_cusum
10452,0.481,lsc_composite
10453,0.2774,lsc_kalman_cusum
10454,0.481,lsc_composite
10455,0.1521,raw_cusum
10456,0.5619,raw_var_cusum
10457,0.2774,lsc_kalman_cusum
10458,0.0198,lsc_tail_cusum
10459,0.1492,raw_var_cusum
10460,1.0,lsc_composite
10461,0.14915,lsc_tail_cusum
10462,0.1521,raw_cusum
10463,0.481,lsc_composite
10464,0.10165,lsc_composite
10465,0.14915,lsc_tail_cusum
10466,0.481,lsc_composite
10467,0.2774,lsc_kalman_cusum
10468,0.481,lsc_composite
10469,0.1492,raw_var_cusum
10470,1.0,lsc_composite
10471,0.10165,lsc_composite
10472,0.1492,raw_var_cusum
10473,0.10165,lsc_composite
10474,0.14915,lsc_tail_cusum
10475,0.1521,raw_cusum
10476,0.5535,lsc_tail_cusum
10477,1.0,lsc_composite
10478,0.10165,lsc_composite
10479,1.0,lsc_composite
10480,0.481,lsc_composite
10481,0.2774,lsc_kalman_cusum
10482,0.2774,lsc_kalman_cusum
10483,0.2774,lsc_kalman_cusum
10484,0.14915,lsc_tail_cusum
10485,0.10165,lsc_composite
10486,0.1521,raw_cusum
10487,0.1521,raw_cusum
10488,0.1492,raw_var_cusum
10489,0.481,lsc_composite
10490,0.481,lsc_composite
10491,0.481,lsc_composite
10492,0.10165,lsc_composite
10493,0.2774,lsc_kalman_cusum
10494,0.481,lsc_composite
10495,0.2774,lsc_kalman_cusum
10496,0.14915,lsc_tail_cusum
10497,0.1521,raw_cusum
10498,0.481,lsc_composite
10499,0.2774,lsc_kalman_cusum
10500,0.14915,lsc_tail_cusum
10501,0.1492,raw_var_cusum
10502,0.5535,lsc_tail_cusum
10503,0.5619,raw_var_cusum
10504,0.5535,lsc_tail_cusum
10505,0.02015,lsc_kalman_cusum
10506,0.1492,raw_var_cusum
10507,0.481,lsc_composite
10508,0.14915,lsc_tail_cusum
10509,0.481,lsc_composite
10510,0.5619,raw_var_cusum
10511,0.10165,lsc_composite
10512,0.481,lsc_composite
10513,0.14915,lsc_tail_cusum
10514,0.5535,lsc_tail_cusum
10515,0.1492,raw_var_cusum
10516,0.1492,raw_var_cusum
10517,0.0198,lsc_tail_cusum
10518,0.481,lsc_composite
10519,0.1521,raw_cusum
10520,0.481,lsc_composite
10521,0.1492,raw_var_cusum
10522,0.1521,raw_cusum
10523,0.5619,raw_var_cusum
10524,0.5535,lsc_tail_cusum
10525,0.1492,raw_var_cusum
10526,0.0198,lsc_tail_cusum
10527,1.0,lsc_composite
10528,1.0,lsc_composite
10529,0.1492,raw_var_cusum
10530,0.1492,raw_var_cusum
10531,0.0183,raw_var_cusum
10532,0.10165,lsc_composite
10533,0.0198,lsc_tail_cusum
10534,0.14915,lsc_tail_cusum
10535,0.2774,lsc_kalman_cusum
10536,0.02015,lsc_kalman_cusum
10537,0.14915,lsc_tail_cusum
10538,1.0,lsc_composite
10539,0.481,lsc_composite
10540,0.481,lsc_composite
10541,0.0183,raw_var_cusum
10542,0.0198,lsc_tail_cusum
10543,0.481,lsc_composite
10544,0.14915,lsc_tail_cusum
10545,0.2774,lsc_kalman_cusum
10546,0.10165,lsc_composite
10547,0.5535,lsc_tail_cusum
10548,0.2774,lsc_kalman_cusum
10549,0.1492,raw_var_cusum
10550,0.0183,raw_var_cusum
10551,0.5535,lsc_tail_cusum
10552,0.5535,lsc_tail_cusum
10553,0.1492,raw_var_cusum
10554,0.481,lsc_composite
10555,0.1492,raw_var_cusum
10556,0.5619,raw_var_cusum
10557,0.14915,lsc_tail_cusum
10558,0.481,lsc_composite
10559,0.0183,raw_var_cusum
10560,0.10165,lsc_composite
10561,0.5535,lsc_tail_cusum
10562,0.2774,lsc_kalman_cusum
10563,0.481,lsc_composite
10564,0.2774,lsc_kalman_cusum
10565,0.10165,lsc_composite
10566,0.14915,lsc_tail_cusum
10567,0.481,lsc_composite
10568,0.1521,raw_cusum
10569,0.2774,lsc_kalman_cusum
10570,0.0183,raw_var_cusum
10571,0.5535,lsc_tail_cusum
10572,0.5535,lsc_tail_cusum
10573,0.481,lsc_composite
10574,0.0198,lsc_tail_cusum
10575,1.0,lsc_composite
10576,0.5535,lsc_tail_cusum
10577,1.0,lsc_composite
10578,0.1521,raw_cusum
10579,0.2774,lsc_kalman_cusum
10580,0.2774,lsc_kalman_cusum
10581,0.5619,raw_var_cusum
10582,0.14915,lsc_tail_cusum
10583,0.1521,raw_cusum
10584,0.1492,raw_var_cusum
10585,0.481,lsc_composite
10586,0.481,lsc_composite
10587,0.10165,lsc_composite
10588,1.0,lsc_composite
10589,1.0,lsc_composite
10590,0.2774,lsc_kalman_cusum
10591,0.1521,raw_cusum
10592,0.481,lsc_composite
10593,0.1521,raw_cusum
10594,0.2774,lsc_kalman_cusum
10595,0.481,lsc_composite
10596,0.481,lsc_composite
10597,0.1492,raw_var_cusum
10598,0.481,lsc_composite
10599,0.481,lsc_composite
10600,1.0,lsc_composite
10601,0.1492,raw_var_cusum
10602,0.14915,lsc_tail_cusum
10603,0.5535,lsc_tail_cusum
10604,0.481,lsc_composite
10605,0.1521,raw_cusum
10606,0.2774,lsc_kalman_cusum
10607,0.5535,lsc_tail_cusum
10608,0.1492,raw_var_cusum
10609,0.5535,lsc_tail_cusum
10610,0.5535,lsc_tail_cusum
10611,0.2774,lsc_kalman_cusum
10612,0.481,lsc_composite
10613,0.1521,raw_cusum
10614,0.5619,raw_var_cusum
10615,0.14915,lsc_tail_cusum
10616,0.5535,lsc_tail_cusum
10617,0.5535,lsc_tail_cusum
10618,0.2774,lsc_kalman_cusum
10619,0.1492,raw_var_cusum
10620,0.5619,raw_var_cusum
10621,0.1492,raw_var_cusum
10622,0.2774,lsc_kalman_cusum
10623,0.14915,lsc_tail_cusum
10624,0.2774,lsc_kalman_cusum
10625,0.2774,lsc_kalman_cusum
10626,0.0012,raw_var_cusum
10627,0.2774,lsc_kalman_cusum
10628,1.0,lsc_composite
10629,0.2774,lsc_kalman_cusum
10630,0.1521,raw_cusum
10631,0.1492,raw_var_cusum
10632,0.10165,lsc_composite
10633,0.5535,lsc_tail_cusum
10634,0.10165,lsc_composite
10635,0.1521,raw_cusum
10636,1.0,lsc_composite
10637,0.2774,lsc_kalman_cusum
10638,0.2774,lsc_kalman_cusum
10639,0.5535,lsc_tail_cusum
10640,0.10165,lsc_composite
10641,0.481,lsc_composite
10642,0.2774,lsc_kalman_cusum
10643,0.1521,raw_cusum
10644,0.1521,raw_cusum
10645,0.2774,lsc_kalman_cusum
10646,0.2774,lsc_kalman_cusum
10647,0.1521,raw_cusum
10648,0.2774,lsc_kalman_cusum
10649,0.481,lsc_composite
10650,0.481,lsc_composite
10651,0.0183,raw_var_cusum
10652,0.5535,lsc_tail_cusum
10653,0.481,lsc_composite
10654,0.14915,lsc_tail_cusum
10655,0.1492,raw_var_cusum
10656,1.0,lsc_composite
10657,0.1492,raw_var_cusum
10658,1.0,lsc_composite
10659,0.14915,lsc_tail_cusum
10660,0.10165,lsc_composite
10661,0.5535,lsc_tail_cusum
10662,0.2774,lsc_kalman_cusum
10663,0.2774,lsc_kalman_cusum
10664,0.10165,lsc_composite
10665,0.2774,lsc_kalman_cusum
10666,0.481,lsc_composite
10667,0.5619,raw_var_cusum
10668,0.10165,lsc_composite
10669,0.1492,raw_var_cusum
10670,0.0183,raw_var_cusum
10671,0.5535,lsc_tail_cusum
10672,0.2774,lsc_kalman_cusum
10673,0.481,lsc_composite
10674,0.2774,lsc_kalman_cusum
10675,0.5535,lsc_tail_cusum
10676,0.2774,lsc_kalman_cusum
10677,0.1521,raw_cusum
10678,0.1492,raw_var_cusum
10679,1.0,lsc_composite
10680,0.10165,lsc_composite
10681,0.481,lsc_composite
10682,1.0,lsc_composite
10683,0.1521,raw_cusum
10684,0.1521,raw_cusum
10685,0.2774,lsc_kalman_cusum
10686,0.02015,lsc_kalman_cusum
10687,0.2774,lsc_kalman_cusum
10688,0.1492,raw_var_cusum
10689,0.14915,lsc_tail_cusum
10690,0.481,lsc_composite
10691,0.481,lsc_composite
10692,0.14915,lsc_tail_cusum
10693,0.10165,lsc_composite
10694,0.481,lsc_composite
10695,0.5535,lsc_tail_cusum
10696,0.10165,lsc_composite
10697,0.2774,lsc_kalman_cusum
10698,0.10165,lsc_composite
10699,1.0,lsc_composite
10700,0.481,lsc_composite
10701,0.2774,lsc_kalman_cusum
10702,0.481,lsc_composite
10703,0.14915,lsc_tail_cusum
10704,0.481,lsc_composite
10705,0.481,lsc_composite
10706,0.481,lsc_composite
10707,0.2774,lsc_kalman_cusum
10708,0.481,lsc_composite
10709,0.1492,raw_var_cusum
10710,0.10165,lsc_composite
10711,0.481,lsc_composite
10712,0.1521,raw_cusum
10713,0.481,lsc_composite
10714,0.1521,raw_cusum
10715,0.1492,raw_var_cusum
10716,0.5619,raw_var_cusum
10717,0.14915,lsc_tail_cusum
10718,0.1521,raw_cusum
10719,0.5535,lsc_tail_cusum
10720,0.2774,lsc_kalman_cusum
10721,0.5535,lsc_tail_cusum
10722,0.2774,lsc_kalman_cusum
10723,0.10165,lsc_composite
10724,0.14915,lsc_tail_cusum
10725,0.14915,lsc_tail_cusum
10726,0.10165,lsc_composite
10727,0.5535,lsc_tail_cusum
10728,0.5619,raw_var_cusum
10729,0.5535,lsc_tail_cusum
10730,0.2774,lsc_kalman_cusum
10731,0.0183,raw_var_cusum
10732,0.2774,lsc_kalman_cusum
10733,0.481,lsc_composite
10734,0.2774,lsc_kalman_cusum
10735,0.10165,lsc_composite
10736,0.10165,lsc_composite
10737,0.5535,lsc_tail_cusum
10738,0.481,lsc_composite
10739,0.481,lsc_composite
10740,0.1492,raw_var_cusum
10741,0.0012,raw_var_cusum
10742,0.14915,lsc_tail_cusum
10743,0.481,lsc_composite
10744,0.02015,lsc_kalman_cusum
10745,0.2774,lsc_kalman_cusum
10746,1.0,lsc_composite
10747,0.481,lsc_composite
10748,1.0,lsc_composite
10749,0.481,lsc_composite
10750,0.10165,lsc_composite
10751,0.1521,raw_cusum
10752,0.14915,lsc_tail_cusum
10753,0.10165,lsc_composite
10754,0.1521,raw_cusum
10755,0.5535,lsc_tail_cusum
10756,0.14915,lsc_tail_cusum
10757,0.481,lsc_composite
10758,0.481,lsc_composite
10759,0.481,lsc_composite
10760,0.2774,lsc_kalman_cusum
10761,0.1492,raw_var_cusum
10762,0.5619,raw_var_cusum
10763,0.2774,lsc_kalman_cusum
10764,0.10165,lsc_composite
10765,0.02015,lsc_kalman_cusum
10766,0.10165,lsc_composite
10767,0.10165,lsc_composite
10768,0.0198,lsc_tail_cusum
10769,0.481,lsc_composite
10770,0.2774,lsc_kalman_cusum
10771,0.1521,raw_cusum
10772,0.1492,raw_var_cusum
10773,0.1521,raw_cusum
10774,0.481,lsc_composite
10775,0.2774,lsc_kalman_cusum
10776,1.0,lsc_composite
10777,0.2774,lsc_kalman_cusum
10778,0.5619,raw_var_cusum
10779,0.5535,lsc_tail_cusum
10780,0.5619,raw_var_cusum
10781,0.5619,raw_var_cusum
10782,0.481,lsc_composite
10783,0.10165,lsc_composite
10784,0.10165,lsc_composite
10785,0.5535,lsc_tail_cusum
10786,0.10165,lsc_composite
10787,0.481,lsc_composite
10788,1.0,lsc_composite
10789,0.14915,lsc_tail_cusum
10790,0.2774,lsc_kalman_cusum
10791,0.10165,lsc_composite
10792,0.10165,lsc_composite
10793,1.0,lsc_composite
10794,0.14915,lsc_tail_cusum
10795,0.14915,lsc_tail_cusum
10796,1.0,lsc_composite
10797,0.1521,raw_cusum
10798,0.481,lsc_composite
10799,1.0,lsc_composite
10800,0.1492,raw_var_cusum
10801,1.0,lsc_composite
10802,0.1492,raw_var_cusum
10803,0.481,lsc_composite
10804,0.2774,lsc_kalman_cusum
10805,0.5619,raw_var_cusum
10806,0.1492,raw_var_cusum
10807,0.5619,raw_var_cusum
10808,0.10165,lsc_composite
10809,0.2774,lsc_kalman_cusum
10810,0.5535,lsc_tail_cusum
10811,0.481,lsc_composite
10812,0.5535,lsc_tail_cusum
10813,0.1492,raw_var_cusum
10814,0.10165,lsc_composite
10815,0.2774,lsc_kalman_cusum
10816,0.5619,raw_var_cusum
10817,0.5619,raw_var_cusum
10818,1.0,lsc_composite
10819,0.1521,raw_cusum
10820,0.481,lsc_composite
10821,0.1521,raw_cusum
10822,0.1521,raw_cusum
10823,0.2774,lsc_kalman_cusum
10824,0.10165,lsc_composite
10825,0.481,lsc_composite
10826,0.481,lsc_composite
10827,0.5535,lsc_tail_cusum
10828,0.14915,lsc_tail_cusum
10829,0.1492,raw_var_cusum
10830,0.0198,lsc_tail_cusum
10831,0.14915,lsc_tail_cusum
10832,0.5619,raw_var_cusum
10833,0.2774,lsc_kalman_cusum
10834,0.481,lsc_composite
10835,0.14915,lsc_tail_cusum
10836,0.5535,lsc_tail_cusum
10837,0.1521,raw_cusum
10838,0.10165,lsc_composite
10839,0.1521,raw_cusum
10840,0.5619,raw_var_cusum
10841,0.481,lsc_composite
10842,1.0,lsc_composite
10843,0.02015,lsc_kalman_cusum
10844,0.2774,lsc_kalman_cusum
10845,1.0,lsc_composite
10846,0.1521,raw_cusum
10847,0.481,lsc_composite
10848,0.14915,lsc_tail_cusum
10849,0.1521,raw_cusum
10850,0.5535,lsc_tail_cusum
10851,0.481,lsc_composite
10852,0.2774,lsc_kalman_cusum
10853,0.14915,lsc_tail_cusum
10854,0.5535,lsc_tail_cusum
10855,0.481,lsc_composite
10856,0.1492,raw_var_cusum
10857,0.5619,raw_var_cusum
10858,0.2774,lsc_kalman_cusum
10859,0.1521,raw_cusum
10860,0.02015,lsc_kalman_cusum
10861,0.5535,lsc_tail_cusum
10862,1.0,lsc_composite
10863,0.02015,lsc_kalman_cusum
10864,1.0,lsc_composite
10865,0.5619,raw_var_cusum
10866,0.481,lsc_composite
10867,0.2774,lsc_kalman_cusum
10868,0.14915,lsc_tail_cusum
10869,0.5619,raw_var_cusum
10870,0.2774,lsc_kalman_cusum
10871,0.2774,lsc_kalman_cusum
10872,0.2774,lsc_kalman_cusum
10873,0.1521,raw_cusum
10874,0.02015,lsc_kalman_cusum
10875,0.481,lsc_composite
10876,0.10165,lsc_composite
10877,0.10165,lsc_composite
10878,0.2774,lsc_kalman_cusum
10879,0.5535,lsc_tail_cusum
10880,0.1521,raw_cusum
10881,0.1492,raw_var_cusum
10882,1.0,lsc_composite
10883,0.2774,lsc_kalman_cusum
10884,0.481,lsc_composite
10885,0.481,lsc_composite
10886,0.5619,raw_var_cusum
10887,0.2774,lsc_kalman_cusum
10888,0.2774,lsc_kalman_cusum
10889,0.14915,lsc_tail_cusum
10890,1.0,lsc_composite
10891,0.5619,raw_var_cusum
10892,0.2774,lsc_kalman_cusum
10893,0.5535,lsc_tail_cusum
10894,0.5535,lsc_tail_cusum
10895,1.0,lsc_composite
10896,0.5619,raw_var_cusum
10897,0.5535,lsc_tail_cusum
10898,0.02015,lsc_kalman_cusum
10899,0.481,lsc_composite
10900,0.14915,lsc_tail_cusum
10901,0.5535,lsc_tail_cusum
10902,0.5535,lsc_tail_cusum
10903,0.14915,lsc_tail_cusum
10904,0.1521,raw_cusum
10905,0.481,lsc_composite
10906,0.2774,lsc_kalman_cusum
10907,0.481,lsc_composite
10908,0.481,lsc_composite
10909,0.2774,lsc_kalman_cusum
10910,0.10165,lsc_composite
10911,0.14915,lsc_tail_cusum
10912,0.00925,lsc_composite
10913,1.0,lsc_composite
10914,0.2774,lsc_kalman_cusum
10915,0.10165,lsc_composite
10916,0.10165,lsc_composite
10917,0.1492,raw_var_cusum
10918,0.481,lsc_composite
10919,0.481,lsc_composite
10920,0.5619,raw_var_cusum
10921,0.481,lsc_composite
10922,0.2774,lsc_kalman_cusum
10923,0.5619,raw_var_cusum
10924,0.1521,raw_cusum
10925,0.5535,lsc_tail_cusum
10926,0.1492,raw_var_cusum
10927,0.5535,lsc_tail_cusum
10928,0.14915,lsc_tail_cusum
10929,0.5535,lsc_tail_cusum
10930,0.2774,lsc_kalman_cusum
10931,0.1521,raw_cusum
10932,1.0,lsc_composite
10933,0.5535,lsc_tail_cusum
10934,1.0,lsc_composite
10935,0.1521,raw_cusum
10936,0.10165,lsc_composite
10937,0.481,lsc_composite
10938,0.481,lsc_composite
10939,0.481,lsc_composite
10940,0.481,lsc_composite
10941,0.481,lsc_composite
10942,0.1492,raw_var_cusum
10943,0.481,lsc_composite
10944,0.5535,lsc_tail_cusum
10945,0.14915,lsc_tail_cusum
10946,0.5535,lsc_tail_cusum
10947,0.481,lsc_composite
10948,0.481,lsc_composite
10949,0.481,lsc_composite
10950,0.2774,lsc_kalman_cusum
10951,0.1492,raw_var_cusum
10952,0.1521,raw_cusum
10953,0.02015,lsc_kalman_cusum
10954,0.5535,lsc_tail_cusum
10955,1.0,lsc_composite
10956,0.1521,raw_cusum
10957,0.481,lsc_composite
10958,0.14915,lsc_tail_cusum
10959,0.0183,raw_var_cusum
10960,0.5535,lsc_tail_cusum
10961,1.0,lsc_composite
10962,0.1492,raw_var_cusum
10963,1.0,lsc_composite
10964,0.1492,raw_var_cusum
10965,0.481,lsc_composite
10966,0.481,lsc_composite
10967,0.14915,lsc_tail_cusum
10968,0.5535,lsc_tail_cusum
10969,1.0,lsc_composite
10970,0.2774,lsc_kalman_cusum
10971,0.481,lsc_composite
10972,0.0183,raw_var_cusum
10973,0.481,lsc_composite
10974,0.5619,raw_var_cusum
10975,0.481,lsc_composite
10976,0.5619,raw_var_cusum
10977,0.1492,raw_var_cusum
10978,0.481,lsc_composite
10979,0.1521,raw_cusum
10980,0.5535,lsc_tail_cusum
10981,0.1492,raw_var_cusum
10982,0.14915,lsc_tail_cusum
10983,1.0,lsc_composite
10984,0.5619,raw_var_cusum
10985,0.481,lsc_composite
10986,0.2774,lsc_kalman_cusum
10987,0.10165,lsc_composite
10988,0.00925,lsc_composite
10989,0.1492,raw_var_cusum
10990,0.10165,lsc_composite
10991,0.10165,lsc_composite
10992,0.10165,lsc_composite
10993,0.14915,lsc_tail_cusum
10994,0.481,lsc_composite
10995,0.481,lsc_composite
10996,0.0183,raw_var_cusum
10997,0.10165,lsc_composite
10998,0.2774,lsc_kalman_cusum
10999,0.14915,lsc_tail_cusum
11000,0.1521,raw_cusum
11001,0.14915,lsc_tail_cusum
11002,0.1521,raw_cusum
11003,0.1521,raw_cusum
11004,0.1521,raw_cusum
11005,0.5619,raw_var_cusum
11006,0.481,lsc_composite
11007,0.2774,lsc_kalman_cusum
11008,0.1492,raw_var_cusum
11009,0.2774,lsc_kalman_cusum
11010,0.481,lsc_composite
11011,0.0183,raw_var_cusum
11012,0.14915,lsc_tail_cusum
11013,0.10165,lsc_composite
11014,0.2774,lsc_kalman_cusum
11015,0.5535,lsc_tail_cusum
11016,0.5619,raw_var_cusum
11017,0.10165,lsc_composite
11018,0.2774,lsc_kalman_cusum
11019,0.0198,lsc_tail_cusum
11020,0.5535,lsc_tail_cusum
11021,0.2774,lsc_kalman_cusum
11022,0.5535,lsc_tail_cusum
11023,0.10165,lsc_composite
11024,1.0,lsc_composite
11025,0.2774,lsc_kalman_cusum
11026,0.2774,lsc_kalman_cusum
11027,0.2774,lsc_kalman_cusum
11028,0.1521,raw_cusum
11029,0.481,lsc_composite
11030,0.2774,lsc_kalman_cusum
11031,0.1492,raw_var_cusum
11032,0.14915,lsc_tail_cusum
11033,0.1492,raw_var_cusum
11034,0.5619,raw_var_cusum
11035,0.2774,lsc_kalman_cusum
11036,0.481,lsc_composite
11037,0.10165,lsc_composite
11038,0.14915,lsc_tail_cusum
11039,0.1492,raw_var_cusum
11040,0.481,lsc_composite
11041,0.5619,raw_var_cusum
11042,0.481,lsc_composite
11043,0.2774,lsc_kalman_cusum
11044,0.14915,lsc_tail_cusum
11045,0.2774,lsc_kalman_cusum
11046,0.10165,lsc_composite
11047,0.2774,lsc_kalman_cusum
11048,0.10165,lsc_composite
11049,0.14915,lsc_tail_cusum
11050,1.0,lsc_composite
11051,0.481,lsc_composite
11052,1.0,lsc_composite
11053,0.14915,lsc_tail_cusum
11054,0.14915,lsc_tail_cusum
11055,0.1492,raw_var_cusum
11056,0.10165,lsc_composite
11057,0.14915,lsc_tail_cusum
11058,0.1492,raw_var_cusum
11059,0.481,lsc_composite
11060,0.2774,lsc_kalman_cusum
11061,0.2774,lsc_kalman_cusum
11062,0.2774,lsc_kalman_cusum
11063,0.1492,raw_var_cusum
11064,0.14915,lsc_tail_cusum
11065,0.0198,lsc_tail_cusum
11066,0.14915,lsc_tail_cusum
11067,0.481,lsc_composite
11068,0.481,lsc_composite
11069,0.5535,lsc_tail_cusum
11070,0.1521,raw_cusum
11071,0.5619,raw_var_cusum
11072,0.14915,lsc_tail_cusum
11073,0.14915,lsc_tail_cusum
11074,0.2774,lsc_kalman_cusum
11075,0.14915,lsc_tail_cusum
11076,0.5535,lsc_tail_cusum
11077,0.481,lsc_composite
11078,0.1521,raw_cusum
11079,0.14915,lsc_tail_cusum
11080,0.1492,raw_var_cusum
11081,0.14915,lsc_tail_cusum
11082,0.481,lsc_composite
11083,0.481,lsc_composite
11084,0.2774,lsc_kalman_cusum
11085,0.14915,lsc_tail_cusum
11086,0.481,lsc_composite
11087,0.0183,raw_var_cusum
11088,0.0183,raw_var_cusum
11089,0.14915,lsc_tail_cusum
11090,1.0,lsc_composite
11091,0.481,lsc_composite
11092,0.5535,lsc_tail_cusum
11093,0.10165,lsc_composite
11094,0.481,lsc_composite
11095,0.14915,lsc_tail_cusum
11096,0.5619,raw_var_cusum
11097,0.481,lsc_composite
11098,0.5535,lsc_tail_cusum
11099,0.1492,raw_var_cusum
11100,0.481,lsc_composite
11101,0.0183,raw_var_cusum
11102,0.2774,lsc_kalman_cusum
11103,0.2774,lsc_kalman_cusum
11104,0.481,lsc_composite
11105,0.2774,lsc_kalman_cusum
11106,0.1492,raw_var_cusum
11107,0.1492,raw_var_cusum
11108,0.0183,raw_var_cusum
11109,1.0,lsc_composite
11110,0.481,lsc_composite
11111,1.0,lsc_composite
11112,0.2774,lsc_kalman_cusum
11113,0.481,lsc_composite
11114,0.10165,lsc_composite
11115,0.481,lsc_composite
11116,1.0,lsc_composite
11117,0.5619,raw_var_cusum
11118,0.0183,raw_var_cusum
11119,0.5535,lsc_tail_cusum
11120,0.1521,raw_cusum
11121,0.5535,lsc_tail_cusum
11122,0.14915,lsc_tail_cusum
11123,0.1492,raw_var_cusum
11124,0.2774,lsc_kalman_cusum
11125,0.5535,lsc_tail_cusum
11126,0.481,lsc_composite
11127,0.10165,lsc_composite
11128,0.10165,lsc_composite
11129,0.00925,lsc_composite
11130,1.0,lsc_composite
11131,0.481,lsc_composite
11132,0.1521,raw_cusum
11133,0.1492,raw_var_cusum
11134,0.1492,raw_var_cusum
11135,0.10165,lsc_composite
11136,0.0183,raw_var_cusum
11137,0.5535,lsc_tail_cusum
11138,0.5619,raw_var_cusum
11139,1.0,lsc_composite
11140,0.481,lsc_composite
11141,0.2774,lsc_kalman_cusum
11142,0.1521,raw_cusum
11143,1.0,lsc_composite
11144,0.481,lsc_composite
11145,0.5619,raw_var_cusum
11146,0.2774,lsc_kalman_cusum
11147,0.1521,raw_cusum
11148,0.481,lsc_composite
11149,0.481,lsc_composite
11150,0.2774,lsc_kalman_cusum
11151,0.2774,lsc_kalman_cusum
11152,0.10165,lsc_composite
11153,0.14915,lsc_tail_cusum
11154,0.0198,lsc_tail_cusum
11155,0.14915,lsc_tail_cusum
11156,1.0,lsc_composite
11157,0.5619,raw_var_cusum
11158,0.481,lsc_composite
11159,0.481,lsc_composite
11160,0.10165,lsc_composite
11161,0.481,lsc_composite
11162,0.2774,lsc_kalman_cusum
11163,0.481,lsc_composite
11164,0.0183,raw_var_cusum
11165,0.10165,lsc_composite
11166,0.5535,lsc_tail_cusum
11167,0.481,lsc_composite
11168,0.1492,raw_var_cusum
11169,0.1521,raw_cusum
11170,1.0,lsc_composite
11171,0.10165,lsc_composite
11172,1.0,lsc_composite
11173,0.1492,raw_var_cusum
11174,0.1492,raw_var_cusum
11175,0.481,lsc_composite
11176,0.00925,lsc_composite
11177,0.1492,raw_var_cusum
11178,0.0198,lsc_tail_cusum
11179,1.0,lsc_composite
11180,0.5619,raw_var_cusum
11181,0.14915,lsc_tail_cusum
11182,0.5619,raw_var_cusum
11183,0.1521,raw_cusum
11184,0.481,lsc_composite
11185,0.1492,raw_var_cusum
11186,0.481,lsc_composite
11187,0.1521,raw_cusum
11188,0.481,lsc_composite
11189,0.5535,lsc_tail_cusum
11190,0.2774,lsc_kalman_cusum
11191,0.5619,raw_var_cusum
11192,0.1521,raw_cusum
11193,0.1492,raw_var_cusum
11194,0.2774,lsc_kalman_cusum
11195,0.2774,lsc_kalman_cusum
11196,1.0,lsc_composite
11197,0.1492,raw_var_cusum
11198,0.2774,lsc_kalman_cusum
11199,0.5535,lsc_tail_cusum
11200,0.2774,lsc_kalman_cusum
11201,0.14915,lsc_tail_cusum
11202,0.14915,lsc_tail_cusum
11203,0.2774,lsc_kalman_cusum
11204,0.5535,lsc_tail_cusum
11205,0.1492,raw_var_cusum
11206,0.2774,lsc_kalman_cusum
11207,0.0183,raw_var_cusum
11208,0.5535,lsc_tail_cusum
11209,0.2774,lsc_kalman_cusum
11210,1.0,lsc_composite
11211,0.14915,lsc_tail_cusum
11212,0.481,lsc_composite
11213,0.10165,lsc_composite
11214,0.02015,lsc_kalman_cusum
11215,0.0198,lsc_tail_cusum
11216,0.1521,raw_cusum
11217,0.02015,lsc_kalman_cusum
11218,0.5535,lsc_tail_cusum
11219,0.10165,lsc_composite
11220,0.1521,raw_cusum
11221,0.10165,lsc_composite
11222,0.5619,raw_var_cusum
11223,0.5619,raw_var_cusum
11224,0.14915,lsc_tail_cusum
11225,0.1492,raw_var_cusum
11226,0.2774,lsc_kalman_cusum
11227,0.1492,raw_var_cusum
11228,0.5535,lsc_tail_cusum
11229,0.10165,lsc_composite
11230,0.1492,raw_var_cusum
11231,0.2774,lsc_kalman_cusum
11232,0.5619,raw_var_cusum
11233,0.10165,lsc_composite
11234,1.0,lsc_composite
11235,0.0183,raw_var_cusum
11236,0.1521,raw_cusum
11237,0.5535,lsc_tail_cusum
11238,0.5619,raw_var_cusum
11239,0.481,lsc_composite
11240,0.1521,raw_cusum
11241,0.10165,lsc_composite
11242,0.10165,lsc_composite
11243,0.14915,lsc_tail_cusum
11244,0.2774,lsc_kalman_cusum
11245,0.1492,raw_var_cusum
11246,0.1492,raw_var_cusum
11247,0.1492,raw_var_cusum
11248,1.0,lsc_composite
11249,0.5619,raw_var_cusum
11250,0.481,lsc_composite
11251,0.2774,lsc_kalman_cusum
11252,0.5535,lsc_tail_cusum
11253,0.10165,lsc_composite
11254,0.1492,raw_var_cusum
11255,0.1521,raw_cusum
11256,0.00925,lsc_composite
11257,0.14915,lsc_tail_cusum
11258,0.2774,lsc_kalman_cusum
11259,0.481,lsc_composite
11260,0.1521,raw_cusum
11261,0.5535,lsc_tail_cusum
11262,0.14915,lsc_tail_cusum
11263,0.481,lsc_composite
11264,0.5535,lsc_tail_cusum
11265,0.10165,lsc_composite
11266,0.10165,lsc_composite
11267,0.10165,lsc_composite
11268,0.481,lsc_composite
11269,0.10165,lsc_composite
11270,0.481,lsc_composite
11271,0.1521,raw_cusum
11272,0.1521,raw_cusum
11273,0.481,lsc_composite
11274,0.5535,lsc_tail_cusum
11275,0.02015,lsc_kalman_cusum
11276,1.0,lsc_composite
11277,0.2774,lsc_kalman_cusum
11278,0.14915,lsc_tail_cusum
11279,1.0,lsc_composite
11280,0.481,lsc_composite
11281,0.5619,raw_var_cusum
11282,0.14915,lsc_tail_cusum
11283,0.2774,lsc_kalman_cusum
11284,0.1521,raw_cusum
11285,0.481,lsc_composite
11286,1.0,lsc_composite
11287,0.2774,lsc_kalman_cusum
11288,0.14915,lsc_tail_cusum
11289,0.10165,lsc_composite
11290,0.5535,lsc_tail_cusum
11291,0.02015,lsc_kalman_cusum
11292,0.2774,lsc_kalman_cusum
11293,0.5535,lsc_tail_cusum
11294,0.1521,raw_cusum
11295,0.1521,raw_cusum
11296,0.1492,raw_var_cusum
11297,0.5535,lsc_tail_cusum
11298,0.2774,lsc_kalman_cusum
11299,0.1492,raw_var_cusum
11300,0.2774,lsc_kalman_cusum
11301,0.481,lsc_composite
11302,0.481,lsc_composite
11303,0.481,lsc_composite
11304,0.10165,lsc_composite
11305,0.0183,raw_var_cusum
11306,0.14915,lsc_tail_cusum
11307,0.5535,lsc_tail_cusum
11308,0.481,lsc_composite
11309,0.2774,lsc_kalman_cusum
11310,0.10165,lsc_composite
11311,0.2774,lsc_kalman_cusum
11312,0.481,lsc_composite
11313,0.5535,lsc_tail_cusum
11314,0.1521,raw_cusum
11315,0.5535,lsc_tail_cusum
11316,0.2774,lsc_kalman_cusum
11317,0.10165,lsc_composite
11318,0.2774,lsc_kalman_cusum
11319,0.1492,raw_var_cusum
11320,0.10165,lsc_composite
11321,0.0198,lsc_tail_cusum
11322,0.5535,lsc_tail_cusum
11323,0.2774,lsc_kalman_cusum
11324,0.2774,lsc_kalman_cusum
11325,0.481,lsc_composite
11326,0.14915,lsc_tail_cusum
11327,0.481,lsc_composite
11328,1.0,lsc_composite
11329,0.14915,lsc_tail_cusum
11330,0.2774,lsc_kalman_cusum
11331,0.1521,raw_cusum
11332,0.0198,lsc_tail_cusum
11333,0.1492,raw_var_cusum
11334,0.481,lsc_composite
11335,0.5535,lsc_tail_cusum
11336,0.5535,lsc_tail_cusum
11337,0.2774,lsc_kalman_cusum
11338,0.1521,raw_cusum
11339,0.1492,raw_var_cusum
11340,0.1521,raw_cusum
11341,0.14915,lsc_tail_cusum
11342,0.1492,raw_var_cusum
11343,0.02015,lsc_kalman_cusum
11344,0.1492,raw_var_cusum
11345,0.2774,lsc_kalman_cusum
11346,0.02015,lsc_kalman_cusum
11347,0.5535,lsc_tail_cusum
11348,0.5619,raw_var_cusum
11349,0.1521,raw_cusum
11350,0.14915,lsc_tail_cusum
11351,0.1521,raw_cusum
11352,0.0198,lsc_tail_cusum
11353,0.2774,lsc_kalman_cusum
11354,0.481,lsc_composite
11355,0.14915,lsc_tail_cusum
11356,0.5535,lsc_tail_cusum
11357,0.2774,lsc_kalman_cusum
11358,0.1492,raw_var_cusum
11359,0.5535,lsc_tail_cusum
11360,0.10165,lsc_composite
11361,0.5535,lsc_tail_cusum
11362,0.14915,lsc_tail_cusum
11363,0.481,lsc_composite
11364,0.5619,raw_var_cusum
11365,1.0,lsc_composite
11366,0.1492,raw_var_cusum
11367,0.5535,lsc_tail_cusum
11368,0.481,lsc_composite
11369,0.5535,lsc_tail_cusum
11370,0.1521,raw_cusum
11371,0.14915,lsc_tail_cusum
11372,0.1492,raw_var_cusum
11373,0.1492,raw_var_cusum
11374,0.1492,raw_var_cusum
11375,0.2774,lsc_kalman_cusum
11376,0.5535,lsc_tail_cusum
11377,1.0,lsc_composite
11378,0.481,lsc_composite
11379,0.5535,lsc_tail_cusum
11380,0.1492,raw_var_cusum
11381,0.10165,lsc_composite
11382,0.5535,lsc_tail_cusum
11383,0.10165,lsc_composite
11384,0.5535,lsc_tail_cusum
11385,0.5535,lsc_tail_cusum
11386,0.14915,lsc_tail_cusum
11387,0.2774,lsc_kalman_cusum
11388,0.481,lsc_composite
11389,0.5535,lsc_tail_cusum
11390,0.0183,raw_var_cusum
11391,0.1492,raw_var_cusum
11392,1.0,lsc_composite
11393,0.481,lsc_composite
11394,0.1492,raw_var_cusum
11395,0.1521,raw_cusum
11396,0.1521,raw_cusum
11397,0.5535,lsc_tail_cusum
11398,0.2774,lsc_kalman_cusum
11399,0.481,lsc_composite
11400,0.10165,lsc_composite
11401,0.10165,lsc_composite
11402,0.10165,lsc_composite
11403,0.2774,lsc_kalman_cusum
11404,0.0183,raw_var_cusum
11405,0.1492,raw_var_cusum
11406,0.2774,lsc_kalman_cusum
11407,0.2774,lsc_kalman_cusum
11408,0.481,lsc_composite
11409,0.1521,raw_cusum
11410,0.02015,lsc_kalman_cusum
11411,0.10165,lsc_composite
11412,0.1492,raw_var_cusum
11413,0.14915,lsc_tail_cusum
11414,0.1521,raw_cusum
11415,0.481,lsc_composite
11416,0.02015,lsc_kalman_cusum
11417,1.0,lsc_composite
11418,0.481,lsc_composite
11419,0.481,lsc_composite
11420,0.1492,raw_var_cusum
11421,1.0,lsc_composite
11422,0.2774,lsc_kalman_cusum
11423,0.2774,lsc_kalman_cusum
11424,0.2774,lsc_kalman_cusum
11425,0.14915,lsc_tail_cusum
11426,0.481,lsc_composite
11427,0.2774,lsc_kalman_cusum
11428,0.5535,lsc_tail_cusum
11429,0.2774,lsc_kalman_cusum
11430,1.0,lsc_composite
11431,0.5535,lsc_tail_cusum
11432,0.14915,lsc_tail_cusum
11433,0.10165,lsc_composite
11434,0.2774,lsc_kalman_cusum
11435,0.14915,lsc_tail_cusum
11436,0.2774,lsc_kalman_cusum
11437,0.0198,lsc_tail_cusum
11438,0.2774,lsc_kalman_cusum
11439,1.0,lsc_composite
11440,0.5535,lsc_tail_cusum
11441,0.5535,lsc_tail_cusum
11442,1.0,lsc_composite
11443,1.0,lsc_composite
11444,0.0183,raw_var_cusum
11445,0.2774,lsc_kalman_cusum
11446,0.481,lsc_composite
11447,0.1521,raw_cusum
11448,0.481,lsc_composite
11449,0.1521,raw_cusum
11450,0.2774,lsc_kalman_cusum
11451,0.481,lsc_composite
11452,0.5619,raw_var_cusum
11453,0.0183,raw_var_cusum
11454,0.2774,lsc_kalman_cusum
11455,0.5535,lsc_tail_cusum
11456,0.481,lsc_composite
11457,0.1521,raw_cusum
11458,0.10165,lsc_composite
11459,0.2774,lsc_kalman_cusum
11460,0.481,lsc_composite
11461,0.14915,lsc_tail_cusum
11462,0.10165,lsc_composite
11463,0.2774,lsc_kalman_cusum
11464,0.1492,raw_var_cusum
11465,0.14915,lsc_tail_cusum
11466,0.2774,lsc_kalman_cusum
11467,0.14915,lsc_tail_cusum
11468,0.1492,raw_var_cusum
11469,0.5535,lsc_tail_cusum
11470,0.1521,raw_cusum
11471,0.1521,raw_cusum
11472,0.481,lsc_composite
11473,0.481,lsc_composite
11474,0.481,lsc_composite
11475,0.481,lsc_composite
11476,0.1492,raw_var_cusum
11477,0.5535,lsc_tail_cusum
11478,0.10165,lsc_composite
11479,0.14915,lsc_tail_cusum
11480,0.2774,lsc_kalman_cusum
11481,0.5535,lsc_tail_cusum
11482,0.10165,lsc_composite
11483,0.2774,lsc_kalman_cusum
11484,0.5535,lsc_tail_cusum
11485,0.5619,raw_var_cusum
11486,1.0,lsc_composite
11487,0.5619,raw_var_cusum
11488,0.10165,lsc_composite
11489,0.2774,lsc_kalman_cusum
11490,0.5535,lsc_tail_cusum
11491,0.0198,lsc_tail_cusum
11492,1.0,lsc_composite
11493,0.1492,raw_var_cusum
11494,0.5535,lsc_tail_cusum
11495,0.481,lsc_composite
11496,1.0,lsc_composite
11497,0.2774,lsc_kalman_cusum
11498,0.481,lsc_composite
11499,0.14915,lsc_tail_cusum
11500,0.1492,raw_var_cusum
11501,0.481,lsc_composite
11502,0.481,lsc_composite
11503,0.481,lsc_composite
11504,0.5535,lsc_tail_cusum
11505,0.481,lsc_composite
11506,0.481,lsc_composite
11507,0.1521,raw_cusum
11508,0.5535,lsc_tail_cusum
11509,0.1521,raw_cusum
11510,0.481,lsc_composite
11511,0.14915,lsc_tail_cusum
11512,0.481,lsc_composite
11513,0.481,lsc_composite
11514,0.481,lsc_composite
11515,0.2774,lsc_kalman_cusum
11516,0.1521,raw_cusum
11517,0.481,lsc_composite
11518,0.1492,raw_var_cusum
11519,0.14915,lsc_tail_cusum
11520,0.00925,lsc_composite
11521,0.5619,raw_var_cusum
11522,0.14915,lsc_tail_cusum
11523,0.14915,lsc_tail_cusum
11524,0.481,lsc_composite
11525,0.481,lsc_composite
11526,0.5535,lsc_tail_cusum
11527,0.5535,lsc_tail_cusum
11528,0.2774,lsc_kalman_cusum
11529,0.5535,lsc_tail_cusum
11530,0.10165,lsc_composite
11531,0.481,lsc_composite
11532,0.5535,lsc_tail_cusum
11533,0.481,lsc_composite
11534,0.481,lsc_composite
11535,1.0,lsc_composite
11536,0.02015,lsc_kalman_cusum
11537,1.0,lsc_composite
11538,1.0,lsc_composite
11539,0.2774,lsc_kalman_cusum
11540,0.2774,lsc_kalman_cusum
11541,0.5535,lsc_tail_cusum
11542,1.0,lsc_composite
11543,0.14915,lsc_tail_cusum
11544,1.0,lsc_composite
11545,0.5619,raw_var_cusum
11546,1.0,lsc_composite
11547,0.1521,raw_cusum
11548,0.1492,raw_var_cusum
11549,1.0,lsc_composite
11550,0.481,lsc_composite
11551,1.0,lsc_composite
11552,0.481,lsc_composite
11553,0.10165,lsc_composite
11554,0.1521,raw_cusum
11555,0.10165,lsc_composite
11556,0.5619,raw_var_cusum
11557,0.1521,raw_cusum
11558,0.0183,raw_var_cusum
11559,0.5619,raw_var_cusum
11560,0.0198,lsc_tail_cusum
11561,0.5535,lsc_tail_cusum
11562,0.481,lsc_composite
11563,0.14915,lsc_tail_cusum
11564,0.1492,raw_var_cusum
11565,0.5535,lsc_tail_cusum
11566,0.481,lsc_composite
11567,0.2774,lsc_kalman_cusum
11568,0.2774,lsc_kalman_cusum
11569,0.5619,raw_var_cusum
11570,0.1521,raw_cusum
11571,0.5619,raw_var_cusum
11572,0.1492,raw_var_cusum
11573,1.0,lsc_composite
11574,0.10165,lsc_composite
11575,0.481,lsc_composite
11576,0.1521,raw_cusum
11577,0.5535,lsc_tail_cusum
11578,0.1521,raw_cusum
11579,0.1521,raw_cusum
11580,0.5535,lsc_tail_cusum
11581,0.5535,lsc_tail_cusum
11582,0.5619,raw_var_cusum
11583,0.2774,lsc_kalman_cusum
11584,0.10165,lsc_composite
11585,0.2774,lsc_kalman_cusum
11586,0.5535,lsc_tail_cusum
11587,1.0,lsc_composite
11588,0.1492,raw_var_cusum
11589,0.481,lsc_composite
11590,0.5619,raw_var_cusum
11591,0.481,lsc_composite
11592,0.5535,lsc_tail_cusum
11593,0.14915,lsc_tail_cusum
11594,0.5619,raw_var_cusum
11595,0.1492,raw_var_cusum
11596,0.5535,lsc_tail_cusum
11597,0.10165,lsc_composite
11598,0.1492,raw_var_cusum
11599,0.2774,lsc_kalman_cusum
11600,0.5535,lsc_tail_cusum
11601,0.5619,raw_var_cusum
11602,0.481,lsc_composite
11603,0.1492,raw_var_cusum
11604,0.10165,lsc_composite
11605,0.5535,lsc_tail_cusum
11606,0.5535,lsc_tail_cusum
11607,0.2774,lsc_kalman_cusum
11608,0.02015,lsc_kalman_cusum
11609,0.2774,lsc_kalman_cusum
11610,0.5619,raw_var_cusum
11611,0.481,lsc_composite
11612,0.14915,lsc_tail_cusum
11613,0.14915,lsc_tail_cusum
11614,0.2774,lsc_kalman_cusum
11615,0.481,lsc_composite
11616,0.481,lsc_composite
11617,0.14915,lsc_tail_cusum
11618,0.5619,raw_var_cusum
11619,0.481,lsc_composite
11620,0.5535,lsc_tail_cusum
11621,0.14915,lsc_tail_cusum
11622,0.0198,lsc_tail_cusum
11623,0.481,lsc_composite
11624,0.1492,raw_var_cusum
11625,0.1492,raw_var_cusum
11626,0.10165,lsc_composite
11627,0.2774,lsc_kalman_cusum
11628,0.481,lsc_composite
11629,0.1492,raw_var_cusum
11630,0.2774,lsc_kalman_cusum
11631,1.0,lsc_composite
11632,0.2774,lsc_kalman_cusum
11633,0.5535,lsc_tail_cusum
11634,0.1521,raw_cusum
11635,0.1492,raw_var_cusum
11636,0.2774,lsc_kalman_cusum
11637,1.0,lsc_composite
11638,0.2774,lsc_kalman_cusum
11639,0.2774,lsc_kalman_cusum
11640,0.481,lsc_composite
11641,0.5619,raw_var_cusum
11642,1.0,lsc_composite
11643,1.0,lsc_composite
11644,0.5535,lsc_tail_cusum
11645,0.1521,raw_cusum
11646,0.1521,raw_cusum
11647,0.5535,lsc_tail_cusum
11648,0.1492,raw_var_cusum
11649,0.481,lsc_composite
11650,0.481,lsc_composite
11651,0.481,lsc_composite
11652,0.481,lsc_composite
11653,0.14915,lsc_tail_cusum
11654,0.481,lsc_composite
11655,0.481,lsc_composite
11656,0.1521,raw_cusum
11657,0.2774,lsc_kalman_cusum
11658,0.481,lsc_composite
11659,1.0,lsc_composite
11660,0.5535,lsc_tail_cusum
11661,0.1521,raw_cusum
11662,0.0198,lsc_tail_cusum
11663,0.1492,raw_var_cusum
11664,0.5535,lsc_tail_cusum
11665,0.14915,lsc_tail_cusum
11666,0.2774,lsc_kalman_cusum
11667,0.10165,lsc_composite
11668,0.5619,raw_var_cusum
11669,0.1521,raw_cusum
11670,0.0183,raw_var_cusum
11671,0.2774,lsc_kalman_cusum
11672,0.1492,raw_var_cusum
11673,0.10165,lsc_composite
11674,0.481,lsc_composite
11675,0.14915,lsc_tail_cusum
11676,0.2774,lsc_kalman_cusum
11677,0.0183,raw_var_cusum
11678,0.14915,lsc_tail_cusum
11679,0.2774,lsc_kalman_cusum
11680,0.481,lsc_composite
11681,0.481,lsc_composite
11682,0.1492,raw_var_cusum
11683,0.0012,raw_var_cusum
11684,0.1492,raw_var_cusum
11685,0.5535,lsc_tail_cusum
11686,0.5619,raw_var_cusum
11687,0.5619,raw_var_cusum
11688,0.0183,raw_var_cusum
11689,0.5535,lsc_tail_cusum
11690,0.5619,raw_var_cusum
11691,0.0198,lsc_tail_cusum
11692,0.0183,raw_var_cusum
11693,0.1521,raw_cusum
11694,0.2774,lsc_kalman_cusum
11695,0.0183,raw_var_cusum
11696,0.5535,lsc_tail_cusum
11697,0.10165,lsc_composite
11698,0.5619,raw_var_cusum
11699,0.2774,lsc_kalman_cusum
11700,0.10165,lsc_composite
11701,0.14915,lsc_tail_cusum
11702,0.14915,lsc_tail_cusum
11703,0.2774,lsc_kalman_cusum
11704,1.0,lsc_composite
11705,0.14915,lsc_tail_cusum
11706,1.0,lsc_composite
11707,0.5535,lsc_tail_cusum
11708,0.14915,lsc_tail_cusum
11709,0.14915,lsc_tail_cusum
11710,0.1492,raw_var_cusum
11711,0.1492,raw_var_cusum
11712,0.00925,lsc_composite
11713,0.0183,raw_var_cusum
11714,0.1492,raw_var_cusum
11715,1.0,lsc_composite
11716,0.0198,lsc_tail_cusum
11717,0.481,lsc_composite
11718,0.5535,lsc_tail_cusum
11719,0.10165,lsc_composite
11720,0.5535,lsc_tail_cusum
11721,0.14915,lsc_tail_cusum
11722,0.481,lsc_composite
11723,0.481,lsc_composite
11724,0.1492,raw_var_cusum
11725,0.14915,lsc_tail_cusum
11726,0.14915,lsc_tail_cusum
11727,0.1492,raw_var_cusum
11728,0.481,lsc_composite
11729,0.00925,lsc_composite
11730,0.2774,lsc_kalman_cusum
11731,0.481,lsc_composite
11732,0.2774,lsc_kalman_cusum
11733,0.2774,lsc_kalman_cusum
11734,0.2774,lsc_kalman_cusum
11735,0.5619,raw_var_cusum
11736,0.1521,raw_cusum
11737,0.2774,lsc_kalman_cusum
11738,0.1492,raw_var_cusum
11739,0.481,lsc_composite
11740,0.2774,lsc_kalman_cusum
11741,0.2774,lsc_kalman_cusum
11742,0.0198,lsc_tail_cusum
11743,0.481,lsc_composite
11744,1.0,lsc_composite
11745,0.2774,lsc_kalman_cusum
11746,0.10165,lsc_composite
11747,0.1492,raw_var_cusum
11748,1.0,lsc_composite
11749,0.5535,lsc_tail_cusum
11750,0.10165,lsc_composite
11751,0.02015,lsc_kalman_cusum
11752,0.1492,raw_var_cusum
11753,0.2774,lsc_kalman_cusum
11754,0.10165,lsc_composite
11755,0.481,lsc_composite
11756,0.14915,lsc_tail_cusum
11757,0.481,lsc_composite
11758,0.5535,lsc_tail_cusum
11759,0.5535,lsc_tail_cusum
11760,0.481,lsc_composite
11761,0.10165,lsc_composite
11762,0.10165,lsc_composite
11763,0.5619,raw_var_cusum
11764,0.2774,lsc_kalman_cusum
11765,0.10165,lsc_composite
11766,0.1521,raw_cusum
11767,0.5619,raw_var_cusum
11768,0.14915,lsc_tail_cusum
11769,0.5619,raw_var_cusum
11770,0.10165,lsc_composite
11771,1.0,lsc_composite
11772,0.14915,lsc_tail_cusum
11773,1.0,lsc_composite
11774,0.5535,lsc_tail_cusum
11775,0.481,lsc_composite
11776,0.481,lsc_composite
11777,0.481,lsc_composite
11778,0.5619,raw_var_cusum
11779,0.10165,lsc_composite
11780,0.5535,lsc_tail_cusum
11781,0.2774,lsc_kalman_cusum
11782,0.5535,lsc_tail_cusum
11783,0.481,lsc_composite
11784,0.481,lsc_composite
11785,0.14915,lsc_tail_cusum
11786,0.2774,lsc_kalman_cusum
11787,0.481,lsc_composite
11788,0.481,lsc_composite
11789,0.1521,raw_cusum
11790,0.5619,raw_var_cusum
11791,0.10165,lsc_composite
11792,0.5619,raw_var_cusum
11793,0.2774,lsc_kalman_cusum
11794,0.10165,lsc_composite
11795,0.0183,raw_var_cusum
11796,0.2774,lsc_kalman_cusum
11797,0.1521,raw_cusum
11798,0.481,lsc_composite
11799,0.1521,raw_cusum
11800,0.1492,raw_var_cusum
11801,0.1492,raw_var_cusum
11802,0.1521,raw_cusum
11803,0.02015,lsc_kalman_cusum
11804,0.0183,raw_var_cusum
11805,0.5619,raw_var_cusum
11806,0.481,lsc_composite
11807,0.5619,raw_var_cusum
11808,0.2774,lsc_kalman_cusum
11809,0.1521,raw_cusum
11810,0.5535,lsc_tail_cusum
11811,0.2774,lsc_kalman_cusum
11812,0.10165,lsc_composite
11813,1.0,lsc_composite
11814,0.10165,lsc_composite
11815,0.1521,raw_cusum
11816,0.02015,lsc_kalman_cusum
11817,0.1521,raw_cusum
11818,0.5619,raw_var_cusum
11819,0.10165,lsc_composite
11820,0.10165,lsc_composite
11821,0.2774,lsc_kalman_cusum
11822,0.5535,lsc_tail_cusum
11823,0.2774,lsc_kalman_cusum
11824,0.481,lsc_composite
11825,0.1492,raw_var_cusum
11826,0.481,lsc_composite
11827,0.14915,lsc_tail_cusum
11828,0.5619,raw_var_cusum
11829,0.1492,raw_var_cusum
11830,0.5535,lsc_tail_cusum
11831,0.1492,raw_var_cusum
11832,0.10165,lsc_composite
11833,0.14915,lsc_tail_cusum
11834,0.10165,lsc_composite
11835,0.2774,lsc_kalman_cusum
11836,0.5535,lsc_tail_cusum
11837,0.1492,raw_var_cusum
11838,0.2774,lsc_kalman_cusum
11839,0.481,lsc_composite
11840,0.14915,lsc_tail_cusum
11841,0.0183,raw_var_cusum
11842,0.14915,lsc_tail_cusum
11843,0.14915,lsc_tail_cusum
11844,0.10165,lsc_composite
11845,0.481,lsc_composite
11846,0.2774,lsc_kalman_cusum
11847,0.2774,lsc_kalman_cusum
11848,1.0,lsc_composite
11849,0.5535,lsc_tail_cusum
11850,0.481,lsc_composite
11851,0.1492,raw_var_cusum
11852,0.14915,lsc_tail_cusum
11853,0.5535,lsc_tail_cusum
11854,0.481,lsc_composite
11855,0.481,lsc_composite
11856,0.2774,lsc_kalman_cusum
11857,0.2774,lsc_kalman_cusum
11858,0.14915,lsc_tail_cusum
11859,0.5535,lsc_tail_cusum
11860,0.10165,lsc_composite
11861,0.1492,raw_var_cusum
11862,0.1521,raw_cusum
11863,0.2774,lsc_kalman_cusum
11864,0.481,lsc_composite
11865,0.10165,lsc_composite
11866,0.2774,lsc_kalman_cusum
11867,0.5535,lsc_tail_cusum
11868,0.5535,lsc_tail_cusum
11869,0.14915,lsc_tail_cusum
11870,0.5619,raw_var_cusum
11871,0.10165,lsc_composite
11872,0.2774,lsc_kalman_cusum
11873,0.5619,raw_var_cusum
11874,0.14915,lsc_tail_cusum
11875,0.14915,lsc_tail_cusum
11876,0.2774,lsc_kalman_cusum
11877,0.2774,lsc_kalman_cusum
11878,0.5535,lsc_tail_cusum
11879,0.5619,raw_var_cusum
11880,0.481,lsc_composite
11881,0.1521,raw_cusum
11882,0.2774,lsc_kalman_cusum
11883,0.481,lsc_composite
11884,0.14915,lsc_tail_cusum
11885,0.10165,lsc_composite
11886,0.1492,raw_var_cusum
11887,0.481,lsc_composite
11888,0.481,lsc_composite
11889,0.1521,raw_cusum
11890,0.481,lsc_composite
11891,0.14915,lsc_tail_cusum
11892,0.2774,lsc_kalman_cusum
11893,0.481,lsc_composite
11894,0.1521,raw_cusum
11895,0.481,lsc_composite
11896,0.481,lsc_composite
11897,0.10165,lsc_composite
11898,0.5619,raw_var_cusum
11899,0.481,lsc_composite
11900,0.5535,lsc_tail_cusum
11901,0.1521,raw_cusum
11902,0.1492,raw_var_cusum
11903,0.1492,raw_var_cusum
11904,0.14915,lsc_tail_cusum
11905,0.5535,lsc_tail_cusum
11906,1.0,lsc_composite
11907,0.481,lsc_composite
11908,0.1521,raw_cusum
11909,0.5535,lsc_tail_cusum
11910,0.1521,raw_cusum
11911,0.14915,lsc_tail_cusum
11912,0.1492,raw_var_cusum
11913,0.5619,raw_var_cusum
11914,0.481,lsc_composite
11915,0.1521,raw_cusum
11916,0.481,lsc_composite
11917,0.10165,lsc_composite
11918,0.10165,lsc_composite
11919,1.0,lsc_composite
11920,0.2774,lsc_kalman_cusum
11921,0.10165,lsc_composite
11922,0.10165,lsc_composite
11923,0.1521,raw_cusum
11924,0.14915,lsc_tail_cusum
11925,0.5619,raw_var_cusum
11926,0.0198,lsc_tail_cusum
11927,1.0,lsc_composite
11928,0.1492,raw_var_cusum
11929,1.0,lsc_composite
11930,0.2774,lsc_kalman_cusum
11931,0.2774,lsc_kalman_cusum
11932,0.2774,lsc_kalman_cusum
11933,0.481,lsc_composite
11934,1.0,lsc_composite
11935,0.5535,lsc_tail_cusum
11936,0.0183,raw_var_cusum
11937,0.14915,lsc_tail_cusum
11938,0.1521,raw_cusum
11939,1.0,lsc_composite
11940,0.481,lsc_composite
11941,0.14915,lsc_tail_cusum
11942,0.0198,lsc_tail_cusum
11943,0.5535,lsc_tail_cusum
11944,0.481,lsc_composite
11945,0.481,lsc_composite
11946,0.10165,lsc_composite
11947,0.0183,raw_var_cusum
11948,0.5619,raw_var_cusum
11949,0.1492,raw_var_cusum
11950,0.5535,lsc_tail_cusum
11951,0.10165,lsc_composite
11952,0.5535,lsc_tail_cusum
11953,0.14915,lsc_tail_cusum
11954,0.1492,raw_var_cusum
11955,0.10165,lsc_composite
11956,0.1492,raw_var_cusum
11957,0.2774,lsc_kalman_cusum
11958,0.481,lsc_composite
11959,1.0,lsc_composite
11960,0.1521,raw_cusum
11961,0.14915,lsc_tail_cusum
11962,0.2774,lsc_kalman_cusum
11963,0.1492,raw_var_cusum
11964,0.481,lsc_composite
11965,0.481,lsc_composite
11966,0.481,lsc_composite
11967,1.0,lsc_composite
11968,1.0,lsc_composite
11969,0.0183,raw_var_cusum
11970,0.0183,raw_var_cusum
11971,1.0,lsc_composite
11972,0.2774,lsc_kalman_cusum
11973,0.5535,lsc_tail_cusum
11974,0.481,lsc_composite
11975,0.481,lsc_composite
11976,0.2774,lsc_kalman_cusum
11977,0.5535,lsc_tail_cusum
11978,0.2774,lsc_kalman_cusum
11979,0.2774,lsc_kalman_cusum
11980,0.0183,raw_var_cusum
11981,0.2774,lsc_kalman_cusum
11982,0.5619,raw_var_cusum
11983,0.1521,raw_cusum
11984,0.5535,lsc_tail_cusum
11985,0.2774,lsc_kalman_cusum
11986,0.1521,raw_cusum
11987,0.481,lsc_composite
11988,1.0,lsc_composite
11989,0.5619,raw_var_cusum
11990,0.1492,raw_var_cusum
11991,0.481,lsc_composite
11992,0.1492,raw_var_cusum
11993,0.481,lsc_composite
11994,0.2774,lsc_kalman_cusum
11995,0.5535,lsc_tail_cusum
11996,0.10165,lsc_composite
11997,0.1521,raw_cusum
11998,0.5535,lsc_tail_cusum
11999,0.1521,raw_cusum
12000,0.1521,raw_cusum
12001,0.1521,raw_cusum
12002,0.481,lsc_composite
12003,0.481,lsc_composite
12004,0.14915,lsc_tail_cusum
12005,0.10165,lsc_composite
12006,0.5535,lsc_tail_cusum
12007,0.2774,lsc_kalman_cusum
12008,0.1492,raw_var_cusum
12009,0.2774,lsc_kalman_cusum
12010,0.1492,raw_var_cusum
12011,1.0,lsc_composite
12012,0.481,lsc_composite
12013,0.2774,lsc_kalman_cusum
12014,0.481,lsc_composite
12015,0.2774,lsc_kalman_cusum
12016,0.1521,raw_cusum
12017,0.1492,raw_var_cusum
12018,1.0,lsc_composite
12019,0.14915,lsc_tail_cusum
12020,0.10165,lsc_composite
12021,0.2774,lsc_kalman_cusum
12022,0.1521,raw_cusum
12023,0.481,lsc_composite
12024,0.481,lsc_composite
12025,1.0,lsc_composite
12026,0.14915,lsc_tail_cusum
12027,0.2774,lsc_kalman_cusum
12028,0.2774,lsc_kalman_cusum
12029,0.2774,lsc_kalman_cusum
12030,0.481,lsc_composite
12031,1.0,lsc_composite
12032,0.481,lsc_composite
12033,1.0,lsc_composite
12034,0.481,lsc_composite
12035,0.0198,lsc_tail_cusum
12036,0.14915,lsc_tail_cusum
12037,0.481,lsc_composite
12038,0.1521,raw_cusum
12039,0.2774,lsc_kalman_cusum
12040,0.14915,lsc_tail_cusum
12041,0.5535,lsc_tail_cusum
12042,1.0,lsc_composite
12043,0.481,lsc_composite
12044,0.481,lsc_composite
12045,0.2774,lsc_kalman_cusum
12046,0.10165,lsc_composite
12047,0.10165,lsc_composite
12048,0.1492,raw_var_cusum
12049,0.481,lsc_composite
12050,0.1492,raw_var_cusum
12051,0.2774,lsc_kalman_cusum
12052,0.481,lsc_composite
12053,0.0198,lsc_tail_cusum
12054,0.481,lsc_composite
12055,0.481,lsc_composite
12056,0.5535,lsc_tail_cusum
12057,0.1521,raw_cusum
12058,0.14915,lsc_tail_cusum
12059,0.2774,lsc_kalman_cusum
12060,0.1521,raw_cusum
12061,0.14915,lsc_tail_cusum
12062,0.1492,raw_var_cusum
12063,0.1521,raw_cusum
12064,0.481,lsc_composite
12065,0.14915,lsc_tail_cusum
12066,0.10165,lsc_composite
12067,1.0,lsc_composite
12068,1.0,lsc_composite
12069,0.02015,lsc_kalman_cusum
12070,0.5535,lsc_tail_cusum
12071,0.10165,lsc_composite
12072,0.2774,lsc_kalman_cusum
12073,0.1492,raw_var_cusum
12074,0.10165,lsc_composite
12075,0.14915,lsc_tail_cusum
12076,0.2774,lsc_kalman_cusum
12077,0.481,lsc_composite
12078,0.481,lsc_composite
12079,0.14915,lsc_tail_cusum
12080,0.0198,lsc_tail_cusum
12081,0.10165,lsc_composite
12082,0.14915,lsc_tail_cusum
12083,0.5619,raw_var_cusum
12084,1.0,lsc_composite
12085,1.0,lsc_composite
12086,0.10165,lsc_composite
12087,0.1492,raw_var_cusum
12088,0.14915,lsc_tail_cusum
12089,0.5535,lsc_tail_cusum
12090,0.1492,raw_var_cusum
12091,0.0183,raw_var_cusum
12092,0.481,lsc_composite
12093,0.14915,lsc_tail_cusum
12094,0.481,lsc_composite
12095,0.10165,lsc_composite
12096,0.14915,lsc_tail_cusum
12097,0.1492,raw_var_cusum
12098,0.5619,raw_var_cusum
12099,0.481,lsc_composite
12100,0.02015,lsc_kalman_cusum
12101,0.1492,raw_var_cusum
12102,0.481,lsc_composite
12103,0.481,lsc_composite
12104,0.14915,lsc_tail_cusum
12105,0.0198,lsc_tail_cusum
12106,0.2774,lsc_kalman_cusum
12107,0.2774,lsc_kalman_cusum
12108,0.481,lsc_composite
12109,0.14915,lsc_tail_cusum
12110,0.481,lsc_composite
12111,0.481,lsc_composite
12112,0.10165,lsc_composite
12113,1.0,lsc_composite
12114,0.1492,raw_var_cusum
12115,0.2774,lsc_kalman_cusum
12116,1.0,lsc_composite
12117,0.1492,raw_var_cusum
12118,0.5535,lsc_tail_cusum
12119,0.5535,lsc_tail_cusum
12120,0.2774,lsc_kalman_cusum
12121,0.5619,raw_var_cusum
12122,0.14915,lsc_tail_cusum
12123,0.481,lsc_composite
12124,0.5619,raw_var_cusum
12125,0.481,lsc_composite
12126,1.0,lsc_composite
12127,0.1521,raw_cusum
12128,0.5619,raw_var_cusum
12129,0.1492,raw_var_cusum
12130,0.00925,lsc_composite
12131,0.5535,lsc_tail_cusum
12132,0.5535,lsc_tail_cusum
12133,0.5535,lsc_tail_cusum
12134,0.14915,lsc_tail_cusum
12135,0.0183,raw_var_cusum
12136,0.5535,lsc_tail_cusum
12137,0.481,lsc_composite
12138,0.1492,raw_var_cusum
12139,0.2774,lsc_kalman_cusum
12140,0.2774,lsc_kalman_cusum
12141,0.10165,lsc_composite
12142,0.14915,lsc_tail_cusum
12143,0.14915,lsc_tail_cusum
12144,0.481,lsc_composite
12145,1.0,lsc_composite
12146,0.2774,lsc_kalman_cusum
12147,0.1521,raw_cusum
12148,0.5619,raw_var_cusum
12149,0.2774,lsc_kalman_cusum
12150,0.2774,lsc_kalman_cusum
12151,0.10165,lsc_composite
12152,0.481,lsc_composite
12153,0.0183,raw_var_cusum
12154,0.1492,raw_var_cusum
12155,0.2774,lsc_kalman_cusum
12156,0.1521,raw_cusum
12157,0.481,lsc_composite
12158,0.2774,lsc_kalman_cusum
12159,0.1521,raw_cusum
12160,0.5619,raw_var_cusum
12161,0.481,lsc_composite
12162,0.481,lsc_composite
12163,0.481,lsc_composite
12164,0.2774,lsc_kalman_cusum
12165,0.10165,lsc_composite
12166,0.2774,lsc_kalman_cusum
12167,0.14915,lsc_tail_cusum
12168,0.2774,lsc_kalman_cusum
12169,0.10165,lsc_composite
12170,1.0,lsc_composite
12171,0.10165,lsc_composite
12172,0.1492,raw_var_cusum
12173,0.5535,lsc_tail_cusum
12174,0.481,lsc_composite
12175,0.5535,lsc_tail_cusum
12176,0.481,lsc_composite
12177,0.10165,lsc_composite
12178,0.0183,raw_var_cusum
12179,0.1492,raw_var_cusum
12180,0.481,lsc_composite
12181,0.10165,lsc_composite
12182,0.10165,lsc_composite
12183,0.1492,raw_var_cusum
12184,0.1521,raw_cusum
12185,0.1521,raw_cusum
12186,1.0,lsc_composite
12187,0.1492,raw_var_cusum
12188,0.1521,raw_cusum
12189,0.5535,lsc_tail_cusum
12190,0.1521,raw_cusum
12191,0.481,lsc_composite
12192,0.5535,lsc_tail_cusum
12193,0.5535,lsc_tail_cusum
12194,0.2774,lsc_kalman_cusum
12195,0.481,lsc_composite
12196,0.10165,lsc_composite
12197,0.1492,raw_var_cusum
12198,1.0,lsc_composite
12199,0.0198,lsc_tail_cusum
12200,0.1521,raw_cusum
12201,0.02015,lsc_kalman_cusum
12202,0.481,lsc_composite
12203,0.10165,lsc_composite
12204,0.1521,raw_cusum
12205,0.14915,lsc_tail_cusum
12206,0.0012,raw_var_cusum
12207,0.14915,lsc_tail_cusum
12208,0.14915,lsc_tail_cusum
12209,0.2774,lsc_kalman_cusum
12210,0.5619,raw_var_cusum
12211,0.1492,raw_var_cusum
12212,0.5619,raw_var_cusum
12213,0.1492,raw_var_cusum
12214,0.1521,raw_cusum
12215,0.5535,lsc_tail_cusum
12216,0.5535,lsc_tail_cusum
12217,0.10165,lsc_composite
12218,0.481,lsc_composite
12219,0.5619,raw_var_cusum
12220,0.2774,lsc_kalman_cusum
12221,0.481,lsc_composite
12222,0.481,lsc_composite
12223,0.10165,lsc_composite
12224,0.0198,lsc_tail_cusum
12225,0.1492,raw_var_cusum
12226,0.0183,raw_var_cusum
12227,0.481,lsc_composite
12228,0.10165,lsc_composite
12229,0.481,lsc_composite
12230,0.481,lsc_composite
12231,0.5535,lsc_tail_cusum
12232,0.2774,lsc_kalman_cusum
12233,0.481,lsc_composite
12234,0.10165,lsc_composite
12235,0.5535,lsc_tail_cusum
12236,0.1492,raw_var_cusum
12237,1.0,lsc_composite
12238,0.5619,raw_var_cusum
12239,0.00925,lsc_composite
12240,0.481,lsc_composite
12241,0.1521,raw_cusum
12242,1.0,lsc_composite
12243,0.14915,lsc_tail_cusum
12244,0.10165,lsc_composite
12245,0.481,lsc_composite
12246,0.1492,raw_var_cusum
12247,0.14915,lsc_tail_cusum
12248,0.481,lsc_composite
12249,0.5535,lsc_tail_cusum
12250,0.1492,raw_var_cusum
12251,0.14915,lsc_tail_cusum
12252,0.1521,raw_cusum
12253,0.2774,lsc_kalman_cusum
12254,0.14915,lsc_tail_cusum
12255,0.14915,lsc_tail_cusum
12256,0.1521,raw_cusum
12257,0.10165,lsc_composite
12258,0.10165,lsc_composite
12259,0.02015,lsc_kalman_cusum
12260,0.481,lsc_composite
12261,0.14915,lsc_tail_cusum
12262,0.5535,lsc_tail_cusum
12263,0.5535,lsc_tail_cusum
12264,0.1492,raw_var_cusum
12265,0.2774,lsc_kalman_cusum
12266,0.1521,raw_cusum
12267,0.5535,lsc_tail_cusum
12268,0.1521,raw_cusum
12269,0.5535,lsc_tail_cusum
12270,0.10165,lsc_composite
12271,0.5619,raw_var_cusum
12272,0.14915,lsc_tail_cusum
12273,0.481,lsc_composite
12274,0.481,lsc_composite
12275,0.1492,raw_var_cusum
12276,0.1492,raw_var_cusum
12277,0.2774,lsc_kalman_cusum
12278,0.0183,raw_var_cusum
12279,0.10165,lsc_composite
12280,0.10165,lsc_composite
12281,0.10165,lsc_composite
12282,0.1521,raw_cusum
12283,0.00925,lsc_composite
12284,0.1492,raw_var_cusum
12285,0.481,lsc_composite
12286,0.2774,lsc_kalman_cusum
12287,0.1492,raw_var_cusum
12288,0.2774,lsc_kalman_cusum
12289,0.14915,lsc_tail_cusum
12290,0.481,lsc_composite
12291,0.2774,lsc_kalman_cusum
12292,0.5535,lsc_tail_cusum
12293,1.0,lsc_composite
12294,0.14915,lsc_tail_cusum
12295,0.1521,raw_cusum
12296,0.2774,lsc_kalman_cusum
12297,0.5619,raw_var_cusum
12298,0.1492,raw_var_cusum
12299,0.1521,raw_cusum
12300,0.2774,lsc_kalman_cusum
12301,0.2774,lsc_kalman_cusum
12302,0.2774,lsc_kalman_cusum
12303,0.1521,raw_cusum
12304,0.1521,raw_cusum
12305,0.0183,raw_var_cusum
12306,1.0,lsc_composite
12307,0.5535,lsc_tail_cusum
12308,1.0,lsc_composite
12309,0.5619,raw_var_cusum
12310,0.2774,lsc_kalman_cusum
12311,0.14915,lsc_tail_cusum
12312,0.10165,lsc_composite
12313,0.481,lsc_composite
12314,0.14915,lsc_tail_cusum
12315,0.0198,lsc_tail_cusum
12316,0.5619,raw_var_cusum
12317,1.0,lsc_composite
12318,0.481,lsc_composite
12319,1.0,lsc_composite
12320,0.1492,raw_var_cusum
12321,0.14915,lsc_tail_cusum
12322,0.481,lsc_composite
12323,0.2774,lsc_kalman_cusum
12324,0.2774,lsc_kalman_cusum
12325,0.1492,raw_var_cusum
12326,0.2774,lsc_kalman_cusum
12327,0.14915,lsc_tail_cusum
12328,0.5535,lsc_tail_cusum
12329,0.14915,lsc_tail_cusum
12330,0.5619,raw_var_cusum
12331,0.481,lsc_composite
12332,0.481,lsc_composite
12333,0.14915,lsc_tail_cusum
12334,0.481,lsc_composite
12335,0.481,lsc_composite
12336,0.5535,lsc_tail_cusum
12337,1.0,lsc_composite
12338,0.10165,lsc_composite
12339,1.0,lsc_composite
12340,0.02015,lsc_kalman_cusum
12341,0.2774,lsc_kalman_cusum
12342,0.1521,raw_cusum
12343,0.14915,lsc_tail_cusum
12344,0.5619,raw_var_cusum
12345,0.481,lsc_composite
12346,0.481,lsc_composite
12347,0.481,lsc_composite
12348,0.1521,raw_cusum
12349,0.2774,lsc_kalman_cusum
12350,0.481,lsc_composite
12351,0.481,lsc_composite
12352,0.2774,lsc_kalman_cusum
12353,0.1521,raw_cusum
12354,1.0,lsc_composite
12355,0.2774,lsc_kalman_cusum
12356,0.481,lsc_composite
12357,0.481,lsc_composite
12358,0.02015,lsc_kalman_cusum
12359,0.5619,raw_var_cusum
12360,0.2774,lsc_kalman_cusum
12361,0.10165,lsc_composite
12362,0.14915,lsc_tail_cusum
12363,0.0198,lsc_tail_cusum
12364,0.481,lsc_composite
12365,0.10165,lsc_composite
12366,0.00925,lsc_composite
12367,0.14915,lsc_tail_cusum
12368,0.2774,lsc_kalman_cusum
12369,0.481,lsc_composite
12370,0.10165,lsc_composite
12371,0.1521,raw_cusum
12372,0.00925,lsc_composite
12373,0.1492,raw_var_cusum
12374,0.1492,raw_var_cusum
12375,0.0183,raw_var_cusum
12376,0.481,lsc_composite
12377,0.10165,lsc_composite
12378,0.5535,lsc_tail_cusum
12379,0.481,lsc_composite
12380,0.10165,lsc_composite
12381,0.2774,lsc_kalman_cusum
12382,0.00925,lsc_composite
12383,0.2774,lsc_kalman_cusum
12384,0.481,lsc_composite
12385,0.481,lsc_composite
12386,0.5535,lsc_tail_cusum
12387,0.481,lsc_composite
12388,0.2774,lsc_kalman_cusum
12389,0.1492,raw_var_cusum
12390,0.481,lsc_composite
12391,0.1521,raw_cusum
12392,0.1492,raw_var_cusum
12393,0.1521,raw_cusum
12394,0.5535,lsc_tail_cusum
12395,0.481,lsc_composite
12396,0.0183,raw_var_cusum
12397,0.5535,lsc_tail_cusum
12398,0.481,lsc_composite
12399,0.5619,raw_var_cusum
12400,0.2774,lsc_kalman_cusum
12401,0.14915,lsc_tail_cusum
12402,1.0,lsc_composite
12403,0.2774,lsc_kalman_cusum
12404,0.10165,lsc_composite
12405,0.5535,lsc_tail_cusum
12406,0.1521,raw_cusum
12407,0.2774,lsc_kalman_cusum
12408,0.00925,lsc_composite
12409,0.1492,raw_var_cusum
12410,0.2774,lsc_kalman_cusum
12411,0.5535,lsc_tail_cusum
12412,0.481,lsc_composite
12413,0.2774,lsc_kalman_cusum
12414,0.1521,raw_cusum
12415,0.481,lsc_composite
12416,0.14915,lsc_tail_cusum
12417,0.5535,lsc_tail_cusum
12418,0.481,lsc_composite
12419,0.5535,lsc_tail_cusum
12420,0.481,lsc_composite
12421,0.10165,lsc_composite
12422,0.2774,lsc_kalman_cusum
12423,0.481,lsc_composite
12424,0.10165,lsc_composite
12425,0.02015,lsc_kalman_cusum
12426,0.2774,lsc_kalman_cusum
12427,0.2774,lsc_kalman_cusum
12428,0.14915,lsc_tail_cusum
12429,0.2774,lsc_kalman_cusum
12430,0.10165,lsc_composite
12431,0.481,lsc_composite
12432,0.481,lsc_composite
12433,0.1521,raw_cusum
12434,0.14915,lsc_tail_cusum
12435,0.481,lsc_composite
12436,0.5535,lsc_tail_cusum
12437,0.1521,raw_cusum
12438,0.14915,lsc_tail_cusum
12439,0.10165,lsc_composite
12440,0.1521,raw_cusum
12441,0.1521,raw_cusum
12442,0.10165,lsc_composite
12443,0.481,lsc_composite
12444,0.1521,raw_cusum
12445,0.481,lsc_composite
12446,0.5535,lsc_tail_cusum
12447,0.481,lsc_composite
12448,0.1492,raw_var_cusum
12449,0.2774,lsc_kalman_cusum
12450,0.5619,raw_var_cusum
12451,0.5619,raw_var_cusum
12452,0.0198,lsc_tail_cusum
12453,0.481,lsc_composite
12454,0.14915,lsc_tail_cusum
12455,0.2774,lsc_kalman_cusum
12456,0.5619,raw_var_cusum
12457,0.2774,lsc_kalman_cusum
12458,0.481,lsc_composite
12459,0.1492,raw_var_cusum
12460,1.0,lsc_composite
12461,0.5535,lsc_tail_cusum
12462,0.2774,lsc_kalman_cusum
12463,0.1492,raw_var_cusum
12464,0.14915,lsc_tail_cusum
12465,0.481,lsc_composite
12466,0.2774,lsc_kalman_cusum
12467,0.481,lsc_composite
12468,0.1521,raw_cusum
12469,0.14915,lsc_tail_cusum
12470,0.1521,raw_cusum
12471,0.2774,lsc_kalman_cusum
12472,0.481,lsc_composite
12473,0.2774,lsc_kalman_cusum
12474,0.481,lsc_composite
12475,0.481,lsc_composite
12476,0.10165,lsc_composite
12477,0.1492,raw_var_cusum
12478,0.10165,lsc_composite
12479,0.10165,lsc_composite
12480,0.2774,lsc_kalman_cusum
12481,0.14915,lsc_tail_cusum
12482,0.0198,lsc_tail_cusum
12483,0.481,lsc_composite
12484,1.0,lsc_composite
12485,0.0183,raw_var_cusum
12486,0.5619,raw_var_cusum
12487,0.5619,raw_var_cusum
12488,0.481,lsc_composite
12489,0.481,lsc_composite
12490,1.0,lsc_composite
12491,0.14915,lsc_tail_cusum
12492,0.14915,lsc_tail_cusum
12493,0.2774,lsc_kalman_cusum
12494,0.2774,lsc_kalman_cusum
12495,0.2774,lsc_kalman_cusum
12496,0.2774,lsc_kalman_cusum
12497,0.10165,lsc_composite
12498,0.5619,raw_var_cusum
12499,0.1492,raw_var_cusum
12500,0.14915,lsc_tail_cusum
12501,0.2774,lsc_kalman_cusum
12502,0.0198,lsc_tail_cusum
12503,0.5535,lsc_tail_cusum
12504,0.0198,lsc_tail_cusum
12505,0.1492,raw_var_cusum
12506,1.0,lsc_composite
12507,0.5619,raw_var_cusum
12508,0.10165,lsc_composite
12509,0.10165,lsc_composite
12510,0.481,lsc_composite
12511,0.1492,raw_var_cusum
12512,1.0,lsc_composite
12513,0.02015,lsc_kalman_cusum
12514,0.5535,lsc_tail_cusum
12515,0.1521,raw_cusum
12516,0.481,lsc_composite
12517,0.1492,raw_var_cusum
12518,0.481,lsc_composite
12519,0.14915,lsc_tail_cusum
12520,0.1521,raw_cusum
12521,0.5619,raw_var_cusum
12522,0.10165,lsc_composite
12523,0.14915,lsc_tail_cusum
12524,0.1492,raw_var_cusum
12525,0.1492,raw_var_cusum
12526,1.0,lsc_composite
12527,0.1492,raw_var_cusum
12528,0.14915,lsc_tail_cusum
12529,0.5535,lsc_tail_cusum
12530,0.1492,raw_var_cusum
12531,1.0,lsc_composite
12532,0.1492,raw_var_cusum
12533,0.02015,lsc_kalman_cusum
12534,0.2774,lsc_kalman_cusum
12535,0.481,lsc_composite
12536,0.2774,lsc_kalman_cusum
12537,0.5619,raw_var_cusum
12538,0.10165,lsc_composite
12539,0.1492,raw_var_cusum
12540,0.1492,raw_var_cusum
12541,0.10165,lsc_composite
12542,0.2774,lsc_kalman_cusum
12543,0.481,lsc_composite
12544,0.5535,lsc_tail_cusum
12545,0.481,lsc_composite
12546,0.2774,lsc_kalman_cusum
12547,0.02015,lsc_kalman_cusum
12548,0.1492,raw_var_cusum
12549,0.0198,lsc_tail_cusum
12550,0.14915,lsc_tail_cusum
12551,0.2774,lsc_kalman_cusum
12552,0.1492,raw_var_cusum
12553,0.481,lsc_composite
12554,0.02015,lsc_kalman_cusum
12555,0.2774,lsc_kalman_cusum
12556,0.14915,lsc_tail_cusum
12557,0.1492,raw_var_cusum
12558,0.481,lsc_composite
12559,0.2774,lsc_kalman_cusum
12560,0.1521,raw_cusum
12561,0.5619,raw_var_cusum
12562,0.481,lsc_composite
12563,1.0,lsc_composite
12564,0.5535,lsc_tail_cusum
12565,0.481,lsc_composite
12566,0.00925,lsc_composite
12567,0.2774,lsc_kalman_cusum
12568,0.2774,lsc_kalman_cusum
12569,0.481,lsc_composite
12570,0.481,lsc_composite
12571,0.14915,lsc_tail_cusum
12572,0.0198,lsc_tail_cusum
12573,0.10165,lsc_composite
12574,0.5535,lsc_tail_cusum
12575,0.2774,lsc_kalman_cusum
12576,0.10165,lsc_composite
12577,0.5619,raw_var_cusum
12578,0.14915,lsc_tail_cusum
12579,0.1521,raw_cusum
12580,0.2774,lsc_kalman_cusum
12581,1.0,lsc_composite
12582,0.481,lsc_composite
12583,0.481,lsc_composite
12584,0.10165,lsc_composite
12585,0.481,lsc_composite
12586,0.0198,lsc_tail_cusum
12587,1.0,lsc_composite
12588,0.0183,raw_var_cusum
12589,0.5619,raw_var_cusum
12590,0.0198,lsc_tail_cusum
12591,0.0183,raw_var_cusum
12592,0.2774,lsc_kalman_cusum
12593,1.0,lsc_composite
12594,0.14915,lsc_tail_cusum
12595,0.5535,lsc_tail_cusum
12596,0.14915,lsc_tail_cusum
12597,0.5535,lsc_tail_cusum
12598,0.1521,raw_cusum
12599,0.02015,lsc_kalman_cusum
12600,0.1492,raw_var_cusum
12601,0.481,lsc_composite
12602,0.5535,lsc_tail_cusum
12603,0.481,lsc_composite
12604,0.2774,lsc_kalman_cusum
12605,0.5619,raw_var_cusum
12606,0.1521,raw_cusum
12607,0.481,lsc_composite
12608,0.10165,lsc_composite
12609,0.481,lsc_composite
12610,0.2774,lsc_kalman_cusum
12611,0.1492,raw_var_cusum
12612,0.481,lsc_composite
12613,0.14915,lsc_tail_cusum
12614,0.481,lsc_composite
12615,0.1521,raw_cusum
12616,0.5535,lsc_tail_cusum
12617,0.1521,raw_cusum
12618,0.1492,raw_var_cusum
12619,0.5535,lsc_tail_cusum
12620,0.2774,lsc_kalman_cusum
12621,0.5535,lsc_tail_cusum
12622,0.1521,raw_cusum
12623,0.1492,raw_var_cusum
12624,0.5535,lsc_tail_cusum
12625,0.481,lsc_composite
12626,0.10165,lsc_composite
12627,0.1492,raw_var_cusum
12628,0.1492,raw_var_cusum
12629,0.02015,lsc_kalman_cusum
12630,0.14915,lsc_tail_cusum
12631,0.1521,raw_cusum
12632,0.1521,raw_cusum
12633,0.1521,raw_cusum
12634,0.481,lsc_composite
12635,0.14915,lsc_tail_cusum
12636,0.1492,raw_var_cusum
12637,0.1492,raw_var_cusum
12638,0.481,lsc_composite
12639,0.5619,raw_var_cusum
12640,0.481,lsc_composite
12641,0.5535,lsc_tail_cusum
12642,0.2774,lsc_kalman_cusum
12643,0.1521,raw_cusum
12644,0.5535,lsc_tail_cusum
12645,0.5535,lsc_tail_cusum
12646,0.2774,lsc_kalman_cusum
12647,0.14915,lsc_tail_cusum
12648,0.1492,raw_var_cusum
12649,0.481,lsc_composite
12650,0.481,lsc_composite
12651,1.0,lsc_composite
12652,0.2774,lsc_kalman_cusum
12653,0.0183,raw_var_cusum
12654,0.1521,raw_cusum
12655,0.481,lsc_composite
12656,0.481,lsc_composite
12657,0.10165,lsc_composite
12658,0.1521,raw_cusum
12659,1.0,lsc_composite
12660,0.02015,lsc_kalman_cusum
12661,1.0,lsc_composite
12662,0.1492,raw_var_cusum
12663,0.5535,lsc_tail_cusum
12664,0.10165,lsc_composite
12665,0.02015,lsc_kalman_cusum
12666,0.2774,lsc_kalman_cusum
12667,0.5535,lsc_tail_cusum
12668,0.481,lsc_composite
12669,0.481,lsc_composite
12670,0.481,lsc_composite
12671,0.1521,raw_cusum
12672,0.1521,raw_cusum
12673,0.2774,lsc_kalman_cusum
12674,0.14915,lsc_tail_cusum
12675,0.2774,lsc_kalman_cusum
12676,0.1521,raw_cusum
12677,0.14915,lsc_tail_cusum
12678,0.2774,lsc_kalman_cusum
12679,0.10165,lsc_composite
12680,1.0,lsc_composite
12681,0.5619,raw_var_cusum
12682,0.1521,raw_cusum
12683,0.481,lsc_composite
12684,0.5619,raw_var_cusum
12685,0.14915,lsc_tail_cusum
12686,0.1492,raw_var_cusum
12687,0.481,lsc_composite
12688,0.481,lsc_composite
12689,0.481,lsc_composite
12690,0.5619,raw_var_cusum
12691,0.481,lsc_composite
12692,0.5619,raw_var_cusum
12693,0.481,lsc_composite
12694,0.2774,lsc_kalman_cusum
12695,0.10165,lsc_composite
12696,0.2774,lsc_kalman_cusum
12697,0.2774,lsc_kalman_cusum
12698,0.10165,lsc_composite
12699,0.14915,lsc_tail_cusum
12700,0.10165,lsc_composite
12701,0.14915,lsc_tail_cusum
12702,1.0,lsc_composite
12703,0.1521,raw_cusum
12704,0.2774,lsc_kalman_cusum
12705,0.5535,lsc_tail_cusum
12706,0.481,lsc_composite
12707,0.1521,raw_cusum
12708,0.10165,lsc_composite
12709,0.5535,lsc_tail_cusum
12710,0.5619,raw_var_cusum
12711,0.2774,lsc_kalman_cusum
12712,0.5619,raw_var_cusum
12713,0.10165,lsc_composite
12714,0.1492,raw_var_cusum
12715,0.481,lsc_composite
12716,0.14915,lsc_tail_cusum
12717,0.481,lsc_composite
12718,0.1492,raw_var_cusum
12719,0.2774,lsc_kalman_cusum
12720,0.1521,raw_cusum
12721,0.1521,raw_cusum
12722,0.5535,lsc_tail_cusum
12723,0.14915,lsc_tail_cusum
12724,0.1521,raw_cusum
12725,0.14915,lsc_tail_cusum
12726,0.14915,lsc_tail_cusum
12727,0.1492,raw_var_cusum
12728,1.0,lsc_composite
12729,0.5619,raw_var_cusum
12730,0.10165,lsc_composite
12731,0.14915,lsc_tail_cusum
12732,0.0198,lsc_tail_cusum
12733,0.1492,raw_var_cusum
12734,0.481,lsc_composite
12735,0.1492,raw_var_cusum
12736,0.481,lsc_composite
12737,0.481,lsc_composite
12738,0.14915,lsc_tail_cusum
12739,0.481,lsc_composite
12740,0.1521,raw_cusum
12741,0.2774,lsc_kalman_cusum
12742,0.1521,raw_cusum
12743,0.481,lsc_composite
12744,0.2774,lsc_kalman_cusum
12745,0.5535,lsc_tail_cusum
12746,0.10165,lsc_composite
12747,0.1492,raw_var_cusum
12748,0.1492,raw_var_cusum
12749,0.1492,raw_var_cusum
12750,0.481,lsc_composite
12751,0.14915,lsc_tail_cusum
12752,0.5619,raw_var_cusum
12753,0.481,lsc_composite
12754,0.481,lsc_composite
12755,0.5535,lsc_tail_cusum
12756,0.02015,lsc_kalman_cusum
12757,0.14915,lsc_tail_cusum
12758,0.1492,raw_var_cusum
12759,0.481,lsc_composite
12760,0.0183,raw_var_cusum
12761,1.0,lsc_composite
12762,0.1492,raw_var_cusum
12763,0.1521,raw_cusum
12764,0.5535,lsc_tail_cusum
12765,0.1521,raw_cusum
12766,0.0183,raw_var_cusum
12767,0.00925,lsc_composite
12768,0.0183,raw_var_cusum
12769,1.0,lsc_composite
12770,0.481,lsc_composite
12771,0.481,lsc_composite
12772,1.0,lsc_composite
12773,0.1492,raw_var_cusum
12774,0.0183,raw_var_cusum
12775,0.14915,lsc_tail_cusum
12776,0.2774,lsc_kalman_cusum
12777,0.14915,lsc_tail_cusum
12778,0.481,lsc_composite
12779,0.481,lsc_composite
12780,0.5535,lsc_tail_cusum
12781,0.481,lsc_composite
12782,0.1521,raw_cusum
12783,0.14915,lsc_tail_cusum
12784,0.5535,lsc_tail_cusum
12785,0.14915,lsc_tail_cusum
12786,1.0,lsc_composite
12787,1.0,lsc_composite
12788,0.481,lsc_composite
12789,0.0183,raw_var_cusum
12790,0.5535,lsc_tail_cusum
12791,0.5619,raw_var_cusum
12792,0.2774,lsc_kalman_cusum
12793,0.2774,lsc_kalman_cusum
12794,0.481,lsc_composite
12795,0.481,lsc_composite
12796,0.2774,lsc_kalman_cusum
12797,0.0183,raw_var_cusum
12798,0.481,lsc_composite
12799,0.1492,raw_var_cusum
12800,0.10165,lsc_composite
12801,0.5619,raw_var_cusum
12802,0.1492,raw_var_cusum
12803,0.1492,raw_var_cusum
12804,0.2774,lsc_kalman_cusum
12805,0.10165,lsc_composite
12806,0.1521,raw_cusum
12807,1.0,lsc_composite
12808,0.0198,lsc_tail_cusum
12809,0.1521,raw_cusum
12810,0.1492,raw_var_cusum
12811,0.14915,lsc_tail_cusum
12812,0.0183,raw_var_cusum
12813,0.1521,raw_cusum
12814,1.0,lsc_composite
12815,0.5535,lsc_tail_cusum
12816,0.481,lsc_composite
12817,0.14915,lsc_tail_cusum
12818,0.14915,lsc_tail_cusum
12819,0.14915,lsc_tail_cusum
12820,0.5535,lsc_tail_cusum
12821,0.5619,raw_var_cusum
12822,0.0198,lsc_tail_cusum
12823,0.14915,lsc_tail_cusum
12824,0.1521,raw_cusum
12825,0.2774,lsc_kalman_cusum
12826,0.02015,lsc_kalman_cusum
12827,0.10165,lsc_composite
12828,0.10165,lsc_composite
12829,0.5535,lsc_tail_cusum
12830,0.10165,lsc_composite
12831,0.10165,lsc_composite
12832,0.481,lsc_composite
12833,0.2774,lsc_kalman_cusum
12834,0.5535,lsc_tail_cusum
12835,0.5535,lsc_tail_cusum
12836,0.2774,lsc_kalman_cusum
12837,0.2774,lsc_kalman_cusum
12838,0.481,lsc_composite
12839,0.1521,raw_cusum
12840,0.14915,lsc_tail_cusum
12841,0.481,lsc_composite
12842,0.481,lsc_composite
12843,0.5535,lsc_tail_cusum
12844,0.481,lsc_composite
12845,0.14915,lsc_tail_cusum
12846,0.14915,lsc_tail_cusum
12847,0.5535,lsc_tail_cusum
12848,0.481,lsc_composite
12849,0.1492,raw_var_cusum
12850,0.5619,raw_var_cusum
12851,0.0198,lsc_tail_cusum
12852,1.0,lsc_composite
12853,0.481,lsc_composite
12854,0.481,lsc_composite
12855,0.5535,lsc_tail_cusum
12856,0.10165,lsc_composite
12857,0.2774,lsc_kalman_cusum
12858,0.5535,lsc_tail_cusum
12859,0.5535,lsc_tail_cusum
12860,0.10165,lsc_composite
12861,0.1521,raw_cusum
12862,0.5619,raw_var_cusum
12863,0.1521,raw_cusum
12864,1.0,lsc_composite
12865,0.1521,raw_cusum
12866,0.2774,lsc_kalman_cusum
12867,0.481,lsc_composite
12868,0.2774,lsc_kalman_cusum
12869,0.14915,lsc_tail_cusum
12870,0.5535,lsc_tail_cusum
12871,0.14915,lsc_tail_cusum
12872,0.5535,lsc_tail_cusum
12873,0.5535,lsc_tail_cusum
12874,0.1521,raw_cusum
12875,0.10165,lsc_composite
12876,0.481,lsc_composite
12877,0.5619,raw_var_cusum
12878,0.14915,lsc_tail_cusum
12879,0.10165,lsc_composite
12880,0.2774,lsc_kalman_cusum
12881,0.5535,lsc_tail_cusum
12882,0.14915,lsc_tail_cusum
12883,1.0,lsc_composite
12884,0.1521,raw_cusum
12885,0.1521,raw_cusum
12886,0.5619,raw_var_cusum
12887,0.14915,lsc_tail_cusum
12888,0.481,lsc_composite
12889,0.10165,lsc_composite
12890,0.14915,lsc_tail_cusum
12891,0.2774,lsc_kalman_cusum
12892,0.5535,lsc_tail_cusum
12893,0.5535,lsc_tail_cusum
12894,0.5535,lsc_tail_cusum
12895,0.5619,raw_var_cusum
12896,0.10165,lsc_composite
12897,0.481,lsc_composite
12898,0.1521,raw_cusum
12899,0.14915,lsc_tail_cusum
12900,0.14915,lsc_tail_cusum
12901,0.481,lsc_composite
12902,0.2774,lsc_kalman_cusum
12903,0.5535,lsc_tail_cusum
12904,1.0,lsc_composite
12905,0.1492,raw_var_cusum
12906,0.10165,lsc_composite
12907,0.2774,lsc_kalman_cusum
12908,0.481,lsc_composite
12909,0.1521,raw_cusum
12910,0.1492,raw_var_cusum
12911,0.481,lsc_composite
12912,0.14915,lsc_tail_cusum
12913,0.0198,lsc_tail_cusum
12914,0.481,lsc_composite
12915,0.5535,lsc_tail_cusum
12916,0.0183,raw_var_cusum
12917,0.2774,lsc_kalman_cusum
12918,0.5535,lsc_tail_cusum
12919,0.2774,lsc_kalman_cusum
12920,0.481,lsc_composite
12921,0.481,lsc_composite
12922,0.481,lsc_composite
12923,0.14915,lsc_tail_cusum
12924,0.14915,lsc_tail_cusum
12925,0.14915,lsc_tail_cusum
12926,0.14915,lsc_tail_cusum
12927,0.5619,raw_var_cusum
12928,0.14915,lsc_tail_cusum
12929,0.10165,lsc_composite
12930,0.10165,lsc_composite
12931,0.10165,lsc_composite
12932,0.481,lsc_composite
12933,0.10165,lsc_composite
12934,0.1492,raw_var_cusum
12935,0.5535,lsc_tail_cusum
12936,0.1492,raw_var_cusum
12937,0.5535,lsc_tail_cusum
12938,0.5535,lsc_tail_cusum
12939,0.10165,lsc_composite
12940,0.14915,lsc_tail_cusum
12941,0.2774,lsc_kalman_cusum
12942,0.481,lsc_composite
12943,0.02015,lsc_kalman_cusum
12944,0.14915,lsc_tail_cusum
12945,0.1521,raw_cusum
12946,0.1492,raw_var_cusum
12947,0.00925,lsc_composite
12948,0.1492,raw_var_cusum
12949,1.0,lsc_composite
12950,0.1521,raw_cusum
12951,0.1492,raw_var_cusum
12952,0.14915,lsc_tail_cusum
12953,0.14915,lsc_tail_cusum
12954,0.5535,lsc_tail_cusum
12955,0.2774,lsc_kalman_cusum
12956,0.02015,lsc_kalman_cusum
12957,0.1492,raw_var_cusum
12958,0.5535,lsc_tail_cusum
12959,0.14915,lsc_tail_cusum
12960,0.14915,lsc_tail_cusum
12961,1.0,lsc_composite
12962,0.2774,lsc_kalman_cusum
12963,0.5619,raw_var_cusum
12964,0.5619,raw_var_cusum
12965,0.481,lsc_composite
12966,0.1492,raw_var_cusum
12967,1.0,lsc_composite
12968,0.2774,lsc_kalman_cusum
12969,1.0,lsc_composite
12970,0.2774,lsc_kalman_cusum
12971,0.5535,lsc_tail_cusum
12972,0.10165,lsc_composite
12973,0.2774,lsc_kalman_cusum
12974,0.2774,lsc_kalman_cusum
12975,0.5535,lsc_tail_cusum
12976,0.1492,raw_var_cusum
12977,0.1492,raw_var_cusum
12978,0.2774,lsc_kalman_cusum
12979,0.2774,lsc_kalman_cusum
12980,0.5619,raw_var_cusum
12981,0.5535,lsc_tail_cusum
12982,0.1521,raw_cusum
12983,0.1492,raw_var_cusum
12984,0.5535,lsc_tail_cusum
12985,0.10165,lsc_composite
12986,0.481,lsc_composite
12987,0.14915,lsc_tail_cusum
12988,0.2774,lsc_kalman_cusum
12989,0.5619,raw_var_cusum
12990,1.0,lsc_composite
12991,0.5535,lsc_tail_cusum
12992,1.0,lsc_composite
12993,0.1492,raw_var_cusum
12994,0.1492,raw_var_cusum
12995,0.1492,raw_var_cusum
12996,0.481,lsc_composite
12997,0.481,lsc_composite
12998,0.481,lsc_composite
12999,1.0,lsc_composite
13000,0.481,lsc_composite
13001,1.0,lsc_composite
13002,0.481,lsc_composite
13003,0.5535,lsc_tail_cusum
13004,0.14915,lsc_tail_cusum
13005,0.14915,lsc_tail_cusum
13006,1.0,lsc_composite
13007,0.2774,lsc_kalman_cusum
13008,0.2774,lsc_kalman_cusum
13009,1.0,lsc_composite
13010,0.2774,lsc_kalman_cusum
13011,0.5619,raw_var_cusum
13012,0.02015,lsc_kalman_cusum
13013,0.5535,lsc_tail_cusum
13014,0.481,lsc_composite
13015,0.2774,lsc_kalman_cusum
13016,0.1492,raw_var_cusum
13017,0.1521,raw_cusum
13018,0.5619,raw_var_cusum
13019,0.10165,lsc_composite
13020,0.2774,lsc_kalman_cusum
13021,0.481,lsc_composite
13022,0.2774,lsc_kalman_cusum
13023,0.14915,lsc_tail_cusum
13024,0.2774,lsc_kalman_cusum
13025,0.1492,raw_var_cusum
13026,0.5535,lsc_tail_cusum
13027,0.14915,lsc_tail_cusum
13028,0.5619,raw_var_cusum
13029,0.1521,raw_cusum
13030,0.14915,lsc_tail_cusum
13031,0.2774,lsc_kalman_cusum
13032,0.2774,lsc_kalman_cusum
13033,0.10165,lsc_composite
13034,0.1492,raw_var_cusum
13035,0.5535,lsc_tail_cusum
13036,0.1521,raw_cusum
13037,0.5619,raw_var_cusum
13038,0.481,lsc_composite
13039,0.1521,raw_cusum
13040,0.10165,lsc_composite
13041,0.10165,lsc_composite
13042,0.5619,raw_var_cusum
13043,0.2774,lsc_kalman_cusum
13044,0.14915,lsc_tail_cusum
13045,1.0,lsc_composite
13046,0.10165,lsc_composite
13047,0.14915,lsc_tail_cusum
13048,0.2774,lsc_kalman_cusum
13049,0.481,lsc_composite
13050,0.5535,lsc_tail_cusum
13051,0.1521,raw_cusum
13052,0.10165,lsc_composite
13053,1.0,lsc_composite
13054,0.1492,raw_var_cusum
13055,0.5535,lsc_tail_cusum
13056,0.5619,raw_var_cusum
13057,0.1521,raw_cusum
13058,1.0,lsc_composite
13059,0.10165,lsc_composite
13060,0.02015,lsc_kalman_cusum
13061,0.10165,lsc_composite
13062,0.481,lsc_composite
13063,0.1521,raw_cusum
13064,0.10165,lsc_composite
13065,0.1521,raw_cusum
13066,0.481,lsc_composite
13067,0.5619,raw_var_cusum
13068,0.5535,lsc_tail_cusum
13069,0.14915,lsc_tail_cusum
13070,1.0,lsc_composite
13071,0.481,lsc_composite
13072,0.14915,lsc_tail_cusum
13073,0.1521,raw_cusum
13074,0.2774,lsc_kalman_cusum
13075,0.02015,lsc_kalman_cusum
13076,0.2774,lsc_kalman_cusum
13077,0.2774,lsc_kalman_cusum
13078,0.2774,lsc_kalman_cusum
13079,0.14915,lsc_tail_cusum
13080,0.14915,lsc_tail_cusum
13081,0.5535,lsc_tail_cusum
13082,0.1492,raw_var_cusum
13083,0.481,lsc_composite
13084,0.02015,lsc_kalman_cusum
13085,0.5535,lsc_tail_cusum
13086,0.1521,raw_cusum
13087,0.5535,lsc_tail_cusum
13088,0.1492,raw_var_cusum
13089,0.1492,raw_var_cusum
13090,0.5535,lsc_tail_cusum
13091,0.0198,lsc_tail_cusum
13092,0.14915,lsc_tail_cusum
13093,0.0198,lsc_tail_cusum
13094,0.2774,lsc_kalman_cusum
13095,0.1492,raw_var_cusum
13096,0.1521,raw_cusum
13097,0.00925,lsc_composite
13098,0.1492,raw_var_cusum
13099,0.10165,lsc_composite
13100,0.5535,lsc_tail_cusum
13101,0.481,lsc_composite
13102,0.481,lsc_composite
13103,0.1521,raw_cusum
13104,1.0,lsc_composite
13105,0.5619,raw_var_cusum
13106,0.1521,raw_cusum
13107,0.10165,lsc_composite
13108,0.2774,lsc_kalman_cusum
13109,1.0,lsc_composite
13110,0.2774,lsc_kalman_cusum
13111,0.10165,lsc_composite
13112,1.0,lsc_composite
13113,0.1492,raw_var_cusum
13114,0.481,lsc_composite
13115,0.5535,lsc_tail_cusum
13116,0.5535,lsc_tail_cusum
13117,0.2774,lsc_kalman_cusum
13118,0.1521,raw_cusum
13119,0.481,lsc_composite
13120,0.14915,lsc_tail_cusum
13121,1.0,lsc_composite
13122,0.1521,raw_cusum
13123,0.1521,raw_cusum
13124,0.1492,raw_var_cusum
13125,0.10165,lsc_composite
13126,0.2774,lsc_kalman_cusum
13127,0.5535,lsc_tail_cusum
13128,0.0198,lsc_tail_cusum
13129,0.1521,raw_cusum
13130,0.1492,raw_var_cusum
13131,0.2774,lsc_kalman_cusum
13132,0.10165,lsc_composite
13133,0.481,lsc_composite
13134,1.0,lsc_composite
13135,0.2774,lsc_kalman_cusum
13136,0.1521,raw_cusum
13137,0.481,lsc_composite
13138,0.14915,lsc_tail_cusum
13139,0.481,lsc_composite
13140,0.481,lsc_composite
13141,0.481,lsc_composite
13142,0.5619,raw_var_cusum
13143,0.1492,raw_var_cusum
13144,1.0,lsc_composite
13145,0.02015,lsc_kalman_cusum
13146,0.1492,raw_var_cusum
13147,0.5619,raw_var_cusum
13148,0.481,lsc_composite
13149,0.5535,lsc_tail_cusum
13150,0.5619,raw_var_cusum
13151,0.5535,lsc_tail_cusum
13152,0.481,lsc_composite
13153,0.14915,lsc_tail_cusum
13154,0.5619,raw_var_cusum
13155,0.1492,raw_var_cusum
13156,0.10165,lsc_composite
13157,0.481,lsc_composite
13158,0.481,lsc_composite
13159,0.5535,lsc_tail_cusum
13160,0.1521,raw_cusum
13161,0.1521,raw_cusum
13162,1.0,lsc_composite
13163,0.5619,raw_var_cusum
13164,0.10165,lsc_composite
13165,0.481,lsc_composite
13166,0.5619,raw_var_cusum
13167,0.10165,lsc_composite
13168,0.481,lsc_composite
13169,0.2774,lsc_kalman_cusum
13170,1.0,lsc_composite
13171,0.5535,lsc_tail_cusum
13172,0.481,lsc_composite
13173,0.481,lsc_composite
13174,1.0,lsc_composite
13175,0.2774,lsc_kalman_cusum
13176,0.481,lsc_composite
13177,0.1521,raw_cusum
13178,0.10165,lsc_composite
13179,0.481,lsc_composite
13180,0.5535,lsc_tail_cusum
13181,0.2774,lsc_kalman_cusum
13182,0.2774,lsc_kalman_cusum
13183,0.1521,raw_cusum
13184,0.481,lsc_composite
13185,0.481,lsc_composite
13186,0.02015,lsc_kalman_cusum
13187,0.1521,raw_cusum
13188,0.5535,lsc_tail_cusum
13189,0.481,lsc_composite
13190,0.5619,raw_var_cusum
13191,0.02015,lsc_kalman_cusum
13192,0.481,lsc_composite
13193,0.5619,raw_var_cusum
13194,0.1521,raw_cusum
13195,0.2774,lsc_kalman_cusum
13196,0.5619,raw_var_cusum
13197,1.0,lsc_composite
13198,0.481,lsc_composite
13199,0.5535,lsc_tail_cusum
13200,0.1492,raw_var_cusum
13201,0.1521,raw_cusum
13202,0.00925,lsc_composite
13203,0.481,lsc_composite
13204,0.1492,raw_var_cusum
13205,1.0,lsc_composite
13206,1.0,lsc_composite
13207,0.14915,lsc_tail_cusum
13208,0.5619,raw_var_cusum
13209,0.481,lsc_composite
13210,0.5619,raw_var_cusum
13211,0.1521,raw_cusum
13212,0.1521,raw_cusum
13213,0.481,lsc_composite
13214,0.2774,lsc_kalman_cusum
13215,0.2774,lsc_kalman_cusum
13216,0.1521,raw_cusum
13217,0.14915,lsc_tail_cusum
13218,0.5535,lsc_tail_cusum
13219,0.2774,lsc_kalman_cusum
13220,0.2774,lsc_kalman_cusum
13221,0.14915,lsc_tail_cusum
13222,0.0198,lsc_tail_cusum
13223,0.481,lsc_composite
13224,0.02015,lsc_kalman_cusum
13225,0.14915,lsc_tail_cusum
13226,0.0183,raw_var_cusum
13227,0.0198,lsc_tail_cusum
13228,0.0198,lsc_tail_cusum
13229,1.0,lsc_composite
13230,0.5535,lsc_tail_cusum
13231,1.0,lsc_composite
13232,0.0183,raw_var_cusum
13233,0.10165,lsc_composite
13234,0.14915,lsc_tail_cusum
13235,0.02015,lsc_kalman_cusum
13236,0.2774,lsc_kalman_cusum
13237,0.481,lsc_composite
13238,0.10165,lsc_composite
13239,0.14915,lsc_tail_cusum
13240,0.10165,lsc_composite
13241,0.481,lsc_composite
13242,0.0198,lsc_tail_cusum
13243,0.1492,raw_var_cusum
13244,0.10165,lsc_composite
13245,0.1521,raw_cusum
13246,0.14915,lsc_tail_cusum
13247,0.1521,raw_cusum
13248,0.5535,lsc_tail_cusum
13249,1.0,lsc_composite
13250,0.5535,lsc_tail_cusum
13251,0.14915,lsc_tail_cusum
13252,0.1521,raw_cusum
13253,0.5535,lsc_tail_cusum
13254,0.14915,lsc_tail_cusum
13255,0.5619,raw_var_cusum
13256,0.10165,lsc_composite
13257,0.481,lsc_composite
13258,1.0,lsc_composite
13259,0.5535,lsc_tail_cusum
13260,0.1492,raw_var_cusum
13261,0.1492,raw_var_cusum
13262,0.5535,lsc_tail_cusum
13263,0.5535,lsc_tail_cusum
13264,0.5535,lsc_tail_cusum
13265,1.0,lsc_composite
13266,0.10165,lsc_composite
13267,0.1521,raw_cusum
13268,0.481,lsc_composite
13269,0.2774,lsc_kalman_cusum
13270,0.5535,lsc_tail_cusum
13271,0.10165,lsc_composite
13272,0.14915,lsc_tail_cusum
13273,0.10165,lsc_composite
13274,0.481,lsc_composite
13275,0.1492,raw_var_cusum
13276,1.0,lsc_composite
13277,0.1492,raw_var_cusum
13278,0.1521,raw_cusum
13279,0.14915,lsc_tail_cusum
13280,0.2774,lsc_kalman_cusum
13281,0.14915,lsc_tail_cusum
13282,0.14915,lsc_tail_cusum
13283,0.481,lsc_composite
13284,0.1492,raw_var_cusum
13285,0.02015,lsc_kalman_cusum
13286,1.0,lsc_composite
13287,0.00075,lsc_tail_cusum
13288,0.14915,lsc_tail_cusum
13289,0.5535,lsc_tail_cusum
13290,0.481,lsc_composite
13291,0.481,lsc_composite
13292,0.10165,lsc_composite
13293,0.5619,raw_var_cusum
13294,0.2774,lsc_kalman_cusum
13295,0.5619,raw_var_cusum
13296,0.00925,lsc_composite
13297,0.1521,raw_cusum
13298,0.1492,raw_var_cusum
13299,0.481,lsc_composite
13300,0.2774,lsc_kalman_cusum
13301,1.0,lsc_composite
13302,0.5535,lsc_tail_cusum
13303,0.14915,lsc_tail_cusum
13304,0.2774,lsc_kalman_cusum
13305,0.1492,raw_var_cusum
13306,0.1492,raw_var_cusum
13307,0.2774,lsc_kalman_cusum
13308,0.0198,lsc_tail_cusum
13309,0.14915,lsc_tail_cusum
13310,0.0198,lsc_tail_cusum
13311,0.5535,lsc_tail_cusum
13312,0.5535,lsc_tail_cusum
13313,0.02015,lsc_kalman_cusum
13314,0.2774,lsc_kalman_cusum
13315,0.2774,lsc_kalman_cusum
13316,0.2774,lsc_kalman_cusum
13317,0.2774,lsc_kalman_cusum
13318,0.481,lsc_composite
13319,0.14915,lsc_tail_cusum
13320,0.481,lsc_composite
13321,0.2774,lsc_kalman_cusum
13322,0.1492,raw_var_cusum
13323,0.2774,lsc_kalman_cusum
13324,0.2774,lsc_kalman_cusum
13325,0.1492,raw_var_cusum
13326,0.5535,lsc_tail_cusum
13327,1.0,lsc_composite
13328,0.481,lsc_composite
13329,0.1521,raw_cusum
13330,0.2774,lsc_kalman_cusum
13331,0.2774,lsc_kalman_cusum
13332,0.5535,lsc_tail_cusum
13333,0.1492,raw_var_cusum
13334,0.14915,lsc_tail_cusum
13335,0.2774,lsc_kalman_cusum
13336,0.1492,raw_var_cusum
13337,0.481,lsc_composite
13338,0.481,lsc_composite
13339,0.481,lsc_composite
13340,0.5535,lsc_tail_cusum
13341,0.10165,lsc_composite
13342,0.5619,raw_var_cusum
13343,0.10165,lsc_composite
13344,0.1521,raw_cusum
13345,0.481,lsc_composite
13346,0.2774,lsc_kalman_cusum
13347,0.1521,raw_cusum
13348,0.5535,lsc_tail_cusum
13349,0.2774,lsc_kalman_cusum
13350,0.2774,lsc_kalman_cusum
13351,0.481,lsc_composite
13352,0.14915,lsc_tail_cusum
13353,0.2774,lsc_kalman_cusum
13354,0.0183,raw_var_cusum
13355,0.10165,lsc_composite
13356,0.481,lsc_composite
13357,0.481,lsc_composite
13358,0.481,lsc_composite
13359,1.0,lsc_composite
13360,0.0198,lsc_tail_cusum
13361,0.5619,raw_var_cusum
13362,0.1492,raw_var_cusum
13363,1.0,lsc_composite
13364,0.481,lsc_composite
13365,0.02015,lsc_kalman_cusum
13366,0.1492,raw_var_cusum
13367,0.481,lsc_composite
13368,0.5619,raw_var_cusum
13369,0.0183,raw_var_cusum
13370,0.02015,lsc_kalman_cusum
13371,0.1521,raw_cusum
13372,0.10165,lsc_composite
13373,0.481,lsc_composite
13374,0.481,lsc_composite
13375,0.5619,raw_var_cusum
13376,0.14915,lsc_tail_cusum
13377,0.2774,lsc_kalman_cusum
13378,0.481,lsc_composite
13379,0.481,lsc_composite
13380,0.5619,raw_var_cusum
13381,0.10165,lsc_composite
13382,0.2774,lsc_kalman_cusum
13383,0.5535,lsc_tail_cusum
13384,0.1492,raw_var_cusum
13385,0.10165,lsc_composite
13386,0.1521,raw_cusum
13387,0.1521,raw_cusum
13388,0.10165,lsc_composite
13389,0.481,lsc_composite
13390,0.481,lsc_composite
13391,0.10165,lsc_composite
13392,0.14915,lsc_tail_cusum
13393,0.5535,lsc_tail_cusum
13394,0.1492,raw_var_cusum
13395,0.481,lsc_composite
13396,0.0198,lsc_tail_cusum
13397,0.481,lsc_composite
13398,0.481,lsc_composite
13399,0.5535,lsc_tail_cusum
13400,0.14915,lsc_tail_cusum
13401,0.14915,lsc_tail_cusum
13402,0.10165,lsc_composite
13403,0.5619,raw_var_cusum
13404,0.5535,lsc_tail_cusum
13405,0.2774,lsc_kalman_cusum
13406,0.2774,lsc_kalman_cusum
13407,0.1492,raw_var_cusum
13408,0.10165,lsc_composite
13409,0.1492,raw_var_cusum
13410,0.1492,raw_var_cusum
13411,0.14915,lsc_tail_cusum
13412,0.2774,lsc_kalman_cusum
13413,0.00925,lsc_composite
13414,0.14915,lsc_tail_cusum
13415,0.481,lsc_composite
13416,0.481,lsc_composite
13417,0.2774,lsc_kalman_cusum
13418,0.481,lsc_composite
13419,0.2774,lsc_kalman_cusum
13420,0.0183,raw_var_cusum
13421,0.02015,lsc_kalman_cusum
13422,0.481,lsc_composite
13423,0.1492,raw_var_cusum
13424,0.481,lsc_composite
13425,0.481,lsc_composite
13426,0.5535,lsc_tail_cusum
13427,0.5619,raw_var_cusum
13428,0.1521,raw_cusum
13429,0.1521,raw_cusum
13430,0.5535,lsc_tail_cusum
13431,0.14915,lsc_tail_cusum
13432,0.14915,lsc_tail_cusum
13433,0.2774,lsc_kalman_cusum
13434,1.0,lsc_composite
13435,0.481,lsc_composite
13436,0.1492,raw_var_cusum
13437,0.1492,raw_var_cusum
13438,0.481,lsc_composite
13439,0.14915,lsc_tail_cusum
13440,0.481,lsc_composite
13441,0.2774,lsc_kalman_cusum
13442,0.1521,raw_cusum
13443,0.10165,lsc_composite
13444,0.2774,lsc_kalman_cusum
13445,0.1521,raw_cusum
13446,0.5619,raw_var_cusum
13447,0.5619,raw_var_cusum
13448,0.481,lsc_composite
13449,0.14915,lsc_tail_cusum
13450,0.1521,raw_cusum
13451,0.1521,raw_cusum
13452,0.2774,lsc_kalman_cusum
13453,0.2774,lsc_kalman_cusum
13454,0.14915,lsc_tail_cusum
13455,0.481,lsc_composite
13456,0.481,lsc_composite
13457,0.1492,raw_var_cusum
13458,0.5619,raw_var_cusum
13459,0.1521,raw_cusum
13460,0.0198,lsc_tail_cusum
13461,0.02015,lsc_kalman_cusum
13462,0.481,lsc_composite
13463,0.14915,lsc_tail_cusum
13464,0.5535,lsc_tail_cusum
13465,0.2774,lsc_kalman_cusum
13466,0.02015,lsc_kalman_cusum
13467,0.481,lsc_composite
13468,0.1492,raw_var_cusum
13469,0.481,lsc_composite
13470,0.1521,raw_cusum
13471,0.14915,lsc_tail_cusum
13472,0.5535,lsc_tail_cusum
13473,0.2774,lsc_kalman_cusum
13474,0.1521,raw_cusum
13475,0.5535,lsc_tail_cusum
13476,0.14915,lsc_tail_cusum
13477,0.5619,raw_var_cusum
13478,0.5619,raw_var_cusum
13479,0.5619,raw_var_cusum
13480,0.2774,lsc_kalman_cusum
13481,0.1521,raw_cusum
13482,0.5535,lsc_tail_cusum
13483,0.1521,raw_cusum
13484,0.14915,lsc_tail_cusum
13485,0.1492,raw_var_cusum
13486,0.481,lsc_composite
13487,0.481,lsc_composite
13488,0.02015,lsc_kalman_cusum
13489,0.5535,lsc_tail_cusum
13490,0.14915,lsc_tail_cusum
13491,1.0,lsc_composite
13492,0.1492,raw_var_cusum
13493,0.1492,raw_var_cusum
13494,0.10165,lsc_composite
13495,0.1521,raw_cusum
13496,1.0,lsc_composite
13497,0.10165,lsc_composite
13498,0.5535,lsc_tail_cusum
13499,0.2774,lsc_kalman_cusum
13500,0.10165,lsc_composite
13501,0.481,lsc_composite
13502,0.481,lsc_composite
13503,0.5619,raw_var_cusum
13504,0.0198,lsc_tail_cusum
13505,0.5535,lsc_tail_cusum
13506,0.481,lsc_composite
13507,0.481,lsc_composite
13508,0.10165,lsc_composite
13509,0.5535,lsc_tail_cusum
13510,0.0198,lsc_tail_cusum
13511,1.0,lsc_composite
13512,0.10165,lsc_composite
13513,0.1521,raw_cusum
13514,0.1521,raw_cusum
13515,0.2774,lsc_kalman_cusum
13516,0.1492,raw_var_cusum
13517,0.10165,lsc_composite
13518,0.14915,lsc_tail_cusum
13519,0.1492,raw_var_cusum
13520,0.14915,lsc_tail_cusum
13521,0.1521,raw_cusum
13522,0.14915,lsc_tail_cusum
13523,1.0,lsc_composite
13524,0.5535,lsc_tail_cusum
13525,0.10165,lsc_composite
13526,1.0,lsc_composite
13527,0.5535,lsc_tail_cusum
13528,0.2774,lsc_kalman_cusum
13529,0.10165,lsc_composite
13530,0.481,lsc_composite
13531,0.14915,lsc_tail_cusum
13532,0.1521,raw_cusum
13533,0.10165,lsc_composite
13534,0.10165,lsc_composite
13535,0.10165,lsc_composite
13536,0.5535,lsc_tail_cusum
13537,0.10165,lsc_composite
13538,0.0198,lsc_tail_cusum
13539,0.14915,lsc_tail_cusum
13540,1.0,lsc_composite
13541,0.5535,lsc_tail_cusum
13542,0.10165,lsc_composite
13543,0.5535,lsc_tail_cusum
13544,1.0,lsc_composite
13545,0.5535,lsc_tail_cusum
13546,0.14915,lsc_tail_cusum
13547,0.5619,raw_var_cusum
13548,0.5535,lsc_tail_cusum
13549,0.1492,raw_var_cusum
13550,0.2774,lsc_kalman_cusum
13551,0.14915,lsc_tail_cusum
13552,0.2774,lsc_kalman_cusum
13553,0.1521,raw_cusum
13554,0.481,lsc_composite
13555,0.1492,raw_var_cusum
13556,0.481,lsc_composite
13557,1.0,lsc_composite
13558,0.481,lsc_composite
13559,0.10165,lsc_composite
13560,0.5619,raw_var_cusum
13561,0.481,lsc_composite
13562,0.2774,lsc_kalman_cusum
13563,0.1492,raw_var_cusum
13564,1.0,lsc_composite
13565,0.0183,raw_var_cusum
13566,0.5619,raw_var_cusum
13567,0.5535,lsc_tail_cusum
13568,0.14915,lsc_tail_cusum
13569,0.1521,raw_cusum
13570,0.5619,raw_var_cusum
13571,0.0183,raw_var_cusum
13572,0.02015,lsc_kalman_cusum
13573,0.14915,lsc_tail_cusum
13574,0.1492,raw_var_cusum
13575,0.5535,lsc_tail_cusum
13576,0.2774,lsc_kalman_cusum
13577,0.1521,raw_cusum
13578,0.1521,raw_cusum
13579,1.0,lsc_composite
13580,0.5619,raw_var_cusum
13581,0.481,lsc_composite
13582,0.14915,lsc_tail_cusum
13583,0.2774,lsc_kalman_cusum
13584,0.2774,lsc_kalman_cusum
13585,0.2774,lsc_kalman_cusum
13586,0.2774,lsc_kalman_cusum
13587,0.14915,lsc_tail_cusum
13588,0.481,lsc_composite
13589,0.481,lsc_composite
13590,0.10165,lsc_composite
13591,0.1521,raw_cusum
13592,0.1521,raw_cusum
13593,0.481,lsc_composite
13594,0.2774,lsc_kalman_cusum
13595,0.1492,raw_var_cusum
13596,0.2774,lsc_kalman_cusum
13597,0.1492,raw_var_cusum
13598,0.2774,lsc_kalman_cusum
13599,0.5535,lsc_tail_cusum
13600,0.2774,lsc_kalman_cusum
13601,0.0198,lsc_tail_cusum
13602,0.0183,raw_var_cusum
13603,0.2774,lsc_kalman_cusum
13604,1.0,lsc_composite
13605,0.10165,lsc_composite
13606,0.1492,raw_var_cusum
13607,0.0198,lsc_tail_cusum
13608,0.10165,lsc_composite
13609,0.5535,lsc_tail_cusum
13610,0.5619,raw_var_cusum
13611,0.2774,lsc_kalman_cusum
13612,0.02015,lsc_kalman_cusum
13613,0.1492,raw_var_cusum
13614,0.481,lsc_composite
13615,0.481,lsc_composite
13616,0.2774,lsc_kalman_cusum
13617,0.02015,lsc_kalman_cusum
13618,0.14915,lsc_tail_cusum
13619,0.1492,raw_var_cusum
13620,0.00925,lsc_composite
13621,0.481,lsc_composite
13622,0.10165,lsc_composite
13623,0.10165,lsc_composite
13624,1.0,lsc_composite
13625,0.5535,lsc_tail_cusum
13626,0.5619,raw_var_cusum
13627,0.1492,raw_var_cusum
13628,1.0,lsc_composite
13629,0.1492,raw_var_cusum
13630,0.2774,lsc_kalman_cusum
13631,0.481,lsc_composite
13632,0.5535,lsc_tail_cusum
13633,1.0,lsc_composite
13634,0.14915,lsc_tail_cusum
13635,0.1521,raw_cusum
13636,0.14915,lsc_tail_cusum
13637,0.5535,lsc_tail_cusum
13638,0.481,lsc_composite
13639,0.10165,lsc_composite
13640,0.14915,lsc_tail_cusum
13641,0.2774,lsc_kalman_cusum
13642,0.0198,lsc_tail_cusum
13643,0.2774,lsc_kalman_cusum
13644,0.2774,lsc_kalman_cusum
13645,1.0,lsc_composite
13646,0.481,lsc_composite
13647,0.5535,lsc_tail_cusum
13648,0.2774,lsc_kalman_cusum
13649,0.5535,lsc_tail_cusum
13650,0.2774,lsc_kalman_cusum
13651,0.481,lsc_composite
13652,0.2774,lsc_kalman_cusum
13653,0.0183,raw_var_cusum
13654,0.02015,lsc_kalman_cusum
13655,0.10165,lsc_composite
13656,0.14915,lsc_tail_cusum
13657,0.481,lsc_composite
13658,0.14915,lsc_tail_cusum
13659,0.1492,raw_var_cusum
13660,0.1521,raw_cusum
13661,0.5535,lsc_tail_cusum
13662,0.481,lsc_composite
13663,0.1521,raw_cusum
13664,1.0,lsc_composite
13665,0.1521,raw_cusum
13666,0.5619,raw_var_cusum
13667,0.2774,lsc_kalman_cusum
13668,0.2774,lsc_kalman_cusum
13669,0.1492,raw_var_cusum
13670,0.481,lsc_composite
13671,0.1492,raw_var_cusum
13672,0.1521,raw_cusum
13673,0.0183,raw_var_cusum
13674,1.0,lsc_composite
13675,0.1521,raw_cusum
13676,0.10165,lsc_composite
13677,0.5619,raw_var_cusum
13678,0.1492,raw_var_cusum
13679,0.481,lsc_composite
13680,0.14915,lsc_tail_cusum
13681,0.1521,raw_cusum
13682,0.1492,raw_var_cusum
13683,0.5535,lsc_tail_cusum
13684,0.02015,lsc_kalman_cusum
13685,0.481,lsc_composite
13686,0.5535,lsc_tail_cusum
13687,0.2774,lsc_kalman_cusum
13688,0.5535,lsc_tail_cusum
13689,0.14915,lsc_tail_cusum
13690,0.5535,lsc_tail_cusum
13691,0.2774,lsc_kalman_cusum
13692,0.10165,lsc_composite
13693,0.10165,lsc_composite
13694,0.5535,lsc_tail_cusum
13695,0.481,lsc_composite
13696,0.14915,lsc_tail_cusum
13697,1.0,lsc_composite
13698,0.5535,lsc_tail_cusum
13699,0.481,lsc_composite
13700,0.5535,lsc_tail_cusum
13701,0.0183,raw_var_cusum
13702,0.481,lsc_composite
13703,0.2774,lsc_kalman_cusum
13704,0.5619,raw_var_cusum
13705,0.1521,raw_cusum
13706,0.5619,raw_var_cusum
13707,0.14915,lsc_tail_cusum
13708,0.5535,lsc_tail_cusum
13709,0.0183,raw_var_cusum
13710,0.2774,lsc_kalman_cusum
13711,0.2774,lsc_kalman_cusum
13712,0.481,lsc_composite
13713,0.5535,lsc_tail_cusum
13714,0.02015,lsc_kalman_cusum
13715,0.481,lsc_composite
13716,0.2774,lsc_kalman_cusum
13717,0.5619,raw_var_cusum
13718,0.481,lsc_composite
13719,0.1492,raw_var_cusum
13720,0.481,lsc_composite
13721,0.2774,lsc_kalman_cusum
13722,0.00925,lsc_composite
13723,0.481,lsc_composite
13724,0.1521,raw_cusum
13725,0.5619,raw_var_cusum
13726,0.5535,lsc_tail_cusum
13727,0.02015,lsc_kalman_cusum
13728,0.1492,raw_var_cusum
13729,0.2774,lsc_kalman_cusum
13730,0.02015,lsc_kalman_cusum
13731,0.481,lsc_composite
13732,0.5619,raw_var_cusum
13733,0.481,lsc_composite
13734,0.14915,lsc_tail_cusum
13735,0.5535,lsc_tail_cusum
13736,0.14915,lsc_tail_cusum
13737,0.481,lsc_composite
13738,0.481,lsc_composite
13739,0.481,lsc_composite
13740,0.10165,lsc_composite
13741,0.1492,raw_var_cusum
13742,0.5535,lsc_tail_cusum
13743,0.2774,lsc_kalman_cusum
13744,0.5535,lsc_tail_cusum
13745,0.10165,lsc_composite
13746,0.5535,lsc_tail_cusum
13747,0.481,lsc_composite
13748,0.5619,raw_var_cusum
13749,0.481,lsc_composite
13750,0.14915,lsc_tail_cusum
13751,0.10165,lsc_composite
13752,0.5619,raw_var_cusum
13753,0.2774,lsc_kalman_cusum
13754,0.10165,lsc_composite
13755,0.5535,lsc_tail_cusum
13756,0.5619,raw_var_cusum
13757,0.1492,raw_var_cusum
13758,0.14915,lsc_tail_cusum
13759,0.481,lsc_composite
13760,0.5619,raw_var_cusum
13761,0.02015,lsc_kalman_cusum
13762,0.1492,raw_var_cusum
13763,0.1521,raw_cusum
13764,0.5535,lsc_tail_cusum
13765,0.10165,lsc_composite
13766,0.481,lsc_composite
13767,0.481,lsc_composite
13768,0.5535,lsc_tail_cusum
13769,0.0198,lsc_tail_cusum
13770,0.1492,raw_var_cusum
13771,0.02015,lsc_kalman_cusum
13772,0.481,lsc_composite
13773,0.1492,raw_var_cusum
13774,0.2774,lsc_kalman_cusum
13775,0.1521,raw_cusum
13776,0.2774,lsc_kalman_cusum
13777,0.2774,lsc_kalman_cusum
13778,0.10165,lsc_composite
13779,0.5535,lsc_tail_cusum
13780,0.5535,lsc_tail_cusum
13781,0.1492,raw_var_cusum
13782,0.10165,lsc_composite
13783,0.10165,lsc_composite
13784,0.481,lsc_composite
13785,0.2774,lsc_kalman_cusum
13786,0.1492,raw_var_cusum
13787,0.1492,raw_var_cusum
13788,0.5535,lsc_tail_cusum
13789,0.2774,lsc_kalman_cusum
13790,0.481,lsc_composite
13791,0.14915,lsc_tail_cusum
13792,0.481,lsc_composite
13793,0.2774,lsc_kalman_cusum
13794,0.5619,raw_var_cusum
13795,0.2774,lsc_kalman_cusum
13796,0.1492,raw_var_cusum
13797,0.1492,raw_var_cusum
13798,0.481,lsc_composite
13799,0.14915,lsc_tail_cusum
13800,0.1521,raw_cusum
13801,0.10165,lsc_composite
13802,0.10165,lsc_composite
13803,0.1492,raw_var_cusum
13804,0.1521,raw_cusum
13805,0.10165,lsc_composite
13806,0.02015,lsc_kalman_cusum
13807,0.481,lsc_composite
13808,0.481,lsc_composite
13809,0.10165,lsc_composite
13810,0.0198,lsc_tail_cusum
13811,0.2774,lsc_kalman_cusum
13812,0.481,lsc_composite
13813,0.2774,lsc_kalman_cusum
13814,0.14915,lsc_tail_cusum
13815,0.14915,lsc_tail_cusum
13816,0.481,lsc_composite
13817,0.10165,lsc_composite
13818,0.2774,lsc_kalman_cusum
13819,0.2774,lsc_kalman_cusum
13820,1.0,lsc_composite
13821,0.481,lsc_composite
13822,0.481,lsc_composite
13823,0.2774,lsc_kalman_cusum
13824,0.5535,lsc_tail_cusum
13825,0.5619,raw_var_cusum
13826,0.481,lsc_composite
13827,0.1521,raw_cusum
13828,0.481,lsc_composite
13829,0.481,lsc_composite
13830,0.10165,lsc_composite
13831,0.5535,lsc_tail_cusum
13832,1.0,lsc_composite
13833,0.481,lsc_composite
13834,0.5535,lsc_tail_cusum
13835,0.1521,raw_cusum
13836,0.14915,lsc_tail_cusum
13837,0.14915,lsc_tail_cusum
13838,0.0198,lsc_tail_cusum
13839,0.1492,raw_var_cusum
13840,0.2774,lsc_kalman_cusum
13841,0.481,lsc_composite
13842,0.481,lsc_composite
13843,0.1492,raw_var_cusum
13844,0.14915,lsc_tail_cusum
13845,0.1521,raw_cusum
13846,0.5535,lsc_tail_cusum
13847,0.1492,raw_var_cusum
13848,0.481,lsc_composite
13849,0.5619,raw_var_cusum
13850,0.481,lsc_composite
13851,0.481,lsc_composite
13852,0.1521,raw_cusum
13853,0.2774,lsc_kalman_cusum
13854,0.0198,lsc_tail_cusum
13855,0.481,lsc_composite
13856,0.1492,raw_var_cusum
13857,0.2774,lsc_kalman_cusum
13858,0.2774,lsc_kalman_cusum
13859,0.5535,lsc_tail_cusum
13860,0.481,lsc_composite
13861,0.1521,raw_cusum
13862,0.5619,raw_var_cusum
13863,0.481,lsc_composite
13864,0.10165,lsc_composite
13865,0.481,lsc_composite
13866,0.1521,raw_cusum
13867,1.0,lsc_composite
13868,0.481,lsc_composite
13869,0.1492,raw_var_cusum
13870,0.1492,raw_var_cusum
13871,0.481,lsc_composite
13872,0.2774,lsc_kalman_cusum
13873,0.481,lsc_composite
13874,0.2774,lsc_kalman_cusum
13875,0.2774,lsc_kalman_cusum
13876,0.14915,lsc_tail_cusum
13877,0.1492,raw_var_cusum
13878,0.2774,lsc_kalman_cusum
13879,0.1521,raw_cusum
13880,0.0198,lsc_tail_cusum
13881,0.5619,raw_var_cusum
13882,0.5535,lsc_tail_cusum
13883,0.1492,raw_var_cusum
13884,0.5535,lsc_tail_cusum
13885,0.481,lsc_composite
13886,0.10165,lsc_composite
13887,0.14915,lsc_tail_cusum
13888,0.14915,lsc_tail_cusum
13889,0.1521,raw_cusum
13890,0.1492,raw_var_cusum
13891,0.10165,lsc_composite
13892,0.2774,lsc_kalman_cusum
13893,0.2774,lsc_kalman_cusum
13894,0.14915,lsc_tail_cusum
13895,0.14915,lsc_tail_cusum
13896,0.5619,raw_var_cusum
13897,0.5535,lsc_tail_cusum
13898,0.1521,raw_cusum
13899,0.481,lsc_composite
13900,0.481,lsc_composite
13901,0.1492,raw_var_cusum
13902,0.5535,lsc_tail_cusum
13903,0.0198,lsc_tail_cusum
13904,0.481,lsc_composite
13905,0.481,lsc_composite
13906,1.0,lsc_composite
13907,0.481,lsc_composite
13908,0.5535,lsc_tail_cusum
13909,0.481,lsc_composite
13910,0.14915,lsc_tail_cusum
13911,0.2774,lsc_kalman_cusum
13912,0.10165,lsc_composite
13913,0.14915,lsc_tail_cusum
13914,1.0,lsc_composite
13915,0.481,lsc_composite
13916,0.1521,raw_cusum
13917,0.5535,lsc_tail_cusum
13918,0.481,lsc_composite
13919,0.1492,raw_var_cusum
13920,0.14915,lsc_tail_cusum
13921,0.1492,raw_var_cusum
13922,0.14915,lsc_tail_cusum
13923,0.02015,lsc_kalman_cusum
13924,0.2774,lsc_kalman_cusum
13925,0.10165,lsc_composite
13926,0.481,lsc_composite
13927,0.02015,lsc_kalman_cusum
13928,0.1521,raw_cusum
13929,1.0,lsc_composite
13930,0.14915,lsc_tail_cusum
13931,0.14915,lsc_tail_cusum
13932,0.2774,lsc_kalman_cusum
13933,0.1521,raw_cusum
13934,0.5535,lsc_tail_cusum
13935,0.2774,lsc_kalman_cusum
13936,0.14915,lsc_tail_cusum
13937,0.2774,lsc_kalman_cusum
13938,0.10165,lsc_composite
13939,1.0,lsc_composite
13940,0.10165,lsc_composite
13941,0.2774,lsc_kalman_cusum
13942,0.1521,raw_cusum
13943,0.481,lsc_composite
13944,0.1492,raw_var_cusum
13945,0.2774,lsc_kalman_cusum
13946,0.481,lsc_composite
13947,0.1492,raw_var_cusum
13948,1.0,lsc_composite
13949,0.481,lsc_composite
13950,0.1492,raw_var_cusum
13951,0.14915,lsc_tail_cusum
13952,0.14915,lsc_tail_cusum
13953,1.0,lsc_composite
13954,0.0198,lsc_tail_cusum
13955,0.14915,lsc_tail_cusum
13956,0.2774,lsc_kalman_cusum
13957,0.10165,lsc_composite
13958,0.00075,lsc_tail_cusum
13959,0.10165,lsc_composite
13960,0.5619,raw_var_cusum
13961,0.1521,raw_cusum
13962,0.481,lsc_composite
13963,0.5535,lsc_tail_cusum
13964,1.0,lsc_composite
13965,0.0183,raw_var_cusum
13966,0.2774,lsc_kalman_cusum
13967,0.2774,lsc_kalman_cusum
13968,0.5535,lsc_tail_cusum
13969,0.10165,lsc_composite
13970,0.481,lsc_composite
13971,0.0198,lsc_tail_cusum
13972,0.481,lsc_composite
13973,0.5535,lsc_tail_cusum
13974,0.2774,lsc_kalman_cusum
13975,0.1492,raw_var_cusum
13976,0.14915,lsc_tail_cusum
13977,0.14915,lsc_tail_cusum
13978,0.5619,raw_var_cusum
13979,0.1492,raw_var_cusum
13980,0.14915,lsc_tail_cusum
13981,0.1492,raw_var_cusum
13982,0.481,lsc_composite
13983,0.2774,lsc_kalman_cusum
13984,0.1521,raw_cusum
13985,0.1521,raw_cusum
13986,1.0,lsc_composite
13987,0.1521,raw_cusum
13988,1.0,lsc_composite
13989,0.481,lsc_composite
13990,0.5535,lsc_tail_cusum
13991,0.481,lsc_composite
13992,0.14915,lsc_tail_cusum
13993,0.14915,lsc_tail_cusum
13994,0.0198,lsc_tail_cusum
13995,0.1492,raw_var_cusum
13996,0.10165,lsc_composite
13997,0.481,lsc_composite
13998,0.5535,lsc_tail_cusum
13999,0.10165,lsc_composite
14000,0.481,lsc_composite
14001,0.2774,lsc_kalman_cusum
14002,0.00925,lsc_composite
14003,0.10165,lsc_composite
14004,0.5535,lsc_tail_cusum
14005,1.0,lsc_composite
14006,0.5535,lsc_tail_cusum
14007,0.02015,lsc_kalman_cusum
14008,0.2774,lsc_kalman_cusum
14009,0.2774,lsc_kalman_cusum
14010,0.1492,raw_var_cusum
14011,0.481,lsc_composite
14012,0.481,lsc_composite
14013,0.1492,raw_var_cusum
14014,1.0,lsc_composite
14015,0.1521,raw_cusum
14016,0.481,lsc_composite
14017,0.14915,lsc_tail_cusum
14018,0.481,lsc_composite
14019,0.10165,lsc_composite
14020,0.14915,lsc_tail_cusum
14021,0.0183,raw_var_cusum
14022,0.2774,lsc_kalman_cusum
14023,0.2774,lsc_kalman_cusum
14024,0.481,lsc_composite
14025,0.1521,raw_cusum
14026,0.1521,raw_cusum
14027,0.14915,lsc_tail_cusum
14028,0.14915,lsc_tail_cusum
14029,0.14915,lsc_tail_cusum
14030,1.0,lsc_composite
14031,0.14915,lsc_tail_cusum
14032,0.1492,raw_var_cusum
14033,0.1521,raw_cusum
14034,0.5619,raw_var_cusum
14035,0.2774,lsc_kalman_cusum
14036,0.2774,lsc_kalman_cusum
14037,0.481,lsc_composite
14038,0.5535,lsc_tail_cusum
14039,0.5619,raw_var_cusum
14040,0.1492,raw_var_cusum
14041,0.1492,raw_var_cusum
14042,1.0,lsc_composite
14043,0.2774,lsc_kalman_cusum
14044,0.481,lsc_composite
14045,0.1492,raw_var_cusum
14046,0.14915,lsc_tail_cusum
14047,0.2774,lsc_kalman_cusum
14048,0.02015,lsc_kalman_cusum
14049,0.10165,lsc_composite
14050,0.5535,lsc_tail_cusum
14051,0.14915,lsc_tail_cusum
14052,0.481,lsc_composite
14053,0.10165,lsc_composite
14054,0.2774,lsc_kalman_cusum
14055,0.10165,lsc_composite
14056,0.2774,lsc_kalman_cusum
14057,0.481,lsc_composite
14058,0.14915,lsc_tail_cusum
14059,0.2774,lsc_kalman_cusum
14060,0.1492,raw_var_cusum
14061,0.481,lsc_composite
14062,0.10165,lsc_composite
14063,0.1492,raw_var_cusum
14064,0.2774,lsc_kalman_cusum
14065,0.1492,raw_var_cusum
14066,0.1521,raw_cusum
14067,0.5535,lsc_tail_cusum
14068,0.5619,raw_var_cusum
14069,0.5619,raw_var_cusum
14070,1.0,lsc_composite
14071,0.1492,raw_var_cusum
14072,0.0183,raw_var_cusum
14073,0.2774,lsc_kalman_cusum
14074,0.481,lsc_composite
14075,0.1521,raw_cusum
14076,1.0,lsc_composite
14077,0.0183,raw_var_cusum
14078,0.2774,lsc_kalman_cusum
14079,0.1492,raw_var_cusum
14080,0.1492,raw_var_cusum
14081,0.2774,lsc_kalman_cusum
14082,0.10165,lsc_composite
14083,0.1521,raw_cusum
14084,0.1521,raw_cusum
14085,0.2774,lsc_kalman_cusum
14086,0.10165,lsc_composite
14087,0.2774,lsc_kalman_cusum
14088,0.5619,raw_var_cusum
14089,0.10165,lsc_composite
14090,0.14915,lsc_tail_cusum
14091,0.10165,lsc_composite
14092,0.2774,lsc_kalman_cusum
14093,0.5619,raw_var_cusum
14094,0.14915,lsc_tail_cusum
14095,0.5619,raw_var_cusum
14096,1.0,lsc_composite
14097,0.481,lsc_composite
14098,0.5535,lsc_tail_cusum
14099,0.481,lsc_composite
14100,0.2774,lsc_kalman_cusum
14101,0.14915,lsc_tail_cusum
14102,0.2774,lsc_kalman_cusum
14103,1.0,lsc_composite
14104,1.0,lsc_composite
14105,1.0,lsc_composite
14106,0.5535,lsc_tail_cusum
14107,1.0,lsc_composite
14108,1.0,lsc_composite
14109,0.5619,raw_var_cusum
14110,0.1521,raw_cusum
14111,0.481,lsc_composite
14112,0.2774,lsc_kalman_cusum
14113,0.5619,raw_var_cusum
14114,0.5535,lsc_tail_cusum
14115,0.5535,lsc_tail_cusum
14116,0.481,lsc_composite
14117,0.2774,lsc_kalman_cusum
14118,0.2774,lsc_kalman_cusum
14119,0.2774,lsc_kalman_cusum
14120,0.481,lsc_composite
14121,0.481,lsc_composite
14122,0.14915,lsc_tail_cusum
14123,0.1521,raw_cusum
14124,0.2774,lsc_kalman_cusum
14125,1.0,lsc_composite
14126,0.5619,raw_var_cusum
14127,0.1521,raw_cusum
14128,0.14915,lsc_tail_cusum
14129,0.10165,lsc_composite
14130,0.481,lsc_composite
14131,0.2774,lsc_kalman_cusum
14132,0.1492,raw_var_cusum
14133,0.481,lsc_composite
14134,0.1521,raw_cusum
14135,0.1492,raw_var_cusum
14136,0.1492,raw_var_cusum
14137,0.10165,lsc_composite
14138,0.2774,lsc_kalman_cusum
14139,0.2774,lsc_kalman_cusum
14140,0.14915,lsc_tail_cusum
14141,0.14915,lsc_tail_cusum
14142,0.10165,lsc_composite
14143,0.2774,lsc_kalman_cusum
14144,0.2774,lsc_kalman_cusum
14145,0.10165,lsc_composite
14146,0.0198,lsc_tail_cusum
14147,0.5619,raw_var_cusum
14148,0.2774,lsc_kalman_cusum
14149,0.0012,raw_var_cusum
14150,0.1521,raw_cusum
14151,0.14915,lsc_tail_cusum
14152,0.10165,lsc_composite
14153,0.1492,raw_var_cusum
14154,0.0198,lsc_tail_cusum
14155,0.0198,lsc_tail_cusum
14156,0.1492,raw_var_cusum
14157,0.481,lsc_composite
14158,0.2774,lsc_kalman_cusum
14159,0.5535,lsc_tail_cusum
14160,0.2774,lsc_kalman_cusum
14161,0.2774,lsc_kalman_cusum
14162,0.2774,lsc_kalman_cusum
14163,1.0,lsc_composite
14164,0.5535,lsc_tail_cusum
14165,0.1521,raw_cusum
14166,1.0,lsc_composite
14167,0.5535,lsc_tail_cusum
14168,0.14915,lsc_tail_cusum
14169,0.481,lsc_composite
14170,0.10165,lsc_composite
14171,0.2774,lsc_kalman_cusum
14172,0.0183,raw_var_cusum
14173,0.5619,raw_var_cusum
14174,1.0,lsc_composite
14175,0.481,lsc_composite
14176,1.0,lsc_composite
14177,0.2774,lsc_kalman_cusum
14178,0.2774,lsc_kalman_cusum
14179,0.14915,lsc_tail_cusum
14180,0.02015,lsc_kalman_cusum
14181,0.1521,raw_cusum
14182,0.481,lsc_composite
14183,0.10165,lsc_composite
14184,0.2774,lsc_kalman_cusum
14185,0.481,lsc_composite
14186,0.14915,lsc_tail_cusum
14187,0.10165,lsc_composite
14188,0.00925,lsc_composite
14189,0.481,lsc_composite
14190,0.481,lsc_composite
14191,0.10165,lsc_composite
14192,0.5535,lsc_tail_cusum
14193,0.481,lsc_composite
14194,0.481,lsc_composite
14195,1.0,lsc_composite
14196,0.481,lsc_composite
14197,0.5535,lsc_tail_cusum
14198,0.1521,raw_cusum
14199,0.14915,lsc_tail_cusum
14200,0.14915,lsc_tail_cusum
14201,0.5619,raw_var_cusum
14202,0.481,lsc_composite
14203,0.1521,raw_cusum
14204,0.481,lsc_composite
14205,0.10165,lsc_composite
14206,0.2774,lsc_kalman_cusum
14207,0.10165,lsc_composite
14208,0.10165,lsc_composite
14209,0.481,lsc_composite
14210,0.481,lsc_composite
14211,0.5535,lsc_tail_cusum
14212,1.0,lsc_composite
14213,0.481,lsc_composite
14214,0.1492,raw_var_cusum
14215,0.481,lsc_composite
14216,0.5535,lsc_tail_cusum
14217,0.5535,lsc_tail_cusum
14218,0.14915,lsc_tail_cusum
14219,0.1521,raw_cusum
14220,0.10165,lsc_composite
14221,0.1492,raw_var_cusum
14222,1.0,lsc_composite
14223,0.2774,lsc_kalman_cusum
14224,0.1492,raw_var_cusum
14225,1.0,lsc_composite
14226,0.02015,lsc_kalman_cusum
14227,0.2774,lsc_kalman_cusum
14228,0.481,lsc_composite
14229,0.1521,raw_cusum
14230,0.1492,raw_var_cusum
14231,1.0,lsc_composite
14232,0.5535,lsc_tail_cusum
14233,0.10165,lsc_composite
14234,0.5535,lsc_tail_cusum
14235,0.1521,raw_cusum
14236,0.481,lsc_composite
14237,0.1521,raw_cusum
14238,0.5535,lsc_tail_cusum
14239,0.5535,lsc_tail_cusum
14240,0.14915,lsc_tail_cusum
14241,0.1492,raw_var_cusum
14242,0.5535,lsc_tail_cusum
14243,0.1521,raw_cusum
14244,0.14915,lsc_tail_cusum
14245,0.481,lsc_composite
14246,0.14915,lsc_tail_cusum
14247,0.1521,raw_cusum
14248,1.0,lsc_composite
14249,0.481,lsc_composite
14250,0.2774,lsc_kalman_cusum
14251,0.10165,lsc_composite
14252,0.2774,lsc_kalman_cusum
14253,0.2774,lsc_kalman_cusum
14254,0.481,lsc_composite
14255,1.0,lsc_composite
14256,0.5535,lsc_tail_cusum
14257,0.10165,lsc_composite
14258,0.5535,lsc_tail_cusum
14259,0.0198,lsc_tail_cusum
14260,0.10165,lsc_composite
14261,0.1521,raw_cusum
14262,0.5535,lsc_tail_cusum
14263,1.0,lsc_composite
14264,0.5535,lsc_tail_cusum
14265,0.1492,raw_var_cusum
14266,0.10165,lsc_composite
14267,0.14915,lsc_tail_cusum
14268,0.2774,lsc_kalman_cusum
14269,0.1492,raw_var_cusum
14270,0.10165,lsc_composite
14271,0.481,lsc_composite
14272,1.0,lsc_composite
14273,0.1492,raw_var_cusum
14274,0.5619,raw_var_cusum
14275,0.2774,lsc_kalman_cusum
14276,0.5619,raw_var_cusum
14277,0.02015,lsc_kalman_cusum
14278,0.14915,lsc_tail_cusum
14279,1.0,lsc_composite
14280,0.5535,lsc_tail_cusum
14281,0.14915,lsc_tail_cusum
14282,0.0183,raw_var_cusum
14283,0.02015,lsc_kalman_cusum
14284,0.481,lsc_composite
14285,0.5535,lsc_tail_cusum
14286,1.0,lsc_composite
14287,0.1521,raw_cusum
14288,0.481,lsc_composite
14289,0.10165,lsc_composite
14290,0.1492,raw_var_cusum
14291,0.14915,lsc_tail_cusum
14292,0.2774,lsc_kalman_cusum
14293,0.5535,lsc_tail_cusum
14294,0.2774,lsc_kalman_cusum
14295,1.0,lsc_composite
14296,0.1521,raw_cusum
14297,0.10165,lsc_composite
14298,0.2774,lsc_kalman_cusum
14299,0.481,lsc_composite
14300,0.2774,lsc_kalman_cusum
14301,0.5535,lsc_tail_cusum
14302,0.2774,lsc_kalman_cusum
14303,0.481,lsc_composite
14304,0.10165,lsc_composite
14305,0.14915,lsc_tail_cusum
14306,0.2774,lsc_kalman_cusum
14307,0.14915,lsc_tail_cusum
14308,0.1521,raw_cusum
14309,0.0198,lsc_tail_cusum
14310,0.14915,lsc_tail_cusum
14311,0.5535,lsc_tail_cusum
14312,0.1492,raw_var_cusum
14313,0.2774,lsc_kalman_cusum
14314,0.5619,raw_var_cusum
14315,0.5535,lsc_tail_cusum
14316,0.481,lsc_composite
14317,0.1492,raw_var_cusum
14318,0.2774,lsc_kalman_cusum
14319,0.1521,raw_cusum
14320,0.481,lsc_composite
14321,0.2774,lsc_kalman_cusum
14322,0.0183,raw_var_cusum
14323,0.1492,raw_var_cusum
14324,0.10165,lsc_composite
14325,0.10165,lsc_composite
14326,0.14915,lsc_tail_cusum
14327,0.14915,lsc_tail_cusum
14328,0.5535,lsc_tail_cusum
14329,0.5535,lsc_tail_cusum
14330,0.1492,raw_var_cusum
14331,0.481,lsc_composite
14332,0.14915,lsc_tail_cusum
14333,0.481,lsc_composite
14334,0.14915,lsc_tail_cusum
14335,0.10165,lsc_composite
14336,0.2774,lsc_kalman_cusum
14337,0.1521,raw_cusum
14338,0.02015,lsc_kalman_cusum
14339,1.0,lsc_composite
14340,0.0183,raw_var_cusum
14341,0.1521,raw_cusum
14342,0.5535,lsc_tail_cusum
14343,0.14915,lsc_tail_cusum
14344,0.2774,lsc_kalman_cusum
14345,0.0183,raw_var_cusum
14346,0.481,lsc_composite
14347,0.5535,lsc_tail_cusum
14348,0.5619,raw_var_cusum
14349,0.481,lsc_composite
14350,0.2774,lsc_kalman_cusum
14351,0.1521,raw_cusum
14352,0.10165,lsc_composite
14353,0.1492,raw_var_cusum
14354,0.10165,lsc_composite
14355,0.5619,raw_var_cusum
14356,0.0198,lsc_tail_cusum
14357,0.1521,raw_cusum
14358,0.10165,lsc_composite
14359,0.1521,raw_cusum
14360,0.5535,lsc_tail_cusum
14361,0.1521,raw_cusum
14362,0.14915,lsc_tail_cusum
14363,0.10165,lsc_composite
14364,0.10165,lsc_composite
14365,0.5619,raw_var_cusum
14366,0.5535,lsc_tail_cusum
14367,0.2774,lsc_kalman_cusum
14368,0.5619,raw_var_cusum
14369,0.02015,lsc_kalman_cusum
14370,0.14915,lsc_tail_cusum
14371,0.5535,lsc_tail_cusum
14372,0.5535,lsc_tail_cusum
14373,0.1521,raw_cusum
14374,0.2774,lsc_kalman_cusum
14375,0.1492,raw_var_cusum
14376,0.2774,lsc_kalman_cusum
14377,0.10165,lsc_composite
14378,0.5619,raw_var_cusum
14379,0.1492,raw_var_cusum
14380,0.1492,raw_var_cusum
14381,0.5619,raw_var_cusum
14382,0.5619,raw_var_cusum
14383,0.1521,raw_cusum
14384,1.0,lsc_composite
14385,0.5535,lsc_tail_cusum
14386,0.5535,lsc_tail_cusum
14387,0.5535,lsc_tail_cusum
14388,0.1492,raw_var_cusum
14389,0.481,lsc_composite
14390,0.5619,raw_var_cusum
14391,0.481,lsc_composite
14392,0.481,lsc_composite
14393,0.14915,lsc_tail_cusum
14394,0.2774,lsc_kalman_cusum
14395,0.10165,lsc_composite
14396,0.0183,raw_var_cusum
14397,0.1492,raw_var_cusum
14398,0.2774,lsc_kalman_cusum
14399,0.1492,raw_var_cusum
14400,0.0198,lsc_tail_cusum
14401,0.1492,raw_var_cusum
14402,0.2774,lsc_kalman_cusum
14403,0.5535,lsc_tail_cusum
14404,0.5619,raw_var_cusum
14405,0.481,lsc_composite
14406,1.0,lsc_composite
14407,0.1521,raw_cusum
14408,0.5619,raw_var_cusum
14409,0.481,lsc_composite
14410,0.481,lsc_composite
14411,0.10165,lsc_composite
14412,0.481,lsc_composite
14413,0.5619,raw_var_cusum
14414,0.02015,lsc_kalman_cusum
14415,0.1492,raw_var_cusum
14416,1.0,lsc_composite
14417,0.0012,raw_var_cusum
14418,0.14915,lsc_tail_cusum
14419,0.2774,lsc_kalman_cusum
14420,0.481,lsc_composite
14421,0.14915,lsc_tail_cusum
14422,1.0,lsc_composite
14423,0.5535,lsc_tail_cusum
14424,0.2774,lsc_kalman_cusum
14425,0.14915,lsc_tail_cusum
14426,0.14915,lsc_tail_cusum
14427,0.1521,raw_cusum
14428,0.1521,raw_cusum
14429,0.1521,raw_cusum
14430,1.0,lsc_composite
14431,0.5619,raw_var_cusum
14432,0.1521,raw_cusum
14433,0.1521,raw_cusum
14434,1.0,lsc_composite
14435,1.0,lsc_composite
14436,0.481,lsc_composite
14437,0.5535,lsc_tail_cusum
14438,0.1492,raw_var_cusum
14439,0.5619,raw_var_cusum
14440,0.481,lsc_composite
14441,0.14915,lsc_tail_cusum
14442,0.5535,lsc_tail_cusum
14443,0.10165,lsc_composite
14444,0.481,lsc_composite
14445,0.481,lsc_composite
14446,0.481,lsc_composite
14447,0.1521,raw_cusum
14448,0.2774,lsc_kalman_cusum
14449,0.02015,lsc_kalman_cusum
14450,0.02015,lsc_kalman_cusum
14451,0.5535,lsc_tail_cusum
14452,0.14915,lsc_tail_cusum
14453,0.10165,lsc_composite
14454,0.2774,lsc_kalman_cusum
14455,1.0,lsc_composite
14456,1.0,lsc_composite
14457,0.481,lsc_composite
14458,0.5535,lsc_tail_cusum
14459,1.0,lsc_composite
14460,0.5535,lsc_tail_cusum
14461,0.5535,lsc_tail_cusum
14462,0.481,lsc_composite
14463,0.14915,lsc_tail_cusum
14464,0.0198,lsc_tail_cusum
14465,0.2774,lsc_kalman_cusum
14466,0.1492,raw_var_cusum
14467,0.481,lsc_composite
14468,0.00925,lsc_composite
14469,0.14915,lsc_tail_cusum
14470,0.02015,lsc_kalman_cusum
14471,0.02015,lsc_kalman_cusum
14472,0.10165,lsc_composite
14473,0.5535,lsc_tail_cusum
14474,0.481,lsc_composite
14475,0.481,lsc_composite
14476,0.0183,raw_var_cusum
14477,0.1521,raw_cusum
14478,0.14915,lsc_tail_cusum
14479,0.481,lsc_composite
14480,1.0,lsc_composite
14481,0.5535,lsc_tail_cusum
14482,0.2774,lsc_kalman_cusum
14483,0.1521,raw_cusum
14484,0.481,lsc_composite
14485,0.5535,lsc_tail_cusum
14486,0.5535,lsc_tail_cusum
14487,0.5619,raw_var_cusum
14488,0.481,lsc_composite
14489,0.481,lsc_composite
14490,0.5535,lsc_tail_cusum
14491,0.5535,lsc_tail_cusum
14492,0.2774,lsc_kalman_cusum
14493,0.1521,raw_cusum
14494,0.5619,raw_var_cusum
14495,0.2774,lsc_kalman_cusum
14496,0.481,lsc_composite
14497,0.0183,raw_var_cusum
14498,0.10165,lsc_composite
14499,0.5619,raw_var_cusum
14500,0.5619,raw_var_cusum
14501,0.1521,raw_cusum
14502,0.10165,lsc_composite
14503,0.5535,lsc_tail_cusum
14504,0.481,lsc_composite
14505,0.2774,lsc_kalman_cusum
14506,0.5535,lsc_tail_cusum
14507,0.1492,raw_var_cusum
14508,0.14915,lsc_tail_cusum
14509,0.10165,lsc_composite
14510,0.1521,raw_cusum
14511,0.14915,lsc_tail_cusum
14512,0.1492,raw_var_cusum
14513,0.1492,raw_var_cusum
14514,0.10165,lsc_composite
14515,0.1521,raw_cusum
14516,0.10165,lsc_composite
14517,0.5619,raw_var_cusum
14518,0.14915,lsc_tail_cusum
14519,0.1492,raw_var_cusum
14520,0.5535,lsc_tail_cusum
14521,0.1492,raw_var_cusum
14522,0.481,lsc_composite
14523,0.5619,raw_var_cusum
14524,0.1521,raw_cusum
14525,0.481,lsc_composite
14526,0.14915,lsc_tail_cusum
14527,0.2774,lsc_kalman_cusum
14528,0.1521,raw_cusum
14529,0.2774,lsc_kalman_cusum
14530,0.14915,lsc_tail_cusum
14531,0.1521,raw_cusum
14532,0.481,lsc_composite
14533,0.1492,raw_var_cusum
14534,0.5535,lsc_tail_cusum
14535,0.0198,lsc_tail_cusum
14536,0.5619,raw_var_cusum
14537,0.5619,raw_var_cusum
14538,0.1492,raw_var_cusum
14539,0.5619,raw_var_cusum
14540,0.10165,lsc_composite
14541,0.1492,raw_var_cusum
14542,0.5619,raw_var_cusum
14543,0.14915,lsc_tail_cusum
14544,0.14915,lsc_tail_cusum
14545,0.10165,lsc_composite
14546,0.14915,lsc_tail_cusum
14547,0.2774,lsc_kalman_cusum
14548,0.1521,raw_cusum
14549,0.10165,lsc_composite
14550,0.481,lsc_composite
14551,0.00925,lsc_composite
14552,0.14915,lsc_tail_cusum
14553,0.14915,lsc_tail_cusum
14554,0.1492,raw_var_cusum
14555,0.5535,lsc_tail_cusum
14556,0.2774,lsc_kalman_cusum
14557,0.481,lsc_composite
14558,0.481,lsc_composite
14559,0.5619,raw_var_cusum
14560,0.2774,lsc_kalman_cusum
14561,0.10165,lsc_composite
14562,0.14915,lsc_tail_cusum
14563,0.14915,lsc_tail_cusum
14564,0.02015,lsc_kalman_cusum
14565,0.1492,raw_var_cusum
14566,0.2774,lsc_kalman_cusum
14567,0.2774,lsc_kalman_cusum
14568,0.0183,raw_var_cusum
14569,0.481,lsc_composite
14570,0.1492,raw_var_cusum
14571,0.14915,lsc_tail_cusum
14572,0.5535,lsc_tail_cusum
14573,0.0012,raw_var_cusum
14574,0.481,lsc_composite
14575,0.1521,raw_cusum
14576,0.2774,lsc_kalman_cusum
14577,0.1521,raw_cusum
14578,1.0,lsc_composite
14579,0.481,lsc_composite
14580,0.481,lsc_composite
14581,0.2774,lsc_kalman_cusum
14582,0.2774,lsc_kalman_cusum
14583,0.481,lsc_composite
14584,0.14915,lsc_tail_cusum
14585,1.0,lsc_composite
14586,0.2774,lsc_kalman_cusum
14587,0.00925,lsc_composite
14588,1.0,lsc_composite
14589,0.0198,lsc_tail_cusum
14590,0.481,lsc_composite
14591,0.10165,lsc_composite
14592,0.5535,lsc_tail_cusum
14593,1.0,lsc_composite
14594,0.1521,raw_cusum
14595,0.2774,lsc_kalman_cusum
14596,0.00075,lsc_tail_cusum
14597,1.0,lsc_composite
14598,0.2774,lsc_kalman_cusum
14599,0.1521,raw_cusum
14600,0.481,lsc_composite
14601,0.5619,raw_var_cusum
14602,0.0183,raw_var_cusum
14603,1.0,lsc_composite
14604,0.10165,lsc_composite
14605,0.10165,lsc_composite
14606,0.2774,lsc_kalman_cusum
14607,0.5535,lsc_tail_cusum
14608,0.1492,raw_var_cusum
14609,1.0,lsc_composite
14610,0.481,lsc_composite
14611,0.5535,lsc_tail_cusum
14612,0.481,lsc_composite
14613,0.0198,lsc_tail_cusum
14614,0.5619,raw_var_cusum
14615,0.481,lsc_composite
14616,0.1492,raw_var_cusum
14617,1.0,lsc_composite
14618,0.1492,raw_var_cusum
14619,0.5619,raw_var_cusum
14620,0.0183,raw_var_cusum
14621,0.1521,raw_cusum
14622,0.2774,lsc_kalman_cusum
14623,0.1492,raw_var_cusum
14624,0.2774,lsc_kalman_cusum
14625,0.10165,lsc_composite
14626,0.2774,lsc_kalman_cusum
14627,1.0,lsc_composite
14628,0.14915,lsc_tail_cusum
14629,0.481,lsc_composite
14630,0.481,lsc_composite
14631,0.14915,lsc_tail_cusum
14632,0.14915,lsc_tail_cusum
14633,0.14915,lsc_tail_cusum
14634,0.5535,lsc_tail_cusum
14635,0.10165,lsc_composite
14636,0.1521,raw_cusum
14637,0.14915,lsc_tail_cusum
14638,0.1492,raw_var_cusum
14639,0.0198,lsc_tail_cusum
14640,0.481,lsc_composite
14641,0.481,lsc_composite
14642,0.00925,lsc_composite
14643,0.2774,lsc_kalman_cusum
14644,0.1492,raw_var_cusum
14645,0.14915,lsc_tail_cusum
14646,0.2774,lsc_kalman_cusum
14647,0.481,lsc_composite
14648,0.10165,lsc_composite
14649,0.2774,lsc_kalman_cusum
14650,0.5619,raw_var_cusum
14651,0.481,lsc_composite
14652,0.5535,lsc_tail_cusum
14653,0.481,lsc_composite
14654,0.02015,lsc_kalman_cusum
14655,0.0198,lsc_tail_cusum
14656,0.2774,lsc_kalman_cusum
14657,0.481,lsc_composite
14658,0.10165,lsc_composite
14659,0.10165,lsc_composite
14660,0.5619,raw_var_cusum
14661,0.0198,lsc_tail_cusum
14662,0.0183,raw_var_cusum
14663,0.1492,raw_var_cusum
14664,0.10165,lsc_composite
14665,1.0,lsc_composite
14666,0.14915,lsc_tail_cusum
14667,0.10165,lsc_composite
14668,0.2774,lsc_kalman_cusum
14669,0.14915,lsc_tail_cusum
14670,0.5535,lsc_tail_cusum
14671,0.14915,lsc_tail_cusum
14672,0.14915,lsc_tail_cusum
14673,1.0,lsc_composite
14674,0.2774,lsc_kalman_cusum
14675,0.14915,lsc_tail_cusum
14676,0.5535,lsc_tail_cusum
14677,0.1492,raw_var_cusum
14678,0.1521,raw_cusum
14679,0.0198,lsc_tail_cusum
14680,0.10165,lsc_composite
14681,0.00075,lsc_tail_cusum
14682,0.14915,lsc_tail_cusum
14683,0.1521,raw_cusum
14684,0.5535,lsc_tail_cusum
14685,0.5535,lsc_tail_cusum
14686,0.2774,lsc_kalman_cusum
14687,0.5619,raw_var_cusum
14688,0.2774,lsc_kalman_cusum
14689,0.2774,lsc_kalman_cusum
14690,1.0,lsc_composite
14691,0.5619,raw_var_cusum
14692,0.1492,raw_var_cusum
14693,1.0,lsc_composite
14694,0.2774,lsc_kalman_cusum
14695,1.0,lsc_composite
14696,0.481,lsc_composite
14697,0.2774,lsc_kalman_cusum
14698,0.5535,lsc_tail_cusum
14699,0.481,lsc_composite
14700,0.1492,raw_var_cusum
14701,0.14915,lsc_tail_cusum
14702,0.2774,lsc_kalman_cusum
14703,0.5535,lsc_tail_cusum
14704,0.14915,lsc_tail_cusum
14705,0.481,lsc_composite
14706,0.02015,lsc_kalman_cusum
14707,0.481,lsc_composite
14708,0.1492,raw_var_cusum
14709,0.5535,lsc_tail_cusum
14710,1.0,lsc_composite
14711,0.481,lsc_composite
14712,0.14915,lsc_tail_cusum
14713,0.2774,lsc_kalman_cusum
14714,0.1521,raw_cusum
14715,0.5619,raw_var_cusum
14716,0.1492,raw_var_cusum
14717,0.0198,lsc_tail_cusum
14718,0.14915,lsc_tail_cusum
14719,0.1521,raw_cusum
14720,0.2774,lsc_kalman_cusum
14721,0.1492,raw_var_cusum
14722,0.481,lsc_composite
14723,0.14915,lsc_tail_cusum
14724,0.10165,lsc_composite
14725,0.02015,lsc_kalman_cusum
14726,0.1492,raw_var_cusum
14727,0.10165,lsc_composite
14728,0.2774,lsc_kalman_cusum
14729,0.1492,raw_var_cusum
14730,0.14915,lsc_tail_cusum
14731,0.10165,lsc_composite
14732,0.00925,lsc_composite
14733,0.5535,lsc_tail_cusum
14734,0.5535,lsc_tail_cusum
14735,0.481,lsc_composite
14736,0.14915,lsc_tail_cusum
14737,0.5535,lsc_tail_cusum
14738,1.0,lsc_composite
14739,1.0,lsc_composite
14740,1.0,lsc_composite
14741,0.5535,lsc_tail_cusum
14742,0.10165,lsc_composite
14743,0.1521,raw_cusum
14744,0.5535,lsc_tail_cusum
14745,0.10165,lsc_composite
14746,0.2774,lsc_kalman_cusum
14747,0.481,lsc_composite
14748,1.0,lsc_composite
14749,0.2774,lsc_kalman_cusum
14750,0.5619,raw_var_cusum
14751,0.2774,lsc_kalman_cusum
14752,0.481,lsc_composite
14753,0.5535,lsc_tail_cusum
14754,0.481,lsc_composite
14755,0.481,lsc_composite
14756,0.1521,raw_cusum
14757,0.5535,lsc_tail_cusum
14758,0.2774,lsc_kalman_cusum
14759,0.14915,lsc_tail_cusum
14760,0.1492,raw_var_cusum
14761,0.14915,lsc_tail_cusum
14762,0.5535,lsc_tail_cusum
14763,0.481,lsc_composite
14764,0.2774,lsc_kalman_cusum
14765,0.481,lsc_composite
14766,0.14915,lsc_tail_cusum
14767,0.5619,raw_var_cusum
14768,0.1521,raw_cusum
14769,0.1492,raw_var_cusum
14770,0.5535,lsc_tail_cusum
14771,0.1521,raw_cusum
14772,0.2774,lsc_kalman_cusum
14773,0.2774,lsc_kalman_cusum
14774,0.1521,raw_cusum
14775,0.5619,raw_var_cusum
14776,0.2774,lsc_kalman_cusum
14777,0.14915,lsc_tail_cusum
14778,0.00925,lsc_composite
14779,0.5535,lsc_tail_cusum
14780,0.481,lsc_composite
14781,0.2774,lsc_kalman_cusum
14782,0.10165,lsc_composite
14783,0.1492,raw_var_cusum
14784,0.2774,lsc_kalman_cusum
14785,0.0183,raw_var_cusum
14786,0.02015,lsc_kalman_cusum
14787,0.1492,raw_var_cusum
14788,0.481,lsc_composite
14789,0.5619,raw_var_cusum
14790,0.14915,lsc_tail_cusum
14791,0.481,lsc_composite
14792,0.1521,raw_cusum
14793,0.14915,lsc_tail_cusum
14794,0.1492,raw_var_cusum
14795,0.14915,lsc_tail_cusum
14796,0.14915,lsc_tail_cusum
14797,0.10165,lsc_composite
14798,0.1521,raw_cusum
14799,0.14915,lsc_tail_cusum
14800,0.1492,raw_var_cusum
14801,0.2774,lsc_kalman_cusum
14802,1.0,lsc_composite
14803,0.2774,lsc_kalman_cusum
14804,1.0,lsc_composite
14805,0.5535,lsc_tail_cusum
14806,0.481,lsc_composite
14807,0.14915,lsc_tail_cusum
14808,0.1521,raw_cusum
14809,1.0,lsc_composite
14810,0.481,lsc_composite
14811,0.10165,lsc_composite
14812,0.1492,raw_var_cusum
14813,0.1492,raw_var_cusum
14814,0.14915,lsc_tail_cusum
14815,0.14915,lsc_tail_cusum
14816,0.14915,lsc_tail_cusum
14817,0.2774,lsc_kalman_cusum
14818,0.481,lsc_composite
14819,0.481,lsc_composite
14820,0.2774,lsc_kalman_cusum
14821,0.481,lsc_composite
14822,0.14915,lsc_tail_cusum
14823,0.5619,raw_var_cusum
14824,0.5535,lsc_tail_cusum
14825,0.0012,raw_var_cusum
14826,0.14915,lsc_tail_cusum
14827,1.0,lsc_composite
14828,0.1492,raw_var_cusum
14829,0.1492,raw_var_cusum
14830,0.14915,lsc_tail_cusum
14831,0.481,lsc_composite
14832,0.1521,raw_cusum
14833,0.14915,lsc_tail_cusum
14834,0.481,lsc_composite
14835,0.5535,lsc_tail_cusum
14836,0.1492,raw_var_cusum
14837,0.1521,raw_cusum
14838,0.2774,lsc_kalman_cusum
14839,0.481,lsc_composite
14840,0.481,lsc_composite
14841,0.481,lsc_composite
14842,0.481,lsc_composite
14843,0.1521,raw_cusum
14844,0.5535,lsc_tail_cusum
14845,0.5535,lsc_tail_cusum
14846,0.1521,raw_cusum
14847,0.14915,lsc_tail_cusum
14848,0.5535,lsc_tail_cusum
14849,0.14915,lsc_tail_cusum
14850,0.5535,lsc_tail_cusum
14851,0.5535,lsc_tail_cusum
14852,0.481,lsc_composite
14853,0.481,lsc_composite
14854,0.1492,raw_var_cusum
14855,0.481,lsc_composite
14856,0.10165,lsc_composite
14857,0.2774,lsc_kalman_cusum
14858,0.481,lsc_composite
14859,0.10165,lsc_composite
14860,0.1492,raw_var_cusum
14861,0.14915,lsc_tail_cusum
14862,0.14915,lsc_tail_cusum
14863,0.481,lsc_composite
14864,0.1492,raw_var_cusum
14865,1.0,lsc_composite
14866,0.1521,raw_cusum
14867,0.1492,raw_var_cusum
14868,0.481,lsc_composite
14869,0.10165,lsc_composite
14870,0.10165,lsc_composite
14871,0.0183,raw_var_cusum
14872,0.0183,raw_var_cusum
14873,0.14915,lsc_tail_cusum
14874,0.5535,lsc_tail_cusum
14875,1.0,lsc_composite
14876,0.0198,lsc_tail_cusum
14877,0.14915,lsc_tail_cusum
14878,0.5535,lsc_tail_cusum
14879,0.14915,lsc_tail_cusum
14880,0.1521,raw_cusum
14881,0.5535,lsc_tail_cusum
14882,0.1492,raw_var_cusum
14883,0.481,lsc_composite
14884,0.2774,lsc_kalman_cusum
14885,0.481,lsc_composite
14886,0.10165,lsc_composite
14887,0.481,lsc_composite
14888,0.1492,raw_var_cusum
14889,0.5535,lsc_tail_cusum
14890,0.14915,lsc_tail_cusum
14891,0.5535,lsc_tail_cusum
14892,0.481,lsc_composite
14893,0.14915,lsc_tail_cusum
14894,0.10165,lsc_composite
14895,0.2774,lsc_kalman_cusum
14896,0.5535,lsc_tail_cusum
14897,0.1521,raw_cusum
14898,0.0198,lsc_tail_cusum
14899,0.1521,raw_cusum
14900,0.1492,raw_var_cusum
14901,0.2774,lsc_kalman_cusum
14902,0.5535,lsc_tail_cusum
14903,0.481,lsc_composite
14904,0.2774,lsc_kalman_cusum
14905,0.1492,raw_var_cusum
14906,1.0,lsc_composite
14907,0.5619,raw_var_cusum
14908,0.5619,raw_var_cusum
14909,0.1492,raw_var_cusum
14910,0.1521,raw_cusum
14911,0.481,lsc_composite
14912,0.481,lsc_composite
14913,0.1492,raw_var_cusum
14914,0.481,lsc_composite
14915,1.0,lsc_composite
14916,0.1492,raw_var_cusum
14917,0.1492,raw_var_cusum
14918,0.2774,lsc_kalman_cusum
14919,0.1521,raw_cusum
14920,1.0,lsc_composite
14921,0.14915,lsc_tail_cusum
14922,0.1521,raw_cusum
14923,0.481,lsc_composite
14924,0.481,lsc_composite
14925,0.10165,lsc_composite
14926,0.5535,lsc_tail_cusum
14927,0.2774,lsc_kalman_cusum
14928,0.1521,raw_cusum
14929,0.481,lsc_composite
14930,0.10165,lsc_composite
14931,0.10165,lsc_composite
14932,0.5619,raw_var_cusum
14933,0.5619,raw_var_cusum
14934,0.5619,raw_var_cusum
14935,0.10165,lsc_composite
14936,1.0,lsc_composite
14937,0.10165,lsc_composite
14938,0.1492,raw_var_cusum
14939,1.0,lsc_composite
14940,0.1492,raw_var_cusum
14941,0.14915,lsc_tail_cusum
14942,0.5619,raw_var_cusum
14943,0.14915,lsc_tail_cusum
14944,0.1492,raw_var_cusum
14945,1.0,lsc_composite
14946,0.2774,lsc_kalman_cusum
14947,0.481,lsc_composite
14948,0.481,lsc_composite
14949,0.481,lsc_composite
14950,0.14915,lsc_tail_cusum
14951,0.5535,lsc_tail_cusum
14952,0.0198,lsc_tail_cusum
14953,1.0,lsc_composite
14954,1.0,lsc_composite
14955,0.2774,lsc_kalman_cusum
14956,0.5619,raw_var_cusum
14957,0.481,lsc_composite
14958,0.2774,lsc_kalman_cusum
14959,0.2774,lsc_kalman_cusum
14960,0.2774,lsc_kalman_cusum
14961,0.2774,lsc_kalman_cusum
14962,0.00925,lsc_composite
14963,0.10165,lsc_composite
14964,0.481,lsc_composite
14965,0.5619,raw_var_cusum
14966,0.1492,raw_var_cusum
14967,0.2774,lsc_kalman_cusum
14968,0.10165,lsc_composite
14969,0.2774,lsc_kalman_cusum
14970,0.481,lsc_composite
14971,0.5535,lsc_tail_cusum
14972,0.5535,lsc_tail_cusum
14973,0.5535,lsc_tail_cusum
14974,0.14915,lsc_tail_cusum
14975,0.2774,lsc_kalman_cusum
14976,0.481,lsc_composite
14977,1.0,lsc_composite
14978,0.2774,lsc_kalman_cusum
14979,0.481,lsc_composite
14980,0.00925,lsc_composite
14981,0.2774,lsc_kalman_cusum
14982,0.0198,lsc_tail_cusum
14983,0.10165,lsc_composite
14984,0.1492,raw_var_cusum
14985,0.10165,lsc_composite
14986,0.481,lsc_composite
14987,0.2774,lsc_kalman_cusum
14988,1.0,lsc_composite
14989,0.5535,lsc_tail_cusum
14990,0.14915,lsc_tail_cusum
14991,0.10165,lsc_composite
14992,0.10165,lsc_composite
14993,0.1521,raw_cusum
14994,0.14915,lsc_tail_cusum
14995,1.0,lsc_composite
14996,0.5535,lsc_tail_cusum
14997,1.0,lsc_composite
14998,0.481,lsc_composite
14999,0.5535,lsc_tail_cusum
15000,0.2774,lsc_kalman_cusum
15001,0.5535,lsc_tail_cusum
15002,0.2774,lsc_kalman_cusum
15003,0.14915,lsc_tail_cusum
15004,0.2774,lsc_kalman_cusum
15005,1.0,lsc_composite
15006,0.5535,lsc_tail_cusum
15007,0.1521,raw_cusum
15008,0.1492,raw_var_cusum
15009,0.481,lsc_composite
15010,0.481,lsc_composite
15011,0.481,lsc_composite
15012,0.2774,lsc_kalman_cusum
15013,1.0,lsc_composite
15014,0.10165,lsc_composite
15015,1.0,lsc_composite
15016,1.0,lsc_composite
15017,1.0,lsc_composite
15018,0.14915,lsc_tail_cusum
15019,0.2774,lsc_kalman_cusum
15020,0.5535,lsc_tail_cusum
15021,0.14915,lsc_tail_cusum
15022,0.1492,raw_var_cusum
15023,0.5619,raw_var_cusum
15024,0.1521,raw_cusum
15025,0.2774,lsc_kalman_cusum
15026,0.5535,lsc_tail_cusum
15027,1.0,lsc_composite
15028,0.1492,raw_var_cusum
15029,0.2774,lsc_kalman_cusum
15030,0.5619,raw_var_cusum
15031,1.0,lsc_composite
15032,0.1521,raw_cusum
15033,0.2774,lsc_kalman_cusum
15034,0.5619,raw_var_cusum
15035,0.5619,raw_var_cusum
15036,0.481,lsc_composite
15037,0.2774,lsc_kalman_cusum
15038,0.1492,raw_var_cusum
15039,0.2774,lsc_kalman_cusum
15040,0.5535,lsc_tail_cusum
15041,0.5535,lsc_tail_cusum
15042,0.10165,lsc_composite
15043,0.481,lsc_composite
15044,0.1492,raw_var_cusum
15045,0.10165,lsc_composite
15046,0.5535,lsc_tail_cusum
15047,0.2774,lsc_kalman_cusum
15048,0.1492,raw_var_cusum
15049,0.2774,lsc_kalman_cusum
15050,0.481,lsc_composite
15051,0.481,lsc_composite
15052,0.5619,raw_var_cusum
15053,0.2774,lsc_kalman_cusum
15054,0.1492,raw_var_cusum
15055,0.1492,raw_var_cusum
15056,1.0,lsc_composite
15057,0.481,lsc_composite
15058,0.481,lsc_composite
15059,0.2774,lsc_kalman_cusum
15060,0.1521,raw_cusum
15061,0.481,lsc_composite
15062,0.481,lsc_composite
15063,0.481,lsc_composite
15064,0.0183,raw_var_cusum
15065,0.2774,lsc_kalman_cusum
15066,0.02015,lsc_kalman_cusum
15067,0.1521,raw_cusum
15068,0.1492,raw_var_cusum
15069,0.0183,raw_var_cusum
15070,0.5619,raw_var_cusum
15071,0.10165,lsc_composite
15072,0.1492,raw_var_cusum
15073,0.2774,lsc_kalman_cusum
15074,0.14915,lsc_tail_cusum
15075,0.2774,lsc_kalman_cusum
15076,0.5535,lsc_tail_cusum
15077,0.2774,lsc_kalman_cusum
15078,0.481,lsc_composite
15079,0.5535,lsc_tail_cusum
15080,0.5535,lsc_tail_cusum
15081,0.02015,lsc_kalman_cusum
15082,0.481,lsc_composite
15083,0.10165,lsc_composite
15084,0.481,lsc_composite
15085,0.1492,raw_var_cusum
15086,0.1492,raw_var_cusum
15087,0.10165,lsc_composite
15088,0.5535,lsc_tail_cusum
15089,1.0,lsc_composite
15090,0.1521,raw_cusum
15091,0.1492,raw_var_cusum
15092,0.481,lsc_composite
15093,0.481,lsc_composite
15094,0.14915,lsc_tail_cusum
15095,0.02015,lsc_kalman_cusum
15096,0.14915,lsc_tail_cusum
15097,0.481,lsc_composite
15098,0.481,lsc_composite
15099,0.5535,lsc_tail_cusum
15100,0.1492,raw_var_cusum
15101,0.02015,lsc_kalman_cusum
15102,0.1492,raw_var_cusum
15103,0.10165,lsc_composite
15104,0.481,lsc_composite
15105,0.2774,lsc_kalman_cusum
15106,0.2774,lsc_kalman_cusum
15107,0.5619,raw_var_cusum
15108,0.1492,raw_var_cusum
15109,0.1492,raw_var_cusum
15110,0.2774,lsc_kalman_cusum
15111,0.5535,lsc_tail_cusum
15112,0.02015,lsc_kalman_cusum
15113,0.5619,raw_var_cusum
15114,0.2774,lsc_kalman_cusum
15115,0.481,lsc_composite
15116,1.0,lsc_composite
15117,1.0,lsc_composite
15118,0.14915,lsc_tail_cusum
15119,0.1521,raw_cusum
15120,0.10165,lsc_composite
15121,0.481,lsc_composite
15122,0.481,lsc_composite
15123,0.1492,raw_var_cusum
15124,0.1492,raw_var_cusum
15125,0.14915,lsc_tail_cusum
15126,0.2774,lsc_kalman_cusum
15127,0.2774,lsc_kalman_cusum
15128,0.10165,lsc_composite
15129,0.02015,lsc_kalman_cusum
15130,1.0,lsc_composite
15131,0.5535,lsc_tail_cusum
15132,0.481,lsc_composite
15133,0.1492,raw_var_cusum
15134,0.14915,lsc_tail_cusum
15135,0.481,lsc_composite
15136,0.5535,lsc_tail_cusum
15137,0.5619,raw_var_cusum
15138,0.2774,lsc_kalman_cusum
15139,0.1521,raw_cusum
15140,0.5619,raw_var_cusum
15141,0.5619,raw_var_cusum
15142,0.1521,raw_cusum
15143,0.481,lsc_composite
15144,0.2774,lsc_kalman_cusum
15145,1.0,lsc_composite
15146,0.1492,raw_var_cusum
15147,0.14915,lsc_tail_cusum
15148,0.481,lsc_composite
15149,0.02015,lsc_kalman_cusum
15150,0.1521,raw_cusum
15151,0.481,lsc_composite
15152,0.00925,lsc_composite
15153,0.2774,lsc_kalman_cusum
15154,0.5619,raw_var_cusum
15155,0.481,lsc_composite
15156,0.5535,lsc_tail_cusum
15157,0.1492,raw_var_cusum
15158,0.14915,lsc_tail_cusum
15159,0.5535,lsc_tail_cusum
15160,0.14915,lsc_tail_cusum
15161,0.5535,lsc_tail_cusum
15162,0.1521,raw_cusum
15163,0.1521,raw_cusum
15164,0.10165,lsc_composite
15165,0.14915,lsc_tail_cusum
15166,0.1492,raw_var_cusum
15167,0.1492,raw_var_cusum
15168,0.14915,lsc_tail_cusum
15169,1.0,lsc_composite
15170,0.02015,lsc_kalman_cusum
15171,0.481,lsc_composite
15172,0.2774,lsc_kalman_cusum
15173,0.481,lsc_composite
15174,0.481,lsc_composite
15175,1.0,lsc_composite
15176,0.2774,lsc_kalman_cusum
15177,0.10165,lsc_composite
15178,0.481,lsc_composite
15179,0.1521,raw_cusum
15180,0.10165,lsc_composite
15181,0.481,lsc_composite
15182,0.0198,lsc_tail_cusum
15183,0.2774,lsc_kalman_cusum
15184,1.0,lsc_composite
15185,0.0198,lsc_tail_cusum
15186,0.1521,raw_cusum
15187,0.481,lsc_composite
15188,0.1492,raw_var_cusum
15189,0.1521,raw_cusum
15190,0.2774,lsc_kalman_cusum
15191,0.0198,lsc_tail_cusum
15192,1.0,lsc_composite
15193,0.1521,raw_cusum
15194,0.14915,lsc_tail_cusum
15195,0.481,lsc_composite
15196,0.5535,lsc_tail_cusum
15197,0.5535,lsc_tail_cusum
15198,0.5535,lsc_tail_cusum
15199,0.2774,lsc_kalman_cusum
15200,0.14915,lsc_tail_cusum
15201,0.2774,lsc_kalman_cusum
15202,0.5535,lsc_tail_cusum
15203,0.0183,raw_var_cusum
15204,0.5535,lsc_tail_cusum
15205,0.5535,lsc_tail_cusum
15206,0.10165,lsc_composite
15207,1.0,lsc_composite
15208,0.0198,lsc_tail_cusum
15209,0.1492,raw_var_cusum
15210,0.2774,lsc_kalman_cusum
15211,0.5535,lsc_tail_cusum
15212,0.5535,lsc_tail_cusum
15213,0.10165,lsc_composite
15214,1.0,lsc_composite
15215,0.0198,lsc_tail_cusum
15216,0.5535,lsc_tail_cusum
15217,0.481,lsc_composite
15218,1.0,lsc_composite
15219,0.5535,lsc_tail_cusum
15220,0.14915,lsc_tail_cusum
15221,0.2774,lsc_kalman_cusum
15222,0.1492,raw_var_cusum
15223,0.2774,lsc_kalman_cusum
15224,0.5619,raw_var_cusum
15225,0.10165,lsc_composite
15226,0.5619,raw_var_cusum
15227,0.5535,lsc_tail_cusum
15228,0.10165,lsc_composite
15229,0.2774,lsc_kalman_cusum
15230,0.14915,lsc_tail_cusum
15231,0.1521,raw_cusum
15232,0.2774,lsc_kalman_cusum
15233,0.10165,lsc_composite
15234,0.481,lsc_composite
15235,0.2774,lsc_kalman_cusum
15236,0.2774,lsc_kalman_cusum
15237,0.481,lsc_composite
15238,0.2774,lsc_kalman_cusum
15239,0.1492,raw_var_cusum
15240,0.5535,lsc_tail_cusum
15241,0.481,lsc_composite
15242,0.5535,lsc_tail_cusum
15243,0.14915,lsc_tail_cusum
15244,0.5535,lsc_tail_cusum
15245,0.1521,raw_cusum
15246,0.5619,raw_var_cusum
15247,1.0,lsc_composite
15248,0.1521,raw_cusum
15249,0.02015,lsc_kalman_cusum
15250,0.1521,raw_cusum
15251,0.14915,lsc_tail_cusum
15252,0.5535,lsc_tail_cusum
15253,0.0198,lsc_tail_cusum
15254,0.2774,lsc_kalman_cusum
15255,0.1521,raw_cusum
15256,0.10165,lsc_composite
15257,0.5535,lsc_tail_cusum
15258,0.1492,raw_var_cusum
15259,0.0183,raw_var_cusum
15260,0.2774,lsc_kalman_cusum
15261,1.0,lsc_composite
15262,0.5535,lsc_tail_cusum
15263,0.481,lsc_composite
15264,0.481,lsc_composite
15265,1.0,lsc_composite
15266,0.14915,lsc_tail_cusum
15267,0.10165,lsc_composite
15268,0.5619,raw_var_cusum
15269,0.481,lsc_composite
15270,0.5535,lsc_tail_cusum
15271,0.2774,lsc_kalman_cusum
15272,0.0198,lsc_tail_cusum
15273,0.5619,raw_var_cusum
15274,0.02015,lsc_kalman_cusum
15275,0.5535,lsc_tail_cusum
15276,0.1492,raw_var_cusum
15277,0.481,lsc_composite
15278,0.2774,lsc_kalman_cusum
15279,0.1492,raw_var_cusum
15280,0.14915,lsc_tail_cusum
15281,0.1521,raw_cusum
15282,0.14915,lsc_tail_cusum
15283,0.10165,lsc_composite
15284,0.10165,lsc_composite
15285,0.1521,raw_cusum
15286,0.1521,raw_cusum
15287,0.1492,raw_var_cusum
15288,0.5535,lsc_tail_cusum
15289,0.481,lsc_composite
15290,0.2774,lsc_kalman_cusum
15291,0.2774,lsc_kalman_cusum
15292,0.5535,lsc_tail_cusum
15293,1.0,lsc_composite
15294,0.481,lsc_composite
15295,0.1521,raw_cusum
15296,0.1492,raw_var_cusum
15297,0.481,lsc_composite
15298,0.5535,lsc_tail_cusum
15299,0.481,lsc_composite
15300,0.10165,lsc_composite
15301,1.0,lsc_composite
15302,0.10165,lsc_composite
15303,0.14915,lsc_tail_cusum
15304,0.5535,lsc_tail_cusum
15305,0.481,lsc_composite
15306,0.5619,raw_var_cusum
15307,0.2774,lsc_kalman_cusum
15308,0.02015,lsc_kalman_cusum
15309,0.5535,lsc_tail_cusum
15310,0.10165,lsc_composite
15311,0.1492,raw_var_cusum
15312,0.02015,lsc_kalman_cusum
15313,0.2774,lsc_kalman_cusum
15314,0.2774,lsc_kalman_cusum
15315,0.481,lsc_composite
15316,0.5535,lsc_tail_cusum
15317,0.0183,raw_var_cusum
15318,0.1492,raw_var_cusum
15319,0.1492,raw_var_cusum
15320,0.1492,raw_var_cusum
15321,0.02015,lsc_kalman_cusum
15322,0.14915,lsc_tail_cusum
15323,0.2774,lsc_kalman_cusum
15324,0.481,lsc_composite
15325,0.481,lsc_composite
15326,0.10165,lsc_composite
15327,0.2774,lsc_kalman_cusum
15328,0.0183,raw_var_cusum
15329,0.481,lsc_composite
15330,1.0,lsc_composite
15331,0.481,lsc_composite
15332,0.2774,lsc_kalman_cusum
15333,0.1521,raw_cusum
15334,0.481,lsc_composite
15335,0.10165,lsc_composite
15336,0.1492,raw_var_cusum
15337,0.5535,lsc_tail_cusum
15338,1.0,lsc_composite
15339,0.1521,raw_cusum
15340,0.5535,lsc_tail_cusum
15341,0.5535,lsc_tail_cusum
15342,0.5619,raw_var_cusum
15343,0.0183,raw_var_cusum
15344,0.5535,lsc_tail_cusum
15345,0.1492,raw_var_cusum
15346,0.5535,lsc_tail_cusum
15347,0.0183,raw_var_cusum
15348,0.5535,lsc_tail_cusum
15349,0.5535,lsc_tail_cusum
15350,0.481,lsc_composite
15351,1.0,lsc_composite
15352,0.0198,lsc_tail_cusum
15353,0.1492,raw_var_cusum
15354,0.481,lsc_composite
15355,0.481,lsc_composite
15356,0.14915,lsc_tail_cusum
15357,1.0,lsc_composite
15358,0.481,lsc_composite
15359,0.14915,lsc_tail_cusum
15360,0.5619,raw_var_cusum
15361,0.481,lsc_composite
15362,0.2774,lsc_kalman_cusum
15363,0.5535,lsc_tail_cusum
15364,0.481,lsc_composite
15365,0.14915,lsc_tail_cusum
15366,0.14915,lsc_tail_cusum
15367,0.481,lsc_composite
15368,0.14915,lsc_tail_cusum
15369,0.14915,lsc_tail_cusum
15370,0.10165,lsc_composite
15371,0.2774,lsc_kalman_cusum
15372,0.10165,lsc_composite
15373,0.481,lsc_composite
15374,0.2774,lsc_kalman_cusum
15375,0.481,lsc_composite
15376,0.1492,raw_var_cusum
15377,0.14915,lsc_tail_cusum
15378,0.481,lsc_composite
15379,0.14915,lsc_tail_cusum
15380,0.02015,lsc_kalman_cusum
15381,0.1492,raw_var_cusum
15382,0.5619,raw_var_cusum
15383,0.481,lsc_composite
15384,0.481,lsc_composite
15385,0.1492,raw_var_cusum
15386,1.0,lsc_composite
15387,0.0198,lsc_tail_cusum
15388,0.1521,raw_cusum
15389,0.0183,raw_var_cusum
15390,0.14915,lsc_tail_cusum
15391,0.5619,raw_var_cusum
15392,0.10165,lsc_composite
15393,0.2774,lsc_kalman_cusum
15394,0.1521,raw_cusum
15395,1.0,lsc_composite
15396,0.5619,raw_var_cusum
15397,0.5619,raw_var_cusum
15398,0.5619,raw_var_cusum
15399,0.481,lsc_composite
15400,1.0,lsc_composite
15401,0.2774,lsc_kalman_cusum
15402,0.14915,lsc_tail_cusum
15403,0.14915,lsc_tail_cusum
15404,0.2774,lsc_kalman_cusum
15405,0.14915,lsc_tail_cusum
15406,0.481,lsc_composite
15407,0.2774,lsc_kalman_cusum
15408,0.14915,lsc_tail_cusum
15409,0.1521,raw_cusum
15410,1.0,lsc_composite
15411,0.481,lsc_composite
15412,0.2774,lsc_kalman_cusum
15413,0.2774,lsc_kalman_cusum
15414,0.5619,raw_var_cusum
15415,0.1521,raw_cusum
15416,0.1521,raw_cusum
15417,0.481,lsc_composite
15418,0.1521,raw_cusum
15419,0.481,lsc_composite
15420,0.481,lsc_composite
15421,0.481,lsc_composite
15422,0.481,lsc_composite
15423,0.1521,raw_cusum
15424,0.5535,lsc_tail_cusum
15425,0.10165,lsc_composite
15426,0.5619,raw_var_cusum
15427,0.2774,lsc_kalman_cusum
15428,0.14915,lsc_tail_cusum
15429,0.1521,raw_cusum
15430,0.5535,lsc_tail_cusum
15431,0.14915,lsc_tail_cusum
15432,0.1521,raw_cusum
15433,0.14915,lsc_tail_cusum
15434,0.5535,lsc_tail_cusum
15435,0.10165,lsc_composite
15436,0.14915,lsc_tail_cusum
15437,0.1492,raw_var_cusum
15438,0.1492,raw_var_cusum
15439,1.0,lsc_composite
15440,0.1492,raw_var_cusum
15441,0.481,lsc_composite
15442,0.2774,lsc_kalman_cusum
15443,0.2774,lsc_kalman_cusum
15444,0.481,lsc_composite
15445,1.0,lsc_composite
15446,0.1492,raw_var_cusum
15447,0.481,lsc_composite
15448,0.481,lsc_composite
15449,0.2774,lsc_kalman_cusum
15450,0.481,lsc_composite
15451,0.10165,lsc_composite
15452,0.1492,raw_var_cusum
15453,0.5535,lsc_tail_cusum
15454,0.1492,raw_var_cusum
15455,1.0,lsc_composite
15456,0.481,lsc_composite
15457,0.1521,raw_cusum
15458,0.2774,lsc_kalman_cusum
15459,0.1492,raw_var_cusum
15460,1.0,lsc_composite
15461,0.481,lsc_composite
15462,0.5619,raw_var_cusum
15463,0.2774,lsc_kalman_cusum
15464,0.1521,raw_cusum
15465,0.481,lsc_composite
15466,0.02015,lsc_kalman_cusum
15467,0.481,lsc_composite
15468,0.14915,lsc_tail_cusum
15469,0.5535,lsc_tail_cusum
15470,0.2774,lsc_kalman_cusum
15471,0.481,lsc_composite
15472,0.2774,lsc_kalman_cusum
15473,0.481,lsc_composite
15474,0.10165,lsc_composite
15475,0.481,lsc_composite
15476,1.0,lsc_composite
15477,0.5535,lsc_tail_cusum
15478,0.14915,lsc_tail_cusum
15479,0.5535,lsc_tail_cusum
15480,0.481,lsc_composite
15481,0.14915,lsc_tail_cusum
15482,0.0183,raw_var_cusum
15483,0.1521,raw_cusum
15484,0.1521,raw_cusum
15485,0.5535,lsc_tail_cusum
15486,0.481,lsc_composite
15487,0.1492,raw_var_cusum
15488,0.5619,raw_var_cusum
15489,0.5535,lsc_tail_cusum
15490,0.1521,raw_cusum
15491,0.1521,raw_cusum
15492,0.10165,lsc_composite
15493,0.5619,raw_var_cusum
15494,0.14915,lsc_tail_cusum
15495,0.1521,raw_cusum
15496,0.481,lsc_composite
15497,0.481,lsc_composite
15498,0.2774,lsc_kalman_cusum
15499,0.14915,lsc_tail_cusum
15500,0.5619,raw_var_cusum
15501,0.5535,lsc_tail_cusum
15502,1.0,lsc_composite
15503,0.481,lsc_composite
15504,0.1521,raw_cusum
15505,0.1521,raw_cusum
15506,0.10165,lsc_composite
15507,0.2774,lsc_kalman_cusum
15508,0.481,lsc_composite
15509,0.5619,raw_var_cusum
15510,0.481,lsc_composite
15511,0.0198,lsc_tail_cusum
15512,0.2774,lsc_kalman_cusum
15513,1.0,lsc_composite
15514,0.2774,lsc_kalman_cusum
15515,0.481,lsc_composite
15516,0.481,lsc_composite
15517,0.481,lsc_composite
15518,0.5535,lsc_tail_cusum
15519,0.2774,lsc_kalman_cusum
15520,0.1521,raw_cusum
15521,0.1521,raw_cusum
15522,0.5535,lsc_tail_cusum
15523,0.1521,raw_cusum
15524,1.0,lsc_composite
15525,0.5619,raw_var_cusum
15526,0.481,lsc_composite
15527,0.1521,raw_cusum
15528,0.5535,lsc_tail_cusum
15529,0.14915,lsc_tail_cusum
15530,0.14915,lsc_tail_cusum
15531,0.481,lsc_composite
15532,1.0,lsc_composite
15533,0.10165,lsc_composite
15534,0.14915,lsc_tail_cusum
15535,0.10165,lsc_composite
15536,0.1492,raw_var_cusum
15537,0.481,lsc_composite
15538,0.5535,lsc_tail_cusum
15539,0.481,lsc_composite
15540,0.10165,lsc_composite
15541,0.2774,lsc_kalman_cusum
15542,0.10165,lsc_composite
15543,0.1492,raw_var_cusum
15544,0.14915,lsc_tail_cusum
15545,0.5535,lsc_tail_cusum
15546,1.0,lsc_composite
15547,0.14915,lsc_tail_cusum
15548,0.0183,raw_var_cusum
15549,0.1521,raw_cusum
15550,0.00925,lsc_composite
15551,0.2774,lsc_kalman_cusum
15552,0.1492,raw_var_cusum
15553,0.481,lsc_composite
15554,0.1492,raw_var_cusum
15555,0.14915,lsc_tail_cusum
15556,0.02015,lsc_kalman_cusum
15557,0.1521,raw_cusum
15558,0.1492,raw_var_cusum
15559,0.5535,lsc_tail_cusum
15560,0.481,lsc_composite
15561,1.0,lsc_composite
15562,0.2774,lsc_kalman_cusum
15563,0.5535,lsc_tail_cusum
15564,0.481,lsc_composite
15565,0.2774,lsc_kalman_cusum
15566,0.481,lsc_composite
15567,0.5535,lsc_tail_cusum
15568,0.0183,raw_var_cusum
15569,0.481,lsc_composite
15570,0.2774,lsc_kalman_cusum
15571,0.481,lsc_composite
15572,0.2774,lsc_kalman_cusum
15573,0.14915,lsc_tail_cusum
15574,0.5619,raw_var_cusum
15575,0.1492,raw_var_cusum
15576,0.14915,lsc_tail_cusum
15577,0.481,lsc_composite
15578,0.5619,raw_var_cusum
15579,0.1521,raw_cusum
15580,0.2774,lsc_kalman_cusum
15581,0.481,lsc_composite
15582,0.5535,lsc_tail_cusum
15583,0.14915,lsc_tail_cusum
15584,0.1492,raw_var_cusum
15585,0.14915,lsc_tail_cusum
15586,0.10165,lsc_composite
15587,0.481,lsc_composite
15588,1.0,lsc_composite
15589,0.1521,raw_cusum
15590,0.1492,raw_var_cusum
15591,0.1521,raw_cusum
15592,0.481,lsc_composite
15593,0.2774,lsc_kalman_cusum
15594,0.00015,lsc_composite
15595,0.10165,lsc_composite
15596,0.2774,lsc_kalman_cusum
15597,1.0,lsc_composite
15598,0.10165,lsc_composite
15599,0.481,lsc_composite
15600,0.1521,raw_cusum
15601,1.0,lsc_composite
15602,0.2774,lsc_kalman_cusum
15603,0.1492,raw_var_cusum
15604,0.10165,lsc_composite
15605,0.0183,raw_var_cusum
15606,0.2774,lsc_kalman_cusum
15607,0.0183,raw_var_cusum
15608,0.5535,lsc_tail_cusum
15609,0.1492,raw_var_cusum
15610,0.1492,raw_var_cusum
15611,0.14915,lsc_tail_cusum
15612,0.2774,lsc_kalman_cusum
15613,0.14915,lsc_tail_cusum
15614,0.10165,lsc_composite
15615,0.1521,raw_cusum
15616,0.14915,lsc_tail_cusum
15617,0.0198,lsc_tail_cusum
15618,0.481,lsc_composite
15619,0.2774,lsc_kalman_cusum
15620,0.1521,raw_cusum
15621,0.2774,lsc_kalman_cusum
15622,0.5535,lsc_tail_cusum
15623,0.1521,raw_cusum
15624,0.1492,raw_var_cusum
15625,0.10165,lsc_composite
15626,1.0,lsc_composite
15627,0.5535,lsc_tail_cusum
15628,0.5535,lsc_tail_cusum
15629,0.5535,lsc_tail_cusum
15630,0.2774,lsc_kalman_cusum
15631,0.1521,raw_cusum
15632,0.1492,raw_var_cusum
15633,0.2774,lsc_kalman_cusum
15634,0.1521,raw_cusum
15635,0.1492,raw_var_cusum
15636,0.5535,lsc_tail_cusum
15637,0.5535,lsc_tail_cusum
15638,0.5619,raw_var_cusum
15639,1.0,lsc_composite
15640,0.1492,raw_var_cusum
15641,0.10165,lsc_composite
15642,0.1492,raw_var_cusum
15643,0.5619,raw_var_cusum
15644,0.5619,raw_var_cusum
15645,0.1521,raw_cusum
15646,0.1521,raw_cusum
15647,0.02015,lsc_kalman_cusum
15648,0.10165,lsc_composite
15649,0.10165,lsc_composite
15650,0.1492,raw_var_cusum
15651,0.5619,raw_var_cusum
15652,0.10165,lsc_composite
15653,0.0198,lsc_tail_cusum
15654,1.0,lsc_composite
15655,0.1492,raw_var_cusum
15656,0.1492,raw_var_cusum
15657,1.0,lsc_composite
15658,0.1492,raw_var_cusum
15659,0.00925,lsc_composite
15660,0.481,lsc_composite
15661,0.5535,lsc_tail_cusum
15662,0.481,lsc_composite
15663,0.2774,lsc_kalman_cusum
15664,0.5535,lsc_tail_cusum
15665,0.5619,raw_var_cusum
15666,1.0,lsc_composite
15667,0.1492,raw_var_cusum
15668,0.10165,lsc_composite
15669,0.5535,lsc_tail_cusum
15670,0.1492,raw_var_cusum
15671,0.481,lsc_composite
15672,0.0183,raw_var_cusum
15673,0.481,lsc_composite
15674,0.1521,raw_cusum
15675,0.00925,lsc_composite
15676,0.5535,lsc_tail_cusum
15677,0.1492,raw_var_cusum
15678,0.10165,lsc_composite
15679,0.1492,raw_var_cusum
15680,0.0183,raw_var_cusum
15681,0.1492,raw_var_cusum
15682,0.14915,lsc_tail_cusum
15683,0.14915,lsc_tail_cusum
15684,0.481,lsc_composite
15685,0.481,lsc_composite
15686,0.10165,lsc_composite
15687,0.5535,lsc_tail_cusum
15688,0.14915,lsc_tail_cusum
15689,0.2774,lsc_kalman_cusum
15690,0.2774,lsc_kalman_cusum
15691,0.14915,lsc_tail_cusum
15692,0.14915,lsc_tail_cusum
15693,0.5619,raw_var_cusum
15694,0.5535,lsc_tail_cusum
15695,0.1492,raw_var_cusum
15696,0.5535,lsc_tail_cusum
15697,1.0,lsc_composite
15698,0.1492,raw_var_cusum
15699,0.14915,lsc_tail_cusum
15700,0.0198,lsc_tail_cusum
15701,0.10165,lsc_composite
15702,0.1492,raw_var_cusum
15703,0.1492,raw_var_cusum
15704,0.14915,lsc_tail_cusum
15705,0.5535,lsc_tail_cusum
15706,0.5619,raw_var_cusum
15707,0.481,lsc_composite
15708,0.14915,lsc_tail_cusum
15709,0.2774,lsc_kalman_cusum
15710,0.481,lsc_composite
15711,0.2774,lsc_kalman_cusum
15712,0.14915,lsc_tail_cusum
15713,0.14915,lsc_tail_cusum
15714,0.5535,lsc_tail_cusum
15715,0.2774,lsc_kalman_cusum
15716,0.481,lsc_composite
15717,0.5535,lsc_tail_cusum
15718,0.481,lsc_composite
15719,1.0,lsc_composite
15720,0.1492,raw_var_cusum
15721,0.2774,lsc_kalman_cusum
15722,0.10165,lsc_composite
15723,0.2774,lsc_kalman_cusum
15724,0.2774,lsc_kalman_cusum
15725,0.10165,lsc_composite
15726,0.481,lsc_composite
15727,0.14915,lsc_tail_cusum
15728,0.1521,raw_cusum
15729,0.02015,lsc_kalman_cusum
15730,0.2774,lsc_kalman_cusum
15731,0.2774,lsc_kalman_cusum
15732,0.02015,lsc_kalman_cusum
15733,0.1492,raw_var_cusum
15734,0.5535,lsc_tail_cusum
15735,0.10165,lsc_composite
15736,1.0,lsc_composite
15737,0.1492,raw_var_cusum
15738,0.481,lsc_composite
15739,0.1492,raw_var_cusum
15740,0.14915,lsc_tail_cusum
15741,0.14915,lsc_tail_cusum
15742,0.5619,raw_var_cusum
15743,0.481,lsc_composite
15744,0.14915,lsc_tail_cusum
15745,0.5535,lsc_tail_cusum
15746,0.481,lsc_composite
15747,0.1492,raw_var_cusum
15748,0.0183,raw_var_cusum
15749,0.14915,lsc_tail_cusum
15750,0.1492,raw_var_cusum
15751,0.481,lsc_composite
15752,0.1521,raw_cusum
15753,0.14915,lsc_tail_cusum
15754,1.0,lsc_composite
15755,0.1521,raw_cusum
15756,0.5535,lsc_tail_cusum
15757,0.5619,raw_var_cusum
15758,0.10165,lsc_composite
15759,0.2774,lsc_kalman_cusum
15760,0.5535,lsc_tail_cusum
15761,0.1521,raw_cusum
15762,0.1521,raw_cusum
15763,0.0198,lsc_tail_cusum
15764,0.481,lsc_composite
15765,0.10165,lsc_composite
15766,0.5535,lsc_tail_cusum
15767,0.1521,raw_cusum
15768,0.02015,lsc_kalman_cusum
15769,0.5535,lsc_tail_cusum
15770,0.1492,raw_var_cusum
15771,0.14915,lsc_tail_cusum
15772,0.481,lsc_composite
15773,0.5619,raw_var_cusum
15774,0.10165,lsc_composite
15775,0.1521,raw_cusum
15776,0.5535,lsc_tail_cusum
15777,0.2774,lsc_kalman_cusum
15778,0.14915,lsc_tail_cusum
15779,0.10165,lsc_composite
15780,0.481,lsc_composite
15781,0.14915,lsc_tail_cusum
15782,0.0183,raw_var_cusum
15783,0.1521,raw_cusum
15784,0.5535,lsc_tail_cusum
15785,0.5619,raw_var_cusum
15786,0.10165,lsc_composite
15787,0.1521,raw_cusum
15788,0.14915,lsc_tail_cusum
15789,0.1492,raw_var_cusum
15790,0.1521,raw_cusum
15791,0.14915,lsc_tail_cusum
15792,0.2774,lsc_kalman_cusum
15793,0.0198,lsc_tail_cusum
15794,0.14915,lsc_tail_cusum
15795,0.5535,lsc_tail_cusum
15796,0.5535,lsc_tail_cusum
15797,0.10165,lsc_composite
15798,0.10165,lsc_composite
15799,0.10165,lsc_composite
15800,0.1492,raw_var_cusum
15801,0.5535,lsc_tail_cusum
15802,1.0,lsc_composite
15803,0.1492,raw_var_cusum
15804,0.5535,lsc_tail_cusum
15805,0.481,lsc_composite
15806,0.481,lsc_composite
15807,0.1492,raw_var_cusum
15808,0.1492,raw_var_cusum
15809,0.481,lsc_composite
15810,0.481,lsc_composite
15811,0.10165,lsc_composite
15812,0.14915,lsc_tail_cusum
15813,0.2774,lsc_kalman_cusum
15814,0.2774,lsc_kalman_cusum
15815,0.481,lsc_composite
15816,0.1521,raw_cusum
15817,0.14915,lsc_tail_cusum
15818,0.1521,raw_cusum
15819,0.2774,lsc_kalman_cusum
15820,0.5619,raw_var_cusum
15821,0.481,lsc_composite
15822,0.14915,lsc_tail_cusum
15823,0.2774,lsc_kalman_cusum
15824,0.1521,raw_cusum
15825,0.5619,raw_var_cusum
15826,0.1492,raw_var_cusum
15827,0.1492,raw_var_cusum
15828,0.10165,lsc_composite
15829,0.5535,lsc_tail_cusum
15830,0.10165,lsc_composite
15831,0.1492,raw_var_cusum
15832,0.481,lsc_composite
15833,0.5535,lsc_tail_cusum
15834,0.10165,lsc_composite
15835,1.0,lsc_composite
15836,0.5535,lsc_tail_cusum
15837,0.1492,raw_var_cusum
15838,0.2774,lsc_kalman_cusum
15839,0.5619,raw_var_cusum
15840,0.1521,raw_cusum
15841,0.1521,raw_cusum
15842,0.5535,lsc_tail_cusum
15843,0.14915,lsc_tail_cusum
15844,0.2774,lsc_kalman_cusum
15845,0.481,lsc_composite
15846,0.1492,raw_var_cusum
15847,0.481,lsc_composite
15848,0.10165,lsc_composite
15849,0.481,lsc_composite
15850,0.481,lsc_composite
15851,0.5535,lsc_tail_cusum
15852,0.481,lsc_composite
15853,0.0198,lsc_tail_cusum
15854,0.5535,lsc_tail_cusum
15855,0.481,lsc_composite
15856,0.1521,raw_cusum
15857,0.5535,lsc_tail_cusum
15858,0.14915,lsc_tail_cusum
15859,0.5535,lsc_tail_cusum
15860,0.1492,raw_var_cusum
15861,0.5619,raw_var_cusum
15862,0.10165,lsc_composite
15863,0.10165,lsc_composite
15864,0.5535,lsc_tail_cusum
15865,0.14915,lsc_tail_cusum
15866,0.10165,lsc_composite
15867,1.0,lsc_composite
15868,0.1521,raw_cusum
15869,0.1521,raw_cusum
15870,0.14915,lsc_tail_cusum
15871,0.5535,lsc_tail_cusum
15872,0.5535,lsc_tail_cusum
15873,0.481,lsc_composite
15874,0.5535,lsc_tail_cusum
15875,0.1521,raw_cusum
15876,0.14915,lsc_tail_cusum
15877,0.2774,lsc_kalman_cusum
15878,0.00925,lsc_composite
15879,0.1521,raw_cusum
15880,0.1521,raw_cusum
15881,0.1492,raw_var_cusum
15882,0.1521,raw_cusum
15883,0.2774,lsc_kalman_cusum
15884,0.1521,raw_cusum
15885,0.1521,raw_cusum
15886,0.1521,raw_cusum
15887,0.481,lsc_composite
15888,0.1492,raw_var_cusum
15889,0.02015,lsc_kalman_cusum
15890,0.02015,lsc_kalman_cusum
15891,1.0,lsc_composite
15892,0.1521,raw_cusum
15893,0.14915,lsc_tail_cusum
15894,0.1521,raw_cusum
15895,0.14915,lsc_tail_cusum
15896,0.1492,raw_var_cusum
15897,0.481,lsc_composite
15898,0.481,lsc_composite
15899,0.5535,lsc_tail_cusum
15900,0.5535,lsc_tail_cusum
15901,0.2774,lsc_kalman_cusum
15902,0.2774,lsc_kalman_cusum
15903,0.1521,raw_cusum
15904,0.14915,lsc_tail_cusum
15905,0.5535,lsc_tail_cusum
15906,1.0,lsc_composite
15907,0.1492,raw_var_cusum
15908,0.2774,lsc_kalman_cusum
15909,0.1492,raw_var_cusum
15910,0.5535,lsc_tail_cusum
15911,0.481,lsc_composite
15912,0.14915,lsc_tail_cusum
15913,0.1521,raw_cusum
15914,0.5619,raw_var_cusum
15915,0.5535,lsc_tail_cusum
15916,0.481,lsc_composite
15917,0.1492,raw_var_cusum
15918,0.14915,lsc_tail_cusum
15919,0.5535,lsc_tail_cusum
15920,0.1492,raw_var_cusum
15921,0.1492,raw_var_cusum
15922,0.481,lsc_composite
15923,0.14915,lsc_tail_cusum
15924,0.14915,lsc_tail_cusum
15925,0.481,lsc_composite
15926,0.2774,lsc_kalman_cusum
15927,0.2774,lsc_kalman_cusum
15928,0.481,lsc_composite
15929,0.5535,lsc_tail_cusum
15930,0.5535,lsc_tail_cusum
15931,0.10165,lsc_composite
15932,0.14915,lsc_tail_cusum
15933,1.0,lsc_composite
15934,0.02015,lsc_kalman_cusum
15935,0.481,lsc_composite
15936,0.2774,lsc_kalman_cusum
15937,0.1521,raw_cusum
15938,0.5619,raw_var_cusum
15939,0.5535,lsc_tail_cusum
15940,0.481,lsc_composite
15941,0.0198,lsc_tail_cusum
15942,0.1521,raw_cusum
15943,0.1492,raw_var_cusum
15944,0.10165,lsc_composite
15945,0.481,lsc_composite
15946,0.1521,raw_cusum
15947,0.5619,raw_var_cusum
15948,0.10165,lsc_composite
15949,0.1492,raw_var_cusum
15950,0.10165,lsc_composite
15951,1.0,lsc_composite
15952,0.14915,lsc_tail_cusum
15953,0.14915,lsc_tail_cusum
15954,0.5535,lsc_tail_cusum
15955,0.1521,raw_cusum
15956,0.10165,lsc_composite
15957,0.1521,raw_cusum
15958,0.1492,raw_var_cusum
15959,0.5535,lsc_tail_cusum
15960,0.5535,lsc_tail_cusum
15961,0.10165,lsc_composite
15962,0.5619,raw_var_cusum
15963,0.5619,raw_var_cusum
15964,0.1492,raw_var_cusum
15965,0.02015,lsc_kalman_cusum
15966,0.481,lsc_composite
15967,0.10165,lsc_composite
15968,0.1521,raw_cusum
15969,0.5619,raw_var_cusum
15970,0.14915,lsc_tail_cusum
15971,0.1492,raw_var_cusum
15972,0.5619,raw_var_cusum
15973,0.481,lsc_composite
15974,1.0,lsc_composite
15975,0.481,lsc_composite
15976,0.5535,lsc_tail_cusum
15977,1.0,lsc_composite
15978,1.0,lsc_composite
15979,0.5535,lsc_tail_cusum
15980,0.5535,lsc_tail_cusum
15981,0.0183,raw_var_cusum
15982,0.1492,raw_var_cusum
15983,0.1492,raw_var_cusum
15984,0.0183,raw_var_cusum
15985,0.1521,raw_cusum
15986,0.1521,raw_cusum
15987,0.5535,lsc_tail_cusum
15988,0.2774,lsc_kalman_cusum
15989,0.1492,raw_var_cusum
15990,0.1492,raw_var_cusum
15991,0.481,lsc_composite
15992,0.1521,raw_cusum
15993,0.5619,raw_var_cusum
15994,0.1521,raw_cusum
15995,0.14915,lsc_tail_cusum
15996,0.2774,lsc_kalman_cusum
15997,1.0,lsc_composite
15998,0.2774,lsc_kalman_cusum
15999,0.5619,raw_var_cusum
16000,0.02015,lsc_kalman_cusum
16001,0.1492,raw_var_cusum
16002,0.2774,lsc_kalman_cusum
16003,0.5619,raw_var_cusum
16004,0.481,lsc_composite
16005,1.0,lsc_composite
16006,0.5619,raw_var_cusum
16007,0.14915,lsc_tail_cusum
16008,0.5535,lsc_tail_cusum
16009,0.481,lsc_composite
16010,0.2774,lsc_kalman_cusum
16011,0.1492,raw_var_cusum
16012,0.1521,raw_cusum
16013,0.14915,lsc_tail_cusum
16014,0.5535,lsc_tail_cusum
16015,0.1521,raw_cusum
16016,0.5619,raw_var_cusum
16017,0.1492,raw_var_cusum
16018,0.0183,raw_var_cusum
16019,0.2774,lsc_kalman_cusum
16020,0.14915,lsc_tail_cusum
16021,0.5619,raw_var_cusum
16022,0.481,lsc_composite
16023,0.1492,raw_var_cusum
16024,0.5535,lsc_tail_cusum
16025,0.5619,raw_var_cusum
16026,0.5619,raw_var_cusum
16027,0.481,lsc_composite
16028,0.02015,lsc_kalman_cusum
16029,0.10165,lsc_composite
16030,0.481,lsc_composite
16031,0.1521,raw_cusum
16032,0.2774,lsc_kalman_cusum
16033,0.2774,lsc_kalman_cusum
16034,0.5535,lsc_tail_cusum
16035,0.14915,lsc_tail_cusum
16036,0.2774,lsc_kalman_cusum
16037,0.2774,lsc_kalman_cusum
16038,0.10165,lsc_composite
16039,0.10165,lsc_composite
16040,0.1521,raw_cusum
16041,0.2774,lsc_kalman_cusum
16042,0.2774,lsc_kalman_cusum
16043,0.2774,lsc_kalman_cusum
16044,0.2774,lsc_kalman_cusum
16045,0.481,lsc_composite
16046,0.14915,lsc_tail_cusum
16047,0.00925,lsc_composite
16048,0.10165,lsc_composite
16049,0.481,lsc_composite
16050,0.5535,lsc_tail_cusum
16051,0.2774,lsc_kalman_cusum
16052,0.02015,lsc_kalman_cusum
16053,0.5619,raw_var_cusum
16054,0.5535,lsc_tail_cusum
16055,0.1521,raw_cusum
16056,0.2774,lsc_kalman_cusum
16057,0.2774,lsc_kalman_cusum
16058,0.02015,lsc_kalman_cusum
16059,0.481,lsc_composite
16060,0.1492,raw_var_cusum
16061,0.481,lsc_composite
16062,0.14915,lsc_tail_cusum
16063,0.1492,raw_var_cusum
16064,0.10165,lsc_composite
16065,0.14915,lsc_tail_cusum
16066,0.481,lsc_composite
16067,0.481,lsc_composite
16068,0.1492,raw_var_cusum
16069,0.1492,raw_var_cusum
16070,0.481,lsc_composite
16071,0.5535,lsc_tail_cusum
16072,0.02015,lsc_kalman_cusum
16073,0.2774,lsc_kalman_cusum
16074,0.2774,lsc_kalman_cusum
16075,0.5535,lsc_tail_cusum
16076,0.10165,lsc_composite
16077,0.5535,lsc_tail_cusum
16078,0.1521,raw_cusum
16079,0.1492,raw_var_cusum
16080,0.2774,lsc_kalman_cusum
16081,0.1521,raw_cusum
16082,0.481,lsc_composite
16083,0.1521,raw_cusum
16084,0.1521,raw_cusum
16085,0.5535,lsc_tail_cusum
16086,0.2774,lsc_kalman_cusum
16087,0.1521,raw_cusum
16088,0.5535,lsc_tail_cusum
16089,0.10165,lsc_composite
16090,0.14915,lsc_tail_cusum
16091,0.1492,raw_var_cusum
16092,0.5535,lsc_tail_cusum
16093,0.2774,lsc_kalman_cusum
16094,0.1521,raw_cusum
16095,0.2774,lsc_kalman_cusum
16096,0.10165,lsc_composite
16097,0.1492,raw_var_cusum
16098,1.0,lsc_composite
16099,0.481,lsc_composite
16100,0.2774,lsc_kalman_cusum
16101,0.0183,raw_var_cusum
16102,0.1521,raw_cusum
16103,0.481,lsc_composite
16104,0.10165,lsc_composite
16105,0.10165,lsc_composite
16106,0.2774,lsc_kalman_cusum
16107,0.14915,lsc_tail_cusum
16108,0.5535,lsc_tail_cusum
16109,0.14915,lsc_tail_cusum
16110,0.1492,raw_var_cusum
16111,0.481,lsc_composite
16112,0.481,lsc_composite
16113,0.2774,lsc_kalman_cusum
16114,0.1521,raw_cusum
16115,1.0,lsc_composite
16116,0.481,lsc_composite
16117,0.1492,raw_var_cusum
16118,0.10165,lsc_composite
16119,0.481,lsc_composite
16120,0.10165,lsc_composite
16121,0.2774,lsc_kalman_cusum
16122,1.0,lsc_composite
16123,0.5619,raw_var_cusum
16124,0.5619,raw_var_cusum
16125,0.1492,raw_var_cusum
16126,0.1521,raw_cusum
16127,0.2774,lsc_kalman_cusum
16128,1.0,lsc_composite
16129,0.1492,raw_var_cusum
16130,0.5535,lsc_tail_cusum
16131,0.2774,lsc_kalman_cusum
16132,0.14915,lsc_tail_cusum
16133,0.1492,raw_var_cusum
16134,0.10165,lsc_composite
16135,0.10165,lsc_composite
16136,0.1521,raw_cusum
16137,0.14915,lsc_tail_cusum
16138,0.1492,raw_var_cusum
16139,0.2774,lsc_kalman_cusum
16140,0.2774,lsc_kalman_cusum
16141,0.481,lsc_composite
16142,0.481,lsc_composite
16143,0.481,lsc_composite
16144,0.481,lsc_composite
16145,0.481,lsc_composite
16146,0.481,lsc_composite
16147,0.02015,lsc_kalman_cusum
16148,0.1492,raw_var_cusum
16149,0.1492,raw_var_cusum
16150,0.02015,lsc_kalman_cusum
16151,0.1521,raw_cusum
16152,0.00925,lsc_composite
16153,0.14915,lsc_tail_cusum
16154,1.0,lsc_composite
16155,1.0,lsc_composite
16156,0.481,lsc_composite
16157,0.5535,lsc_tail_cusum
16158,0.1492,raw_var_cusum
16159,0.10165,lsc_composite
16160,0.14915,lsc_tail_cusum
16161,0.481,lsc_composite
16162,0.10165,lsc_composite
16163,0.1492,raw_var_cusum
16164,0.1521,raw_cusum
16165,1.0,lsc_composite
16166,0.1492,raw_var_cusum
16167,0.481,lsc_composite
16168,0.1492,raw_var_cusum
16169,0.481,lsc_composite
16170,0.2774,lsc_kalman_cusum
16171,0.481,lsc_composite
16172,0.5619,raw_var_cusum
16173,0.5535,lsc_tail_cusum
16174,0.481,lsc_composite
16175,0.02015,lsc_kalman_cusum
16176,0.02015,lsc_kalman_cusum
16177,0.2774,lsc_kalman_cusum
16178,0.10165,lsc_composite
16179,0.5535,lsc_tail_cusum
16180,0.2774,lsc_kalman_cusum
16181,0.1492,raw_var_cusum
16182,0.02015,lsc_kalman_cusum
16183,0.1492,raw_var_cusum
16184,0.10165,lsc_composite
16185,0.2774,lsc_kalman_cusum
16186,0.2774,lsc_kalman_cusum
16187,0.1521,raw_cusum
16188,0.0183,raw_var_cusum
16189,0.5535,lsc_tail_cusum
16190,0.14915,lsc_tail_cusum
16191,0.14915,lsc_tail_cusum
16192,0.14915,lsc_tail_cusum
16193,0.481,lsc_composite
16194,0.1492,raw_var_cusum
16195,0.0183,raw_var_cusum
16196,0.2774,lsc_kalman_cusum
16197,0.481,lsc_composite
16198,0.481,lsc_composite
16199,0.5535,lsc_tail_cusum
16200,0.1492,raw_var_cusum
16201,0.5619,raw_var_cusum
16202,0.1521,raw_cusum
16203,1.0,lsc_composite
16204,0.2774,lsc_kalman_cusum
16205,0.481,lsc_composite
16206,0.02015,lsc_kalman_cusum
16207,0.2774,lsc_kalman_cusum
16208,0.10165,lsc_composite
16209,0.1492,raw_var_cusum
16210,0.10165,lsc_composite
16211,0.2774,lsc_kalman_cusum
16212,0.2774,lsc_kalman_cusum
16213,0.14915,lsc_tail_cusum
16214,0.1521,raw_cusum
16215,0.1492,raw_var_cusum
16216,1.0,lsc_composite
16217,0.1492,raw_var_cusum
16218,0.5619,raw_var_cusum
16219,0.2774,lsc_kalman_cusum
16220,0.02015,lsc_kalman_cusum
16221,0.481,lsc_composite
16222,0.1492,raw_var_cusum
16223,0.481,lsc_composite
16224,0.1521,raw_cusum
16225,0.0198,lsc_tail_cusum
16226,0.14915,lsc_tail_cusum
16227,0.481,lsc_composite
16228,0.1521,raw_cusum
16229,1.0,lsc_composite
16230,0.481,lsc_composite
16231,1.0,lsc_composite
16232,0.14915,lsc_tail_cusum
16233,0.5535,lsc_tail_cusum
16234,0.5535,lsc_tail_cusum
16235,0.1521,raw_cusum
16236,0.2774,lsc_kalman_cusum
16237,0.5535,lsc_tail_cusum
16238,0.481,lsc_composite
16239,0.1492,raw_var_cusum
16240,0.10165,lsc_composite
16241,0.481,lsc_composite
16242,0.2774,lsc_kalman_cusum
16243,0.1492,raw_var_cusum
16244,0.14915,lsc_tail_cusum
16245,0.5535,lsc_tail_cusum
16246,0.02015,lsc_kalman_cusum
16247,0.1492,raw_var_cusum
16248,0.5535,lsc_tail_cusum
16249,1.0,lsc_composite
16250,0.481,lsc_composite
16251,0.14915,lsc_tail_cusum
16252,0.10165,lsc_composite
16253,0.481,lsc_composite
16254,0.14915,lsc_tail_cusum
16255,0.5535,lsc_tail_cusum
16256,0.481,lsc_composite
16257,0.2774,lsc_kalman_cusum
16258,0.2774,lsc_kalman_cusum
16259,1.0,lsc_composite
16260,0.481,lsc_composite
16261,1.0,lsc_composite
16262,0.0198,lsc_tail_cusum
16263,0.5535,lsc_tail_cusum
16264,0.02015,lsc_kalman_cusum
16265,0.5535,lsc_tail_cusum
16266,0.1521,raw_cusum
16267,0.10165,lsc_composite
16268,0.0198,lsc_tail_cusum
16269,0.2774,lsc_kalman_cusum
16270,0.2774,lsc_kalman_cusum
16271,1.0,lsc_composite
16272,0.2774,lsc_kalman_cusum
16273,0.1521,raw_cusum
16274,0.10165,lsc_composite
16275,0.10165,lsc_composite
16276,0.1521,raw_cusum
16277,0.0183,raw_var_cusum
16278,0.2774,lsc_kalman_cusum
16279,0.481,lsc_composite
16280,0.2774,lsc_kalman_cusum
16281,0.5619,raw_var_cusum
16282,1.0,lsc_composite
16283,0.14915,lsc_tail_cusum
16284,0.2774,lsc_kalman_cusum
16285,0.02015,lsc_kalman_cusum
16286,0.1521,raw_cusum
16287,0.2774,lsc_kalman_cusum
16288,0.481,lsc_composite
16289,0.481,lsc_composite
16290,0.2774,lsc_kalman_cusum
16291,0.14915,lsc_tail_cusum
16292,0.2774,lsc_kalman_cusum
16293,1.0,lsc_composite
16294,0.1492,raw_var_cusum
16295,0.1492,raw_var_cusum
16296,0.2774,lsc_kalman_cusum
16297,0.481,lsc_composite
16298,1.0,lsc_composite
16299,0.481,lsc_composite
16300,0.1492,raw_var_cusum
16301,0.14915,lsc_tail_cusum
16302,1.0,lsc_composite
16303,0.2774,lsc_kalman_cusum
16304,0.2774,lsc_kalman_cusum
16305,0.14915,lsc_tail_cusum
16306,0.5535,lsc_tail_cusum
16307,1.0,lsc_composite
16308,0.481,lsc_composite
16309,0.14915,lsc_tail_cusum
16310,0.481,lsc_composite
16311,0.5619,raw_var_cusum
16312,0.00925,lsc_composite
16313,0.5619,raw_var_cusum
16314,1.0,lsc_composite
16315,0.10165,lsc_composite
16316,0.1492,raw_var_cusum
16317,0.14915,lsc_tail_cusum
16318,1.0,lsc_composite
16319,0.481,lsc_composite
16320,0.5619,raw_var_cusum
16321,0.10165,lsc_composite
16322,0.02015,lsc_kalman_cusum
16323,1.0,lsc_composite
16324,0.1492,raw_var_cusum
16325,0.1521,raw_cusum
16326,0.1521,raw_cusum
16327,0.5535,lsc_tail_cusum
16328,0.481,lsc_composite
16329,0.2774,lsc_kalman_cusum
16330,0.10165,lsc_composite
16331,0.10165,lsc_composite
16332,0.14915,lsc_tail_cusum
16333,0.5535,lsc_tail_cusum
16334,0.2774,lsc_kalman_cusum
16335,0.5535,lsc_tail_cusum
16336,0.5619,raw_var_cusum
16337,0.10165,lsc_composite
16338,0.5619,raw_var_cusum
16339,0.14915,lsc_tail_cusum
16340,0.5535,lsc_tail_cusum
16341,1.0,lsc_composite
16342,0.0183,raw_var_cusum
16343,0.5619,raw_var_cusum
16344,0.481,lsc_composite
16345,0.2774,lsc_kalman_cusum
16346,0.481,lsc_composite
16347,0.481,lsc_composite
16348,0.2774,lsc_kalman_cusum
16349,0.14915,lsc_tail_cusum
16350,0.5619,raw_var_cusum
16351,0.5535,lsc_tail_cusum
16352,0.481,lsc_composite
16353,0.14915,lsc_tail_cusum
16354,0.5535,lsc_tail_cusum
16355,0.2774,lsc_kalman_cusum
16356,0.2774,lsc_kalman_cusum
16357,0.5535,lsc_tail_cusum
16358,1.0,lsc_composite
16359,0.1492,raw_var_cusum
16360,0.2774,lsc_kalman_cusum
16361,0.481,lsc_composite
16362,0.14915,lsc_tail_cusum
16363,0.481,lsc_composite
16364,0.5619,raw_var_cusum
16365,0.5619,raw_var_cusum
16366,0.481,lsc_composite
16367,0.10165,lsc_composite
16368,0.481,lsc_composite
16369,0.14915,lsc_tail_cusum
16370,0.5535,lsc_tail_cusum
16371,0.10165,lsc_composite
16372,0.1521,raw_cusum
16373,0.481,lsc_composite
16374,0.1521,raw_cusum
16375,1.0,lsc_composite
16376,0.2774,lsc_kalman_cusum
16377,0.10165,lsc_composite
16378,0.481,lsc_composite
16379,0.5619,raw_var_cusum
16380,0.481,lsc_composite
16381,0.14915,lsc_tail_cusum
16382,0.481,lsc_composite
16383,0.481,lsc_composite
16384,0.2774,lsc_kalman_cusum
16385,0.5535,lsc_tail_cusum
16386,0.481,lsc_composite
16387,0.2774,lsc_kalman_cusum
16388,0.10165,lsc_composite
16389,0.14915,lsc_tail_cusum
16390,0.2774,lsc_kalman_cusum
16391,0.14915,lsc_tail_cusum
16392,0.10165,lsc_composite
16393,0.481,lsc_composite
16394,0.2774,lsc_kalman_cusum
16395,0.10165,lsc_composite
16396,0.481,lsc_composite
16397,0.481,lsc_composite
16398,0.10165,lsc_composite
16399,0.481,lsc_composite
16400,0.481,lsc_composite
16401,0.481,lsc_composite
16402,0.14915,lsc_tail_cusum
16403,0.2774,lsc_kalman_cusum
16404,0.1521,raw_cusum
16405,0.14915,lsc_tail_cusum
16406,0.481,lsc_composite
16407,0.481,lsc_composite
16408,0.1521,raw_cusum
16409,0.2774,lsc_kalman_cusum
16410,0.14915,lsc_tail_cusum
16411,0.14915,lsc_tail_cusum
16412,0.14915,lsc_tail_cusum
16413,0.10165,lsc_composite
16414,0.5535,lsc_tail_cusum
16415,0.10165,lsc_composite
16416,0.481,lsc_composite
16417,0.10165,lsc_composite
16418,0.10165,lsc_composite
16419,0.1492,raw_var_cusum
16420,1.0,lsc_composite
16421,0.481,lsc_composite
16422,0.5535,lsc_tail_cusum
16423,0.02015,lsc_kalman_cusum
16424,0.10165,lsc_composite
16425,0.14915,lsc_tail_cusum
16426,0.2774,lsc_kalman_cusum
16427,0.5535,lsc_tail_cusum
16428,0.481,lsc_composite
16429,0.02015,lsc_kalman_cusum
16430,0.481,lsc_composite
16431,0.5535,lsc_tail_cusum
16432,0.2774,lsc_kalman_cusum
16433,0.481,lsc_composite
16434,0.5535,lsc_tail_cusum
16435,0.5619,raw_var_cusum
16436,1.0,lsc_composite
16437,0.481,lsc_composite
16438,0.14915,lsc_tail_cusum
16439,0.481,lsc_composite
16440,0.14915,lsc_tail_cusum
16441,0.10165,lsc_composite
16442,0.5619,raw_var_cusum
16443,0.14915,lsc_tail_cusum
16444,0.10165,lsc_composite
16445,0.10165,lsc_composite
16446,0.5535,lsc_tail_cusum
16447,0.1521,raw_cusum
16448,0.14915,lsc_tail_cusum
16449,0.1521,raw_cusum
16450,0.10165,lsc_composite
16451,0.481,lsc_composite
16452,0.5535,lsc_tail_cusum
16453,0.2774,lsc_kalman_cusum
16454,0.2774,lsc_kalman_cusum
16455,0.481,lsc_composite
16456,0.2774,lsc_kalman_cusum
16457,0.1521,raw_cusum
16458,0.481,lsc_composite
16459,0.1521,raw_cusum
16460,0.1521,raw_cusum
16461,0.14915,lsc_tail_cusum
16462,0.02015,lsc_kalman_cusum
16463,0.1492,raw_var_cusum
16464,0.10165,lsc_composite
16465,0.5535,lsc_tail_cusum
16466,0.2774,lsc_kalman_cusum
16467,0.5535,lsc_tail_cusum
16468,0.5619,raw_var_cusum
16469,0.2774,lsc_kalman_cusum
16470,0.1521,raw_cusum
16471,0.1492,raw_var_cusum
16472,0.5619,raw_var_cusum
16473,0.1492,raw_var_cusum
16474,0.1521,raw_cusum
16475,0.2774,lsc_kalman_cusum
16476,0.1521,raw_cusum
16477,0.2774,lsc_kalman_cusum
16478,1.0,lsc_composite
16479,0.481,lsc_composite
16480,0.1492,raw_var_cusum
16481,0.481,lsc_composite
16482,0.5535,lsc_tail_cusum
16483,0.481,lsc_composite
16484,0.5619,raw_var_cusum
16485,0.5535,lsc_tail_cusum
16486,0.1492,raw_var_cusum
16487,0.5535,lsc_tail_cusum
16488,0.10165,lsc_composite
16489,0.0198,lsc_tail_cusum
16490,0.481,lsc_composite
16491,0.481,lsc_composite
16492,0.2774,lsc_kalman_cusum
16493,0.10165,lsc_composite
16494,0.1521,raw_cusum
16495,0.5535,lsc_tail_cusum
16496,0.2774,lsc_kalman_cusum
16497,0.0198,lsc_tail_cusum
16498,0.5619,raw_var_cusum
16499,0.1521,raw_cusum
16500,0.481,lsc_composite
16501,1.0,lsc_composite
16502,0.481,lsc_composite
16503,0.2774,lsc_kalman_cusum
16504,0.1492,raw_var_cusum
16505,0.14915,lsc_tail_cusum
16506,0.481,lsc_composite
16507,0.2774,lsc_kalman_cusum
16508,0.481,lsc_composite
16509,0.1492,raw_var_cusum
16510,0.1492,raw_var_cusum
16511,0.481,lsc_composite
16512,0.2774,lsc_kalman_cusum
16513,0.1521,raw_cusum
16514,0.0198,lsc_tail_cusum
16515,1.0,lsc_composite
16516,1.0,lsc_composite
16517,0.481,lsc_composite
16518,1.0,lsc_composite
16519,0.00075,lsc_tail_cusum
16520,0.1521,raw_cusum
16521,0.1492,raw_var_cusum
16522,0.2774,lsc_kalman_cusum
16523,0.2774,lsc_kalman_cusum
16524,0.10165,lsc_composite
16525,0.1492,raw_var_cusum
16526,0.2774,lsc_kalman_cusum
16527,1.0,lsc_composite
16528,0.1521,raw_cusum
16529,0.5535,lsc_tail_cusum
16530,0.2774,lsc_kalman_cusum
16531,0.5535,lsc_tail_cusum
16532,0.10165,lsc_composite
16533,0.5619,raw_var_cusum
16534,0.14915,lsc_tail_cusum
16535,0.481,lsc_composite
16536,0.5619,raw_var_cusum
16537,0.1492,raw_var_cusum
16538,0.2774,lsc_kalman_cusum
16539,0.481,lsc_composite
16540,0.1521,raw_cusum
16541,0.2774,lsc_kalman_cusum
16542,0.2774,lsc_kalman_cusum
16543,0.481,lsc_composite
16544,0.2774,lsc_kalman_cusum
16545,0.481,lsc_composite
16546,0.5619,raw_var_cusum
16547,0.0198,lsc_tail_cusum
16548,0.1521,raw_cusum
16549,0.5619,raw_var_cusum
16550,0.5619,raw_var_cusum
16551,0.14915,lsc_tail_cusum
16552,0.00925,lsc_composite
16553,0.481,lsc_composite
16554,0.5535,lsc_tail_cusum
16555,0.10165,lsc_composite
16556,0.14915,lsc_tail_cusum
16557,0.5619,raw_var_cusum
16558,0.2774,lsc_kalman_cusum
16559,0.2774,lsc_kalman_cusum
16560,0.02015,lsc_kalman_cusum
16561,0.481,lsc_composite
16562,0.1521,raw_cusum
16563,0.481,lsc_composite
16564,0.14915,lsc_tail_cusum
16565,0.14915,lsc_tail_cusum
16566,0.1521,raw_cusum
16567,0.2774,lsc_kalman_cusum
16568,0.0198,lsc_tail_cusum
16569,0.2774,lsc_kalman_cusum
16570,0.2774,lsc_kalman_cusum
16571,0.1492,raw_var_cusum
16572,0.1521,raw_cusum
16573,0.2774,lsc_kalman_cusum
16574,0.2774,lsc_kalman_cusum
16575,0.10165,lsc_composite
16576,0.14915,lsc_tail_cusum
16577,0.10165,lsc_composite
16578,0.481,lsc_composite
16579,0.1492,raw_var_cusum
16580,1.0,lsc_composite
16581,0.481,lsc_composite
16582,1.0,lsc_composite
16583,0.1492,raw_var_cusum
16584,0.00925,lsc_composite
16585,0.5619,raw_var_cusum
16586,0.1492,raw_var_cusum
16587,1.0,lsc_composite
16588,0.1521,raw_cusum
16589,0.1492,raw_var_cusum
16590,0.1492,raw_var_cusum
16591,0.10165,lsc_composite
16592,0.10165,lsc_composite
16593,0.2774,lsc_kalman_cusum
16594,0.481,lsc_composite
16595,1.0,lsc_composite
16596,0.14915,lsc_tail_cusum
16597,0.10165,lsc_composite
16598,0.1492,raw_var_cusum
16599,1.0,lsc_composite
16600,0.1492,raw_var_cusum
16601,0.1521,raw_cusum
16602,0.5535,lsc_tail_cusum
16603,0.2774,lsc_kalman_cusum
16604,0.5535,lsc_tail_cusum
16605,0.10165,lsc_composite
16606,0.2774,lsc_kalman_cusum
16607,1.0,lsc_composite
16608,0.5535,lsc_tail_cusum
16609,0.1492,raw_var_cusum
16610,0.5619,raw_var_cusum
16611,0.10165,lsc_composite
16612,0.481,lsc_composite
16613,0.1521,raw_cusum
16614,0.481,lsc_composite
16615,0.10165,lsc_composite
16616,0.5619,raw_var_cusum
16617,0.14915,lsc_tail_cusum
16618,0.2774,lsc_kalman_cusum
16619,0.2774,lsc_kalman_cusum
16620,1.0,lsc_composite
16621,0.14915,lsc_tail_cusum
16622,0.2774,lsc_kalman_cusum
16623,0.00925,lsc_composite
16624,0.5535,lsc_tail_cusum
16625,0.1492,raw_var_cusum
16626,0.5535,lsc_tail_cusum
16627,0.1492,raw_var_cusum
16628,0.1521,raw_cusum
16629,0.1521,raw_cusum
16630,0.2774,lsc_kalman_cusum
16631,0.1521,raw_cusum
16632,0.481,lsc_composite
16633,0.481,lsc_composite
16634,0.1492,raw_var_cusum
16635,0.2774,lsc_kalman_cusum
16636,0.1521,raw_cusum
16637,0.14915,lsc_tail_cusum
16638,0.5619,raw_var_cusum
16639,0.0183,raw_var_cusum
16640,0.481,lsc_composite
16641,0.1492,raw_var_cusum
16642,0.2774,lsc_kalman_cusum
16643,0.1492,raw_var_cusum
16644,0.2774,lsc_kalman_cusum
16645,0.0183,raw_var_cusum
16646,0.481,lsc_composite
16647,0.481,lsc_composite
16648,0.481,lsc_composite
16649,0.481,lsc_composite
16650,0.1492,raw_var_cusum
16651,0.5535,lsc_tail_cusum
16652,0.1521,raw_cusum
16653,0.00925,lsc_composite
16654,0.10165,lsc_composite
16655,0.5619,raw_var_cusum
16656,0.1492,raw_var_cusum
16657,0.10165,lsc_composite
16658,0.10165,lsc_composite
16659,0.481,lsc_composite
16660,0.5535,lsc_tail_cusum
16661,0.02015,lsc_kalman_cusum
16662,0.481,lsc_composite
16663,1.0,lsc_composite
16664,0.14915,lsc_tail_cusum
16665,0.14915,lsc_tail_cusum
16666,0.0198,lsc_tail_cusum
16667,0.00925,lsc_composite
16668,0.1492,raw_var_cusum
16669,1.0,lsc_composite
16670,0.1521,raw_cusum
16671,0.5619,raw_var_cusum
16672,0.481,lsc_composite
16673,0.5535,lsc_tail_cusum
16674,0.10165,lsc_composite
16675,0.1492,raw_var_cusum
16676,0.1492,raw_var_cusum
16677,0.14915,lsc_tail_cusum
16678,0.10165,lsc_composite
16679,0.5619,raw_var_cusum
16680,0.00925,lsc_composite
16681,0.481,lsc_composite
16682,0.10165,lsc_composite
16683,0.2774,lsc_kalman_cusum
16684,0.481,lsc_composite
16685,0.14915,lsc_tail_cusum
16686,0.2774,lsc_kalman_cusum
16687,0.10165,lsc_composite
16688,0.0183,raw_var_cusum
16689,1.0,lsc_composite
16690,0.2774,lsc_kalman_cusum
16691,0.5535,lsc_tail_cusum
16692,0.10165,lsc_composite
16693,1.0,lsc_composite
16694,0.14915,lsc_tail_cusum
16695,0.10165,lsc_composite
16696,0.5535,lsc_tail_cusum
16697,0.1492,raw_var_cusum
16698,0.2774,lsc_kalman_cusum
16699,0.10165,lsc_composite
16700,0.2774,lsc_kalman_cusum
16701,0.2774,lsc_kalman_cusum
16702,0.481,lsc_composite
16703,1.0,lsc_composite
16704,0.2774,lsc_kalman_cusum
16705,0.481,lsc_composite
16706,0.5619,raw_var_cusum
16707,0.1492,raw_var_cusum
16708,0.481,lsc_composite
16709,0.2774,lsc_kalman_cusum
16710,0.1521,raw_cusum
16711,0.481,lsc_composite
16712,1.0,lsc_composite
16713,0.5535,lsc_tail_cusum
16714,1.0,lsc_composite
16715,0.481,lsc_composite
16716,0.14915,lsc_tail_cusum
16717,0.481,lsc_composite
16718,0.00925,lsc_composite
16719,0.10165,lsc_composite
16720,0.0183,raw_var_cusum
16721,0.481,lsc_composite
16722,0.481,lsc_composite
16723,0.2774,lsc_kalman_cusum
16724,0.5619,raw_var_cusum
16725,0.5535,lsc_tail_cusum
16726,0.5619,raw_var_cusum
16727,0.1521,raw_cusum
16728,0.10165,lsc_composite
16729,1.0,lsc_composite
16730,0.2774,lsc_kalman_cusum
16731,1.0,lsc_composite
16732,0.1492,raw_var_cusum
16733,0.10165,lsc_composite
16734,0.5535,lsc_tail_cusum
16735,0.14915,lsc_tail_cusum
16736,0.5535,lsc_tail_cusum
16737,0.2774,lsc_kalman_cusum
16738,0.2774,lsc_kalman_cusum
16739,0.14915,lsc_tail_cusum
16740,0.2774,lsc_kalman_cusum
16741,0.2774,lsc_kalman_cusum
16742,0.481,lsc_composite
16743,0.02015,lsc_kalman_cusum
16744,0.02015,lsc_kalman_cusum
16745,0.1521,raw_cusum
16746,0.5535,lsc_tail_cusum
16747,0.481,lsc_composite
16748,0.1521,raw_cusum
16749,0.481,lsc_composite
16750,0.2774,lsc_kalman_cusum
16751,1.0,lsc_composite
16752,0.10165,lsc_composite
16753,0.14915,lsc_tail_cusum
16754,0.14915,lsc_tail_cusum
16755,0.14915,lsc_tail_cusum
16756,0.1492,raw_var_cusum
16757,0.5535,lsc_tail_cusum
16758,0.481,lsc_composite
16759,0.481,lsc_composite
16760,1.0,lsc_composite
16761,0.5535,lsc_tail_cusum
16762,0.10165,lsc_composite
16763,0.14915,lsc_tail_cusum
16764,0.481,lsc_composite
16765,0.5535,lsc_tail_cusum
16766,0.14915,lsc_tail_cusum
16767,0.5619,raw_var_cusum
16768,0.5535,lsc_tail_cusum
16769,0.2774,lsc_kalman_cusum
16770,0.481,lsc_composite
16771,0.5619,raw_var_cusum
16772,0.1521,raw_cusum
16773,0.481,lsc_composite
16774,0.1492,raw_var_cusum
16775,0.14915,lsc_tail_cusum
16776,0.481,lsc_composite
16777,0.02015,lsc_kalman_cusum
16778,0.481,lsc_composite
16779,0.1492,raw_var_cusum
16780,0.1492,raw_var_cusum
16781,0.481,lsc_composite
16782,0.2774,lsc_kalman_cusum
16783,0.481,lsc_composite
16784,0.481,lsc_composite
16785,0.2774,lsc_kalman_cusum
16786,0.1521,raw_cusum
16787,0.481,lsc_composite
16788,0.2774,lsc_kalman_cusum
16789,0.10165,lsc_composite
16790,0.2774,lsc_kalman_cusum
16791,0.1492,raw_var_cusum
16792,0.481,lsc_composite
16793,0.481,lsc_composite
16794,0.1521,raw_cusum
16795,0.481,lsc_composite
16796,0.2774,lsc_kalman_cusum
16797,0.0183,raw_var_cusum
16798,0.481,lsc_composite
16799,0.1492,raw_var_cusum
16800,0.5619,raw_var_cusum
16801,0.2774,lsc_kalman_cusum
16802,0.1492,raw_var_cusum
16803,0.10165,lsc_composite
16804,0.5535,lsc_tail_cusum
16805,0.10165,lsc_composite
16806,0.14915,lsc_tail_cusum
16807,0.5535,lsc_tail_cusum
16808,0.2774,lsc_kalman_cusum
16809,0.481,lsc_composite
16810,0.2774,lsc_kalman_cusum
16811,0.14915,lsc_tail_cusum
16812,0.1521,raw_cusum
16813,0.1521,raw_cusum
16814,0.10165,lsc_composite
16815,0.10165,lsc_composite
16816,0.10165,lsc_composite
16817,0.2774,lsc_kalman_cusum
16818,0.14915,lsc_tail_cusum
16819,0.10165,lsc_composite
16820,0.14915,lsc_tail_cusum
16821,0.2774,lsc_kalman_cusum
16822,0.1492,raw_var_cusum
16823,0.2774,lsc_kalman_cusum
16824,0.2774,lsc_kalman_cusum
16825,0.5535,lsc_tail_cusum
16826,0.2774,lsc_kalman_cusum
16827,0.481,lsc_composite
16828,0.1521,raw_cusum
16829,1.0,lsc_composite
16830,0.5535,lsc_tail_cusum
16831,0.1521,raw_cusum
16832,0.14915,lsc_tail_cusum
16833,0.14915,lsc_tail_cusum
16834,0.2774,lsc_kalman_cusum
16835,1.0,lsc_composite
16836,0.1521,raw_cusum
16837,0.2774,lsc_kalman_cusum
16838,0.481,lsc_composite
16839,1.0,lsc_composite
16840,0.1492,raw_var_cusum
16841,0.10165,lsc_composite
16842,0.14915,lsc_tail_cusum
16843,0.14915,lsc_tail_cusum
16844,0.10165,lsc_composite
16845,0.481,lsc_composite
16846,0.481,lsc_composite
16847,0.5619,raw_var_cusum
16848,1.0,lsc_composite
16849,1.0,lsc_composite
16850,0.10165,lsc_composite
16851,0.1492,raw_var_cusum
16852,0.5619,raw_var_cusum
16853,0.1492,raw_var_cusum
16854,0.10165,lsc_composite
16855,0.2774,lsc_kalman_cusum
16856,0.14915,lsc_tail_cusum
16857,0.14915,lsc_tail_cusum
16858,0.14915,lsc_tail_cusum
16859,0.481,lsc_composite
16860,0.14915,lsc_tail_cusum
16861,0.0198,lsc_tail_cusum
16862,0.2774,lsc_kalman_cusum
16863,0.481,lsc_composite
16864,0.1521,raw_cusum
16865,0.5619,raw_var_cusum
16866,0.481,lsc_composite
16867,0.10165,lsc_composite
16868,0.481,lsc_composite
16869,0.5619,raw_var_cusum
16870,0.481,lsc_composite
16871,0.1521,raw_cusum
16872,0.5535,lsc_tail_cusum
16873,0.481,lsc_composite
16874,0.5535,lsc_tail_cusum
16875,0.2774,lsc_kalman_cusum
16876,0.1521,raw_cusum
16877,0.14915,lsc_tail_cusum
16878,0.481,lsc_composite
16879,0.02015,lsc_kalman_cusum
16880,0.5535,lsc_tail_cusum
16881,0.5619,raw_var_cusum
16882,0.1492,raw_var_cusum
16883,0.1492,raw_var_cusum
16884,0.2774,lsc_kalman_cusum
16885,0.481,lsc_composite
16886,0.14915,lsc_tail_cusum
16887,0.10165,lsc_composite
16888,0.481,lsc_composite
16889,0.481,lsc_composite
16890,0.00925,lsc_composite
16891,0.5535,lsc_tail_cusum
16892,0.14915,lsc_tail_cusum
16893,0.0198,lsc_tail_cusum
16894,0.481,lsc_composite
16895,0.1521,raw_cusum
16896,0.5535,lsc_tail_cusum
16897,0.2774,lsc_kalman_cusum
16898,0.5535,lsc_tail_cusum
16899,0.481,lsc_composite
16900,0.2774,lsc_kalman_cusum
16901,0.1492,raw_var_cusum
16902,0.5619,raw_var_cusum
16903,0.481,lsc_composite
16904,0.1492,raw_var_cusum
16905,0.14915,lsc_tail_cusum
16906,0.5535,lsc_tail_cusum
16907,0.2774,lsc_kalman_cusum
16908,0.5535,lsc_tail_cusum
16909,0.0198,lsc_tail_cusum
16910,0.2774,lsc_kalman_cusum
16911,0.481,lsc_composite
16912,1.0,lsc_composite
16913,0.1521,raw_cusum
16914,0.10165,lsc_composite
16915,0.1521,raw_cusum
16916,0.5619,raw_var_cusum
16917,0.10165,lsc_composite
16918,1.0,lsc_composite
16919,0.5535,lsc_tail_cusum
16920,0.481,lsc_composite
16921,0.481,lsc_composite
16922,0.1521,raw_cusum
16923,0.1521,raw_cusum
16924,0.2774,lsc_kalman_cusum
16925,0.2774,lsc_kalman_cusum
16926,0.481,lsc_composite
16927,0.1521,raw_cusum
16928,0.1521,raw_cusum
16929,0.5535,lsc_tail_cusum
16930,0.0183,raw_var_cusum
16931,0.1492,raw_var_cusum
16932,0.5535,lsc_tail_cusum
16933,0.481,lsc_composite
16934,0.14915,lsc_tail_cusum
16935,0.02015,lsc_kalman_cusum
16936,0.481,lsc_composite
16937,0.1521,raw_cusum
16938,0.10165,lsc_composite
16939,1.0,lsc_composite
16940,0.1492,raw_var_cusum
16941,0.5619,raw_var_cusum
16942,0.5535,lsc_tail_cusum
16943,0.14915,lsc_tail_cusum
16944,1.0,lsc_composite
16945,0.14915,lsc_tail_cusum
16946,0.14915,lsc_tail_cusum
16947,0.5535,lsc_tail_cusum
16948,0.0183,raw_var_cusum
16949,0.5619,raw_var_cusum
16950,0.2774,lsc_kalman_cusum
16951,0.5535,lsc_tail_cusum
16952,0.481,lsc_composite
16953,0.5535,lsc_tail_cusum
16954,0.14915,lsc_tail_cusum
16955,0.5535,lsc_tail_cusum
16956,0.1521,raw_cusum
16957,0.02015,lsc_kalman_cusum
16958,0.1521,raw_cusum
16959,0.1521,raw_cusum
16960,0.02015,lsc_kalman_cusum
16961,0.1492,raw_var_cusum
16962,0.2774,lsc_kalman_cusum
16963,0.2774,lsc_kalman_cusum
16964,0.481,lsc_composite
16965,0.1492,raw_var_cusum
16966,0.1492,raw_var_cusum
16967,0.481,lsc_composite
16968,0.5619,raw_var_cusum
16969,0.2774,lsc_kalman_cusum
16970,0.2774,lsc_kalman_cusum
16971,0.1492,raw_var_cusum
16972,0.5619,raw_var_cusum
16973,1.0,lsc_composite
16974,0.02015,lsc_kalman_cusum
16975,0.14915,lsc_tail_cusum
16976,0.1521,raw_cusum
16977,0.1521,raw_cusum
16978,0.1492,raw_var_cusum
16979,0.481,lsc_composite
16980,0.5535,lsc_tail_cusum
16981,0.481,lsc_composite
16982,0.2774,lsc_kalman_cusum
16983,1.0,lsc_composite
16984,0.14915,lsc_tail_cusum
16985,0.481,lsc_composite
16986,0.5535,lsc_tail_cusum
16987,0.2774,lsc_kalman_cusum
16988,0.1521,raw_cusum
16989,0.1492,raw_var_cusum
16990,0.481,lsc_composite
16991,0.0198,lsc_tail_cusum
16992,0.5535,lsc_tail_cusum
16993,0.10165,lsc_composite
16994,0.1521,raw_cusum
16995,0.02015,lsc_kalman_cusum
16996,0.5535,lsc_tail_cusum
16997,0.2774,lsc_kalman_cusum
16998,0.14915,lsc_tail_cusum
16999,0.481,lsc_composite
17000,0.5535,lsc_tail_cusum
17001,1.0,lsc_composite
17002,0.5619,raw_var_cusum
17003,0.1492,raw_var_cusum
17004,0.14915,lsc_tail_cusum
17005,0.5535,lsc_tail_cusum
17006,0.5535,lsc_tail_cusum
17007,0.481,lsc_composite
17008,0.2774,lsc_kalman_cusum
17009,0.14915,lsc_tail_cusum
17010,1.0,lsc_composite
17011,0.5535,lsc_tail_cusum
17012,0.481,lsc_composite
17013,0.00925,lsc_composite
17014,0.5535,lsc_tail_cusum
17015,0.5535,lsc_tail_cusum
17016,0.14915,lsc_tail_cusum
17017,0.5619,raw_var_cusum
17018,0.5619,raw_var_cusum
17019,0.02015,lsc_kalman_cusum
17020,0.2774,lsc_kalman_cusum
17021,0.481,lsc_composite
17022,0.481,lsc_composite
17023,0.2774,lsc_kalman_cusum
17024,0.5535,lsc_tail_cusum
17025,0.5619,raw_var_cusum
17026,0.14915,lsc_tail_cusum
17027,0.481,lsc_composite
17028,0.481,lsc_composite
17029,0.1521,raw_cusum
17030,0.481,lsc_composite
17031,0.481,lsc_composite
17032,0.0183,raw_var_cusum
17033,0.2774,lsc_kalman_cusum
17034,0.10165,lsc_composite
17035,0.14915,lsc_tail_cusum
17036,1.0,lsc_composite
17037,0.5535,lsc_tail_cusum
17038,0.1521,raw_cusum
17039,0.14915,lsc_tail_cusum
17040,0.481,lsc_composite
17041,0.1492,raw_var_cusum
17042,0.1492,raw_var_cusum
17043,0.1521,raw_cusum
17044,0.2774,lsc_kalman_cusum
17045,0.10165,lsc_composite
17046,0.1521,raw_cusum
17047,0.10165,lsc_composite
17048,0.1492,raw_var_cusum
17049,0.5535,lsc_tail_cusum
17050,1.0,lsc_composite
17051,0.481,lsc_composite
17052,0.1492,raw_var_cusum
17053,0.0198,lsc_tail_cusum
17054,1.0,lsc_composite
17055,0.14915,lsc_tail_cusum
17056,0.1492,raw_var_cusum
17057,0.2774,lsc_kalman_cusum
17058,0.5535,lsc_tail_cusum
17059,0.5619,raw_var_cusum
17060,0.14915,lsc_tail_cusum
17061,0.481,lsc_composite
17062,0.02015,lsc_kalman_cusum
17063,0.1492,raw_var_cusum
17064,0.14915,lsc_tail_cusum
17065,1.0,lsc_composite
17066,1.0,lsc_composite
17067,0.1521,raw_cusum
17068,0.481,lsc_composite
17069,0.5535,lsc_tail_cusum
17070,0.14915,lsc_tail_cusum
17071,0.5535,lsc_tail_cusum
17072,0.5619,raw_var_cusum
17073,0.14915,lsc_tail_cusum
17074,0.5619,raw_var_cusum
17075,0.1492,raw_var_cusum
17076,1.0,lsc_composite
17077,0.14915,lsc_tail_cusum
17078,0.2774,lsc_kalman_cusum
17079,0.2774,lsc_kalman_cusum
17080,0.2774,lsc_kalman_cusum
17081,0.2774,lsc_kalman_cusum
17082,0.14915,lsc_tail_cusum
17083,0.1492,raw_var_cusum
17084,0.5619,raw_var_cusum
17085,0.481,lsc_composite
17086,0.1521,raw_cusum
17087,0.1521,raw_cusum
17088,0.2774,lsc_kalman_cusum
17089,0.14915,lsc_tail_cusum
17090,0.2774,lsc_kalman_cusum
17091,0.2774,lsc_kalman_cusum
17092,0.2774,lsc_kalman_cusum
17093,0.2774,lsc_kalman_cusum
17094,0.10165,lsc_composite
17095,0.2774,lsc_kalman_cusum
17096,1.0,lsc_composite
17097,0.5535,lsc_tail_cusum
17098,1.0,lsc_composite
17099,0.10165,lsc_composite
17100,0.481,lsc_composite
17101,0.5535,lsc_tail_cusum
17102,0.2774,lsc_kalman_cusum
17103,0.14915,lsc_tail_cusum
17104,0.2774,lsc_kalman_cusum
17105,0.14915,lsc_tail_cusum
17106,1.0,lsc_composite
17107,0.481,lsc_composite
17108,0.481,lsc_composite
17109,0.481,lsc_composite
17110,0.481,lsc_composite
17111,0.10165,lsc_composite
17112,0.2774,lsc_kalman_cusum
17113,0.10165,lsc_composite
17114,0.14915,lsc_tail_cusum
17115,0.14915,lsc_tail_cusum
17116,0.481,lsc_composite
17117,0.10165,lsc_composite
17118,0.10165,lsc_composite
17119,0.02015,lsc_kalman_cusum
17120,0.14915,lsc_tail_cusum
17121,0.2774,lsc_kalman_cusum
17122,0.5535,lsc_tail_cusum
17123,0.1521,raw_cusum
17124,0.5535,lsc_tail_cusum
17125,0.481,lsc_composite
17126,0.2774,lsc_kalman_cusum
17127,0.481,lsc_composite
17128,0.481,lsc_composite
17129,0.481,lsc_composite
17130,0.2774,lsc_kalman_cusum
17131,0.1492,raw_var_cusum
17132,0.2774,lsc_kalman_cusum
17133,0.2774,lsc_kalman_cusum
17134,0.14915,lsc_tail_cusum
17135,0.2774,lsc_kalman_cusum
17136,0.14915,lsc_tail_cusum
17137,0.10165,lsc_composite
17138,0.10165,lsc_composite
17139,0.10165,lsc_composite
17140,0.10165,lsc_composite
17141,0.481,lsc_composite
17142,0.1492,raw_var_cusum
17143,0.14915,lsc_tail_cusum
17144,0.10165,lsc_composite
17145,0.1521,raw_cusum
17146,0.2774,lsc_kalman_cusum
17147,0.5619,raw_var_cusum
17148,0.1521,raw_cusum
17149,0.10165,lsc_composite
17150,0.5535,lsc_tail_cusum
17151,0.10165,lsc_composite
17152,0.481,lsc_composite
17153,0.1521,raw_cusum
17154,0.10165,lsc_composite
17155,0.2774,lsc_kalman_cusum
17156,0.5535,lsc_tail_cusum
17157,0.1492,raw_var_cusum
17158,1.0,lsc_composite
17159,0.481,lsc_composite
17160,0.5535,lsc_tail_cusum
17161,0.5535,lsc_tail_cusum
17162,0.481,lsc_composite
17163,0.2774,lsc_kalman_cusum
17164,0.1521,raw_cusum
17165,0.14915,lsc_tail_cusum
17166,0.14915,lsc_tail_cusum
17167,0.5535,lsc_tail_cusum
17168,0.14915,lsc_tail_cusum
17169,0.1492,raw_var_cusum
17170,0.481,lsc_composite
17171,0.10165,lsc_composite
17172,0.1492,raw_var_cusum
17173,0.5535,lsc_tail_cusum
17174,0.02015,lsc_kalman_cusum
17175,0.5535,lsc_tail_cusum
17176,0.481,lsc_composite
17177,0.1492,raw_var_cusum
17178,0.481,lsc_composite
17179,0.00925,lsc_composite
17180,0.10165,lsc_composite
17181,0.1492,raw_var_cusum
17182,0.1521,raw_cusum
17183,0.481,lsc_composite
17184,0.14915,lsc_tail_cusum
17185,0.5619,raw_var_cusum
17186,0.481,lsc_composite
17187,0.5535,lsc_tail_cusum
17188,0.5535,lsc_tail_cusum
17189,0.10165,lsc_composite
17190,0.481,lsc_composite
17191,0.481,lsc_composite
17192,0.14915,lsc_tail_cusum
17193,0.1521,raw_cusum
17194,0.481,lsc_composite
17195,0.1521,raw_cusum
17196,0.0198,lsc_tail_cusum
17197,0.14915,lsc_tail_cusum
17198,0.2774,lsc_kalman_cusum
17199,0.1521,raw_cusum
17200,0.1492,raw_var_cusum
17201,0.1521,raw_cusum
17202,0.2774,lsc_kalman_cusum
17203,0.481,lsc_composite
17204,0.481,lsc_composite
17205,0.00925,lsc_composite
17206,0.14915,lsc_tail_cusum
17207,0.10165,lsc_composite
17208,0.2774,lsc_kalman_cusum
17209,0.2774,lsc_kalman_cusum
17210,0.5535,lsc_tail_cusum
17211,0.14915,lsc_tail_cusum
17212,0.1521,raw_cusum
17213,0.2774,lsc_kalman_cusum
17214,0.14915,lsc_tail_cusum
17215,0.0183,raw_var_cusum
17216,0.14915,lsc_tail_cusum
17217,0.5535,lsc_tail_cusum
17218,0.2774,lsc_kalman_cusum
17219,0.1492,raw_var_cusum
17220,0.481,lsc_composite
17221,0.1492,raw_var_cusum
17222,0.481,lsc_composite
17223,0.481,lsc_composite
17224,0.2774,lsc_kalman_cusum
17225,0.1521,raw_cusum
17226,0.1492,raw_var_cusum
17227,1.0,lsc_composite
17228,0.5535,lsc_tail_cusum
17229,0.5535,lsc_tail_cusum
17230,0.2774,lsc_kalman_cusum
17231,0.5535,lsc_tail_cusum
17232,1.0,lsc_composite
17233,0.10165,lsc_composite
17234,0.10165,lsc_composite
17235,0.5535,lsc_tail_cusum
17236,0.5535,lsc_tail_cusum
17237,0.10165,lsc_composite
17238,0.1521,raw_cusum
17239,0.2774,lsc_kalman_cusum
17240,0.1492,raw_var_cusum
17241,0.0198,lsc_tail_cusum
17242,0.2774,lsc_kalman_cusum
17243,0.5535,lsc_tail_cusum
17244,0.14915,lsc_tail_cusum
17245,0.2774,lsc_kalman_cusum
17246,0.481,lsc_composite
17247,1.0,lsc_composite
17248,0.1521,raw_cusum
17249,0.5535,lsc_tail_cusum
17250,0.1492,raw_var_cusum
17251,0.481,lsc_composite
17252,0.1492,raw_var_cusum
17253,0.481,lsc_composite
17254,0.481,lsc_composite
17255,0.0183,raw_var_cusum
17256,0.1521,raw_cusum
17257,0.02015,lsc_kalman_cusum
17258,0.2774,lsc_kalman_cusum
17259,0.10165,lsc_composite
17260,0.5619,raw_var_cusum
17261,0.10165,lsc_composite
17262,0.481,lsc_composite
17263,0.1521,raw_cusum
17264,1.0,lsc_composite
17265,1.0,lsc_composite
17266,0.1492,raw_var_cusum
17267,0.1492,raw_var_cusum
17268,0.1492,raw_var_cusum
17269,0.481,lsc_composite
17270,0.5619,raw_var_cusum
17271,1.0,lsc_composite
17272,0.10165,lsc_composite
17273,0.1521,raw_cusum
17274,0.481,lsc_composite
17275,0.481,lsc_composite
17276,0.5535,lsc_tail_cusum
17277,1.0,lsc_composite
17278,0.2774,lsc_kalman_cusum
17279,0.1492,raw_var_cusum
17280,0.5535,lsc_tail_cusum
17281,0.481,lsc_composite
17282,0.5535,lsc_tail_cusum
17283,1.0,lsc_composite
17284,0.481,lsc_composite
17285,0.1492,raw_var_cusum
17286,0.1521,raw_cusum
17287,0.14915,lsc_tail_cusum
17288,0.481,lsc_composite
17289,0.2774,lsc_kalman_cusum
17290,0.5619,raw_var_cusum
17291,0.1492,raw_var_cusum
17292,0.14915,lsc_tail_cusum
17293,0.481,lsc_composite
17294,0.14915,lsc_tail_cusum
17295,1.0,lsc_composite
17296,0.5619,raw_var_cusum
17297,1.0,lsc_composite
17298,0.1492,raw_var_cusum
17299,0.481,lsc_composite
17300,0.1492,raw_var_cusum
17301,0.02015,lsc_kalman_cusum
17302,0.5535,lsc_tail_cusum
17303,0.0183,raw_var_cusum
17304,0.14915,lsc_tail_cusum
17305,0.5535,lsc_tail_cusum
17306,0.10165,lsc_composite
17307,0.481,lsc_composite
17308,0.1492,raw_var_cusum
17309,0.14915,lsc_tail_cusum
17310,0.1521,raw_cusum
17311,0.2774,lsc_kalman_cusum
17312,0.02015,lsc_kalman_cusum
17313,0.1521,raw_cusum
17314,0.10165,lsc_composite
17315,0.5619,raw_var_cusum
17316,0.1521,raw_cusum
17317,1.0,lsc_composite
17318,0.0198,lsc_tail_cusum
17319,0.10165,lsc_composite
17320,0.2774,lsc_kalman_cusum
17321,0.5535,lsc_tail_cusum
17322,0.0183,raw_var_cusum
17323,0.1492,raw_var_cusum
17324,0.2774,lsc_kalman_cusum
17325,0.481,lsc_composite
17326,0.10165,lsc_composite
17327,0.5535,lsc_tail_cusum
17328,0.5535,lsc_tail_cusum
17329,1.0,lsc_composite
17330,0.5535,lsc_tail_cusum
17331,0.2774,lsc_kalman_cusum
17332,0.481,lsc_composite
17333,0.1492,raw_var_cusum
17334,0.481,lsc_composite
17335,0.14915,lsc_tail_cusum
17336,0.481,lsc_composite
17337,0.14915,lsc_tail_cusum
17338,0.1492,raw_var_cusum
17339,0.2774,lsc_kalman_cusum
17340,0.5535,lsc_tail_cusum
17341,0.14915,lsc_tail_cusum
17342,0.1492,raw_var_cusum
17343,0.481,lsc_composite
17344,0.481,lsc_composite
17345,0.2774,lsc_kalman_cusum
17346,0.14915,lsc_tail_cusum
17347,0.1521,raw_cusum
17348,0.5535,lsc_tail_cusum
17349,0.14915,lsc_tail_cusum
17350,0.14915,lsc_tail_cusum
17351,0.5535,lsc_tail_cusum
17352,0.481,lsc_composite
17353,0.1492,raw_var_cusum
17354,0.481,lsc_composite
17355,0.5535,lsc_tail_cusum
17356,0.10165,lsc_composite
17357,0.2774,lsc_kalman_cusum
17358,0.5535,lsc_tail_cusum
17359,0.5535,lsc_tail_cusum
17360,0.1521,raw_cusum
17361,0.5535,lsc_tail_cusum
17362,0.2774,lsc_kalman_cusum
17363,0.0198,lsc_tail_cusum
17364,0.2774,lsc_kalman_cusum
17365,0.481,lsc_composite
17366,0.2774,lsc_kalman_cusum
17367,1.0,lsc_composite
17368,0.14915,lsc_tail_cusum
17369,0.14915,lsc_tail_cusum
17370,0.5535,lsc_tail_cusum
17371,0.1492,raw_var_cusum
17372,0.14915,lsc_tail_cusum
17373,0.0183,raw_var_cusum
17374,0.5619,raw_var_cusum
17375,0.14915,lsc_tail_cusum
17376,0.0198,lsc_tail_cusum
17377,0.1492,raw_var_cusum
17378,0.1521,raw_cusum
17379,0.2774,lsc_kalman_cusum
17380,0.10165,lsc_composite
17381,0.481,lsc_composite
17382,0.10165,lsc_composite
17383,0.5619,raw_var_cusum
17384,0.14915,lsc_tail_cusum
17385,0.481,lsc_composite
17386,0.10165,lsc_composite
17387,0.2774,lsc_kalman_cusum
17388,0.1492,raw_var_cusum
17389,0.1521,raw_cusum
17390,0.1521,raw_cusum
17391,0.10165,lsc_composite
17392,0.5619,raw_var_cusum
17393,0.481,lsc_composite
17394,0.10165,lsc_composite
17395,0.10165,lsc_composite
17396,0.2774,lsc_kalman_cusum
17397,0.5535,lsc_tail_cusum
17398,0.5535,lsc_tail_cusum
17399,0.02015,lsc_kalman_cusum
17400,0.481,lsc_composite
17401,0.2774,lsc_kalman_cusum
17402,1.0,lsc_composite
17403,0.1492,raw_var_cusum
17404,0.5535,lsc_tail_cusum
17405,1.0,lsc_composite
17406,0.1521,raw_cusum
17407,0.5535,lsc_tail_cusum
17408,0.2774,lsc_kalman_cusum
17409,0.5619,raw_var_cusum
17410,0.1492,raw_var_cusum
17411,0.5535,lsc_tail_cusum
17412,0.5535,lsc_tail_cusum
17413,0.1492,raw_var_cusum
17414,0.481,lsc_composite
17415,0.481,lsc_composite
17416,0.5535,lsc_tail_cusum
17417,0.1521,raw_cusum
17418,0.2774,lsc_kalman_cusum
17419,0.1492,raw_var_cusum
17420,0.2774,lsc_kalman_cusum
17421,0.1492,raw_var_cusum
17422,0.2774,lsc_kalman_cusum
17423,0.2774,lsc_kalman_cusum
17424,0.0183,raw_var_cusum
17425,0.10165,lsc_composite
17426,0.10165,lsc_composite
17427,0.14915,lsc_tail_cusum
17428,0.481,lsc_composite
17429,0.10165,lsc_composite
17430,0.1521,raw_cusum
17431,1.0,lsc_composite
17432,0.2774,lsc_kalman_cusum
17433,0.2774,lsc_kalman_cusum
17434,0.481,lsc_composite
17435,0.5535,lsc_tail_cusum
17436,0.0198,lsc_tail_cusum
17437,0.14915,lsc_tail_cusum
17438,0.14915,lsc_tail_cusum
17439,0.481,lsc_composite
17440,1.0,lsc_composite
17441,0.1492,raw_var_cusum
17442,0.481,lsc_composite
17443,0.5535,lsc_tail_cusum
17444,1.0,lsc_composite
17445,0.10165,lsc_composite
17446,0.2774,lsc_kalman_cusum
17447,0.2774,lsc_kalman_cusum
17448,0.2774,lsc_kalman_cusum
17449,0.2774,lsc_kalman_cusum
17450,0.2774,lsc_kalman_cusum
17451,0.1521,raw_cusum
17452,0.481,lsc_composite
17453,0.5535,lsc_tail_cusum
17454,0.10165,lsc_composite
17455,0.481,lsc_composite
17456,0.1492,raw_var_cusum
17457,0.5535,lsc_tail_cusum
17458,0.14915,lsc_tail_cusum
17459,0.10165,lsc_composite
17460,0.5535,lsc_tail_cusum
17461,0.1492,raw_var_cusum
17462,1.0,lsc_composite
17463,0.5619,raw_var_cusum
17464,0.2774,lsc_kalman_cusum
17465,0.02015,lsc_kalman_cusum
17466,0.2774,lsc_kalman_cusum
17467,0.5619,raw_var_cusum
17468,0.2774,lsc_kalman_cusum
17469,0.1492,raw_var_cusum
17470,0.10165,lsc_composite
17471,0.14915,lsc_tail_cusum
17472,0.5535,lsc_tail_cusum
17473,0.481,lsc_composite
17474,0.5619,raw_var_cusum
17475,0.5535,lsc_tail_cusum
17476,0.5535,lsc_tail_cusum
17477,1.0,lsc_composite
17478,0.1521,raw_cusum
17479,0.14915,lsc_tail_cusum
17480,0.2774,lsc_kalman_cusum
17481,0.0198,lsc_tail_cusum
17482,0.10165,lsc_composite
17483,0.1492,raw_var_cusum
17484,0.10165,lsc_composite
17485,0.1492,raw_var_cusum
17486,0.481,lsc_composite
17487,0.5535,lsc_tail_cusum
17488,0.5535,lsc_tail_cusum
17489,1.0,lsc_composite
17490,0.2774,lsc_kalman_cusum
17491,0.10165,lsc_composite
17492,0.1492,raw_var_cusum
17493,0.5535,lsc_tail_cusum
17494,0.1521,raw_cusum
17495,0.481,lsc_composite
17496,0.1521,raw_cusum
17497,0.481,lsc_composite
17498,0.5619,raw_var_cusum
17499,0.1521,raw_cusum
17500,0.2774,lsc_kalman_cusum
17501,0.5619,raw_var_cusum
17502,0.1521,raw_cusum
17503,0.14915,lsc_tail_cusum
17504,0.2774,lsc_kalman_cusum
17505,0.14915,lsc_tail_cusum
17506,0.5535,lsc_tail_cusum
17507,0.1492,raw_var_cusum
17508,0.5535,lsc_tail_cusum
17509,0.10165,lsc_composite
17510,0.0183,raw_var_cusum
17511,0.5535,lsc_tail_cusum
17512,0.5535,lsc_tail_cusum
17513,0.481,lsc_composite
17514,0.5535,lsc_tail_cusum
17515,0.1521,raw_cusum
17516,0.00925,lsc_composite
17517,1.0,lsc_composite
17518,0.02015,lsc_kalman_cusum
17519,0.1521,raw_cusum
17520,0.5619,raw_var_cusum
17521,0.481,lsc_composite
17522,1.0,lsc_composite
17523,0.5535,lsc_tail_cusum
17524,0.14915,lsc_tail_cusum
17525,0.14915,lsc_tail_cusum
17526,0.10165,lsc_composite
17527,0.14915,lsc_tail_cusum
17528,0.10165,lsc_composite
17529,1.0,lsc_composite
17530,1.0,lsc_composite
17531,0.14915,lsc_tail_cusum
17532,0.1521,raw_cusum
17533,0.481,lsc_composite
17534,0.481,lsc_composite
17535,0.2774,lsc_kalman_cusum
17536,0.10165,lsc_composite
17537,0.2774,lsc_kalman_cusum
17538,0.5619,raw_var_cusum
17539,0.2774,lsc_kalman_cusum
17540,0.2774,lsc_kalman_cusum
17541,0.5619,raw_var_cusum
17542,0.1521,raw_cusum
17543,0.14915,lsc_tail_cusum
17544,0.14915,lsc_tail_cusum
17545,0.1521,raw_cusum
17546,0.5535,lsc_tail_cusum
17547,0.5535,lsc_tail_cusum
17548,0.5535,lsc_tail_cusum
17549,0.14915,lsc_tail_cusum
17550,0.481,lsc_composite
17551,0.1521,raw_cusum
17552,0.1521,raw_cusum
17553,0.5535,lsc_tail_cusum
17554,0.1492,raw_var_cusum
17555,0.5535,lsc_tail_cusum
17556,0.14915,lsc_tail_cusum
17557,0.1521,raw_cusum
17558,0.2774,lsc_kalman_cusum
17559,0.1492,raw_var_cusum
17560,0.2774,lsc_kalman_cusum
17561,0.10165,lsc_composite
17562,1.0,lsc_composite
17563,0.1521,raw_cusum
17564,0.2774,lsc_kalman_cusum
17565,0.14915,lsc_tail_cusum
17566,0.2774,lsc_kalman_cusum
17567,0.2774,lsc_kalman_cusum
17568,0.14915,lsc_tail_cusum
17569,0.1492,raw_var_cusum
17570,0.2774,lsc_kalman_cusum
17571,0.02015,lsc_kalman_cusum
17572,0.10165,lsc_composite
17573,0.2774,lsc_kalman_cusum
17574,0.0183,raw_var_cusum
17575,0.2774,lsc_kalman_cusum
17576,0.5535,lsc_tail_cusum
17577,0.1521,raw_cusum
17578,0.1521,raw_cusum
17579,0.10165,lsc_composite
17580,0.2774,lsc_kalman_cusum
17581,0.14915,lsc_tail_cusum
17582,0.1521,raw_cusum
17583,1.0,lsc_composite
17584,0.5619,raw_var_cusum
17585,0.14915,lsc_tail_cusum
17586,0.10165,lsc_composite
17587,0.10165,lsc_composite
17588,0.1521,raw_cusum
17589,0.1492,raw_var_cusum
17590,0.1492,raw_var_cusum
17591,0.481,lsc_composite
17592,0.481,lsc_composite
17593,0.1521,raw_cusum
17594,0.14915,lsc_tail_cusum
17595,0.481,lsc_composite
17596,0.5619,raw_var_cusum
17597,0.1492,raw_var_cusum
17598,0.481,lsc_composite
17599,0.0183,raw_var_cusum
17600,0.2774,lsc_kalman_cusum
17601,0.1492,raw_var_cusum
17602,1.0,lsc_composite
17603,0.5535,lsc_tail_cusum
17604,1.0,lsc_composite
17605,1.0,lsc_composite
17606,0.10165,lsc_composite
17607,0.2774,lsc_kalman_cusum
17608,0.5535,lsc_tail_cusum
17609,0.5535,lsc_tail_cusum
17610,0.1492,raw_var_cusum
17611,0.14915,lsc_tail_cusum
17612,0.1492,raw_var_cusum
17613,0.2774,lsc_kalman_cusum
17614,0.481,lsc_composite
17615,0.481,lsc_composite
17616,0.2774,lsc_kalman_cusum
17617,0.14915,lsc_tail_cusum
17618,0.14915,lsc_tail_cusum
17619,0.2774,lsc_kalman_cusum
17620,0.2774,lsc_kalman_cusum
17621,0.14915,lsc_tail_cusum
17622,0.5619,raw_var_cusum
17623,0.14915,lsc_tail_cusum
17624,0.5535,lsc_tail_cusum
17625,0.14915,lsc_tail_cusum
17626,0.0198,lsc_tail_cusum
17627,0.481,lsc_composite
17628,1.0,lsc_composite
17629,0.5535,lsc_tail_cusum
17630,0.1521,raw_cusum
17631,0.02015,lsc_kalman_cusum
17632,0.5535,lsc_tail_cusum
17633,0.14915,lsc_tail_cusum
17634,0.10165,lsc_composite
17635,0.1521,raw_cusum
17636,0.5619,raw_var_cusum
17637,0.2774,lsc_kalman_cusum
17638,0.0183,raw_var_cusum
17639,0.5535,lsc_tail_cusum
17640,0.481,lsc_composite
17641,0.481,lsc_composite
17642,0.2774,lsc_kalman_cusum
17643,0.14915,lsc_tail_cusum
17644,0.1492,raw_var_cusum
17645,0.2774,lsc_kalman_cusum
17646,0.1492,raw_var_cusum
17647,0.5535,lsc_tail_cusum
17648,0.5619,raw_var_cusum
17649,0.14915,lsc_tail_cusum
17650,0.5619,raw_var_cusum
17651,0.481,lsc_composite
17652,0.5619,raw_var_cusum
17653,0.02015,lsc_kalman_cusum
17654,0.2774,lsc_kalman_cusum
17655,0.1521,raw_cusum
17656,0.2774,lsc_kalman_cusum
17657,1.0,lsc_composite
17658,0.14915,lsc_tail_cusum
17659,0.02015,lsc_kalman_cusum
17660,0.1492,raw_var_cusum
17661,0.481,lsc_composite
17662,0.2774,lsc_kalman_cusum
17663,0.14915,lsc_tail_cusum
17664,0.5619,raw_var_cusum
17665,0.481,lsc_composite
17666,0.1521,raw_cusum
17667,0.5535,lsc_tail_cusum
17668,0.481,lsc_composite
17669,0.5619,raw_var_cusum
17670,0.481,lsc_composite
17671,0.00925,lsc_composite
17672,0.2774,lsc_kalman_cusum
17673,0.2774,lsc_kalman_cusum
17674,0.5535,lsc_tail_cusum
17675,0.1521,raw_cusum
17676,0.02015,lsc_kalman_cusum
17677,0.5535,lsc_tail_cusum
17678,0.1492,raw_var_cusum
17679,0.14915,lsc_tail_cusum
17680,0.5619,raw_var_cusum
17681,1.0,lsc_composite
17682,0.5535,lsc_tail_cusum
17683,0.2774,lsc_kalman_cusum
17684,0.14915,lsc_tail_cusum
17685,0.1521,raw_cusum
17686,1.0,lsc_composite
17687,0.5535,lsc_tail_cusum
17688,0.481,lsc_composite
17689,0.1521,raw_cusum
17690,0.481,lsc_composite
17691,0.02015,lsc_kalman_cusum
17692,0.1492,raw_var_cusum
17693,0.481,lsc_composite
17694,1.0,lsc_composite
17695,0.14915,lsc_tail_cusum
17696,0.1521,raw_cusum
17697,0.02015,lsc_kalman_cusum
17698,0.14915,lsc_tail_cusum
17699,0.14915,lsc_tail_cusum
17700,0.481,lsc_composite
17701,0.2774,lsc_kalman_cusum
17702,0.14915,lsc_tail_cusum
17703,0.14915,lsc_tail_cusum
17704,0.1492,raw_var_cusum
17705,0.481,lsc_composite
17706,0.1492,raw_var_cusum
17707,0.5619,raw_var_cusum
17708,0.481,lsc_composite
17709,0.481,lsc_composite
17710,0.1492,raw_var_cusum
17711,0.1492,raw_var_cusum
17712,0.1492,raw_var_cusum
17713,0.481,lsc_composite
17714,0.5535,lsc_tail_cusum
17715,1.0,lsc_composite
17716,0.1492,raw_var_cusum
17717,0.1521,raw_cusum
17718,0.5535,lsc_tail_cusum
17719,0.2774,lsc_kalman_cusum
17720,0.1492,raw_var_cusum
17721,0.2774,lsc_kalman_cusum
17722,0.1492,raw_var_cusum
17723,0.1521,raw_cusum
17724,0.5535,lsc_tail_cusum
17725,0.1521,raw_cusum
17726,0.02015,lsc_kalman_cusum
17727,0.0198,lsc_tail_cusum
17728,0.1492,raw_var_cusum
17729,0.1521,raw_cusum
17730,0.1521,raw_cusum
17731,0.1492,raw_var_cusum
17732,0.2774,lsc_kalman_cusum
17733,0.5535,lsc_tail_cusum
17734,0.481,lsc_composite
17735,0.10165,lsc_composite
17736,0.1521,raw_cusum
17737,0.1521,raw_cusum
17738,0.1492,raw_var_cusum
17739,0.2774,lsc_kalman_cusum
17740,0.5535,lsc_tail_cusum
17741,0.1492,raw_var_cusum
17742,0.1521,raw_cusum
17743,0.14915,lsc_tail_cusum
17744,0.1521,raw_cusum
17745,0.2774,lsc_kalman_cusum
17746,0.481,lsc_composite
17747,0.14915,lsc_tail_cusum
17748,0.481,lsc_composite
17749,0.5535,lsc_tail_cusum
17750,0.5535,lsc_tail_cusum
17751,0.5535,lsc_tail_cusum
17752,0.1492,raw_var_cusum
17753,0.10165,lsc_composite
17754,0.5535,lsc_tail_cusum
17755,0.5535,lsc_tail_cusum
17756,0.5619,raw_var_cusum
17757,0.1492,raw_var_cusum
17758,1.0,lsc_composite
17759,0.481,lsc_composite
17760,0.2774,lsc_kalman_cusum
17761,0.1521,raw_cusum
17762,1.0,lsc_composite
17763,0.481,lsc_composite
17764,0.2774,lsc_kalman_cusum
17765,0.481,lsc_composite
17766,0.10165,lsc_composite
17767,0.02015,lsc_kalman_cusum
17768,1.0,lsc_composite
17769,0.14915,lsc_tail_cusum
17770,0.5619,raw_var_cusum
17771,0.14915,lsc_tail_cusum
17772,0.5619,raw_var_cusum
17773,0.14915,lsc_tail_cusum
17774,0.2774,lsc_kalman_cusum
17775,0.00925,lsc_composite
17776,0.0183,raw_var_cusum
17777,1.0,lsc_composite
17778,0.1492,raw_var_cusum
17779,0.481,lsc_composite
17780,1.0,lsc_composite
17781,0.5535,lsc_tail_cusum
17782,0.5535,lsc_tail_cusum
17783,0.14915,lsc_tail_cusum
17784,0.1521,raw_cusum
17785,0.0198,lsc_tail_cusum
17786,0.2774,lsc_kalman_cusum
17787,0.2774,lsc_kalman_cusum
17788,0.481,lsc_composite
17789,0.1521,raw_cusum
17790,0.481,lsc_composite
17791,0.14915,lsc_tail_cusum
17792,0.10165,lsc_composite
17793,0.1521,raw_cusum
17794,0.2774,lsc_kalman_cusum
17795,0.481,lsc_composite
17796,0.2774,lsc_kalman_cusum
17797,0.1521,raw_cusum
17798,0.5535,lsc_tail_cusum
17799,0.10165,lsc_composite
17800,0.02015,lsc_kalman_cusum
17801,1.0,lsc_composite
17802,0.481,lsc_composite
17803,0.1492,raw_var_cusum
17804,0.1521,raw_cusum
17805,0.2774,lsc_kalman_cusum
17806,0.10165,lsc_composite
17807,0.02015,lsc_kalman_cusum
17808,0.481,lsc_composite
17809,0.5535,lsc_tail_cusum
17810,1.0,lsc_composite
17811,0.2774,lsc_kalman_cusum
17812,0.14915,lsc_tail_cusum
17813,0.14915,lsc_tail_cusum
17814,0.14915,lsc_tail_cusum
17815,0.2774,lsc_kalman_cusum
17816,0.5535,lsc_tail_cusum
17817,0.02015,lsc_kalman_cusum
17818,0.1521,raw_cusum
17819,1.0,lsc_composite
17820,0.00925,lsc_composite
17821,0.0198,lsc_tail_cusum
17822,0.2774,lsc_kalman_cusum
17823,0.481,lsc_composite
17824,0.10165,lsc_composite
17825,0.481,lsc_composite
17826,0.5535,lsc_tail_cusum
17827,0.5535,lsc_tail_cusum
17828,0.481,lsc_composite
17829,0.5535,lsc_tail_cusum
17830,0.2774,lsc_kalman_cusum
17831,1.0,lsc_composite
17832,0.10165,lsc_composite
17833,0.14915,lsc_tail_cusum
17834,0.1492,raw_var_cusum
17835,0.5619,raw_var_cusum
17836,0.0198,lsc_tail_cusum
17837,0.2774,lsc_kalman_cusum
17838,0.2774,lsc_kalman_cusum
17839,0.2774,lsc_kalman_cusum
17840,0.2774,lsc_kalman_cusum
17841,1.0,lsc_composite
17842,0.1521,raw_cusum
17843,0.5535,lsc_tail_cusum
17844,0.1521,raw_cusum
17845,0.10165,lsc_composite
17846,0.481,lsc_composite
17847,0.481,lsc_composite
17848,0.5535,lsc_tail_cusum
17849,0.10165,lsc_composite
17850,0.481,lsc_composite
17851,0.1521,raw_cusum
17852,0.1492,raw_var_cusum
17853,0.02015,lsc_kalman_cusum
17854,0.481,lsc_composite
17855,0.1492,raw_var_cusum
17856,0.1521,raw_cusum
17857,0.5619,raw_var_cusum
17858,0.5535,lsc_tail_cusum
17859,0.1492,raw_var_cusum
17860,0.1521,raw_cusum
17861,0.481,lsc_composite
17862,0.481,lsc_composite
17863,1.0,lsc_composite
17864,0.10165,lsc_composite
17865,0.481,lsc_composite
17866,0.5535,lsc_tail_cusum
17867,0.481,lsc_composite
17868,0.14915,lsc_tail_cusum
17869,0.2774,lsc_kalman_cusum
17870,0.1521,raw_cusum
17871,0.14915,lsc_tail_cusum
17872,0.2774,lsc_kalman_cusum
17873,0.5619,raw_var_cusum
17874,0.481,lsc_composite
17875,0.14915,lsc_tail_cusum
17876,0.481,lsc_composite
17877,0.5619,raw_var_cusum
17878,0.5619,raw_var_cusum
17879,0.1492,raw_var_cusum
17880,0.2774,lsc_kalman_cusum
17881,0.1521,raw_cusum
17882,0.14915,lsc_tail_cusum
17883,1.0,lsc_composite
17884,0.1521,raw_cusum
17885,0.5535,lsc_tail_cusum
17886,0.5619,raw_var_cusum
17887,0.14915,lsc_tail_cusum
17888,1.0,lsc_composite
17889,0.2774,lsc_kalman_cusum
17890,1.0,lsc_composite
17891,0.2774,lsc_kalman_cusum
17892,0.1521,raw_cusum
17893,0.2774,lsc_kalman_cusum
17894,0.5619,raw_var_cusum
17895,0.2774,lsc_kalman_cusum
17896,0.5619,raw_var_cusum
17897,0.1492,raw_var_cusum
17898,0.14915,lsc_tail_cusum
17899,0.02015,lsc_kalman_cusum
17900,0.5619,raw_var_cusum
17901,0.5535,lsc_tail_cusum
17902,0.14915,lsc_tail_cusum
17903,0.2774,lsc_kalman_cusum
17904,0.14915,lsc_tail_cusum
17905,0.5535,lsc_tail_cusum
17906,0.10165,lsc_composite
17907,0.10165,lsc_composite
17908,0.14915,lsc_tail_cusum
17909,1.0,lsc_composite
17910,0.0183,raw_var_cusum
17911,0.5535,lsc_tail_cusum
17912,0.481,lsc_composite
17913,0.2774,lsc_kalman_cusum
17914,0.481,lsc_composite
17915,0.481,lsc_composite
17916,0.10165,lsc_composite
17917,0.14915,lsc_tail_cusum
17918,0.14915,lsc_tail_cusum
17919,0.1521,raw_cusum
17920,0.481,lsc_composite
17921,0.1492,raw_var_cusum
17922,0.2774,lsc_kalman_cusum
17923,0.00925,lsc_composite
17924,0.2774,lsc_kalman_cusum
17925,1.0,lsc_composite
17926,0.481,lsc_composite
17927,0.14915,lsc_tail_cusum
17928,0.2774,lsc_kalman_cusum
17929,1.0,lsc_composite
17930,0.5535,lsc_tail_cusum
17931,0.14915,lsc_tail_cusum
17932,0.5535,lsc_tail_cusum
17933,0.481,lsc_composite
17934,0.5619,raw_var_cusum
17935,0.1492,raw_var_cusum
17936,0.14915,lsc_tail_cusum
17937,0.2774,lsc_kalman_cusum
17938,0.1521,raw_cusum
17939,1.0,lsc_composite
17940,0.481,lsc_composite
17941,0.481,lsc_composite
17942,0.2774,lsc_kalman_cusum
17943,0.1521,raw_cusum
17944,0.2774,lsc_kalman_cusum
17945,0.2774,lsc_kalman_cusum
17946,0.2774,lsc_kalman_cusum
17947,0.481,lsc_composite
17948,0.2774,lsc_kalman_cusum
17949,0.5619,raw_var_cusum
17950,1.0,lsc_composite
17951,0.481,lsc_composite
17952,0.2774,lsc_kalman_cusum
17953,0.5619,raw_var_cusum
17954,0.2774,lsc_kalman_cusum
17955,0.14915,lsc_tail_cusum
17956,0.14915,lsc_tail_cusum
17957,0.0198,lsc_tail_cusum
17958,0.481,lsc_composite
17959,0.5535,lsc_tail_cusum
17960,0.481,lsc_composite
17961,0.1521,raw_cusum
17962,0.1492,raw_var_cusum
17963,0.5535,lsc_tail_cusum
17964,0.481,lsc_composite
17965,0.5619,raw_var_cusum
17966,0.10165,lsc_composite
17967,0.481,lsc_composite
17968,0.10165,lsc_composite
17969,0.2774,lsc_kalman_cusum
17970,0.10165,lsc_composite
17971,0.14915,lsc_tail_cusum
17972,1.0,lsc_composite
17973,0.5535,lsc_tail_cusum
17974,0.2774,lsc_kalman_cusum
17975,0.481,lsc_composite
17976,0.14915,lsc_tail_cusum
17977,0.1492,raw_var_cusum
17978,0.1521,raw_cusum
17979,0.2774,lsc_kalman_cusum
17980,0.1521,raw_cusum
17981,1.0,lsc_composite
17982,0.1492,raw_var_cusum
17983,0.5619,raw_var_cusum
17984,0.1521,raw_cusum
17985,0.5535,lsc_tail_cusum
17986,0.10165,lsc_composite
17987,0.5619,raw_var_cusum
17988,0.2774,lsc_kalman_cusum
17989,0.14915,lsc_tail_cusum
17990,0.2774,lsc_kalman_cusum
17991,0.5535,lsc_tail_cusum
17992,0.1492,raw_var_cusum
17993,0.1492,raw_var_cusum
17994,0.2774,lsc_kalman_cusum
17995,0.1521,raw_cusum
17996,0.2774,lsc_kalman_cusum
17997,1.0,lsc_composite
17998,0.14915,lsc_tail_cusum
17999,0.14915,lsc_tail_cusum
18000,1.0,lsc_composite
18001,0.10165,lsc_composite
18002,0.1492,raw_var_cusum
18003,0.14915,lsc_tail_cusum
18004,0.10165,lsc_composite
18005,0.481,lsc_composite
18006,0.1492,raw_var_cusum
18007,0.5619,raw_var_cusum
18008,0.481,lsc_composite
18009,0.2774,lsc_kalman_cusum
18010,0.2774,lsc_kalman_cusum
18011,0.5619,raw_var_cusum
18012,0.1492,raw_var_cusum
18013,0.5535,lsc_tail_cusum
18014,0.2774,lsc_kalman_cusum
18015,0.5535,lsc_tail_cusum
18016,0.2774,lsc_kalman_cusum
18017,0.2774,lsc_kalman_cusum
18018,0.1521,raw_cusum
18019,0.14915,lsc_tail_cusum
18020,0.1492,raw_var_cusum
18021,0.0198,lsc_tail_cusum
18022,0.1492,raw_var_cusum
18023,0.1492,raw_var_cusum
18024,0.2774,lsc_kalman_cusum
18025,0.0183,raw_var_cusum
18026,0.5619,raw_var_cusum
18027,0.2774,lsc_kalman_cusum
18028,0.5535,lsc_tail_cusum
18029,0.5535,lsc_tail_cusum
18030,0.2774,lsc_kalman_cusum
18031,0.1492,raw_var_cusum
18032,0.481,lsc_composite
18033,0.5535,lsc_tail_cusum
18034,0.481,lsc_composite
18035,0.14915,lsc_tail_cusum
18036,1.0,lsc_composite
18037,0.1492,raw_var_cusum
18038,0.14915,lsc_tail_cusum
18039,0.2774,lsc_kalman_cusum
18040,0.0183,raw_var_cusum
18041,0.14915,lsc_tail_cusum
18042,0.1492,raw_var_cusum
18043,0.5619,raw_var_cusum
18044,1.0,lsc_composite
18045,1.0,lsc_composite
18046,0.5535,lsc_tail_cusum
18047,0.1492,raw_var_cusum
18048,0.481,lsc_composite
18049,0.481,lsc_composite
18050,1.0,lsc_composite
18051,0.10165,lsc_composite
18052,0.5619,raw_var_cusum
18053,0.5619,raw_var_cusum
18054,0.2774,lsc_kalman_cusum
18055,0.5535,lsc_tail_cusum
18056,0.10165,lsc_composite
18057,0.14915,lsc_tail_cusum
18058,0.14915,lsc_tail_cusum
18059,0.0183,raw_var_cusum
18060,0.00925,lsc_composite
18061,0.5535,lsc_tail_cusum
18062,0.5535,lsc_tail_cusum
18063,0.481,lsc_composite
18064,0.1492,raw_var_cusum
18065,0.5535,lsc_tail_cusum
18066,0.481,lsc_composite
18067,0.5619,raw_var_cusum
18068,0.481,lsc_composite
18069,1.0,lsc_composite
18070,0.5535,lsc_tail_cusum
18071,1.0,lsc_composite
18072,0.5619,raw_var_cusum
18073,0.0198,lsc_tail_cusum
18074,0.481,lsc_composite
18075,0.1492,raw_var_cusum
18076,0.2774,lsc_kalman_cusum
18077,0.5535,lsc_tail_cusum
18078,0.5619,raw_var_cusum
18079,0.1521,raw_cusum
18080,0.2774,lsc_kalman_cusum
18081,1.0,lsc_composite
18082,0.10165,lsc_composite
18083,0.10165,lsc_composite
18084,0.14915,lsc_tail_cusum
18085,0.2774,lsc_kalman_cusum
18086,0.02015,lsc_kalman_cusum
18087,0.00925,lsc_composite
18088,0.5619,raw_var_cusum
18089,0.5535,lsc_tail_cusum
18090,0.1492,raw_var_cusum
18091,0.2774,lsc_kalman_cusum
18092,1.0,lsc_composite
18093,0.1492,raw_var_cusum
18094,0.5535,lsc_tail_cusum
18095,0.10165,lsc_composite
18096,0.5619,raw_var_cusum
18097,0.2774,lsc_kalman_cusum
18098,0.1521,raw_cusum
18099,0.2774,lsc_kalman_cusum
18100,0.14915,lsc_tail_cusum
18101,0.14915,lsc_tail_cusum
18102,0.0183,raw_var_cusum
18103,0.0183,raw_var_cusum
18104,0.1492,raw_var_cusum
18105,0.2774,lsc_kalman_cusum
18106,0.481,lsc_composite
18107,0.2774,lsc_kalman_cusum
18108,0.2774,lsc_kalman_cusum
18109,0.1492,raw_var_cusum
18110,0.2774,lsc_kalman_cusum
18111,0.1492,raw_var_cusum
18112,0.1521,raw_cusum
18113,0.14915,lsc_tail_cusum
18114,0.5619,raw_var_cusum
18115,0.10165,lsc_composite
18116,0.5535,lsc_tail_cusum
18117,0.1521,raw_cusum
18118,0.10165,lsc_composite
18119,0.1492,raw_var_cusum
18120,0.10165,lsc_composite
18121,0.5619,raw_var_cusum
18122,0.2774,lsc_kalman_cusum
18123,0.2774,lsc_kalman_cusum
18124,0.1492,raw_var_cusum
18125,0.481,lsc_composite
18126,0.2774,lsc_kalman_cusum
18127,0.2774,lsc_kalman_cusum
18128,0.1521,raw_cusum
18129,0.481,lsc_composite
18130,0.2774,lsc_kalman_cusum
18131,0.1492,raw_var_cusum
18132,0.481,lsc_composite
18133,0.14915,lsc_tail_cusum
18134,0.2774,lsc_kalman_cusum
18135,0.0198,lsc_tail_cusum
18136,0.2774,lsc_kalman_cusum
18137,0.1492,raw_var_cusum
18138,1.0,lsc_composite
18139,0.1521,raw_cusum
18140,0.1521,raw_cusum
18141,1.0,lsc_composite
18142,0.2774,lsc_kalman_cusum
18143,0.10165,lsc_composite
18144,0.5535,lsc_tail_cusum
18145,0.481,lsc_composite
18146,0.2774,lsc_kalman_cusum
18147,0.2774,lsc_kalman_cusum
18148,1.0,lsc_composite
18149,0.481,lsc_composite
18150,0.5619,raw_var_cusum
18151,0.1492,raw_var_cusum
18152,0.1492,raw_var_cusum
18153,0.481,lsc_composite
18154,0.481,lsc_composite
18155,0.0198,lsc_tail_cusum
18156,0.2774,lsc_kalman_cusum
18157,0.02015,lsc_kalman_cusum
18158,0.1521,raw_cusum
18159,0.1521,raw_cusum
18160,0.14915,lsc_tail_cusum
18161,0.2774,lsc_kalman_cusum
18162,0.14915,lsc_tail_cusum
18163,0.14915,lsc_tail_cusum
18164,0.5535,lsc_tail_cusum
18165,0.5535,lsc_tail_cusum
18166,0.481,lsc_composite
18167,0.14915,lsc_tail_cusum
18168,0.2774,lsc_kalman_cusum
18169,0.1492,raw_var_cusum
18170,0.5535,lsc_tail_cusum
18171,0.5619,raw_var_cusum
18172,0.14915,lsc_tail_cusum
18173,0.10165,lsc_composite
18174,0.5619,raw_var_cusum
18175,0.10165,lsc_composite
18176,0.5535,lsc_tail_cusum
18177,0.1521,raw_cusum
18178,0.481,lsc_composite
18179,0.481,lsc_composite
18180,0.481,lsc_composite
18181,0.5535,lsc_tail_cusum
18182,1.0,lsc_composite
18183,0.10165,lsc_composite
18184,0.1521,raw_cusum
18185,0.2774,lsc_kalman_cusum
18186,0.481,lsc_composite
18187,0.2774,lsc_kalman_cusum
18188,0.2774,lsc_kalman_cusum
18189,0.1521,raw_cusum
18190,0.1492,raw_var_cusum
18191,0.481,lsc_composite
18192,0.0183,raw_var_cusum
18193,0.481,lsc_composite
18194,0.00925,lsc_composite
18195,0.1521,raw_cusum
18196,0.1492,raw_var_cusum
18197,0.1492,raw_var_cusum
18198,0.10165,lsc_composite
18199,0.481,lsc_composite
18200,0.5535,lsc_tail_cusum
18201,0.481,lsc_composite
18202,0.2774,lsc_kalman_cusum
18203,1.0,lsc_composite
18204,0.2774,lsc_kalman_cusum
18205,0.14915,lsc_tail_cusum
18206,0.14915,lsc_tail_cusum
18207,0.14915,lsc_tail_cusum
18208,0.1492,raw_var_cusum
18209,1.0,lsc_composite
18210,1.0,lsc_composite
18211,0.10165,lsc_composite
18212,0.14915,lsc_tail_cusum
18213,0.14915,lsc_tail_cusum
18214,0.481,lsc_composite
18215,0.5535,lsc_tail_cusum
18216,0.14915,lsc_tail_cusum
18217,0.1492,raw_var_cusum
18218,0.10165,lsc_composite
18219,0.00925,lsc_composite
18220,0.1521,raw_cusum
18221,0.2774,lsc_kalman_cusum
18222,0.10165,lsc_composite
18223,0.14915,lsc_tail_cusum
18224,0.5619,raw_var_cusum
18225,0.14915,lsc_tail_cusum
18226,0.14915,lsc_tail_cusum
18227,0.5619,raw_var_cusum
18228,0.1492,raw_var_cusum
18229,0.2774,lsc_kalman_cusum
18230,1.0,lsc_composite
18231,0.1521,raw_cusum
18232,0.14915,lsc_tail_cusum
18233,0.1492,raw_var_cusum
18234,0.2774,lsc_kalman_cusum
18235,0.5535,lsc_tail_cusum
18236,1.0,lsc_composite
18237,0.481,lsc_composite
18238,0.1492,raw_var_cusum
18239,0.1521,raw_cusum
18240,0.14915,lsc_tail_cusum
18241,0.5535,lsc_tail_cusum
18242,0.10165,lsc_composite
18243,0.5535,lsc_tail_cusum
18244,0.5535,lsc_tail_cusum
18245,0.5535,lsc_tail_cusum
18246,0.5619,raw_var_cusum
18247,0.1521,raw_cusum
18248,0.10165,lsc_composite
18249,0.10165,lsc_composite
18250,0.1521,raw_cusum
18251,0.02015,lsc_kalman_cusum
18252,0.1521,raw_cusum
18253,0.481,lsc_composite
18254,0.2774,lsc_kalman_cusum
18255,0.2774,lsc_kalman_cusum
18256,0.14915,lsc_tail_cusum
18257,0.1492,raw_var_cusum
18258,0.481,lsc_composite
18259,0.5535,lsc_tail_cusum
18260,0.10165,lsc_composite
18261,0.1492,raw_var_cusum
18262,0.1492,raw_var_cusum
18263,0.5535,lsc_tail_cusum
18264,0.10165,lsc_composite
18265,0.5619,raw_var_cusum
18266,0.5535,lsc_tail_cusum
18267,0.10165,lsc_composite
18268,0.2774,lsc_kalman_cusum
18269,0.481,lsc_composite
18270,0.1521,raw_cusum
18271,0.1492,raw_var_cusum
18272,0.1492,raw_var_cusum
18273,0.5535,lsc_tail_cusum
18274,0.1521,raw_cusum
18275,0.10165,lsc_composite
18276,0.10165,lsc_composite
18277,0.2774,lsc_kalman_cusum
18278,0.10165,lsc_composite
18279,0.5535,lsc_tail_cusum
18280,0.14915,lsc_tail_cusum
18281,0.0198,lsc_tail_cusum
18282,0.481,lsc_composite
18283,0.14915,lsc_tail_cusum
18284,0.10165,lsc_composite
18285,0.481,lsc_composite
18286,0.1521,raw_cusum
18287,0.5535,lsc_tail_cusum
18288,0.481,lsc_composite
18289,0.02015,lsc_kalman_cusum
18290,0.10165,lsc_composite
18291,0.1492,raw_var_cusum
18292,0.0198,lsc_tail_cusum
18293,0.2774,lsc_kalman_cusum
18294,0.0198,lsc_tail_cusum
18295,0.481,lsc_composite
18296,0.0183,raw_var_cusum
18297,0.1521,raw_cusum
18298,0.14915,lsc_tail_cusum
18299,0.481,lsc_composite
18300,1.0,lsc_composite
18301,0.481,lsc_composite
18302,0.5619,raw_var_cusum
18303,1.0,lsc_composite
18304,0.481,lsc_composite
18305,0.10165,lsc_composite
18306,0.5535,lsc_tail_cusum
18307,0.2774,lsc_kalman_cusum
18308,0.481,lsc_composite
18309,0.10165,lsc_composite
18310,0.2774,lsc_kalman_cusum
18311,0.481,lsc_composite
18312,0.1492,raw_var_cusum
18313,0.2774,lsc_kalman_cusum
18314,0.481,lsc_composite
18315,0.5535,lsc_tail_cusum
18316,0.10165,lsc_composite
18317,0.14915,lsc_tail_cusum
18318,0.1492,raw_var_cusum
18319,0.2774,lsc_kalman_cusum
18320,0.1492,raw_var_cusum
18321,0.2774,lsc_kalman_cusum
18322,0.5535,lsc_tail_cusum
18323,0.14915,lsc_tail_cusum
18324,0.10165,lsc_composite
18325,0.2774,lsc_kalman_cusum
18326,0.5535,lsc_tail_cusum
18327,1.0,lsc_composite
18328,0.5535,lsc_tail_cusum
18329,0.5619,raw_var_cusum
18330,1.0,lsc_composite
18331,0.14915,lsc_tail_cusum
18332,0.5535,lsc_tail_cusum
18333,0.14915,lsc_tail_cusum
18334,0.1521,raw_cusum
18335,0.00925,lsc_composite
18336,0.481,lsc_composite
18337,1.0,lsc_composite
18338,0.0198,lsc_tail_cusum
18339,0.481,lsc_composite
18340,0.0012,raw_var_cusum
18341,0.14915,lsc_tail_cusum
18342,1.0,lsc_composite
18343,0.14915,lsc_tail_cusum
18344,0.02015,lsc_kalman_cusum
18345,0.1492,raw_var_cusum
18346,0.02015,lsc_kalman_cusum
18347,0.1492,raw_var_cusum
18348,0.481,lsc_composite
18349,0.14915,lsc_tail_cusum
18350,0.1492,raw_var_cusum
18351,0.0198,lsc_tail_cusum
18352,0.1521,raw_cusum
18353,0.14915,lsc_tail_cusum
18354,0.2774,lsc_kalman_cusum
18355,0.2774,lsc_kalman_cusum
18356,0.0198,lsc_tail_cusum
18357,0.2774,lsc_kalman_cusum
18358,0.02015,lsc_kalman_cusum
18359,0.10165,lsc_composite
18360,0.5535,lsc_tail_cusum
18361,0.481,lsc_composite
18362,0.0183,raw_var_cusum
18363,0.1521,raw_cusum
18364,0.14915,lsc_tail_cusum
18365,0.481,lsc_composite
18366,0.02015,lsc_kalman_cusum
18367,0.2774,lsc_kalman_cusum
18368,0.2774,lsc_kalman_cusum
18369,0.5619,raw_var_cusum
18370,0.1492,raw_var_cusum
18371,0.2774,lsc_kalman_cusum
18372,0.2774,lsc_kalman_cusum
18373,0.481,lsc_composite
18374,0.5535,lsc_tail_cusum
18375,0.481,lsc_composite
18376,0.2774,lsc_kalman_cusum
18377,0.481,lsc_composite
18378,0.5619,raw_var_cusum
18379,0.5535,lsc_tail_cusum
18380,0.10165,lsc_composite
18381,0.5619,raw_var_cusum
18382,0.10165,lsc_composite
18383,0.10165,lsc_composite
18384,0.481,lsc_composite
18385,0.14915,lsc_tail_cusum
18386,0.5619,raw_var_cusum
18387,0.481,lsc_composite
18388,0.10165,lsc_composite
18389,0.10165,lsc_composite
18390,0.14915,lsc_tail_cusum
18391,0.5535,lsc_tail_cusum
18392,0.1521,raw_cusum
18393,0.1492,raw_var_cusum
18394,1.0,lsc_composite
18395,0.02015,lsc_kalman_cusum
18396,0.1521,raw_cusum
18397,0.14915,lsc_tail_cusum
18398,0.1521,raw_cusum
18399,0.481,lsc_composite
18400,0.1521,raw_cusum
18401,0.02015,lsc_kalman_cusum
18402,0.2774,lsc_kalman_cusum
18403,0.481,lsc_composite
18404,0.5619,raw_var_cusum
18405,0.2774,lsc_kalman_cusum
18406,0.2774,lsc_kalman_cusum
18407,0.5535,lsc_tail_cusum
18408,0.1492,raw_var_cusum
18409,0.2774,lsc_kalman_cusum
18410,0.5535,lsc_tail_cusum
18411,0.1492,raw_var_cusum
18412,0.14915,lsc_tail_cusum
18413,0.5535,lsc_tail_cusum
18414,0.2774,lsc_kalman_cusum
18415,0.10165,lsc_composite
18416,0.481,lsc_composite
18417,0.481,lsc_composite
18418,0.14915,lsc_tail_cusum
18419,0.2774,lsc_kalman_cusum
18420,0.481,lsc_composite
18421,0.5535,lsc_tail_cusum
18422,0.14915,lsc_tail_cusum
18423,0.2774,lsc_kalman_cusum
18424,0.1492,raw_var_cusum
18425,0.481,lsc_composite
18426,0.2774,lsc_kalman_cusum
18427,0.10165,lsc_composite
18428,0.481,lsc_composite
18429,0.1492,raw_var_cusum
18430,0.481,lsc_composite
18431,0.481,lsc_composite
18432,1.0,lsc_composite
18433,0.14915,lsc_tail_cusum
18434,0.5535,lsc_tail_cusum
18435,0.10165,lsc_composite
18436,0.2774,lsc_kalman_cusum
18437,0.1521,raw_cusum
18438,0.481,lsc_composite
18439,0.1492,raw_var_cusum
18440,1.0,lsc_composite
18441,0.5535,lsc_tail_cusum
18442,0.481,lsc_composite
18443,0.1521,raw_cusum
18444,1.0,lsc_composite
18445,0.1492,raw_var_cusum
18446,0.14915,lsc_tail_cusum
18447,0.10165,lsc_composite
18448,0.5535,lsc_tail_cusum
18449,0.10165,lsc_composite
18450,0.10165,lsc_composite
18451,0.2774,lsc_kalman_cusum
18452,0.1492,raw_var_cusum
18453,0.2774,lsc_kalman_cusum
18454,0.2774,lsc_kalman_cusum
18455,0.481,lsc_composite
18456,0.481,lsc_composite
18457,0.481,lsc_composite
18458,0.481,lsc_composite
18459,0.5535,lsc_tail_cusum
18460,0.10165,lsc_composite
18461,0.5535,lsc_tail_cusum
18462,0.2774,lsc_kalman_cusum
18463,0.10165,lsc_composite
18464,0.0183,raw_var_cusum
18465,0.1521,raw_cusum
18466,0.481,lsc_composite
18467,0.2774,lsc_kalman_cusum
18468,0.10165,lsc_composite
18469,0.0183,raw_var_cusum
18470,0.5535,lsc_tail_cusum
18471,1.0,lsc_composite
18472,0.2774,lsc_kalman_cusum
18473,1.0,lsc_composite
18474,0.5619,raw_var_cusum
18475,0.2774,lsc_kalman_cusum
18476,1.0,lsc_composite
18477,0.0183,raw_var_cusum
18478,0.1492,raw_var_cusum
18479,1.0,lsc_composite
18480,0.14915,lsc_tail_cusum
18481,0.2774,lsc_kalman_cusum
18482,0.2774,lsc_kalman_cusum
18483,0.481,lsc_composite
18484,0.10165,lsc_composite
18485,0.2774,lsc_kalman_cusum
18486,0.1521,raw_cusum
18487,0.481,lsc_composite
18488,0.1521,raw_cusum
18489,0.2774,lsc_kalman_cusum
18490,0.5619,raw_var_cusum
18491,0.1521,raw_cusum
18492,0.14915,lsc_tail_cusum
18493,0.5619,raw_var_cusum
18494,0.481,lsc_composite
18495,0.0183,raw_var_cusum
18496,0.1492,raw_var_cusum
18497,0.481,lsc_composite
18498,0.14915,lsc_tail_cusum
18499,0.2774,lsc_kalman_cusum
18500,0.1521,raw_cusum
18501,0.2774,lsc_kalman_cusum
18502,0.5535,lsc_tail_cusum
18503,0.1492,raw_var_cusum
18504,0.10165,lsc_composite
18505,0.5619,raw_var_cusum
18506,0.2774,lsc_kalman_cusum
18507,0.5535,lsc_tail_cusum
18508,0.481,lsc_composite
18509,0.10165,lsc_composite
18510,0.1521,raw_cusum
18511,0.10165,lsc_composite
18512,1.0,lsc_composite
18513,0.1492,raw_var_cusum
18514,0.1492,raw_var_cusum
18515,0.14915,lsc_tail_cusum
18516,0.0198,lsc_tail_cusum
18517,1.0,lsc_composite
18518,0.1492,raw_var_cusum
18519,0.1521,raw_cusum
18520,0.5535,lsc_tail_cusum
18521,0.10165,lsc_composite
18522,0.1521,raw_cusum
18523,0.14915,lsc_tail_cusum
18524,0.5535,lsc_tail_cusum
18525,0.5535,lsc_tail_cusum
18526,0.1492,raw_var_cusum
18527,1.0,lsc_composite
18528,0.1521,raw_cusum
18529,0.1492,raw_var_cusum
18530,0.10165,lsc_composite
18531,0.14915,lsc_tail_cusum
18532,0.10165,lsc_composite
18533,0.481,lsc_composite
18534,0.2774,lsc_kalman_cusum
18535,0.2774,lsc_kalman_cusum
18536,0.5535,lsc_tail_cusum
18537,0.481,lsc_composite
18538,0.5619,raw_var_cusum
18539,0.481,lsc_composite
18540,0.5619,raw_var_cusum
18541,0.2774,lsc_kalman_cusum
18542,0.481,lsc_composite
18543,0.10165,lsc_composite
18544,0.481,lsc_composite
18545,1.0,lsc_composite
18546,0.1521,raw_cusum
18547,0.5535,lsc_tail_cusum
18548,0.02015,lsc_kalman_cusum
18549,0.2774,lsc_kalman_cusum
18550,0.2774,lsc_kalman_cusum
18551,0.0198,lsc_tail_cusum
18552,0.1492,raw_var_cusum
18553,0.2774,lsc_kalman_cusum
18554,0.14915,lsc_tail_cusum
18555,0.5619,raw_var_cusum
18556,0.481,lsc_composite
18557,0.1492,raw_var_cusum
18558,0.481,lsc_composite
18559,0.481,lsc_composite
18560,0.1521,raw_cusum
18561,0.1492,raw_var_cusum
18562,0.481,lsc_composite
18563,0.14915,lsc_tail_cusum
18564,0.481,lsc_composite
18565,0.10165,lsc_composite
18566,0.481,lsc_composite
18567,0.2774,lsc_kalman_cusum
18568,0.1521,raw_cusum
18569,0.2774,lsc_kalman_cusum
18570,0.1521,raw_cusum
18571,0.481,lsc_composite
18572,0.14915,lsc_tail_cusum
18573,0.5619,raw_var_cusum
18574,0.1521,raw_cusum
18575,0.14915,lsc_tail_cusum
18576,1.0,lsc_composite
18577,0.02015,lsc_kalman_cusum
18578,0.14915,lsc_tail_cusum
18579,0.14915,lsc_tail_cusum
18580,0.481,lsc_composite
18581,0.1521,raw_cusum
18582,0.481,lsc_composite
18583,0.14915,lsc_tail_cusum
18584,0.1521,raw_cusum
18585,0.00075,lsc_tail_cusum
18586,0.10165,lsc_composite
18587,0.1521,raw_cusum
18588,0.1521,raw_cusum
18589,0.0198,lsc_tail_cusum
18590,0.5619,raw_var_cusum
18591,0.481,lsc_composite
18592,1.0,lsc_composite
18593,0.5535,lsc_tail_cusum
18594,0.481,lsc_composite
18595,0.2774,lsc_kalman_cusum
18596,0.2774,lsc_kalman_cusum
18597,0.5535,lsc_tail_cusum
18598,0.0183,raw_var_cusum
18599,0.10165,lsc_composite
18600,0.1492,raw_var_cusum
18601,0.14915,lsc_tail_cusum
18602,0.14915,lsc_tail_cusum
18603,0.0183,raw_var_cusum
18604,0.0183,raw_var_cusum
18605,0.2774,lsc_kalman_cusum
18606,0.1521,raw_cusum
18607,0.2774,lsc_kalman_cusum
18608,0.481,lsc_composite
18609,0.2774,lsc_kalman_cusum
18610,0.2774,lsc_kalman_cusum
18611,0.5535,lsc_tail_cusum
18612,0.1521,raw_cusum
18613,1.0,lsc_composite
18614,0.10165,lsc_composite
18615,0.5535,lsc_tail_cusum
18616,0.5535,lsc_tail_cusum
18617,0.481,lsc_composite
18618,0.14915,lsc_tail_cusum
18619,1.0,lsc_composite
18620,0.1492,raw_var_cusum
18621,1.0,lsc_composite
18622,0.02015,lsc_kalman_cusum
18623,0.5535,lsc_tail_cusum
18624,0.5619,raw_var_cusum
18625,0.1492,raw_var_cusum
18626,1.0,lsc_composite
18627,0.481,lsc_composite
18628,0.481,lsc_composite
18629,1.0,lsc_composite
18630,0.0183,raw_var_cusum
18631,0.0183,raw_var_cusum
18632,0.2774,lsc_kalman_cusum
18633,0.1492,raw_var_cusum
18634,0.481,lsc_composite
18635,0.14915,lsc_tail_cusum
18636,0.1521,raw_cusum
18637,0.1492,raw_var_cusum
18638,0.481,lsc_composite
18639,0.2774,lsc_kalman_cusum
18640,0.1492,raw_var_cusum
18641,0.5535,lsc_tail_cusum
18642,0.481,lsc_composite
18643,0.02015,lsc_kalman_cusum
18644,0.481,lsc_composite
18645,0.0198,lsc_tail_cusum
18646,0.2774,lsc_kalman_cusum
18647,0.481,lsc_composite
18648,0.14915,lsc_tail_cusum
18649,0.14915,lsc_tail_cusum
18650,0.2774,lsc_kalman_cusum
18651,0.02015,lsc_kalman_cusum
18652,0.481,lsc_composite
18653,0.481,lsc_composite
18654,0.1492,raw_var_cusum
18655,0.481,lsc_composite
18656,0.2774,lsc_kalman_cusum
18657,0.2774,lsc_kalman_cusum
18658,0.2774,lsc_kalman_cusum
18659,0.02015,lsc_kalman_cusum
18660,0.5535,lsc_tail_cusum
18661,0.481,lsc_composite
18662,0.481,lsc_composite
18663,0.5619,raw_var_cusum
18664,0.10165,lsc_composite
18665,0.00075,lsc_tail_cusum
18666,0.14915,lsc_tail_cusum
18667,0.481,lsc_composite
18668,0.5535,lsc_tail_cusum
18669,1.0,lsc_composite
18670,0.481,lsc_composite
18671,0.2774,lsc_kalman_cusum
18672,0.2774,lsc_kalman_cusum
18673,1.0,lsc_composite
18674,0.481,lsc_composite
18675,0.5535,lsc_tail_cusum
18676,0.14915,lsc_tail_cusum
18677,0.481,lsc_composite
18678,0.14915,lsc_tail_cusum
18679,0.5619,raw_var_cusum
18680,0.10165,lsc_composite
18681,0.0198,lsc_tail_cusum
18682,1.0,lsc_composite
18683,0.2774,lsc_kalman_cusum
18684,0.1492,raw_var_cusum
18685,0.10165,lsc_composite
18686,0.2774,lsc_kalman_cusum
18687,0.1521,raw_cusum
18688,0.0012,raw_var_cusum
18689,0.10165,lsc_composite
18690,0.5535,lsc_tail_cusum
18691,0.5619,raw_var_cusum
18692,0.10165,lsc_composite
18693,0.14915,lsc_tail_cusum
18694,0.481,lsc_composite
18695,0.481,lsc_composite
18696,0.2774,lsc_kalman_cusum
18697,0.10165,lsc_composite
18698,0.1492,raw_var_cusum
18699,0.5535,lsc_tail_cusum
18700,0.1492,raw_var_cusum
18701,0.14915,lsc_tail_cusum
18702,0.1521,raw_cusum
18703,0.2774,lsc_kalman_cusum
18704,0.1521,raw_cusum
18705,0.1521,raw_cusum
18706,0.5619,raw_var_cusum
18707,0.5535,lsc_tail_cusum
18708,0.10165,lsc_composite
18709,1.0,lsc_composite
18710,0.14915,lsc_tail_cusum
18711,0.5535,lsc_tail_cusum
18712,0.14915,lsc_tail_cusum
18713,0.1492,raw_var_cusum
18714,0.10165,lsc_composite
18715,0.10165,lsc_composite
18716,0.481,lsc_composite
18717,0.5535,lsc_tail_cusum
18718,0.1492,raw_var_cusum
18719,0.5535,lsc_tail_cusum
18720,0.1521,raw_cusum
18721,0.2774,lsc_kalman_cusum
18722,0.2774,lsc_kalman_cusum
18723,0.1521,raw_cusum
18724,1.0,lsc_composite
18725,0.5535,lsc_tail_cusum
18726,0.0198,lsc_tail_cusum
18727,0.14915,lsc_tail_cusum
18728,0.10165,lsc_composite
18729,0.1492,raw_var_cusum
18730,0.481,lsc_composite
18731,0.2774,lsc_kalman_cusum
18732,1.0,lsc_composite
18733,0.481,lsc_composite
18734,0.1492,raw_var_cusum
18735,0.481,lsc_composite
18736,0.1492,raw_var_cusum
18737,0.14915,lsc_tail_cusum
18738,0.2774,lsc_kalman_cusum
18739,0.14915,lsc_tail_cusum
18740,0.5535,lsc_tail_cusum
18741,0.1521,raw_cusum
18742,0.1521,raw_cusum
18743,0.5619,raw_var_cusum
18744,0.02015,lsc_kalman_cusum
18745,0.10165,lsc_composite
18746,0.481,lsc_composite
18747,0.2774,lsc_kalman_cusum
18748,0.14915,lsc_tail_cusum
18749,0.14915,lsc_tail_cusum
18750,0.1492,raw_var_cusum
18751,0.14915,lsc_tail_cusum
18752,0.1521,raw_cusum
18753,0.481,lsc_composite
18754,0.481,lsc_composite
18755,0.5619,raw_var_cusum
18756,0.1492,raw_var_cusum
18757,0.1521,raw_cusum
18758,0.10165,lsc_composite
18759,0.2774,lsc_kalman_cusum
18760,1.0,lsc_composite
18761,0.5619,raw_var_cusum
18762,0.2774,lsc_kalman_cusum
18763,0.2774,lsc_kalman_cusum
18764,0.0198,lsc_tail_cusum
18765,0.2774,lsc_kalman_cusum
18766,0.14915,lsc_tail_cusum
18767,1.0,lsc_composite
18768,0.0198,lsc_tail_cusum
18769,0.14915,lsc_tail_cusum
18770,0.10165,lsc_composite
18771,0.2774,lsc_kalman_cusum
18772,0.14915,lsc_tail_cusum
18773,0.1521,raw_cusum
18774,0.2774,lsc_kalman_cusum
18775,0.481,lsc_composite
18776,0.481,lsc_composite
18777,0.10165,lsc_composite
18778,0.5535,lsc_tail_cusum
18779,0.1492,raw_var_cusum
18780,0.481,lsc_composite
18781,0.14915,lsc_tail_cusum
18782,0.481,lsc_composite
18783,0.10165,lsc_composite
18784,0.10165,lsc_composite
18785,0.481,lsc_composite
18786,0.2774,lsc_kalman_cusum
18787,0.1521,raw_cusum
18788,0.481,lsc_composite
18789,0.1492,raw_var_cusum
18790,0.14915,lsc_tail_cusum
18791,0.1492,raw_var_cusum
18792,0.0183,raw_var_cusum
18793,0.2774,lsc_kalman_cusum
18794,0.02015,lsc_kalman_cusum
18795,0.481,lsc_composite
18796,0.1521,raw_cusum
18797,0.481,lsc_composite
18798,0.1521,raw_cusum
18799,1.0,lsc_composite
18800,0.14915,lsc_tail_cusum
18801,0.1521,raw_cusum
18802,1.0,lsc_composite
18803,0.10165,lsc_composite
18804,0.02015,lsc_kalman_cusum
18805,0.1492,raw_var_cusum
18806,0.1492,raw_var_cusum
18807,0.1492,raw_var_cusum
18808,0.481,lsc_composite
18809,0.14915,lsc_tail_cusum
18810,0.481,lsc_composite
18811,0.2774,lsc_kalman_cusum
18812,0.1492,raw_var_cusum
18813,0.14915,lsc_tail_cusum
18814,0.5535,lsc_tail_cusum
18815,0.1521,raw_cusum
18816,0.481,lsc_composite
18817,0.2774,lsc_kalman_cusum
18818,0.5535,lsc_tail_cusum
18819,0.481,lsc_composite
18820,0.10165,lsc_composite
18821,0.14915,lsc_tail_cusum
18822,0.1492,raw_var_cusum
18823,0.2774,lsc_kalman_cusum
18824,0.2774,lsc_kalman_cusum
18825,0.02015,lsc_kalman_cusum
18826,1.0,lsc_composite
18827,0.481,lsc_composite
18828,0.5535,lsc_tail_cusum
18829,0.5619,raw_var_cusum
18830,0.1521,raw_cusum
18831,0.481,lsc_composite
18832,0.5535,lsc_tail_cusum
18833,0.10165,lsc_composite
18834,0.10165,lsc_composite
18835,0.5535,lsc_tail_cusum
18836,0.10165,lsc_composite
18837,0.10165,lsc_composite
18838,0.14915,lsc_tail_cusum
18839,0.0198,lsc_tail_cusum
18840,0.5535,lsc_tail_cusum
18841,0.5535,lsc_tail_cusum
18842,0.2774,lsc_kalman_cusum
18843,0.2774,lsc_kalman_cusum
18844,0.0198,lsc_tail_cusum
18845,0.481,lsc_composite
18846,0.2774,lsc_kalman_cusum
18847,0.481,lsc_composite
18848,0.14915,lsc_tail_cusum
18849,0.5535,lsc_tail_cusum
18850,1.0,lsc_composite
18851,0.5535,lsc_tail_cusum
18852,0.1521,raw_cusum
18853,0.00925,lsc_composite
18854,0.14915,lsc_tail_cusum
18855,0.5535,lsc_tail_cusum
18856,0.10165,lsc_composite
18857,0.1492,raw_var_cusum
18858,0.481,lsc_composite
18859,0.14915,lsc_tail_cusum
18860,0.10165,lsc_composite
18861,0.1492,raw_var_cusum
18862,0.2774,lsc_kalman_cusum
18863,0.481,lsc_composite
18864,0.10165,lsc_composite
18865,0.481,lsc_composite
18866,0.1492,raw_var_cusum
18867,0.14915,lsc_tail_cusum
18868,0.14915,lsc_tail_cusum
18869,0.1492,raw_var_cusum
18870,0.1492,raw_var_cusum
18871,0.0183,raw_var_cusum
18872,0.1521,raw_cusum
18873,0.481,lsc_composite
18874,0.02015,lsc_kalman_cusum
18875,0.1492,raw_var_cusum
18876,0.5535,lsc_tail_cusum
18877,0.2774,lsc_kalman_cusum
18878,0.14915,lsc_tail_cusum
18879,1.0,lsc_composite
18880,0.1492,raw_var_cusum
18881,0.02015,lsc_kalman_cusum
18882,0.1521,raw_cusum
18883,0.5535,lsc_tail_cusum
18884,0.1521,raw_cusum
18885,0.481,lsc_composite
18886,0.1492,raw_var_cusum
18887,0.1492,raw_var_cusum
18888,0.0183,raw_var_cusum
18889,0.481,lsc_composite
18890,0.14915,lsc_tail_cusum
18891,0.2774,lsc_kalman_cusum
18892,0.1492,raw_var_cusum
18893,0.02015,lsc_kalman_cusum
18894,1.0,lsc_composite
18895,0.1492,raw_var_cusum
18896,0.2774,lsc_kalman_cusum
18897,0.481,lsc_composite
18898,0.1521,raw_cusum
18899,0.1521,raw_cusum
18900,1.0,lsc_composite
18901,0.481,lsc_composite
18902,0.1492,raw_var_cusum
18903,0.481,lsc_composite
18904,0.0198,lsc_tail_cusum
18905,0.1492,raw_var_cusum
18906,0.2774,lsc_kalman_cusum
18907,0.2774,lsc_kalman_cusum
18908,0.1492,raw_var_cusum
18909,0.10165,lsc_composite
18910,0.5535,lsc_tail_cusum
18911,0.1492,raw_var_cusum
18912,0.481,lsc_composite
18913,0.1521,raw_cusum
18914,0.10165,lsc_composite
18915,0.2774,lsc_kalman_cusum
18916,0.5535,lsc_tail_cusum
18917,0.14915,lsc_tail_cusum
18918,0.5535,lsc_tail_cusum
18919,0.2774,lsc_kalman_cusum
18920,1.0,lsc_composite
18921,0.1521,raw_cusum
18922,0.10165,lsc_composite
18923,0.481,lsc_composite
18924,0.5619,raw_var_cusum
18925,0.14915,lsc_tail_cusum
18926,0.1521,raw_cusum
18927,0.14915,lsc_tail_cusum
18928,0.14915,lsc_tail_cusum
18929,0.2774,lsc_kalman_cusum
18930,0.2774,lsc_kalman_cusum
18931,0.2774,lsc_kalman_cusum
18932,0.10165,lsc_composite
18933,0.481,lsc_composite
18934,0.10165,lsc_composite
18935,0.481,lsc_composite
18936,0.1521,raw_cusum
18937,0.0198,lsc_tail_cusum
18938,0.14915,lsc_tail_cusum
18939,0.02015,lsc_kalman_cusum
18940,1.0,lsc_composite
18941,0.1521,raw_cusum
18942,0.0198,lsc_tail_cusum
18943,0.0183,raw_var_cusum
18944,0.481,lsc_composite
18945,0.481,lsc_composite
18946,0.2774,lsc_kalman_cusum
18947,0.10165,lsc_composite
18948,0.1492,raw_var_cusum
18949,0.2774,lsc_kalman_cusum
18950,0.1521,raw_cusum
18951,0.5535,lsc_tail_cusum
18952,0.5535,lsc_tail_cusum
18953,0.481,lsc_composite
18954,0.2774,lsc_kalman_cusum
18955,0.10165,lsc_composite
18956,0.14915,lsc_tail_cusum
18957,0.02015,lsc_kalman_cusum
18958,0.1521,raw_cusum
18959,0.10165,lsc_composite
18960,0.2774,lsc_kalman_cusum
18961,0.2774,lsc_kalman_cusum
18962,0.2774,lsc_kalman_cusum
18963,0.2774,lsc_kalman_cusum
18964,0.1492,raw_var_cusum
18965,0.10165,lsc_composite
18966,0.02015,lsc_kalman_cusum
18967,0.14915,lsc_tail_cusum
18968,1.0,lsc_composite
18969,0.2774,lsc_kalman_cusum
18970,0.5619,raw_var_cusum
18971,0.481,lsc_composite
18972,0.14915,lsc_tail_cusum
18973,0.1521,raw_cusum
18974,0.1521,raw_cusum
18975,0.1521,raw_cusum
18976,0.2774,lsc_kalman_cusum
18977,0.5619,raw_var_cusum
18978,0.5619,raw_var_cusum
18979,0.1521,raw_cusum
18980,0.14915,lsc_tail_cusum
18981,0.481,lsc_composite
18982,0.1521,raw_cusum
18983,0.14915,lsc_tail_cusum
18984,0.10165,lsc_composite
18985,0.5535,lsc_tail_cusum
18986,0.00925,lsc_composite
18987,0.5535,lsc_tail_cusum
18988,0.481,lsc_composite
18989,0.5535,lsc_tail_cusum
18990,0.14915,lsc_tail_cusum
18991,0.10165,lsc_composite
18992,0.2774,lsc_kalman_cusum
18993,0.2774,lsc_kalman_cusum
18994,0.1492,raw_var_cusum
18995,0.10165,lsc_composite
18996,0.1521,raw_cusum
18997,0.14915,lsc_tail_cusum
18998,0.14915,lsc_tail_cusum
18999,0.0183,raw_var_cusum
19000,0.2774,lsc_kalman_cusum
19001,0.2774,lsc_kalman_cusum
19002,0.14915,lsc_tail_cusum
19003,0.14915,lsc_tail_cusum
19004,0.10165,lsc_composite
19005,0.2774,lsc_kalman_cusum
19006,0.10165,lsc_composite
19007,0.14915,lsc_tail_cusum
19008,0.5619,raw_var_cusum
19009,0.1492,raw_var_cusum
19010,0.481,lsc_composite
19011,0.5535,lsc_tail_cusum
19012,0.5619,raw_var_cusum
19013,0.1521,raw_cusum
19014,0.5535,lsc_tail_cusum
19015,0.5535,lsc_tail_cusum
19016,1.0,lsc_composite
19017,0.10165,lsc_composite
19018,0.14915,lsc_tail_cusum
19019,0.2774,lsc_kalman_cusum
19020,0.10165,lsc_composite
19021,0.2774,lsc_kalman_cusum
19022,0.14915,lsc_tail_cusum
19023,0.5535,lsc_tail_cusum
19024,0.1521,raw_cusum
19025,0.1521,raw_cusum
19026,0.1492,raw_var_cusum
19027,0.481,lsc_composite
19028,0.10165,lsc_composite
19029,0.1521,raw_cusum
19030,0.2774,lsc_kalman_cusum
19031,0.14915,lsc_tail_cusum
19032,0.5535,lsc_tail_cusum
19033,0.481,lsc_composite
19034,0.1492,raw_var_cusum
19035,0.2774,lsc_kalman_cusum
19036,0.10165,lsc_composite
19037,0.14915,lsc_tail_cusum
19038,0.1492,raw_var_cusum
19039,1.0,lsc_composite
19040,0.1521,raw_cusum
19041,0.5535,lsc_tail_cusum
19042,1.0,lsc_composite
19043,0.2774,lsc_kalman_cusum
19044,0.10165,lsc_composite
19045,0.481,lsc_composite
19046,0.2774,lsc_kalman_cusum
19047,1.0,lsc_composite
19048,0.14915,lsc_tail_cusum
19049,0.5619,raw_var_cusum
19050,0.481,lsc_composite
19051,0.14915,lsc_tail_cusum
19052,0.1521,raw_cusum
19053,0.481,lsc_composite
19054,0.5619,raw_var_cusum
19055,0.5535,lsc_tail_cusum
19056,0.5619,raw_var_cusum
19057,0.481,lsc_composite
19058,0.2774,lsc_kalman_cusum
19059,0.14915,lsc_tail_cusum
19060,0.2774,lsc_kalman_cusum
19061,0.5535,lsc_tail_cusum
19062,0.1521,raw_cusum
19063,0.5535,lsc_tail_cusum
19064,0.5619,raw_var_cusum
19065,0.5535,lsc_tail_cusum
19066,0.5619,raw_var_cusum
19067,0.2774,lsc_kalman_cusum
19068,0.10165,lsc_composite
19069,1.0,lsc_composite
19070,0.14915,lsc_tail_cusum
19071,0.10165,lsc_composite
19072,0.2774,lsc_kalman_cusum
19073,0.1492,raw_var_cusum
19074,0.5619,raw_var_cusum
19075,0.1521,raw_cusum
19076,0.14915,lsc_tail_cusum
19077,0.481,lsc_composite
19078,0.2774,lsc_kalman_cusum
19079,1.0,lsc_composite
19080,0.481,lsc_composite
19081,0.2774,lsc_kalman_cusum
19082,0.1492,raw_var_cusum
19083,0.14915,lsc_tail_cusum
19084,0.2774,lsc_kalman_cusum
19085,0.2774,lsc_kalman_cusum
19086,1.0,lsc_composite
19087,0.14915,lsc_tail_cusum
19088,0.481,lsc_composite
19089,0.1492,raw_var_cusum
19090,0.0198,lsc_tail_cusum
19091,0.481,lsc_composite
19092,1.0,lsc_composite
19093,0.5619,raw_var_cusum
19094,0.481,lsc_composite
19095,0.14915,lsc_tail_cusum
19096,0.10165,lsc_composite
19097,0.14915,lsc_tail_cusum
19098,0.1521,raw_cusum
19099,0.481,lsc_composite
19100,0.1521,raw_cusum
19101,0.2774,lsc_kalman_cusum
19102,0.481,lsc_composite
19103,0.14915,lsc_tail_cusum
19104,0.2774,lsc_kalman_cusum
19105,0.1521,raw_cusum
19106,0.481,lsc_composite
19107,0.2774,lsc_kalman_cusum
19108,0.1521,raw_cusum
19109,0.2774,lsc_kalman_cusum
19110,0.5535,lsc_tail_cusum
19111,0.1492,raw_var_cusum
19112,0.10165,lsc_composite
19113,0.1492,raw_var_cusum
19114,0.5535,lsc_tail_cusum
19115,0.2774,lsc_kalman_cusum
19116,0.10165,lsc_composite
19117,0.1492,raw_var_cusum
19118,0.2774,lsc_kalman_cusum
19119,0.1521,raw_cusum
19120,0.1521,raw_cusum
19121,0.2774,lsc_kalman_cusum
19122,1.0,lsc_composite
19123,0.481,lsc_composite
19124,0.10165,lsc_composite
19125,0.1492,raw_var_cusum
19126,0.2774,lsc_kalman_cusum
19127,0.2774,lsc_kalman_cusum
19128,0.1492,raw_var_cusum
19129,0.10165,lsc_composite
19130,0.1492,raw_var_cusum
19131,0.00925,lsc_composite
19132,0.481,lsc_composite
19133,0.14915,lsc_tail_cusum
19134,0.10165,lsc_composite
19135,0.1492,raw_var_cusum
19136,0.5619,raw_var_cusum
19137,0.5535,lsc_tail_cusum
19138,0.2774,lsc_kalman_cusum
19139,0.5535,lsc_tail_cusum
19140,0.2774,lsc_kalman_cusum
19141,0.2774,lsc_kalman_cusum
19142,0.481,lsc_composite
19143,0.481,lsc_composite
19144,0.481,lsc_composite
19145,0.10165,lsc_composite
19146,0.2774,lsc_kalman_cusum
19147,0.481,lsc_composite
19148,0.481,lsc_composite
19149,0.2774,lsc_kalman_cusum
19150,1.0,lsc_composite
19151,0.10165,lsc_composite
19152,0.10165,lsc_composite
19153,0.2774,lsc_kalman_cusum
19154,0.5619,raw_var_cusum
19155,1.0,lsc_composite
19156,0.10165,lsc_composite
19157,0.5619,raw_var_cusum
19158,0.14915,lsc_tail_cusum
19159,0.1521,raw_cusum
19160,0.2774,lsc_kalman_cusum
19161,0.1521,raw_cusum
19162,1.0,lsc_composite
19163,0.14915,lsc_tail_cusum
19164,0.14915,lsc_tail_cusum
19165,0.2774,lsc_kalman_cusum
19166,0.1521,raw_cusum
19167,0.14915,lsc_tail_cusum
19168,0.1492,raw_var_cusum
19169,0.1492,raw_var_cusum
19170,0.1521,raw_cusum
19171,0.10165,lsc_composite
19172,0.2774,lsc_kalman_cusum
19173,0.1521,raw_cusum
19174,0.14915,lsc_tail_cusum
19175,0.2774,lsc_kalman_cusum
19176,0.5619,raw_var_cusum
19177,1.0,lsc_composite
19178,0.1521,raw_cusum
19179,1.0,lsc_composite
19180,0.481,lsc_composite
19181,0.2774,lsc_kalman_cusum
19182,0.481,lsc_composite
19183,0.481,lsc_composite
19184,0.481,lsc_composite
19185,0.5535,lsc_tail_cusum
19186,0.1521,raw_cusum
19187,1.0,lsc_composite
19188,0.2774,lsc_kalman_cusum
19189,0.481,lsc_composite
19190,0.5619,raw_var_cusum
19191,0.5619,raw_var_cusum
19192,0.1492,raw_var_cusum
19193,0.10165,lsc_composite
19194,0.14915,lsc_tail_cusum
19195,0.5535,lsc_tail_cusum
19196,0.14915,lsc_tail_cusum
19197,0.481,lsc_composite
19198,0.14915,lsc_tail_cusum
19199,0.02015,lsc_kalman_cusum
19200,0.1492,raw_var_cusum
19201,0.2774,lsc_kalman_cusum
19202,0.1521,raw_cusum
19203,0.5619,raw_var_cusum
19204,0.10165,lsc_composite
19205,1.0,lsc_composite
19206,1.0,lsc_composite
19207,1.0,lsc_composite
19208,0.1492,raw_var_cusum
19209,0.5535,lsc_tail_cusum
19210,0.481,lsc_composite
19211,0.1492,raw_var_cusum
19212,0.1521,raw_cusum
19213,0.1492,raw_var_cusum
19214,0.1492,raw_var_cusum
19215,1.0,lsc_composite
19216,0.2774,lsc_kalman_cusum
19217,0.14915,lsc_tail_cusum
19218,0.1492,raw_var_cusum
19219,0.0183,raw_var_cusum
19220,0.2774,lsc_kalman_cusum
19221,0.5619,raw_var_cusum
19222,0.14915,lsc_tail_cusum
19223,0.1492,raw_var_cusum
19224,0.5535,lsc_tail_cusum
19225,0.10165,lsc_composite
19226,0.481,lsc_composite
19227,0.481,lsc_composite
19228,0.481,lsc_composite
19229,0.481,lsc_composite
19230,0.5535,lsc_tail_cusum
19231,0.2774,lsc_kalman_cusum
19232,0.02015,lsc_kalman_cusum
19233,0.14915,lsc_tail_cusum
19234,0.5535,lsc_tail_cusum
19235,0.481,lsc_composite
19236,0.14915,lsc_tail_cusum
19237,0.481,lsc_composite
19238,0.0183,raw_var_cusum
19239,0.1492,raw_var_cusum
19240,0.5535,lsc_tail_cusum
19241,0.10165,lsc_composite
19242,0.1492,raw_var_cusum
19243,0.2774,lsc_kalman_cusum
19244,0.1521,raw_cusum
19245,0.5535,lsc_tail_cusum
19246,0.10165,lsc_composite
19247,0.00925,lsc_composite
19248,0.10165,lsc_composite
19249,0.481,lsc_composite
19250,0.1521,raw_cusum
19251,0.0183,raw_var_cusum
19252,0.2774,lsc_kalman_cusum
19253,0.1521,raw_cusum
19254,0.481,lsc_composite
19255,0.2774,lsc_kalman_cusum
19256,0.481,lsc_composite
19257,1.0,lsc_composite
19258,0.14915,lsc_tail_cusum
19259,0.10165,lsc_composite
19260,0.1521,raw_cusum
19261,0.5619,raw_var_cusum
19262,0.2774,lsc_kalman_cusum
19263,0.1492,raw_var_cusum
19264,0.10165,lsc_composite
19265,0.481,lsc_composite
19266,0.1492,raw_var_cusum
19267,0.10165,lsc_composite
19268,0.10165,lsc_composite
19269,0.14915,lsc_tail_cusum
19270,1.0,lsc_composite
19271,0.481,lsc_composite
19272,0.10165,lsc_composite
19273,0.1521,raw_cusum
19274,0.14915,lsc_tail_cusum
19275,0.5535,lsc_tail_cusum
19276,0.2774,lsc_kalman_cusum
19277,0.1521,raw_cusum
19278,0.5535,lsc_tail_cusum
19279,0.10165,lsc_composite
19280,0.1492,raw_var_cusum
19281,0.10165,lsc_composite
19282,0.1492,raw_var_cusum
19283,0.5535,lsc_tail_cusum
19284,0.5619,raw_var_cusum
19285,1.0,lsc_composite
19286,0.0198,lsc_tail_cusum
19287,0.1492,raw_var_cusum
19288,0.481,lsc_composite
19289,0.481,lsc_composite
19290,0.14915,lsc_tail_cusum
19291,0.14915,lsc_tail_cusum
19292,0.1492,raw_var_cusum
19293,0.5619,raw_var_cusum
19294,0.10165,lsc_composite
19295,0.2774,lsc_kalman_cusum
19296,0.481,lsc_composite
19297,0.1521,raw_cusum
19298,0.10165,lsc_composite
19299,0.481,lsc_composite
19300,0.1521,raw_cusum
19301,0.2774,lsc_kalman_cusum
19302,0.1492,raw_var_cusum
19303,0.1521,raw_cusum
19304,0.0183,raw_var_cusum
19305,0.2774,lsc_kalman_cusum
19306,0.02015,lsc_kalman_cusum
19307,0.481,lsc_composite
19308,0.1521,raw_cusum
19309,0.2774,lsc_kalman_cusum
19310,0.1492,raw_var_cusum
19311,0.481,lsc_composite
19312,0.14915,lsc_tail_cusum
19313,0.1492,raw_var_cusum
19314,0.10165,lsc_composite
19315,0.5619,raw_var_cusum
19316,0.02015,lsc_kalman_cusum
19317,0.1492,raw_var_cusum
19318,0.2774,lsc_kalman_cusum
19319,0.0198,lsc_tail_cusum
19320,0.481,lsc_composite
19321,0.5535,lsc_tail_cusum
19322,1.0,lsc_composite
19323,0.00925,lsc_composite
19324,0.10165,lsc_composite
19325,0.481,lsc_composite
19326,0.2774,lsc_kalman_cusum
19327,0.2774,lsc_kalman_cusum
19328,0.5619,raw_var_cusum
19329,0.1521,raw_cusum
19330,0.1492,raw_var_cusum
19331,0.14915,lsc_tail_cusum
19332,0.1492,raw_var_cusum
19333,0.5619,raw_var_cusum
19334,0.1492,raw_var_cusum
19335,0.1492,raw_var_cusum
19336,0.02015,lsc_kalman_cusum
19337,0.1492,raw_var_cusum
19338,1.0,lsc_composite
19339,0.5535,lsc_tail_cusum
19340,0.1521,raw_cusum
19341,1.0,lsc_composite
19342,0.1521,raw_cusum
19343,0.1521,raw_cusum
19344,0.2774,lsc_kalman_cusum
19345,1.0,lsc_composite
19346,0.1492,raw_var_cusum
19347,0.00925,lsc_composite
19348,0.481,lsc_composite
19349,0.481,lsc_composite
19350,0.1492,raw_var_cusum
19351,0.10165,lsc_composite
19352,0.10165,lsc_composite
19353,0.14915,lsc_tail_cusum
19354,0.1521,raw_cusum
19355,0.481,lsc_composite
19356,0.2774,lsc_kalman_cusum
19357,0.481,lsc_composite
19358,0.481,lsc_composite
19359,0.1492,raw_var_cusum
19360,0.481,lsc_composite
19361,0.5535,lsc_tail_cusum
19362,0.10165,lsc_composite
19363,0.10165,lsc_composite
19364,0.481,lsc_composite
19365,0.5535,lsc_tail_cusum
19366,0.1521,raw_cusum
19367,0.1492,raw_var_cusum
19368,1.0,lsc_composite
19369,0.481,lsc_composite
19370,0.14915,lsc_tail_cusum
19371,0.5619,raw_var_cusum
19372,0.481,lsc_composite
19373,1.0,lsc_composite
19374,0.02015,lsc_kalman_cusum
19375,0.481,lsc_composite
19376,0.2774,lsc_kalman_cusum
19377,0.2774,lsc_kalman_cusum
19378,0.10165,lsc_composite
19379,0.481,lsc_composite
19380,0.1521,raw_cusum
19381,0.2774,lsc_kalman_cusum
19382,0.481,lsc_composite
19383,0.2774,lsc_kalman_cusum
19384,0.1492,raw_var_cusum
19385,0.0198,lsc_tail_cusum
19386,0.5535,lsc_tail_cusum
19387,0.1492,raw_var_cusum
19388,0.10165,lsc_composite
19389,0.2774,lsc_kalman_cusum
19390,0.481,lsc_composite
19391,1.0,lsc_composite
19392,0.14915,lsc_tail_cusum
19393,0.1521,raw_cusum
19394,0.481,lsc_composite
19395,0.10165,lsc_composite
19396,0.1492,raw_var_cusum
19397,1.0,lsc_composite
19398,0.14915,lsc_tail_cusum
19399,0.2774,lsc_kalman_cusum
19400,0.2774,lsc_kalman_cusum
19401,0.1492,raw_var_cusum
19402,0.5619,raw_var_cusum
19403,0.5535,lsc_tail_cusum
19404,0.5535,lsc_tail_cusum
19405,0.2774,lsc_kalman_cusum
19406,0.5535,lsc_tail_cusum
19407,0.14915,lsc_tail_cusum
19408,0.2774,lsc_kalman_cusum
19409,1.0,lsc_composite
19410,0.2774,lsc_kalman_cusum
19411,0.481,lsc_composite
19412,0.1521,raw_cusum
19413,0.1521,raw_cusum
19414,0.14915,lsc_tail_cusum
19415,0.2774,lsc_kalman_cusum
19416,0.1492,raw_var_cusum
19417,0.2774,lsc_kalman_cusum
19418,0.5619,raw_var_cusum
19419,0.10165,lsc_composite
19420,0.1521,raw_cusum
19421,0.0183,raw_var_cusum
19422,0.2774,lsc_kalman_cusum
19423,0.1521,raw_cusum
19424,0.2774,lsc_kalman_cusum
19425,0.1492,raw_var_cusum
19426,1.0,lsc_composite
19427,0.14915,lsc_tail_cusum
19428,0.0198,lsc_tail_cusum
19429,0.481,lsc_composite
19430,0.5535,lsc_tail_cusum
19431,0.5535,lsc_tail_cusum
19432,0.2774,lsc_kalman_cusum
19433,0.14915,lsc_tail_cusum
19434,0.14915,lsc_tail_cusum
19435,0.5535,lsc_tail_cusum
19436,0.1521,raw_cusum
19437,0.5619,raw_var_cusum
19438,0.2774,lsc_kalman_cusum
19439,0.5535,lsc_tail_cusum
19440,0.5535,lsc_tail_cusum
19441,0.14915,lsc_tail_cusum
19442,0.14915,lsc_tail_cusum
19443,0.2774,lsc_kalman_cusum
19444,0.5619,raw_var_cusum
19445,0.481,lsc_composite
19446,0.5619,raw_var_cusum
19447,0.1492,raw_var_cusum
19448,0.1521,raw_cusum
19449,0.5535,lsc_tail_cusum
19450,0.2774,lsc_kalman_cusum
19451,0.10165,lsc_composite
19452,0.10165,lsc_composite
19453,0.5619,raw_var_cusum
19454,0.10165,lsc_composite
19455,0.14915,lsc_tail_cusum
19456,0.1521,raw_cusum
19457,0.5535,lsc_tail_cusum
19458,0.10165,lsc_composite
19459,0.5535,lsc_tail_cusum
19460,0.10165,lsc_composite
19461,0.10165,lsc_composite
19462,0.14915,lsc_tail_cusum
19463,0.5619,raw_var_cusum
19464,1.0,lsc_composite
19465,0.5535,lsc_tail_cusum
19466,0.10165,lsc_composite
19467,0.5535,lsc_tail_cusum
19468,0.481,lsc_composite
19469,0.5535,lsc_tail_cusum
19470,0.1521,raw_cusum
19471,0.481,lsc_composite
19472,0.1521,raw_cusum
19473,0.1492,raw_var_cusum
19474,0.1492,raw_var_cusum
19475,0.0183,raw_var_cusum
19476,0.0198,lsc_tail_cusum
19477,0.1521,raw_cusum
19478,0.14915,lsc_tail_cusum
19479,0.5535,lsc_tail_cusum
19480,0.2774,lsc_kalman_cusum
19481,0.1492,raw_var_cusum
19482,0.5619,raw_var_cusum
19483,0.02015,lsc_kalman_cusum
19484,1.0,lsc_composite
19485,0.1521,raw_cusum
19486,0.2774,lsc_kalman_cusum
19487,1.0,lsc_composite
19488,0.5619,raw_var_cusum
19489,0.14915,lsc_tail_cusum
19490,1.0,lsc_composite
19491,0.481,lsc_composite
19492,0.1521,raw_cusum
19493,0.5535,lsc_tail_cusum
19494,0.14915,lsc_tail_cusum
19495,0.5535,lsc_tail_cusum
19496,0.10165,lsc_composite
19497,0.14915,lsc_tail_cusum
19498,0.5535,lsc_tail_cusum
19499,0.481,lsc_composite
19500,0.2774,lsc_kalman_cusum
19501,0.14915,lsc_tail_cusum
19502,0.2774,lsc_kalman_cusum
19503,0.02015,lsc_kalman_cusum
19504,0.481,lsc_composite
19505,0.1492,raw_var_cusum
19506,0.2774,lsc_kalman_cusum
19507,0.0198,lsc_tail_cusum
19508,0.5535,lsc_tail_cusum
19509,0.2774,lsc_kalman_cusum
19510,0.5535,lsc_tail_cusum
19511,0.14915,lsc_tail_cusum
19512,0.1492,raw_var_cusum
19513,0.1521,raw_cusum
19514,0.481,lsc_composite
19515,0.14915,lsc_tail_cusum
19516,1.0,lsc_composite
19517,0.5535,lsc_tail_cusum
19518,0.481,lsc_composite
19519,0.481,lsc_composite
19520,0.2774,lsc_kalman_cusum
19521,0.10165,lsc_composite
19522,0.1521,raw_cusum
19523,0.481,lsc_composite
19524,0.1521,raw_cusum
19525,0.481,lsc_composite
19526,0.1521,raw_cusum
19527,0.2774,lsc_kalman_cusum
19528,0.1521,raw_cusum
19529,0.5535,lsc_tail_cusum
19530,0.5535,lsc_tail_cusum
19531,0.10165,lsc_composite
19532,0.1492,raw_var_cusum
19533,0.14915,lsc_tail_cusum
19534,0.1492,raw_var_cusum
19535,1.0,lsc_composite
19536,0.1521,raw_cusum
19537,0.481,lsc_composite
19538,0.10165,lsc_composite
19539,0.5535,lsc_tail_cusum
19540,0.0183,raw_var_cusum
19541,0.5535,lsc_tail_cusum
19542,0.1521,raw_cusum
19543,0.1492,raw_var_cusum
19544,0.10165,lsc_composite
19545,0.5535,lsc_tail_cusum
19546,0.481,lsc_composite
19547,0.10165,lsc_composite
19548,0.2774,lsc_kalman_cusum
19549,0.5535,lsc_tail_cusum
19550,0.481,lsc_composite
19551,0.2774,lsc_kalman_cusum
19552,0.10165,lsc_composite
19553,0.1521,raw_cusum
19554,0.00925,lsc_composite
19555,0.2774,lsc_kalman_cusum
19556,0.2774,lsc_kalman_cusum
19557,1.0,lsc_composite
19558,0.1521,raw_cusum
19559,0.0198,lsc_tail_cusum
19560,0.14915,lsc_tail_cusum
19561,0.5535,lsc_tail_cusum
19562,0.5619,raw_var_cusum
19563,0.1492,raw_var_cusum
19564,0.2774,lsc_kalman_cusum
19565,0.5535,lsc_tail_cusum
19566,0.2774,lsc_kalman_cusum
19567,0.02015,lsc_kalman_cusum
19568,0.5535,lsc_tail_cusum
19569,0.5535,lsc_tail_cusum
19570,0.10165,lsc_composite
19571,0.5619,raw_var_cusum
19572,0.5535,lsc_tail_cusum
19573,0.2774,lsc_kalman_cusum
19574,0.1492,raw_var_cusum
19575,0.481,lsc_composite
19576,0.2774,lsc_kalman_cusum
19577,0.14915,lsc_tail_cusum
19578,0.10165,lsc_composite
19579,0.5619,raw_var_cusum
19580,0.14915,lsc_tail_cusum
19581,0.2774,lsc_kalman_cusum
19582,1.0,lsc_composite
19583,0.14915,lsc_tail_cusum
19584,0.5535,lsc_tail_cusum
19585,1.0,lsc_composite
19586,0.1521,raw_cusum
19587,1.0,lsc_composite
19588,0.481,lsc_composite
19589,0.14915,lsc_tail_cusum
19590,0.481,lsc_composite
19591,0.5535,lsc_tail_cusum
19592,0.5535,lsc_tail_cusum
19593,0.481,lsc_composite
19594,1.0,lsc_composite
19595,0.0198,lsc_tail_cusum
19596,0.1492,raw_var_cusum
19597,0.481,lsc_composite
19598,0.5619,raw_var_cusum
19599,0.481,lsc_composite
19600,0.481,lsc_composite
19601,0.2774,lsc_kalman_cusum
19602,0.0183,raw_var_cusum
19603,0.5535,lsc_tail_cusum
19604,0.1492,raw_var_cusum
19605,0.481,lsc_composite
19606,0.0198,lsc_tail_cusum
19607,0.481,lsc_composite
19608,0.02015,lsc_kalman_cusum
19609,0.481,lsc_composite
19610,0.1521,raw_cusum
19611,0.5619,raw_var_cusum
19612,0.5619,raw_var_cusum
19613,0.0198,lsc_tail_cusum
19614,0.5619,raw_var_cusum
19615,0.481,lsc_composite
19616,0.1492,raw_var_cusum
19617,0.5619,raw_var_cusum
19618,0.5535,lsc_tail_cusum
19619,0.14915,lsc_tail_cusum
19620,0.1492,raw_var_cusum
19621,0.481,lsc_composite
19622,0.481,lsc_composite
19623,0.1492,raw_var_cusum
19624,0.481,lsc_composite
19625,0.5535,lsc_tail_cusum
19626,0.2774,lsc_kalman_cusum
19627,0.10165,lsc_composite
19628,0.02015,lsc_kalman_cusum
19629,0.2774,lsc_kalman_cusum
19630,0.481,lsc_composite
19631,0.14915,lsc_tail_cusum
19632,0.5619,raw_var_cusum
19633,0.5535,lsc_tail_cusum
19634,0.2774,lsc_kalman_cusum
19635,1.0,lsc_composite
19636,0.14915,lsc_tail_cusum
19637,1.0,lsc_composite
19638,0.481,lsc_composite
19639,0.14915,lsc_tail_cusum
19640,0.02015,lsc_kalman_cusum
19641,0.481,lsc_composite
19642,0.10165,lsc_composite
19643,0.1521,raw_cusum
19644,0.0198,lsc_tail_cusum
19645,0.0198,lsc_tail_cusum
19646,0.14915,lsc_tail_cusum
19647,0.1521,raw_cusum
19648,0.1521,raw_cusum
19649,0.1521,raw_cusum
19650,0.481,lsc_composite
19651,0.2774,lsc_kalman_cusum
19652,0.5619,raw_var_cusum
19653,0.1521,raw_cusum
19654,0.14915,lsc_tail_cusum
19655,0.10165,lsc_composite
19656,0.5535,lsc_tail_cusum
19657,0.2774,lsc_kalman_cusum
19658,0.5535,lsc_tail_cusum
19659,0.5535,lsc_tail_cusum
19660,0.14915,lsc_tail_cusum
19661,0.481,lsc_composite
19662,0.2774,lsc_kalman_cusum
19663,0.5535,lsc_tail_cusum
19664,1.0,lsc_composite
19665,0.14915,lsc_tail_cusum
19666,0.2774,lsc_kalman_cusum
19667,0.481,lsc_composite
19668,0.5535,lsc_tail_cusum
19669,1.0,lsc_composite
19670,0.1492,raw_var_cusum
19671,0.5535,lsc_tail_cusum
19672,0.5619,raw_var_cusum
19673,0.14915,lsc_tail_cusum
19674,0.14915,lsc_tail_cusum
19675,1.0,lsc_composite
19676,0.2774,lsc_kalman_cusum
19677,0.14915,lsc_tail_cusum
19678,0.481,lsc_composite
19679,0.1521,raw_cusum
19680,0.2774,lsc_kalman_cusum
19681,0.481,lsc_composite
19682,0.481,lsc_composite
19683,0.14915,lsc_tail_cusum
19684,0.0198,lsc_tail_cusum
19685,0.14915,lsc_tail_cusum
19686,0.02015,lsc_kalman_cusum
19687,0.10165,lsc_composite
19688,0.14915,lsc_tail_cusum
19689,0.5619,raw_var_cusum
19690,0.2774,lsc_kalman_cusum
19691,0.0183,raw_var_cusum
19692,0.02015,lsc_kalman_cusum
19693,0.5535,lsc_tail_cusum
19694,1.0,lsc_composite
19695,0.2774,lsc_kalman_cusum
19696,0.5535,lsc_tail_cusum
19697,0.481,lsc_composite
19698,0.10165,lsc_composite
19699,0.0198,lsc_tail_cusum
19700,0.5535,lsc_tail_cusum
19701,0.02015,lsc_kalman_cusum
19702,1.0,lsc_composite
19703,0.481,lsc_composite
19704,1.0,lsc_composite
19705,0.1521,raw_cusum
19706,0.10165,lsc_composite
19707,0.5535,lsc_tail_cusum
19708,0.14915,lsc_tail_cusum
19709,0.00925,lsc_composite
19710,0.481,lsc_composite
19711,0.14915,lsc_tail_cusum
19712,0.10165,lsc_composite
19713,0.14915,lsc_tail_cusum
19714,0.10165,lsc_composite
19715,0.481,lsc_composite
19716,0.1492,raw_var_cusum
19717,0.1492,raw_var_cusum
19718,0.10165,lsc_composite
19719,0.5619,raw_var_cusum
19720,0.1492,raw_var_cusum
19721,0.2774,lsc_kalman_cusum
19722,0.2774,lsc_kalman_cusum
19723,0.10165,lsc_composite
19724,0.14915,lsc_tail_cusum
19725,0.1492,raw_var_cusum
19726,0.5619,raw_var_cusum
19727,0.14915,lsc_tail_cusum
19728,0.10165,lsc_composite
19729,0.14915,lsc_tail_cusum
19730,0.481,lsc_composite
19731,0.2774,lsc_kalman_cusum
19732,0.10165,lsc_composite
19733,0.14915,lsc_tail_cusum
19734,0.14915,lsc_tail_cusum
19735,0.2774,lsc_kalman_cusum
19736,0.10165,lsc_composite
19737,0.5535,lsc_tail_cusum
19738,0.02015,lsc_kalman_cusum
19739,1.0,lsc_composite
19740,0.2774,lsc_kalman_cusum
19741,0.481,lsc_composite
19742,0.14915,lsc_tail_cusum
19743,0.1492,raw_var_cusum
19744,0.2774,lsc_kalman_cusum
19745,0.14915,lsc_tail_cusum
19746,0.5535,lsc_tail_cusum
19747,0.0198,lsc_tail_cusum
19748,0.1492,raw_var_cusum
19749,0.481,lsc_composite
19750,0.5535,lsc_tail_cusum
19751,0.2774,lsc_kalman_cusum
19752,0.5619,raw_var_cusum
19753,0.5535,lsc_tail_cusum
19754,0.2774,lsc_kalman_cusum
19755,0.14915,lsc_tail_cusum
19756,0.14915,lsc_tail_cusum
19757,0.5535,lsc_tail_cusum
19758,0.14915,lsc_tail_cusum
19759,0.10165,lsc_composite
19760,0.14915,lsc_tail_cusum
19761,0.481,lsc_composite
19762,0.10165,lsc_composite
19763,0.1492,raw_var_cusum
19764,0.2774,lsc_kalman_cusum
19765,0.14915,lsc_tail_cusum
19766,0.5619,raw_var_cusum
19767,0.5619,raw_var_cusum
19768,0.481,lsc_composite
19769,0.5535,lsc_tail_cusum
19770,1.0,lsc_composite
19771,0.0198,lsc_tail_cusum
19772,0.0183,raw_var_cusum
19773,0.5535,lsc_tail_cusum
19774,0.0183,raw_var_cusum
19775,0.1492,raw_var_cusum
19776,0.481,lsc_composite
19777,0.14915,lsc_tail_cusum
19778,0.1521,raw_cusum
19779,0.5619,raw_var_cusum
19780,0.481,lsc_composite
19781,0.1521,raw_cusum
19782,0.5535,lsc_tail_cusum
19783,0.10165,lsc_composite
19784,0.14915,lsc_tail_cusum
19785,0.1521,raw_cusum
19786,0.481,lsc_composite
19787,0.2774,lsc_kalman_cusum
19788,0.1492,raw_var_cusum
19789,0.481,lsc_composite
19790,0.1521,raw_cusum
19791,0.2774,lsc_kalman_cusum
19792,0.10165,lsc_composite
19793,0.2774,lsc_kalman_cusum
19794,0.481,lsc_composite
19795,0.5535,lsc_tail_cusum
19796,0.1521,raw_cusum
19797,0.5619,raw_var_cusum
19798,0.5619,raw_var_cusum
19799,0.14915,lsc_tail_cusum
19800,0.14915,lsc_tail_cusum
19801,0.1492,raw_var_cusum
19802,0.1492,raw_var_cusum
19803,0.5535,lsc_tail_cusum
19804,0.02015,lsc_kalman_cusum
19805,0.14915,lsc_tail_cusum
19806,0.2774,lsc_kalman_cusum
19807,0.5619,raw_var_cusum
19808,1.0,lsc_composite
19809,0.1521,raw_cusum
19810,0.2774,lsc_kalman_cusum
19811,0.5535,lsc_tail_cusum
19812,0.481,lsc_composite
19813,0.14915,lsc_tail_cusum
19814,0.1521,raw_cusum
19815,0.5535,lsc_tail_cusum
19816,1.0,lsc_composite
19817,0.481,lsc_composite
19818,0.2774,lsc_kalman_cusum
19819,0.2774,lsc_kalman_cusum
19820,0.14915,lsc_tail_cusum
19821,0.14915,lsc_tail_cusum
19822,1.0,lsc_composite
19823,0.5535,lsc_tail_cusum
19824,0.1492,raw_var_cusum
19825,0.5535,lsc_tail_cusum
19826,1.0,lsc_composite
19827,0.5535,lsc_tail_cusum
19828,0.2774,lsc_kalman_cusum
19829,0.14915,lsc_tail_cusum
19830,0.5535,lsc_tail_cusum
19831,0.5535,lsc_tail_cusum
19832,0.481,lsc_composite
19833,0.481,lsc_composite
19834,0.5535,lsc_tail_cusum
19835,0.1521,raw_cusum
19836,0.14915,lsc_tail_cusum
19837,0.14915,lsc_tail_cusum
19838,0.5535,lsc_tail_cusum
19839,0.0183,raw_var_cusum
19840,0.481,lsc_composite
19841,1.0,lsc_composite
19842,0.10165,lsc_composite
19843,0.1521,raw_cusum
19844,0.14915,lsc_tail_cusum
19845,0.1521,raw_cusum
19846,0.10165,lsc_composite
19847,0.2774,lsc_kalman_cusum
19848,0.481,lsc_composite
19849,0.481,lsc_composite
19850,0.1492,raw_var_cusum
19851,0.1492,raw_var_cusum
19852,0.2774,lsc_kalman_cusum
19853,0.481,lsc_composite
19854,0.1492,raw_var_cusum
19855,0.10165,lsc_composite
19856,0.1521,raw_cusum
19857,1.0,lsc_composite
19858,0.10165,lsc_composite
19859,0.481,lsc_composite
19860,0.1492,raw_var_cusum
19861,0.5535,lsc_tail_cusum
19862,0.10165,lsc_composite
19863,0.02015,lsc_kalman_cusum
19864,0.5619,raw_var_cusum
19865,0.2774,lsc_kalman_cusum
19866,1.0,lsc_composite
19867,0.1492,raw_var_cusum
19868,0.481,lsc_composite
19869,0.5619,raw_var_cusum
19870,0.2774,lsc_kalman_cusum
19871,0.1521,raw_cusum
19872,0.481,lsc_composite
19873,0.5619,raw_var_cusum
19874,0.5619,raw_var_cusum
19875,0.481,lsc_composite
19876,0.1521,raw_cusum
19877,0.1492,raw_var_cusum
19878,0.1492,raw_var_cusum
19879,0.14915,lsc_tail_cusum
19880,0.481,lsc_composite
19881,0.481,lsc_composite
19882,0.14915,lsc_tail_cusum
19883,0.00925,lsc_composite
19884,1.0,lsc_composite
19885,0.481,lsc_composite
19886,0.2774,lsc_kalman_cusum
19887,0.14915,lsc_tail_cusum
19888,0.5535,lsc_tail_cusum
19889,0.481,lsc_composite
19890,0.1521,raw_cusum
19891,0.1492,raw_var_cusum
19892,0.5619,raw_var_cusum
19893,0.10165,lsc_composite
19894,0.5535,lsc_tail_cusum
19895,0.10165,lsc_composite
19896,0.1521,raw_cusum
19897,0.2774,lsc_kalman_cusum
19898,0.14915,lsc_tail_cusum
19899,0.5535,lsc_tail_cusum
19900,1.0,lsc_composite
19901,0.481,lsc_composite
19902,0.10165,lsc_composite
19903,0.481,lsc_composite
19904,0.481,lsc_composite
19905,0.1521,raw_cusum
19906,0.14915,lsc_tail_cusum
19907,0.2774,lsc_kalman_cusum
19908,0.14915,lsc_tail_cusum
19909,0.14915,lsc_tail_cusum
19910,0.2774,lsc_kalman_cusum
19911,0.2774,lsc_kalman_cusum
19912,0.02015,lsc_kalman_cusum
19913,0.10165,lsc_composite
19914,0.0198,lsc_tail_cusum
19915,0.481,lsc_composite
19916,0.1521,raw_cusum
19917,0.1492,raw_var_cusum
19918,0.2774,lsc_kalman_cusum
19919,0.2774,lsc_kalman_cusum
19920,0.1492,raw_var_cusum
19921,0.2774,lsc_kalman_cusum
19922,0.5535,lsc_tail_cusum
19923,0.2774,lsc_kalman_cusum
19924,0.1521,raw_cusum
19925,0.5619,raw_var_cusum
19926,1.0,lsc_composite
19927,0.2774,lsc_kalman_cusum
19928,0.14915,lsc_tail_cusum
19929,0.481,lsc_composite
19930,0.5535,lsc_tail_cusum
19931,0.5535,lsc_tail_cusum
19932,0.1492,raw_var_cusum
19933,0.481,lsc_composite
19934,0.1521,raw_cusum
19935,0.14915,lsc_tail_cusum
19936,0.02015,lsc_kalman_cusum
19937,0.5535,lsc_tail_cusum
19938,1.0,lsc_composite
19939,0.1521,raw_cusum
19940,0.10165,lsc_composite
19941,0.5535,lsc_tail_cusum
19942,0.1492,raw_var_cusum
19943,0.2774,lsc_kalman_cusum
19944,0.0198,lsc_tail_cusum
19945,0.481,lsc_composite
19946,0.14915,lsc_tail_cusum
19947,0.481,lsc_composite
19948,0.1492,raw_var_cusum
19949,1.0,lsc_composite
19950,0.5535,lsc_tail_cusum
19951,0.2774,lsc_kalman_cusum
19952,0.5535,lsc_tail_cusum
19953,0.5535,lsc_tail_cusum
19954,0.1521,raw_cusum
19955,0.481,lsc_composite
19956,0.2774,lsc_kalman_cusum
19957,0.0198,lsc_tail_cusum
19958,0.1492,raw_var_cusum
19959,0.1521,raw_cusum
19960,0.0198,lsc_tail_cusum
19961,0.1521,raw_cusum
19962,0.1521,raw_cusum
19963,0.1521,raw_cusum
19964,0.5535,lsc_tail_cusum
19965,0.0198,lsc_tail_cusum
19966,0.1492,raw_var_cusum
19967,0.10165,lsc_composite
19968,0.2774,lsc_kalman_cusum
19969,0.481,lsc_composite
19970,0.2774,lsc_kalman_cusum
19971,0.10165,lsc_composite
19972,0.1521,raw_cusum
19973,0.2774,lsc_kalman_cusum
19974,0.5619,raw_var_cusum
19975,0.481,lsc_composite
19976,0.2774,lsc_kalman_cusum
19977,1.0,lsc_composite
19978,0.481,lsc_composite
19979,0.481,lsc_composite
19980,0.5535,lsc_tail_cusum
19981,0.481,lsc_composite
19982,0.14915,lsc_tail_cusum
19983,0.10165,lsc_composite
19984,0.14915,lsc_tail_cusum
19985,0.00925,lsc_composite
19986,0.0183,raw_var_cusum
19987,0.1521,raw_cusum
19988,0.02015,lsc_kalman_cusum
19989,0.02015,lsc_kalman_cusum
19990,0.2774,lsc_kalman_cusum
19991,0.1521,raw_cusum
19992,0.2774,lsc_kalman_cusum
19993,0.5619,raw_var_cusum
19994,0.2774,lsc_kalman_cusum
19995,0.5535,lsc_tail_cusum
19996,0.2774,lsc_kalman_cusum
19997,0.5619,raw_var_cusum
19998,0.14915,lsc_tail_cusum
19999,0.481,lsc_composite
