rep_id,arena,scenario,channel,vol_mult,snr,phi,detector,detected,alarm_index,score_max,threshold,seed
0,ar1_snr0.5,level_3s,level,,0.5,0.95,lsc_kalman_cusum,1,270.0,183.1806659959866,22.14512826431865,200000
0,ar1_snr0.5,level_3s,level,,0.5,0.95,raw_cusum,1,286.0,492.58526223276164,103.19232082036218,200000
1,ar1_snr0.5,level_3s,level,,0.5,0.95,lsc_kalman_cusum,1,448.0,26.336286937179622,22.14512826431865,200001
1,ar1_snr0.5,level_3s,level,,0.5,0.95,raw_cusum,1,373.0,278.9888256874004,103.19232082036218,200001
2,ar1_snr0.5,level_3s,level,,0.5,0.95,lsc_kalman_cusum,1,305.0,79.7801715140227,22.14512826431865,200002
2,ar1_snr0.5,level_3s,level,,0.5,0.95,raw_cusum,1,373.0,269.8151029264228,103.19232082036218,200002
3,ar1_snr0.5,level_3s,level,,0.5,0.95,lsc_kalman_cusum,0,,12.106638820417952,22.14512826431865,200003
3,ar1_snr0.5,level_3s,level,,0.5,0.95,raw_cusum,1,340.0,292.69127523643755,103.19232082036218,200003
4,ar1_snr0.5,level_3s,level,,0.5,0.95,lsc_kalman_cusum,0,,13.042541816225189,22.14512826431865,200004
4,ar1_snr0.5,level_3s,level,,0.5,0.95,raw_cusum,1,304.0,376.86355575240896,103.19232082036218,200004
5,ar1_snr0.5,level_3s,level,,0.5,0.95,lsc_kalman_cusum,1,355.0,75.23087068386641,22.14512826431865,200005
5,ar1_snr0.5,level_3s,level,,0.5,0.95,raw_cusum,1,354.0,311.98553430294993,103.19232082036218,200005
6,ar1_snr0.5,level_3s,level,,0.5,0.95,lsc_kalman_cusum,0,,12.710343522560503,22.14512826431865,200006
6,ar1_snr0.5,level_3s,level,,0.5,0.95,raw_cusum,1,361.0,204.8285959390293,103.19232082036218,200006
7,ar1_snr0.5,level_3s,level,,0.5,0.95,lsc_kalman_cusum,1,356.0,33.90413337661025,22.14512826431865,200007
7,ar1_snr0.5,level_3s,level,,0.5,0.95,raw_cusum,1,332.0,323.2880773711584,103.19232082036218,200007
8,ar1_snr0.5,level_3s,level,,0.5,0.95,lsc_kalman_cusum,0,,10.189904034741357,22.14512826431865,200008
8,ar1_snr0.5,level_3s,level,,0.5,0.95,raw_cusum,1,331.0,422.72658939715467,103.19232082036218,200008
9,ar1_snr0.5,level_3s,level,,0.5,0.95,lsc_kalman_cusum,1,296.0,49.28914303437394,22.14512826431865,200009
9,ar1_snr0.5,level_3s,level,,0.5,0.95,raw_cusum,1,298.0,415.21697891352164,103.19232082036218,200009
10,ar1_snr0.5,level_3s,level,,0.5,0.95,lsc_kalman_cusum,1,423.0,42.06473716709764,22.14512826431865,200010
10,ar1_snr0.5,level_3s,level,,0.5,0.95,raw_cusum,1,409.0,208.65128135027783,103.19232082036218,200010
11,ar1_snr0.5,level_3s,level,,0.5,0.95,lsc_kalman_cusum,1,288.0,134.48744586693275,22.14512826431865,200011
11,ar1_snr0.5,level_3s,level,,0.5,0.95,raw_cusum,1,323.0,317.26339617558904,103.19232082036218,200011
12,ar1_snr0.5,level_3s,level,,0.5,0.95,lsc_kalman_cusum,0,,9.001182569250622,22.14512826431865,200012
12,ar1_snr0.5,level_3s,level,,0.5,0.95,raw_cusum,1,283.0,394.72484907276066,103.19232082036218,200012
13,ar1_snr0.5,level_3s,level,,0.5,0.95,lsc_kalman_cusum,1,260.0,154.62283890283092,22.14512826431865,200013
13,ar1_snr0.5,level_3s,level,,0.5,0.95,raw_cusum,1,273.0,400.58254270183727,103.19232082036218,200013
14,ar1_snr0.5,level_3s,level,,0.5,0.95,lsc_kalman_cusum,1,407.0,40.334425097611266,22.14512826431865,200014
14,ar1_snr0.5,level_3s,level,,0.5,0.95,raw_cusum,1,338.0,301.8871786009317,103.19232082036218,200014
15,ar1_snr0.5,level_3s,level,,0.5,0.95,lsc_kalman_cusum,1,406.0,54.544772470269095,22.14512826431865,200015
15,ar1_snr0.5,level_3s,level,,0.5,0.95,raw_cusum,1,341.0,343.3220127665427,103.19232082036218,200015
16,ar1_snr0.5,level_3s,level,,0.5,0.95,lsc_kalman_cusum,0,,9.811008473908286,22.14512826431865,200016
16,ar1_snr0.5,level_3s,level,,0.5,0.95,raw_cusum,1,358.0,352.808226606115,103.19232082036218,200016
17,ar1_snr0.5,level_3s,level,,0.5,0.95,lsc_kalman_cusum,0,,16.196385703894,22.14512826431865,200017
17,ar1_snr0.5,level_3s,level,,0.5,0.95,raw_cusum,1,288.0,602.7306523325873,103.19232082036218,200017
18,ar1_snr0.5,level_3s,level,,0.5,0.95,lsc_kalman_cusum,0,,13.899081539340367,22.14512826431865,200018
18,ar1_snr0.5,level_3s,level,,0.5,0.95,raw_cusum,1,337.0,247.76981473473668,103.19232082036218,200018
19,ar1_snr0.5,level_3s,level,,0.5,0.95,lsc_kalman_cusum,0,,12.096115764476577,22.14512826431865,200019
19,ar1_snr0.5,level_3s,level,,0.5,0.95,raw_cusum,1,326.0,283.8030862809124,103.19232082036218,200019
20,ar1_snr0.5,level_3s,level,,0.5,0.95,lsc_kalman_cusum,1,303.0,69.93025906333679,22.14512826431865,200020
20,ar1_snr0.5,level_3s,level,,0.5,0.95,raw_cusum,1,329.0,299.737474242834,103.19232082036218,200020
21,ar1_snr0.5,level_3s,level,,0.5,0.95,lsc_kalman_cusum,0,,19.68372091075765,22.14512826431865,200021
21,ar1_snr0.5,level_3s,level,,0.5,0.95,raw_cusum,1,310.0,367.4990737168282,103.19232082036218,200021
22,ar1_snr0.5,level_3s,level,,0.5,0.95,lsc_kalman_cusum,0,,10.354332393104862,22.14512826431865,200022
22,ar1_snr0.5,level_3s,level,,0.5,0.95,raw_cusum,1,353.0,269.6295259862178,103.19232082036218,200022
23,ar1_snr0.5,level_3s,level,,0.5,0.95,lsc_kalman_cusum,1,324.0,43.91817259523961,22.14512826431865,200023
23,ar1_snr0.5,level_3s,level,,0.5,0.95,raw_cusum,1,318.0,330.96581614630816,103.19232082036218,200023
24,ar1_snr0.5,level_3s,level,,0.5,0.95,lsc_kalman_cusum,0,,11.97687971125546,22.14512826431865,200024
24,ar1_snr0.5,level_3s,level,,0.5,0.95,raw_cusum,1,350.0,206.10696108444833,103.19232082036218,200024
25,ar1_snr0.5,level_3s,level,,0.5,0.95,lsc_kalman_cusum,1,420.0,27.26831293076756,22.14512826431865,200025
25,ar1_snr0.5,level_3s,level,,0.5,0.95,raw_cusum,1,317.0,371.98002429692315,103.19232082036218,200025
26,ar1_snr0.5,level_3s,level,,0.5,0.95,lsc_kalman_cusum,1,274.0,461.70563783447017,22.14512826431865,200026
26,ar1_snr0.5,level_3s,level,,0.5,0.95,raw_cusum,1,308.0,449.2651495425987,103.19232082036218,200026
27,ar1_snr0.5,level_3s,level,,0.5,0.95,lsc_kalman_cusum,1,277.0,336.0851245990778,22.14512826431865,200027
27,ar1_snr0.5,level_3s,level,,0.5,0.95,raw_cusum,1,341.0,361.82123643765794,103.19232082036218,200027
28,ar1_snr0.5,level_3s,level,,0.5,0.95,lsc_kalman_cusum,1,287.0,94.34254217807062,22.14512826431865,200028
28,ar1_snr0.5,level_3s,level,,0.5,0.95,raw_cusum,1,327.0,308.926224647967,103.19232082036218,200028
29,ar1_snr0.5,level_3s,level,,0.5,0.95,lsc_kalman_cusum,0,,6.012045054034375,22.14512826431865,200029
29,ar1_snr0.5,level_3s,level,,0.5,0.95,raw_cusum,1,394.0,179.13395965768288,103.19232082036218,200029
30,ar1_snr0.5,level_3s,level,,0.5,0.95,lsc_kalman_cusum,0,,10.258658817955073,22.14512826431865,200030
30,ar1_snr0.5,level_3s,level,,0.5,0.95,raw_cusum,1,324.0,449.41332279159553,103.19232082036218,200030
31,ar1_snr0.5,level_3s,level,,0.5,0.95,lsc_kalman_cusum,1,284.0,146.42590232144636,22.14512826431865,200031
31,ar1_snr0.5,level_3s,level,,0.5,0.95,raw_cusum,1,308.0,437.6835583957965,103.19232082036218,200031
32,ar1_snr0.5,level_3s,level,,0.5,0.95,lsc_kalman_cusum,0,,14.01525228827877,22.14512826431865,200032
32,ar1_snr0.5,level_3s,level,,0.5,0.95,raw_cusum,1,348.0,255.0845048786655,103.19232082036218,200032
33,ar1_snr0.5,level_3s,level,,0.5,0.95,lsc_kalman_cusum,1,273.0,115.52265123007511,22.14512826431865,200033
33,ar1_snr0.5,level_3s,level,,0.5,0.95,raw_cusum,1,324.0,323.9350391340457,103.19232082036218,200033
34,ar1_snr0.5,level_3s,level,,0.5,0.95,lsc_kalman_cusum,1,381.0,57.6739220344267,22.14512826431865,200034
34,ar1_snr0.5,level_3s,level,,0.5,0.95,raw_cusum,1,327.0,505.73562423024913,103.19232082036218,200034
35,ar1_snr0.5,level_3s,level,,0.5,0.95,lsc_kalman_cusum,0,,10.438441565602014,22.14512826431865,200035
35,ar1_snr0.5,level_3s,level,,0.5,0.95,raw_cusum,1,294.0,604.4466542085971,103.19232082036218,200035
36,ar1_snr0.5,level_3s,level,,0.5,0.95,lsc_kalman_cusum,0,,9.912295050662694,22.14512826431865,200036
36,ar1_snr0.5,level_3s,level,,0.5,0.95,raw_cusum,0,,83.29207941235,103.19232082036218,200036
37,ar1_snr0.5,level_3s,level,,0.5,0.95,lsc_kalman_cusum,1,447.0,25.725962611857934,22.14512826431865,200037
37,ar1_snr0.5,level_3s,level,,0.5,0.95,raw_cusum,1,397.0,226.74177512883082,103.19232082036218,200037
38,ar1_snr0.5,level_3s,level,,0.5,0.95,lsc_kalman_cusum,0,,12.819346292667753,22.14512826431865,200038
38,ar1_snr0.5,level_3s,level,,0.5,0.95,raw_cusum,1,343.0,294.8789949462119,103.19232082036218,200038
39,ar1_snr0.5,level_3s,level,,0.5,0.95,lsc_kalman_cusum,1,264.0,361.1693501060753,22.14512826431865,200039
39,ar1_snr0.5,level_3s,level,,0.5,0.95,raw_cusum,1,308.0,437.06314597167136,103.19232082036218,200039
40,ar1_snr0.5,level_3s,level,,0.5,0.95,lsc_kalman_cusum,1,277.0,100.12476184633131,22.14512826431865,200040
40,ar1_snr0.5,level_3s,level,,0.5,0.95,raw_cusum,1,337.0,263.03134011236887,103.19232082036218,200040
41,ar1_snr0.5,level_3s,level,,0.5,0.95,lsc_kalman_cusum,0,,11.17072538601585,22.14512826431865,200041
41,ar1_snr0.5,level_3s,level,,0.5,0.95,raw_cusum,1,435.0,178.54909888818898,103.19232082036218,200041
42,ar1_snr0.5,level_3s,level,,0.5,0.95,lsc_kalman_cusum,0,,21.170379884318237,22.14512826431865,200042
42,ar1_snr0.5,level_3s,level,,0.5,0.95,raw_cusum,1,331.0,228.55403601843625,103.19232082036218,200042
43,ar1_snr0.5,level_3s,level,,0.5,0.95,lsc_kalman_cusum,1,266.0,353.8053513988026,22.14512826431865,200043
43,ar1_snr0.5,level_3s,level,,0.5,0.95,raw_cusum,1,369.0,323.5486306270232,103.19232082036218,200043
44,ar1_snr0.5,level_3s,level,,0.5,0.95,lsc_kalman_cusum,0,,14.401198223206672,22.14512826431865,200044
44,ar1_snr0.5,level_3s,level,,0.5,0.95,raw_cusum,1,340.0,264.29053874522486,103.19232082036218,200044
45,ar1_snr0.5,level_3s,level,,0.5,0.95,lsc_kalman_cusum,1,279.0,188.6013607245054,22.14512826431865,200045
45,ar1_snr0.5,level_3s,level,,0.5,0.95,raw_cusum,1,334.0,304.64464480574327,103.19232082036218,200045
46,ar1_snr0.5,level_3s,level,,0.5,0.95,lsc_kalman_cusum,1,386.0,27.643758501407014,22.14512826431865,200046
46,ar1_snr0.5,level_3s,level,,0.5,0.95,raw_cusum,1,313.0,338.37433949058106,103.19232082036218,200046
47,ar1_snr0.5,level_3s,level,,0.5,0.95,lsc_kalman_cusum,1,261.0,80.27768505322004,22.14512826431865,200047
47,ar1_snr0.5,level_3s,level,,0.5,0.95,raw_cusum,1,280.0,485.59966395947987,103.19232082036218,200047
48,ar1_snr0.5,level_3s,level,,0.5,0.95,lsc_kalman_cusum,1,293.0,54.92167114948378,22.14512826431865,200048
48,ar1_snr0.5,level_3s,level,,0.5,0.95,raw_cusum,1,300.0,308.25860979089026,103.19232082036218,200048
49,ar1_snr0.5,level_3s,level,,0.5,0.95,lsc_kalman_cusum,1,280.0,201.82635207786277,22.14512826431865,200049
49,ar1_snr0.5,level_3s,level,,0.5,0.95,raw_cusum,1,323.0,341.4274025572199,103.19232082036218,200049
50,ar1_snr0.5,level_3s,level,,0.5,0.95,lsc_kalman_cusum,1,263.0,289.13375805787484,22.14512826431865,200050
50,ar1_snr0.5,level_3s,level,,0.5,0.95,raw_cusum,1,316.0,267.1470094463389,103.19232082036218,200050
51,ar1_snr0.5,level_3s,level,,0.5,0.95,lsc_kalman_cusum,0,,4.932026013008482,22.14512826431865,200051
51,ar1_snr0.5,level_3s,level,,0.5,0.95,raw_cusum,1,355.0,221.12209006429046,103.19232082036218,200051
52,ar1_snr0.5,level_3s,level,,0.5,0.95,lsc_kalman_cusum,0,,13.941520360490173,22.14512826431865,200052
52,ar1_snr0.5,level_3s,level,,0.5,0.95,raw_cusum,1,354.0,253.80757929250493,103.19232082036218,200052
53,ar1_snr0.5,level_3s,level,,0.5,0.95,lsc_kalman_cusum,0,,10.449310286474903,22.14512826431865,200053
53,ar1_snr0.5,level_3s,level,,0.5,0.95,raw_cusum,1,306.0,504.0593818395313,103.19232082036218,200053
54,ar1_snr0.5,level_3s,level,,0.5,0.95,lsc_kalman_cusum,1,302.0,72.37067470398391,22.14512826431865,200054
54,ar1_snr0.5,level_3s,level,,0.5,0.95,raw_cusum,1,326.0,316.8206501201559,103.19232082036218,200054
55,ar1_snr0.5,level_3s,level,,0.5,0.95,lsc_kalman_cusum,1,454.0,28.365283298067965,22.14512826431865,200055
55,ar1_snr0.5,level_3s,level,,0.5,0.95,raw_cusum,1,349.0,296.22156492507855,103.19232082036218,200055
56,ar1_snr0.5,level_3s,level,,0.5,0.95,lsc_kalman_cusum,1,266.0,206.96250620565763,22.14512826431865,200056
56,ar1_snr0.5,level_3s,level,,0.5,0.95,raw_cusum,1,347.0,324.03288809005346,103.19232082036218,200056
57,ar1_snr0.5,level_3s,level,,0.5,0.95,lsc_kalman_cusum,0,,18.4922736347661,22.14512826431865,200057
57,ar1_snr0.5,level_3s,level,,0.5,0.95,raw_cusum,1,308.0,293.45991823914125,103.19232082036218,200057
58,ar1_snr0.5,level_3s,level,,0.5,0.95,lsc_kalman_cusum,1,298.0,56.52698895439824,22.14512826431865,200058
58,ar1_snr0.5,level_3s,level,,0.5,0.95,raw_cusum,1,290.0,437.8545455980049,103.19232082036218,200058
59,ar1_snr0.5,level_3s,level,,0.5,0.95,lsc_kalman_cusum,1,250.0,526.5529611692259,22.14512826431865,200059
59,ar1_snr0.5,level_3s,level,,0.5,0.95,raw_cusum,1,278.0,525.8906355710336,103.19232082036218,200059
60,ar1_snr0.5,level_3s,level,,0.5,0.95,lsc_kalman_cusum,1,272.0,103.4300336398808,22.14512826431865,200060
60,ar1_snr0.5,level_3s,level,,0.5,0.95,raw_cusum,1,306.0,497.86720389197797,103.19232082036218,200060
61,ar1_snr0.5,level_3s,level,,0.5,0.95,lsc_kalman_cusum,1,437.0,26.727638140979863,22.14512826431865,200061
61,ar1_snr0.5,level_3s,level,,0.5,0.95,raw_cusum,1,353.0,297.995498832778,103.19232082036218,200061
62,ar1_snr0.5,level_3s,level,,0.5,0.95,lsc_kalman_cusum,1,290.0,160.41688944801612,22.14512826431865,200062
62,ar1_snr0.5,level_3s,level,,0.5,0.95,raw_cusum,1,353.0,348.3970853688933,103.19232082036218,200062
63,ar1_snr0.5,level_3s,level,,0.5,0.95,lsc_kalman_cusum,0,,14.472759692741224,22.14512826431865,200063
63,ar1_snr0.5,level_3s,level,,0.5,0.95,raw_cusum,1,312.0,252.25242355315896,103.19232082036218,200063
64,ar1_snr0.5,level_3s,level,,0.5,0.95,lsc_kalman_cusum,0,,17.464312342362437,22.14512826431865,200064
64,ar1_snr0.5,level_3s,level,,0.5,0.95,raw_cusum,1,336.0,350.9870685558831,103.19232082036218,200064
65,ar1_snr0.5,level_3s,level,,0.5,0.95,lsc_kalman_cusum,0,,10.01084437518872,22.14512826431865,200065
65,ar1_snr0.5,level_3s,level,,0.5,0.95,raw_cusum,1,390.0,164.8214782892648,103.19232082036218,200065
66,ar1_snr0.5,level_3s,level,,0.5,0.95,lsc_kalman_cusum,0,,6.629082009862502,22.14512826431865,200066
66,ar1_snr0.5,level_3s,level,,0.5,0.95,raw_cusum,0,,102.38675817476525,103.19232082036218,200066
67,ar1_snr0.5,level_3s,level,,0.5,0.95,lsc_kalman_cusum,1,309.0,57.048393921279256,22.14512826431865,200067
67,ar1_snr0.5,level_3s,level,,0.5,0.95,raw_cusum,1,309.0,412.2745671500605,103.19232082036218,200067
68,ar1_snr0.5,level_3s,level,,0.5,0.95,lsc_kalman_cusum,1,396.0,38.169655463802215,22.14512826431865,200068
68,ar1_snr0.5,level_3s,level,,0.5,0.95,raw_cusum,1,359.0,325.7208482915085,103.19232082036218,200068
69,ar1_snr0.5,level_3s,level,,0.5,0.95,lsc_kalman_cusum,0,,15.270948605645884,22.14512826431865,200069
69,ar1_snr0.5,level_3s,level,,0.5,0.95,raw_cusum,1,369.0,253.03056950985982,103.19232082036218,200069
70,ar1_snr0.5,level_3s,level,,0.5,0.95,lsc_kalman_cusum,1,339.0,77.02754416357138,22.14512826431865,200070
70,ar1_snr0.5,level_3s,level,,0.5,0.95,raw_cusum,1,328.0,435.08204193787293,103.19232082036218,200070
71,ar1_snr0.5,level_3s,level,,0.5,0.95,lsc_kalman_cusum,0,,19.80235314260028,22.14512826431865,200071
71,ar1_snr0.5,level_3s,level,,0.5,0.95,raw_cusum,1,351.0,260.4263577078336,103.19232082036218,200071
72,ar1_snr0.5,level_3s,level,,0.5,0.95,lsc_kalman_cusum,1,392.0,25.293138491535693,22.14512826431865,200072
72,ar1_snr0.5,level_3s,level,,0.5,0.95,raw_cusum,1,364.0,244.1590622659221,103.19232082036218,200072
73,ar1_snr0.5,level_3s,level,,0.5,0.95,lsc_kalman_cusum,0,,4.846964521517469,22.14512826431865,200073
73,ar1_snr0.5,level_3s,level,,0.5,0.95,raw_cusum,1,283.0,430.54713623116777,103.19232082036218,200073
74,ar1_snr0.5,level_3s,level,,0.5,0.95,lsc_kalman_cusum,1,303.0,161.425656130773,22.14512826431865,200074
74,ar1_snr0.5,level_3s,level,,0.5,0.95,raw_cusum,1,329.0,415.8007229201066,103.19232082036218,200074
75,ar1_snr0.5,level_3s,level,,0.5,0.95,lsc_kalman_cusum,0,,12.131585763568964,22.14512826431865,200075
75,ar1_snr0.5,level_3s,level,,0.5,0.95,raw_cusum,1,291.0,420.65161324753416,103.19232082036218,200075
76,ar1_snr0.5,level_3s,level,,0.5,0.95,lsc_kalman_cusum,0,,16.812782244664987,22.14512826431865,200076
76,ar1_snr0.5,level_3s,level,,0.5,0.95,raw_cusum,1,329.0,306.2697042770482,103.19232082036218,200076
77,ar1_snr0.5,level_3s,level,,0.5,0.95,lsc_kalman_cusum,0,226.0,296.1821953024369,22.14512826431865,200077
77,ar1_snr0.5,level_3s,level,,0.5,0.95,raw_cusum,1,274.0,576.100867630682,103.19232082036218,200077
78,ar1_snr0.5,level_3s,level,,0.5,0.95,lsc_kalman_cusum,1,273.0,195.27875524646873,22.14512826431865,200078
78,ar1_snr0.5,level_3s,level,,0.5,0.95,raw_cusum,1,347.0,430.7885441209513,103.19232082036218,200078
79,ar1_snr0.5,level_3s,level,,0.5,0.95,lsc_kalman_cusum,0,,20.65882364717652,22.14512826431865,200079
79,ar1_snr0.5,level_3s,level,,0.5,0.95,raw_cusum,1,298.0,449.311783293964,103.19232082036218,200079
80,ar1_snr0.5,level_3s,level,,0.5,0.95,lsc_kalman_cusum,1,312.0,118.89968059447651,22.14512826431865,200080
80,ar1_snr0.5,level_3s,level,,0.5,0.95,raw_cusum,1,331.0,449.03638802406937,103.19232082036218,200080
81,ar1_snr0.5,level_3s,level,,0.5,0.95,lsc_kalman_cusum,0,,8.601193534192006,22.14512826431865,200081
81,ar1_snr0.5,level_3s,level,,0.5,0.95,raw_cusum,1,400.0,155.2165821804463,103.19232082036218,200081
82,ar1_snr0.5,level_3s,level,,0.5,0.95,lsc_kalman_cusum,0,,17.91241622936984,22.14512826431865,200082
82,ar1_snr0.5,level_3s,level,,0.5,0.95,raw_cusum,1,294.0,292.5232283323918,103.19232082036218,200082
83,ar1_snr0.5,level_3s,level,,0.5,0.95,lsc_kalman_cusum,0,,22.097754278991193,22.14512826431865,200083
83,ar1_snr0.5,level_3s,level,,0.5,0.95,raw_cusum,1,316.0,401.9074450346399,103.19232082036218,200083
84,ar1_snr0.5,level_3s,level,,0.5,0.95,lsc_kalman_cusum,0,,8.092942296511021,22.14512826431865,200084
84,ar1_snr0.5,level_3s,level,,0.5,0.95,raw_cusum,1,294.0,467.3859008768886,103.19232082036218,200084
85,ar1_snr0.5,level_3s,level,,0.5,0.95,lsc_kalman_cusum,1,362.0,79.82651509696576,22.14512826431865,200085
85,ar1_snr0.5,level_3s,level,,0.5,0.95,raw_cusum,1,365.0,320.40455337121665,103.19232082036218,200085
86,ar1_snr0.5,level_3s,level,,0.5,0.95,lsc_kalman_cusum,1,321.0,56.86492313461488,22.14512826431865,200086
86,ar1_snr0.5,level_3s,level,,0.5,0.95,raw_cusum,1,321.0,349.2781098327534,103.19232082036218,200086
87,ar1_snr0.5,level_3s,level,,0.5,0.95,lsc_kalman_cusum,0,,8.760113387060237,22.14512826431865,200087
87,ar1_snr0.5,level_3s,level,,0.5,0.95,raw_cusum,1,398.0,194.2855697453944,103.19232082036218,200087
88,ar1_snr0.5,level_3s,level,,0.5,0.95,lsc_kalman_cusum,0,,12.500304614856418,22.14512826431865,200088
88,ar1_snr0.5,level_3s,level,,0.5,0.95,raw_cusum,1,292.0,484.5453294721654,103.19232082036218,200088
89,ar1_snr0.5,level_3s,level,,0.5,0.95,lsc_kalman_cusum,0,,13.68119215013073,22.14512826431865,200089
89,ar1_snr0.5,level_3s,level,,0.5,0.95,raw_cusum,1,331.0,359.61999785522096,103.19232082036218,200089
90,ar1_snr0.5,level_3s,level,,0.5,0.95,lsc_kalman_cusum,1,280.0,22.798772102770204,22.14512826431865,200090
90,ar1_snr0.5,level_3s,level,,0.5,0.95,raw_cusum,1,270.0,495.39646016856693,103.19232082036218,200090
91,ar1_snr0.5,level_3s,level,,0.5,0.95,lsc_kalman_cusum,0,,15.951017055953713,22.14512826431865,200091
91,ar1_snr0.5,level_3s,level,,0.5,0.95,raw_cusum,1,326.0,222.74433281605852,103.19232082036218,200091
92,ar1_snr0.5,level_3s,level,,0.5,0.95,lsc_kalman_cusum,0,,17.201281247151535,22.14512826431865,200092
92,ar1_snr0.5,level_3s,level,,0.5,0.95,raw_cusum,1,326.0,307.8830467707629,103.19232082036218,200092
93,ar1_snr0.5,level_3s,level,,0.5,0.95,lsc_kalman_cusum,1,287.0,168.79669017460017,22.14512826431865,200093
93,ar1_snr0.5,level_3s,level,,0.5,0.95,raw_cusum,1,333.0,324.4146883632535,103.19232082036218,200093
94,ar1_snr0.5,level_3s,level,,0.5,0.95,lsc_kalman_cusum,1,293.0,62.938659247870696,22.14512826431865,200094
94,ar1_snr0.5,level_3s,level,,0.5,0.95,raw_cusum,1,304.0,372.744953921458,103.19232082036218,200094
95,ar1_snr0.5,level_3s,level,,0.5,0.95,lsc_kalman_cusum,1,378.0,31.426231266162674,22.14512826431865,200095
95,ar1_snr0.5,level_3s,level,,0.5,0.95,raw_cusum,1,311.0,404.0431419014278,103.19232082036218,200095
96,ar1_snr0.5,level_3s,level,,0.5,0.95,lsc_kalman_cusum,1,325.0,26.391253682027138,22.14512826431865,200096
96,ar1_snr0.5,level_3s,level,,0.5,0.95,raw_cusum,1,311.0,332.1093393782037,103.19232082036218,200096
97,ar1_snr0.5,level_3s,level,,0.5,0.95,lsc_kalman_cusum,0,,15.800102814252181,22.14512826431865,200097
97,ar1_snr0.5,level_3s,level,,0.5,0.95,raw_cusum,1,442.0,149.02117717654605,103.19232082036218,200097
98,ar1_snr0.5,level_3s,level,,0.5,0.95,lsc_kalman_cusum,0,,12.18860693913157,22.14512826431865,200098
98,ar1_snr0.5,level_3s,level,,0.5,0.95,raw_cusum,1,410.0,208.00331608903116,103.19232082036218,200098
99,ar1_snr0.5,level_3s,level,,0.5,0.95,lsc_kalman_cusum,1,316.0,94.83794041650489,22.14512826431865,200099
99,ar1_snr0.5,level_3s,level,,0.5,0.95,raw_cusum,1,333.0,332.8542987341303,103.19232082036218,200099
100,ar1_snr0.5,level_3s,level,,0.5,0.95,lsc_kalman_cusum,0,,12.221488182505583,22.14512826431865,200100
100,ar1_snr0.5,level_3s,level,,0.5,0.95,raw_cusum,1,364.0,226.03992371718434,103.19232082036218,200100
101,ar1_snr0.5,level_3s,level,,0.5,0.95,lsc_kalman_cusum,1,319.0,69.09119549896376,22.14512826431865,200101
101,ar1_snr0.5,level_3s,level,,0.5,0.95,raw_cusum,1,322.0,341.63061890836815,103.19232082036218,200101
102,ar1_snr0.5,level_3s,level,,0.5,0.95,lsc_kalman_cusum,1,332.0,23.166593781861557,22.14512826431865,200102
102,ar1_snr0.5,level_3s,level,,0.5,0.95,raw_cusum,1,333.0,201.27328742750512,103.19232082036218,200102
103,ar1_snr0.5,level_3s,level,,0.5,0.95,lsc_kalman_cusum,1,282.0,39.87672201937008,22.14512826431865,200103
103,ar1_snr0.5,level_3s,level,,0.5,0.95,raw_cusum,1,313.0,271.6190721614366,103.19232082036218,200103
104,ar1_snr0.5,level_3s,level,,0.5,0.95,lsc_kalman_cusum,0,,11.175282600873892,22.14512826431865,200104
104,ar1_snr0.5,level_3s,level,,0.5,0.95,raw_cusum,1,418.0,144.92668898668444,103.19232082036218,200104
105,ar1_snr0.5,level_3s,level,,0.5,0.95,lsc_kalman_cusum,1,269.0,142.51686753230203,22.14512826431865,200105
105,ar1_snr0.5,level_3s,level,,0.5,0.95,raw_cusum,1,328.0,280.98269424859,103.19232082036218,200105
106,ar1_snr0.5,level_3s,level,,0.5,0.95,lsc_kalman_cusum,1,271.0,26.01896262711962,22.14512826431865,200106
106,ar1_snr0.5,level_3s,level,,0.5,0.95,raw_cusum,1,322.0,286.00732651491,103.19232082036218,200106
107,ar1_snr0.5,level_3s,level,,0.5,0.95,lsc_kalman_cusum,0,,9.809279020974149,22.14512826431865,200107
107,ar1_snr0.5,level_3s,level,,0.5,0.95,raw_cusum,1,380.0,297.55421348382083,103.19232082036218,200107
108,ar1_snr0.5,level_3s,level,,0.5,0.95,lsc_kalman_cusum,1,486.0,22.63850459041913,22.14512826431865,200108
108,ar1_snr0.5,level_3s,level,,0.5,0.95,raw_cusum,1,285.0,415.4001901208716,103.19232082036218,200108
109,ar1_snr0.5,level_3s,level,,0.5,0.95,lsc_kalman_cusum,1,324.0,47.21696249278951,22.14512826431865,200109
109,ar1_snr0.5,level_3s,level,,0.5,0.95,raw_cusum,1,324.0,375.9630013084691,103.19232082036218,200109
110,ar1_snr0.5,level_3s,level,,0.5,0.95,lsc_kalman_cusum,0,,13.875298677184851,22.14512826431865,200110
110,ar1_snr0.5,level_3s,level,,0.5,0.95,raw_cusum,1,354.0,213.09076820082697,103.19232082036218,200110
111,ar1_snr0.5,level_3s,level,,0.5,0.95,lsc_kalman_cusum,1,338.0,96.6896337326107,22.14512826431865,200111
111,ar1_snr0.5,level_3s,level,,0.5,0.95,raw_cusum,1,372.0,169.24207695485237,103.19232082036218,200111
112,ar1_snr0.5,level_3s,level,,0.5,0.95,lsc_kalman_cusum,1,262.0,303.94788021690806,22.14512826431865,200112
112,ar1_snr0.5,level_3s,level,,0.5,0.95,raw_cusum,1,289.0,454.85318741895225,103.19232082036218,200112
113,ar1_snr0.5,level_3s,level,,0.5,0.95,lsc_kalman_cusum,0,,17.461145495695806,22.14512826431865,200113
113,ar1_snr0.5,level_3s,level,,0.5,0.95,raw_cusum,1,291.0,521.1475733150002,103.19232082036218,200113
114,ar1_snr0.5,level_3s,level,,0.5,0.95,lsc_kalman_cusum,1,332.0,28.070874201781294,22.14512826431865,200114
114,ar1_snr0.5,level_3s,level,,0.5,0.95,raw_cusum,1,322.0,369.8254208792766,103.19232082036218,200114
115,ar1_snr0.5,level_3s,level,,0.5,0.95,lsc_kalman_cusum,1,277.0,230.5575260642051,22.14512826431865,200115
115,ar1_snr0.5,level_3s,level,,0.5,0.95,raw_cusum,1,334.0,384.23322116151155,103.19232082036218,200115
116,ar1_snr0.5,level_3s,level,,0.5,0.95,lsc_kalman_cusum,0,,8.464268795592822,22.14512826431865,200116
116,ar1_snr0.5,level_3s,level,,0.5,0.95,raw_cusum,1,376.0,221.43846019839802,103.19232082036218,200116
117,ar1_snr0.5,level_3s,level,,0.5,0.95,lsc_kalman_cusum,1,464.0,33.11890861443479,22.14512826431865,200117
117,ar1_snr0.5,level_3s,level,,0.5,0.95,raw_cusum,1,353.0,277.9992559450984,103.19232082036218,200117
118,ar1_snr0.5,level_3s,level,,0.5,0.95,lsc_kalman_cusum,1,351.0,33.29897589293088,22.14512826431865,200118
118,ar1_snr0.5,level_3s,level,,0.5,0.95,raw_cusum,1,278.0,410.02030665882324,103.19232082036218,200118
119,ar1_snr0.5,level_3s,level,,0.5,0.95,lsc_kalman_cusum,1,324.0,56.704538734589605,22.14512826431865,200119
119,ar1_snr0.5,level_3s,level,,0.5,0.95,raw_cusum,1,294.0,448.2418602727487,103.19232082036218,200119
120,ar1_snr0.5,level_3s,level,,0.5,0.95,lsc_kalman_cusum,1,376.0,28.116477955986685,22.14512826431865,200120
120,ar1_snr0.5,level_3s,level,,0.5,0.95,raw_cusum,1,337.0,315.7577770257032,103.19232082036218,200120
121,ar1_snr0.5,level_3s,level,,0.5,0.95,lsc_kalman_cusum,1,389.0,29.314328803520247,22.14512826431865,200121
121,ar1_snr0.5,level_3s,level,,0.5,0.95,raw_cusum,1,364.0,264.56802096970694,103.19232082036218,200121
122,ar1_snr0.5,level_3s,level,,0.5,0.95,lsc_kalman_cusum,0,,10.878851995432928,22.14512826431865,200122
122,ar1_snr0.5,level_3s,level,,0.5,0.95,raw_cusum,1,274.0,454.5218626112351,103.19232082036218,200122
123,ar1_snr0.5,level_3s,level,,0.5,0.95,lsc_kalman_cusum,0,,10.39375916514859,22.14512826431865,200123
123,ar1_snr0.5,level_3s,level,,0.5,0.95,raw_cusum,1,316.0,413.7367384545578,103.19232082036218,200123
124,ar1_snr0.5,level_3s,level,,0.5,0.95,lsc_kalman_cusum,0,,14.852093014449922,22.14512826431865,200124
124,ar1_snr0.5,level_3s,level,,0.5,0.95,raw_cusum,1,318.0,394.93355793689807,103.19232082036218,200124
125,ar1_snr0.5,level_3s,level,,0.5,0.95,lsc_kalman_cusum,1,269.0,200.45631215456245,22.14512826431865,200125
125,ar1_snr0.5,level_3s,level,,0.5,0.95,raw_cusum,1,320.0,308.7792879480516,103.19232082036218,200125
126,ar1_snr0.5,level_3s,level,,0.5,0.95,lsc_kalman_cusum,1,303.0,24.08046947068448,22.14512826431865,200126
126,ar1_snr0.5,level_3s,level,,0.5,0.95,raw_cusum,1,298.0,535.4449448149779,103.19232082036218,200126
127,ar1_snr0.5,level_3s,level,,0.5,0.95,lsc_kalman_cusum,0,,10.328606602554219,22.14512826431865,200127
127,ar1_snr0.5,level_3s,level,,0.5,0.95,raw_cusum,1,301.0,470.6432457752239,103.19232082036218,200127
128,ar1_snr0.5,level_3s,level,,0.5,0.95,lsc_kalman_cusum,0,,14.74679734540602,22.14512826431865,200128
128,ar1_snr0.5,level_3s,level,,0.5,0.95,raw_cusum,1,310.0,229.18270888914864,103.19232082036218,200128
129,ar1_snr0.5,level_3s,level,,0.5,0.95,lsc_kalman_cusum,0,245.0,143.42628936313332,22.14512826431865,200129
129,ar1_snr0.5,level_3s,level,,0.5,0.95,raw_cusum,1,294.0,492.94249731954545,103.19232082036218,200129
130,ar1_snr0.5,level_3s,level,,0.5,0.95,lsc_kalman_cusum,1,386.0,48.96453091957929,22.14512826431865,200130
130,ar1_snr0.5,level_3s,level,,0.5,0.95,raw_cusum,1,369.0,261.97779508086563,103.19232082036218,200130
131,ar1_snr0.5,level_3s,level,,0.5,0.95,lsc_kalman_cusum,1,279.0,91.28626167357339,22.14512826431865,200131
131,ar1_snr0.5,level_3s,level,,0.5,0.95,raw_cusum,1,322.0,349.8036071426478,103.19232082036218,200131
132,ar1_snr0.5,level_3s,level,,0.5,0.95,lsc_kalman_cusum,1,282.0,174.88857310843224,22.14512826431865,200132
132,ar1_snr0.5,level_3s,level,,0.5,0.95,raw_cusum,1,326.0,388.6460335306709,103.19232082036218,200132
133,ar1_snr0.5,level_3s,level,,0.5,0.95,lsc_kalman_cusum,0,,4.449822327979483,22.14512826431865,200133
133,ar1_snr0.5,level_3s,level,,0.5,0.95,raw_cusum,1,448.0,159.60266027861863,103.19232082036218,200133
134,ar1_snr0.5,level_3s,level,,0.5,0.95,lsc_kalman_cusum,1,299.0,112.33483799165684,22.14512826431865,200134
134,ar1_snr0.5,level_3s,level,,0.5,0.95,raw_cusum,1,315.0,460.16330160531044,103.19232082036218,200134
135,ar1_snr0.5,level_3s,level,,0.5,0.95,lsc_kalman_cusum,1,262.0,347.04578159232875,22.14512826431865,200135
135,ar1_snr0.5,level_3s,level,,0.5,0.95,raw_cusum,1,321.0,321.03593680134423,103.19232082036218,200135
136,ar1_snr0.5,level_3s,level,,0.5,0.95,lsc_kalman_cusum,1,317.0,117.23025096594404,22.14512826431865,200136
136,ar1_snr0.5,level_3s,level,,0.5,0.95,raw_cusum,1,365.0,323.8063141398793,103.19232082036218,200136
137,ar1_snr0.5,level_3s,level,,0.5,0.95,lsc_kalman_cusum,1,299.0,100.51817262478937,22.14512826431865,200137
137,ar1_snr0.5,level_3s,level,,0.5,0.95,raw_cusum,1,313.0,401.3248117719064,103.19232082036218,200137
138,ar1_snr0.5,level_3s,level,,0.5,0.95,lsc_kalman_cusum,1,443.0,22.310922681240974,22.14512826431865,200138
138,ar1_snr0.5,level_3s,level,,0.5,0.95,raw_cusum,1,347.0,239.3418174144185,103.19232082036218,200138
139,ar1_snr0.5,level_3s,level,,0.5,0.95,lsc_kalman_cusum,1,290.0,57.23472633606636,22.14512826431865,200139
139,ar1_snr0.5,level_3s,level,,0.5,0.95,raw_cusum,1,330.0,293.04507767066787,103.19232082036218,200139
140,ar1_snr0.5,level_3s,level,,0.5,0.95,lsc_kalman_cusum,1,290.0,89.75722508381173,22.14512826431865,200140
140,ar1_snr0.5,level_3s,level,,0.5,0.95,raw_cusum,1,311.0,369.98957397935555,103.19232082036218,200140
141,ar1_snr0.5,level_3s,level,,0.5,0.95,lsc_kalman_cusum,1,403.0,22.66412551654638,22.14512826431865,200141
141,ar1_snr0.5,level_3s,level,,0.5,0.95,raw_cusum,1,386.0,197.93095731871503,103.19232082036218,200141
142,ar1_snr0.5,level_3s,level,,0.5,0.95,lsc_kalman_cusum,1,290.0,28.079713311950496,22.14512826431865,200142
142,ar1_snr0.5,level_3s,level,,0.5,0.95,raw_cusum,1,342.0,205.9322041805355,103.19232082036218,200142
143,ar1_snr0.5,level_3s,level,,0.5,0.95,lsc_kalman_cusum,1,435.0,50.62950133063813,22.14512826431865,200143
143,ar1_snr0.5,level_3s,level,,0.5,0.95,raw_cusum,1,388.0,314.04212065447837,103.19232082036218,200143
144,ar1_snr0.5,level_3s,level,,0.5,0.95,lsc_kalman_cusum,1,317.0,22.938003792573184,22.14512826431865,200144
144,ar1_snr0.5,level_3s,level,,0.5,0.95,raw_cusum,1,272.0,364.7522037506818,103.19232082036218,200144
145,ar1_snr0.5,level_3s,level,,0.5,0.95,lsc_kalman_cusum,0,,14.878422134399347,22.14512826431865,200145
145,ar1_snr0.5,level_3s,level,,0.5,0.95,raw_cusum,1,380.0,204.87771829848992,103.19232082036218,200145
146,ar1_snr0.5,level_3s,level,,0.5,0.95,lsc_kalman_cusum,1,272.0,63.37207915622881,22.14512826431865,200146
146,ar1_snr0.5,level_3s,level,,0.5,0.95,raw_cusum,1,297.0,420.3447238745189,103.19232082036218,200146
147,ar1_snr0.5,level_3s,level,,0.5,0.95,lsc_kalman_cusum,1,270.0,151.98286172207602,22.14512826431865,200147
147,ar1_snr0.5,level_3s,level,,0.5,0.95,raw_cusum,1,300.0,338.46033306297653,103.19232082036218,200147
148,ar1_snr0.5,level_3s,level,,0.5,0.95,lsc_kalman_cusum,0,,8.689756113294816,22.14512826431865,200148
148,ar1_snr0.5,level_3s,level,,0.5,0.95,raw_cusum,1,384.0,222.18626252485794,103.19232082036218,200148
149,ar1_snr0.5,level_3s,level,,0.5,0.95,lsc_kalman_cusum,0,,11.05712709160856,22.14512826431865,200149
149,ar1_snr0.5,level_3s,level,,0.5,0.95,raw_cusum,1,260.0,526.6121928227576,103.19232082036218,200149
150,ar1_snr0.5,level_3s,level,,0.5,0.95,lsc_kalman_cusum,0,,10.481021935354775,22.14512826431865,200150
150,ar1_snr0.5,level_3s,level,,0.5,0.95,raw_cusum,1,324.0,353.64046522656855,103.19232082036218,200150
151,ar1_snr0.5,level_3s,level,,0.5,0.95,lsc_kalman_cusum,1,302.0,47.89339618352199,22.14512826431865,200151
151,ar1_snr0.5,level_3s,level,,0.5,0.95,raw_cusum,1,321.0,299.88304919092917,103.19232082036218,200151
152,ar1_snr0.5,level_3s,level,,0.5,0.95,lsc_kalman_cusum,1,324.0,38.224024663327256,22.14512826431865,200152
152,ar1_snr0.5,level_3s,level,,0.5,0.95,raw_cusum,1,313.0,500.763278611146,103.19232082036218,200152
153,ar1_snr0.5,level_3s,level,,0.5,0.95,lsc_kalman_cusum,1,269.0,173.76709702097958,22.14512826431865,200153
153,ar1_snr0.5,level_3s,level,,0.5,0.95,raw_cusum,1,295.0,546.2182277968232,103.19232082036218,200153
154,ar1_snr0.5,level_3s,level,,0.5,0.95,lsc_kalman_cusum,1,259.0,120.38848626346524,22.14512826431865,200154
154,ar1_snr0.5,level_3s,level,,0.5,0.95,raw_cusum,1,298.0,379.43814549485006,103.19232082036218,200154
155,ar1_snr0.5,level_3s,level,,0.5,0.95,lsc_kalman_cusum,1,293.0,46.07334907741149,22.14512826431865,200155
155,ar1_snr0.5,level_3s,level,,0.5,0.95,raw_cusum,1,305.0,313.77883068382204,103.19232082036218,200155
156,ar1_snr0.5,level_3s,level,,0.5,0.95,lsc_kalman_cusum,0,,17.067568441725502,22.14512826431865,200156
156,ar1_snr0.5,level_3s,level,,0.5,0.95,raw_cusum,1,378.0,218.6216021470632,103.19232082036218,200156
157,ar1_snr0.5,level_3s,level,,0.5,0.95,lsc_kalman_cusum,0,,6.515940770931118,22.14512826431865,200157
157,ar1_snr0.5,level_3s,level,,0.5,0.95,raw_cusum,1,370.0,246.13065709997937,103.19232082036218,200157
158,ar1_snr0.5,level_3s,level,,0.5,0.95,lsc_kalman_cusum,1,261.0,51.14869561820827,22.14512826431865,200158
158,ar1_snr0.5,level_3s,level,,0.5,0.95,raw_cusum,1,280.0,466.07746574437687,103.19232082036218,200158
159,ar1_snr0.5,level_3s,level,,0.5,0.95,lsc_kalman_cusum,0,,5.169363613900287,22.14512826431865,200159
159,ar1_snr0.5,level_3s,level,,0.5,0.95,raw_cusum,1,339.0,281.8985388584572,103.19232082036218,200159
160,ar1_snr0.5,level_3s,level,,0.5,0.95,lsc_kalman_cusum,1,287.0,149.81032145338625,22.14512826431865,200160
160,ar1_snr0.5,level_3s,level,,0.5,0.95,raw_cusum,1,312.0,357.8192230254533,103.19232082036218,200160
161,ar1_snr0.5,level_3s,level,,0.5,0.95,lsc_kalman_cusum,1,362.0,24.57665553240534,22.14512826431865,200161
161,ar1_snr0.5,level_3s,level,,0.5,0.95,raw_cusum,1,336.0,259.9129944438208,103.19232082036218,200161
162,ar1_snr0.5,level_3s,level,,0.5,0.95,lsc_kalman_cusum,1,253.0,218.75430720899539,22.14512826431865,200162
162,ar1_snr0.5,level_3s,level,,0.5,0.95,raw_cusum,1,281.0,398.195389465552,103.19232082036218,200162
163,ar1_snr0.5,level_3s,level,,0.5,0.95,lsc_kalman_cusum,1,277.0,169.56680866493681,22.14512826431865,200163
163,ar1_snr0.5,level_3s,level,,0.5,0.95,raw_cusum,1,312.0,419.228137460555,103.19232082036218,200163
164,ar1_snr0.5,level_3s,level,,0.5,0.95,lsc_kalman_cusum,1,296.0,104.06722693652613,22.14512826431865,200164
164,ar1_snr0.5,level_3s,level,,0.5,0.95,raw_cusum,1,303.0,489.46157446490713,103.19232082036218,200164
165,ar1_snr0.5,level_3s,level,,0.5,0.95,lsc_kalman_cusum,0,,6.572550774261141,22.14512826431865,200165
165,ar1_snr0.5,level_3s,level,,0.5,0.95,raw_cusum,1,359.0,280.0727312796392,103.19232082036218,200165
166,ar1_snr0.5,level_3s,level,,0.5,0.95,lsc_kalman_cusum,0,,19.603537744597883,22.14512826431865,200166
166,ar1_snr0.5,level_3s,level,,0.5,0.95,raw_cusum,1,318.0,353.78041947388664,103.19232082036218,200166
167,ar1_snr0.5,level_3s,level,,0.5,0.95,lsc_kalman_cusum,1,490.0,27.550626245628443,22.14512826431865,200167
167,ar1_snr0.5,level_3s,level,,0.5,0.95,raw_cusum,1,350.0,274.1419601726604,103.19232082036218,200167
168,ar1_snr0.5,level_3s,level,,0.5,0.95,lsc_kalman_cusum,0,,16.26308805896889,22.14512826431865,200168
168,ar1_snr0.5,level_3s,level,,0.5,0.95,raw_cusum,1,347.0,346.20916512334094,103.19232082036218,200168
169,ar1_snr0.5,level_3s,level,,0.5,0.95,lsc_kalman_cusum,1,457.0,26.964607380525003,22.14512826431865,200169
169,ar1_snr0.5,level_3s,level,,0.5,0.95,raw_cusum,1,322.0,476.386979909353,103.19232082036218,200169
170,ar1_snr0.5,level_3s,level,,0.5,0.95,lsc_kalman_cusum,0,,20.16815670510699,22.14512826431865,200170
170,ar1_snr0.5,level_3s,level,,0.5,0.95,raw_cusum,1,318.0,344.26512937654076,103.19232082036218,200170
171,ar1_snr0.5,level_3s,level,,0.5,0.95,lsc_kalman_cusum,1,308.0,50.03607143990055,22.14512826431865,200171
171,ar1_snr0.5,level_3s,level,,0.5,0.95,raw_cusum,1,318.0,296.9618679581704,103.19232082036218,200171
172,ar1_snr0.5,level_3s,level,,0.5,0.95,lsc_kalman_cusum,1,301.0,30.20876477728661,22.14512826431865,200172
172,ar1_snr0.5,level_3s,level,,0.5,0.95,raw_cusum,1,274.0,510.23532896670827,103.19232082036218,200172
173,ar1_snr0.5,level_3s,level,,0.5,0.95,lsc_kalman_cusum,1,360.0,27.651434022837513,22.14512826431865,200173
173,ar1_snr0.5,level_3s,level,,0.5,0.95,raw_cusum,1,298.0,468.969274224262,103.19232082036218,200173
174,ar1_snr0.5,level_3s,level,,0.5,0.95,lsc_kalman_cusum,1,350.0,75.37146984815962,22.14512826431865,200174
174,ar1_snr0.5,level_3s,level,,0.5,0.95,raw_cusum,1,351.0,324.97661745926183,103.19232082036218,200174
175,ar1_snr0.5,level_3s,level,,0.5,0.95,lsc_kalman_cusum,1,269.0,202.17659772606973,22.14512826431865,200175
175,ar1_snr0.5,level_3s,level,,0.5,0.95,raw_cusum,1,374.0,238.85060274934276,103.19232082036218,200175
176,ar1_snr0.5,level_3s,level,,0.5,0.95,lsc_kalman_cusum,0,,6.8330847523405245,22.14512826431865,200176
176,ar1_snr0.5,level_3s,level,,0.5,0.95,raw_cusum,1,374.0,164.30320201006478,103.19232082036218,200176
177,ar1_snr0.5,level_3s,level,,0.5,0.95,lsc_kalman_cusum,1,293.0,208.89980819309423,22.14512826431865,200177
177,ar1_snr0.5,level_3s,level,,0.5,0.95,raw_cusum,1,365.0,326.97700522110364,103.19232082036218,200177
178,ar1_snr0.5,level_3s,level,,0.5,0.95,lsc_kalman_cusum,0,,8.047569917702559,22.14512826431865,200178
178,ar1_snr0.5,level_3s,level,,0.5,0.95,raw_cusum,1,404.0,190.3519181187957,103.19232082036218,200178
179,ar1_snr0.5,level_3s,level,,0.5,0.95,lsc_kalman_cusum,0,,5.474070442567106,22.14512826431865,200179
179,ar1_snr0.5,level_3s,level,,0.5,0.95,raw_cusum,1,393.0,260.0645348941707,103.19232082036218,200179
180,ar1_snr0.5,level_3s,level,,0.5,0.95,lsc_kalman_cusum,1,345.0,186.3439538640976,22.14512826431865,200180
180,ar1_snr0.5,level_3s,level,,0.5,0.95,raw_cusum,1,416.0,255.91859160480527,103.19232082036218,200180
181,ar1_snr0.5,level_3s,level,,0.5,0.95,lsc_kalman_cusum,1,290.0,22.761722514829163,22.14512826431865,200181
181,ar1_snr0.5,level_3s,level,,0.5,0.95,raw_cusum,1,287.0,429.92554975269553,103.19232082036218,200181
182,ar1_snr0.5,level_3s,level,,0.5,0.95,lsc_kalman_cusum,1,300.0,120.38331041083715,22.14512826431865,200182
182,ar1_snr0.5,level_3s,level,,0.5,0.95,raw_cusum,1,319.0,333.43099663587697,103.19232082036218,200182
183,ar1_snr0.5,level_3s,level,,0.5,0.95,lsc_kalman_cusum,1,372.0,82.29122594271627,22.14512826431865,200183
183,ar1_snr0.5,level_3s,level,,0.5,0.95,raw_cusum,1,340.0,356.0638150576416,103.19232082036218,200183
184,ar1_snr0.5,level_3s,level,,0.5,0.95,lsc_kalman_cusum,1,313.0,25.35882638465422,22.14512826431865,200184
184,ar1_snr0.5,level_3s,level,,0.5,0.95,raw_cusum,1,282.0,448.0220939701626,103.19232082036218,200184
185,ar1_snr0.5,level_3s,level,,0.5,0.95,lsc_kalman_cusum,1,340.0,98.58025654119632,22.14512826431865,200185
185,ar1_snr0.5,level_3s,level,,0.5,0.95,raw_cusum,1,341.0,400.66481497592486,103.19232082036218,200185
186,ar1_snr0.5,level_3s,level,,0.5,0.95,lsc_kalman_cusum,1,390.0,37.74965620067986,22.14512826431865,200186
186,ar1_snr0.5,level_3s,level,,0.5,0.95,raw_cusum,1,322.0,408.1132791962061,103.19232082036218,200186
187,ar1_snr0.5,level_3s,level,,0.5,0.95,lsc_kalman_cusum,1,255.0,355.35659071776195,22.14512826431865,200187
187,ar1_snr0.5,level_3s,level,,0.5,0.95,raw_cusum,1,291.0,414.7542577597379,103.19232082036218,200187
188,ar1_snr0.5,level_3s,level,,0.5,0.95,lsc_kalman_cusum,1,346.0,36.13468903511239,22.14512826431865,200188
188,ar1_snr0.5,level_3s,level,,0.5,0.95,raw_cusum,1,356.0,200.4669533734572,103.19232082036218,200188
189,ar1_snr0.5,level_3s,level,,0.5,0.95,lsc_kalman_cusum,1,303.0,62.37147738010191,22.14512826431865,200189
189,ar1_snr0.5,level_3s,level,,0.5,0.95,raw_cusum,1,321.0,303.0270527151741,103.19232082036218,200189
190,ar1_snr0.5,level_3s,level,,0.5,0.95,lsc_kalman_cusum,1,265.0,34.81019774912153,22.14512826431865,200190
190,ar1_snr0.5,level_3s,level,,0.5,0.95,raw_cusum,1,294.0,431.45974055541063,103.19232082036218,200190
191,ar1_snr0.5,level_3s,level,,0.5,0.95,lsc_kalman_cusum,0,,11.9365557053946,22.14512826431865,200191
191,ar1_snr0.5,level_3s,level,,0.5,0.95,raw_cusum,1,325.0,260.07997108604184,103.19232082036218,200191
192,ar1_snr0.5,level_3s,level,,0.5,0.95,lsc_kalman_cusum,1,270.0,229.32830629052677,22.14512826431865,200192
192,ar1_snr0.5,level_3s,level,,0.5,0.95,raw_cusum,1,299.0,493.72633309147983,103.19232082036218,200192
193,ar1_snr0.5,level_3s,level,,0.5,0.95,lsc_kalman_cusum,0,,13.630986926228136,22.14512826431865,200193
193,ar1_snr0.5,level_3s,level,,0.5,0.95,raw_cusum,1,284.0,462.9799334403525,103.19232082036218,200193
194,ar1_snr0.5,level_3s,level,,0.5,0.95,lsc_kalman_cusum,1,284.0,24.16126088106209,22.14512826431865,200194
194,ar1_snr0.5,level_3s,level,,0.5,0.95,raw_cusum,1,318.0,413.4730632610808,103.19232082036218,200194
195,ar1_snr0.5,level_3s,level,,0.5,0.95,lsc_kalman_cusum,0,,6.365731235199103,22.14512826431865,200195
195,ar1_snr0.5,level_3s,level,,0.5,0.95,raw_cusum,1,360.0,288.18071325591416,103.19232082036218,200195
196,ar1_snr0.5,level_3s,level,,0.5,0.95,lsc_kalman_cusum,1,257.0,195.88214381878333,22.14512826431865,200196
196,ar1_snr0.5,level_3s,level,,0.5,0.95,raw_cusum,1,286.0,364.01309505554923,103.19232082036218,200196
197,ar1_snr0.5,level_3s,level,,0.5,0.95,lsc_kalman_cusum,0,,4.510063744455705,22.14512826431865,200197
197,ar1_snr0.5,level_3s,level,,0.5,0.95,raw_cusum,1,331.0,319.67988341283217,103.19232082036218,200197
198,ar1_snr0.5,level_3s,level,,0.5,0.95,lsc_kalman_cusum,0,,11.743127298965657,22.14512826431865,200198
198,ar1_snr0.5,level_3s,level,,0.5,0.95,raw_cusum,1,320.0,181.1708469242938,103.19232082036218,200198
199,ar1_snr0.5,level_3s,level,,0.5,0.95,lsc_kalman_cusum,1,301.0,117.48218045001127,22.14512826431865,200199
199,ar1_snr0.5,level_3s,level,,0.5,0.95,raw_cusum,1,321.0,419.36651512159966,103.19232082036218,200199
200,ar1_snr0.5,level_3s,level,,0.5,0.95,lsc_kalman_cusum,0,,10.361463146214385,22.14512826431865,200200
200,ar1_snr0.5,level_3s,level,,0.5,0.95,raw_cusum,1,281.0,499.9838097849074,103.19232082036218,200200
201,ar1_snr0.5,level_3s,level,,0.5,0.95,lsc_kalman_cusum,1,353.0,79.07359745501587,22.14512826431865,200201
201,ar1_snr0.5,level_3s,level,,0.5,0.95,raw_cusum,1,336.0,383.91967507127674,103.19232082036218,200201
202,ar1_snr0.5,level_3s,level,,0.5,0.95,lsc_kalman_cusum,1,351.0,91.20639608808322,22.14512826431865,200202
202,ar1_snr0.5,level_3s,level,,0.5,0.95,raw_cusum,1,343.0,433.3300000076988,103.19232082036218,200202
203,ar1_snr0.5,level_3s,level,,0.5,0.95,lsc_kalman_cusum,0,,7.933411937112764,22.14512826431865,200203
203,ar1_snr0.5,level_3s,level,,0.5,0.95,raw_cusum,1,308.0,284.49041891188074,103.19232082036218,200203
204,ar1_snr0.5,level_3s,level,,0.5,0.95,lsc_kalman_cusum,0,,8.65666839332689,22.14512826431865,200204
204,ar1_snr0.5,level_3s,level,,0.5,0.95,raw_cusum,1,309.0,377.70620842809996,103.19232082036218,200204
205,ar1_snr0.5,level_3s,level,,0.5,0.95,lsc_kalman_cusum,1,285.0,80.69441132015903,22.14512826431865,200205
205,ar1_snr0.5,level_3s,level,,0.5,0.95,raw_cusum,1,297.0,380.937744956483,103.19232082036218,200205
206,ar1_snr0.5,level_3s,level,,0.5,0.95,lsc_kalman_cusum,0,,6.6225772062099715,22.14512826431865,200206
206,ar1_snr0.5,level_3s,level,,0.5,0.95,raw_cusum,0,,70.26014818834935,103.19232082036218,200206
207,ar1_snr0.5,level_3s,level,,0.5,0.95,lsc_kalman_cusum,0,,5.116131358724129,22.14512826431865,200207
207,ar1_snr0.5,level_3s,level,,0.5,0.95,raw_cusum,1,439.0,161.46782721377036,103.19232082036218,200207
208,ar1_snr0.5,level_3s,level,,0.5,0.95,lsc_kalman_cusum,1,300.0,75.51714188003639,22.14512826431865,200208
208,ar1_snr0.5,level_3s,level,,0.5,0.95,raw_cusum,1,303.0,422.2737913708725,103.19232082036218,200208
209,ar1_snr0.5,level_3s,level,,0.5,0.95,lsc_kalman_cusum,0,,20.25791727455502,22.14512826431865,200209
209,ar1_snr0.5,level_3s,level,,0.5,0.95,raw_cusum,1,317.0,411.35102388085744,103.19232082036218,200209
210,ar1_snr0.5,level_3s,level,,0.5,0.95,lsc_kalman_cusum,1,344.0,62.71065647326711,22.14512826431865,200210
210,ar1_snr0.5,level_3s,level,,0.5,0.95,raw_cusum,1,344.0,295.8095548868744,103.19232082036218,200210
211,ar1_snr0.5,level_3s,level,,0.5,0.95,lsc_kalman_cusum,0,,10.849812435693767,22.14512826431865,200211
211,ar1_snr0.5,level_3s,level,,0.5,0.95,raw_cusum,1,323.0,259.3488497186402,103.19232082036218,200211
212,ar1_snr0.5,level_3s,level,,0.5,0.95,lsc_kalman_cusum,0,,9.109891968385028,22.14512826431865,200212
212,ar1_snr0.5,level_3s,level,,0.5,0.95,raw_cusum,1,336.0,298.4971509119713,103.19232082036218,200212
213,ar1_snr0.5,level_3s,level,,0.5,0.95,lsc_kalman_cusum,1,284.0,43.456994430534124,22.14512826431865,200213
213,ar1_snr0.5,level_3s,level,,0.5,0.95,raw_cusum,1,313.0,289.0499367569072,103.19232082036218,200213
214,ar1_snr0.5,level_3s,level,,0.5,0.95,lsc_kalman_cusum,1,386.0,40.88174016101163,22.14512826431865,200214
214,ar1_snr0.5,level_3s,level,,0.5,0.95,raw_cusum,1,370.0,268.4680279816477,103.19232082036218,200214
215,ar1_snr0.5,level_3s,level,,0.5,0.95,lsc_kalman_cusum,1,261.0,336.1753045698818,22.14512826431865,200215
215,ar1_snr0.5,level_3s,level,,0.5,0.95,raw_cusum,1,288.0,441.057254486615,103.19232082036218,200215
216,ar1_snr0.5,level_3s,level,,0.5,0.95,lsc_kalman_cusum,0,,5.863809726136671,22.14512826431865,200216
216,ar1_snr0.5,level_3s,level,,0.5,0.95,raw_cusum,1,445.0,117.14912569508591,103.19232082036218,200216
217,ar1_snr0.5,level_3s,level,,0.5,0.95,lsc_kalman_cusum,1,491.0,23.745636129534905,22.14512826431865,200217
217,ar1_snr0.5,level_3s,level,,0.5,0.95,raw_cusum,1,378.0,305.56722357562154,103.19232082036218,200217
218,ar1_snr0.5,level_3s,level,,0.5,0.95,lsc_kalman_cusum,0,,7.987902883990959,22.14512826431865,200218
218,ar1_snr0.5,level_3s,level,,0.5,0.95,raw_cusum,1,452.0,161.61450522654394,103.19232082036218,200218
219,ar1_snr0.5,level_3s,level,,0.5,0.95,lsc_kalman_cusum,1,325.0,34.84070090846155,22.14512826431865,200219
219,ar1_snr0.5,level_3s,level,,0.5,0.95,raw_cusum,1,322.0,329.7597832172674,103.19232082036218,200219
220,ar1_snr0.5,level_3s,level,,0.5,0.95,lsc_kalman_cusum,1,307.0,43.35011106720671,22.14512826431865,200220
220,ar1_snr0.5,level_3s,level,,0.5,0.95,raw_cusum,1,342.0,351.5090268765418,103.19232082036218,200220
221,ar1_snr0.5,level_3s,level,,0.5,0.95,lsc_kalman_cusum,1,315.0,35.62135177836231,22.14512826431865,200221
221,ar1_snr0.5,level_3s,level,,0.5,0.95,raw_cusum,1,333.0,256.37110415017,103.19232082036218,200221
222,ar1_snr0.5,level_3s,level,,0.5,0.95,lsc_kalman_cusum,0,,19.273826049013792,22.14512826431865,200222
222,ar1_snr0.5,level_3s,level,,0.5,0.95,raw_cusum,1,284.0,557.6527853255211,103.19232082036218,200222
223,ar1_snr0.5,level_3s,level,,0.5,0.95,lsc_kalman_cusum,1,369.0,45.41877450830772,22.14512826431865,200223
223,ar1_snr0.5,level_3s,level,,0.5,0.95,raw_cusum,1,334.0,344.27519479142813,103.19232082036218,200223
224,ar1_snr0.5,level_3s,level,,0.5,0.95,lsc_kalman_cusum,1,385.0,56.97513270260897,22.14512826431865,200224
224,ar1_snr0.5,level_3s,level,,0.5,0.95,raw_cusum,1,312.0,358.82081190619795,103.19232082036218,200224
225,ar1_snr0.5,level_3s,level,,0.5,0.95,lsc_kalman_cusum,1,349.0,86.21897415133284,22.14512826431865,200225
225,ar1_snr0.5,level_3s,level,,0.5,0.95,raw_cusum,1,366.0,307.93424370036195,103.19232082036218,200225
226,ar1_snr0.5,level_3s,level,,0.5,0.95,lsc_kalman_cusum,0,,9.638800397881846,22.14512826431865,200226
226,ar1_snr0.5,level_3s,level,,0.5,0.95,raw_cusum,1,333.0,270.4408139266611,103.19232082036218,200226
227,ar1_snr0.5,level_3s,level,,0.5,0.95,lsc_kalman_cusum,1,336.0,66.62338756271798,22.14512826431865,200227
227,ar1_snr0.5,level_3s,level,,0.5,0.95,raw_cusum,1,378.0,240.67722086028547,103.19232082036218,200227
228,ar1_snr0.5,level_3s,level,,0.5,0.95,lsc_kalman_cusum,1,261.0,172.81427212257856,22.14512826431865,200228
228,ar1_snr0.5,level_3s,level,,0.5,0.95,raw_cusum,1,333.0,288.10719567328465,103.19232082036218,200228
229,ar1_snr0.5,level_3s,level,,0.5,0.95,lsc_kalman_cusum,0,,11.95045607077557,22.14512826431865,200229
229,ar1_snr0.5,level_3s,level,,0.5,0.95,raw_cusum,1,356.0,282.89950135480825,103.19232082036218,200229
230,ar1_snr0.5,level_3s,level,,0.5,0.95,lsc_kalman_cusum,1,309.0,84.92645440591599,22.14512826431865,200230
230,ar1_snr0.5,level_3s,level,,0.5,0.95,raw_cusum,1,325.0,411.2214783558327,103.19232082036218,200230
231,ar1_snr0.5,level_3s,level,,0.5,0.95,lsc_kalman_cusum,1,360.0,45.36204114263903,22.14512826431865,200231
231,ar1_snr0.5,level_3s,level,,0.5,0.95,raw_cusum,1,358.0,259.19181356143037,103.19232082036218,200231
232,ar1_snr0.5,level_3s,level,,0.5,0.95,lsc_kalman_cusum,0,,9.268578308801894,22.14512826431865,200232
232,ar1_snr0.5,level_3s,level,,0.5,0.95,raw_cusum,1,432.0,125.82952624927704,103.19232082036218,200232
233,ar1_snr0.5,level_3s,level,,0.5,0.95,lsc_kalman_cusum,1,474.0,33.91203541413629,22.14512826431865,200233
233,ar1_snr0.5,level_3s,level,,0.5,0.95,raw_cusum,1,399.0,241.65307404717663,103.19232082036218,200233
234,ar1_snr0.5,level_3s,level,,0.5,0.95,lsc_kalman_cusum,0,,8.731165528557995,22.14512826431865,200234
234,ar1_snr0.5,level_3s,level,,0.5,0.95,raw_cusum,1,328.0,260.7802108963246,103.19232082036218,200234
235,ar1_snr0.5,level_3s,level,,0.5,0.95,lsc_kalman_cusum,0,,10.57972790261917,22.14512826431865,200235
235,ar1_snr0.5,level_3s,level,,0.5,0.95,raw_cusum,1,292.0,434.8899012952717,103.19232082036218,200235
236,ar1_snr0.5,level_3s,level,,0.5,0.95,lsc_kalman_cusum,1,279.0,81.25241169499043,22.14512826431865,200236
236,ar1_snr0.5,level_3s,level,,0.5,0.95,raw_cusum,1,313.0,341.05952526516137,103.19232082036218,200236
237,ar1_snr0.5,level_3s,level,,0.5,0.95,lsc_kalman_cusum,1,273.0,188.77083896438992,22.14512826431865,200237
237,ar1_snr0.5,level_3s,level,,0.5,0.95,raw_cusum,1,334.0,418.96251431006715,103.19232082036218,200237
238,ar1_snr0.5,level_3s,level,,0.5,0.95,lsc_kalman_cusum,0,,10.95935845143036,22.14512826431865,200238
238,ar1_snr0.5,level_3s,level,,0.5,0.95,raw_cusum,1,330.0,319.19663312389827,103.19232082036218,200238
239,ar1_snr0.5,level_3s,level,,0.5,0.95,lsc_kalman_cusum,1,282.0,290.20820366755135,22.14512826431865,200239
239,ar1_snr0.5,level_3s,level,,0.5,0.95,raw_cusum,1,354.0,376.4916108715619,103.19232082036218,200239
240,ar1_snr0.5,level_3s,level,,0.5,0.95,lsc_kalman_cusum,0,,20.91046608345441,22.14512826431865,200240
240,ar1_snr0.5,level_3s,level,,0.5,0.95,raw_cusum,1,383.0,203.2792225117315,103.19232082036218,200240
241,ar1_snr0.5,level_3s,level,,0.5,0.95,lsc_kalman_cusum,0,,8.615351219678654,22.14512826431865,200241
241,ar1_snr0.5,level_3s,level,,0.5,0.95,raw_cusum,1,446.0,176.71408468420915,103.19232082036218,200241
242,ar1_snr0.5,level_3s,level,,0.5,0.95,lsc_kalman_cusum,1,299.0,46.094071960184536,22.14512826431865,200242
242,ar1_snr0.5,level_3s,level,,0.5,0.95,raw_cusum,1,338.0,310.77359725556465,103.19232082036218,200242
243,ar1_snr0.5,level_3s,level,,0.5,0.95,lsc_kalman_cusum,1,364.0,65.50861658487037,22.14512826431865,200243
243,ar1_snr0.5,level_3s,level,,0.5,0.95,raw_cusum,1,386.0,237.22952934217818,103.19232082036218,200243
244,ar1_snr0.5,level_3s,level,,0.5,0.95,lsc_kalman_cusum,1,362.0,25.479487711664763,22.14512826431865,200244
244,ar1_snr0.5,level_3s,level,,0.5,0.95,raw_cusum,1,325.0,281.373273088528,103.19232082036218,200244
245,ar1_snr0.5,level_3s,level,,0.5,0.95,lsc_kalman_cusum,1,271.0,130.90784968280946,22.14512826431865,200245
245,ar1_snr0.5,level_3s,level,,0.5,0.95,raw_cusum,1,333.0,304.79695593815046,103.19232082036218,200245
246,ar1_snr0.5,level_3s,level,,0.5,0.95,lsc_kalman_cusum,1,454.0,22.14684037703522,22.14512826431865,200246
246,ar1_snr0.5,level_3s,level,,0.5,0.95,raw_cusum,1,300.0,462.5792726147981,103.19232082036218,200246
247,ar1_snr0.5,level_3s,level,,0.5,0.95,lsc_kalman_cusum,1,483.0,25.553486576905904,22.14512826431865,200247
247,ar1_snr0.5,level_3s,level,,0.5,0.95,raw_cusum,1,337.0,305.247923577677,103.19232082036218,200247
248,ar1_snr0.5,level_3s,level,,0.5,0.95,lsc_kalman_cusum,1,300.0,89.19796188677417,22.14512826431865,200248
248,ar1_snr0.5,level_3s,level,,0.5,0.95,raw_cusum,1,306.0,427.78894470342465,103.19232082036218,200248
249,ar1_snr0.5,level_3s,level,,0.5,0.95,lsc_kalman_cusum,0,,17.462120904611208,22.14512826431865,200249
249,ar1_snr0.5,level_3s,level,,0.5,0.95,raw_cusum,1,361.0,266.54299400044715,103.19232082036218,200249
250,ar1_snr0.5,level_3s,level,,0.5,0.95,lsc_kalman_cusum,1,340.0,28.677955487576646,22.14512826431865,200250
250,ar1_snr0.5,level_3s,level,,0.5,0.95,raw_cusum,1,277.0,437.27675543788723,103.19232082036218,200250
251,ar1_snr0.5,level_3s,level,,0.5,0.95,lsc_kalman_cusum,0,188.0,248.6154090667659,22.14512826431865,200251
251,ar1_snr0.5,level_3s,level,,0.5,0.95,raw_cusum,1,259.0,474.0874879160148,103.19232082036218,200251
252,ar1_snr0.5,level_3s,level,,0.5,0.95,lsc_kalman_cusum,1,450.0,44.5580874343595,22.14512826431865,200252
252,ar1_snr0.5,level_3s,level,,0.5,0.95,raw_cusum,1,352.0,270.28313087116834,103.19232082036218,200252
253,ar1_snr0.5,level_3s,level,,0.5,0.95,lsc_kalman_cusum,0,,17.093485356829653,22.14512826431865,200253
253,ar1_snr0.5,level_3s,level,,0.5,0.95,raw_cusum,1,338.0,277.40507439290894,103.19232082036218,200253
254,ar1_snr0.5,level_3s,level,,0.5,0.95,lsc_kalman_cusum,1,323.0,46.09147611626622,22.14512826431865,200254
254,ar1_snr0.5,level_3s,level,,0.5,0.95,raw_cusum,1,330.0,263.57178897299576,103.19232082036218,200254
255,ar1_snr0.5,level_3s,level,,0.5,0.95,lsc_kalman_cusum,1,281.0,130.65562687106745,22.14512826431865,200255
255,ar1_snr0.5,level_3s,level,,0.5,0.95,raw_cusum,1,304.0,420.1485264976117,103.19232082036218,200255
256,ar1_snr0.5,level_3s,level,,0.5,0.95,lsc_kalman_cusum,0,,14.556615868126961,22.14512826431865,200256
256,ar1_snr0.5,level_3s,level,,0.5,0.95,raw_cusum,1,252.0,683.6406264386677,103.19232082036218,200256
257,ar1_snr0.5,level_3s,level,,0.5,0.95,lsc_kalman_cusum,0,,16.375896849558476,22.14512826431865,200257
257,ar1_snr0.5,level_3s,level,,0.5,0.95,raw_cusum,1,296.0,518.0069036840111,103.19232082036218,200257
258,ar1_snr0.5,level_3s,level,,0.5,0.95,lsc_kalman_cusum,0,,9.227131865012769,22.14512826431865,200258
258,ar1_snr0.5,level_3s,level,,0.5,0.95,raw_cusum,1,313.0,475.3630816029899,103.19232082036218,200258
259,ar1_snr0.5,level_3s,level,,0.5,0.95,lsc_kalman_cusum,1,311.0,45.30163596779841,22.14512826431865,200259
259,ar1_snr0.5,level_3s,level,,0.5,0.95,raw_cusum,1,332.0,254.65914557946834,103.19232082036218,200259
260,ar1_snr0.5,level_3s,level,,0.5,0.95,lsc_kalman_cusum,1,344.0,44.69745201264913,22.14512826431865,200260
260,ar1_snr0.5,level_3s,level,,0.5,0.95,raw_cusum,1,327.0,382.16324497972056,103.19232082036218,200260
261,ar1_snr0.5,level_3s,level,,0.5,0.95,lsc_kalman_cusum,0,,12.950996615972244,22.14512826431865,200261
261,ar1_snr0.5,level_3s,level,,0.5,0.95,raw_cusum,1,286.0,452.20873085015893,103.19232082036218,200261
262,ar1_snr0.5,level_3s,level,,0.5,0.95,lsc_kalman_cusum,0,,16.638086010784075,22.14512826431865,200262
262,ar1_snr0.5,level_3s,level,,0.5,0.95,raw_cusum,1,332.0,284.90076854802294,103.19232082036218,200262
263,ar1_snr0.5,level_3s,level,,0.5,0.95,lsc_kalman_cusum,0,,11.04228795881969,22.14512826431865,200263
263,ar1_snr0.5,level_3s,level,,0.5,0.95,raw_cusum,1,320.0,381.87423821307266,103.19232082036218,200263
264,ar1_snr0.5,level_3s,level,,0.5,0.95,lsc_kalman_cusum,0,,9.018941377006275,22.14512826431865,200264
264,ar1_snr0.5,level_3s,level,,0.5,0.95,raw_cusum,1,262.0,507.2787621954038,103.19232082036218,200264
265,ar1_snr0.5,level_3s,level,,0.5,0.95,lsc_kalman_cusum,0,,21.59972282882317,22.14512826431865,200265
265,ar1_snr0.5,level_3s,level,,0.5,0.95,raw_cusum,1,427.0,193.0691637647246,103.19232082036218,200265
266,ar1_snr0.5,level_3s,level,,0.5,0.95,lsc_kalman_cusum,0,,11.06903569014698,22.14512826431865,200266
266,ar1_snr0.5,level_3s,level,,0.5,0.95,raw_cusum,1,369.0,208.43582165528215,103.19232082036218,200266
267,ar1_snr0.5,level_3s,level,,0.5,0.95,lsc_kalman_cusum,1,290.0,83.84441420343931,22.14512826431865,200267
267,ar1_snr0.5,level_3s,level,,0.5,0.95,raw_cusum,1,310.0,334.62065023616844,103.19232082036218,200267
268,ar1_snr0.5,level_3s,level,,0.5,0.95,lsc_kalman_cusum,0,147.0,405.33770601519103,22.14512826431865,200268
268,ar1_snr0.5,level_3s,level,,0.5,0.95,raw_cusum,1,326.0,423.69866650877503,103.19232082036218,200268
269,ar1_snr0.5,level_3s,level,,0.5,0.95,lsc_kalman_cusum,0,,19.937341758313394,22.14512826431865,200269
269,ar1_snr0.5,level_3s,level,,0.5,0.95,raw_cusum,1,315.0,323.8392131517934,103.19232082036218,200269
270,ar1_snr0.5,level_3s,level,,0.5,0.95,lsc_kalman_cusum,1,323.0,59.92868448402194,22.14512826431865,200270
270,ar1_snr0.5,level_3s,level,,0.5,0.95,raw_cusum,1,298.0,401.58201567262074,103.19232082036218,200270
271,ar1_snr0.5,level_3s,level,,0.5,0.95,lsc_kalman_cusum,0,,13.524107585221593,22.14512826431865,200271
271,ar1_snr0.5,level_3s,level,,0.5,0.95,raw_cusum,1,432.0,184.73373405175903,103.19232082036218,200271
272,ar1_snr0.5,level_3s,level,,0.5,0.95,lsc_kalman_cusum,1,275.0,197.44205864542815,22.14512826431865,200272
272,ar1_snr0.5,level_3s,level,,0.5,0.95,raw_cusum,1,302.0,406.84654783337095,103.19232082036218,200272
273,ar1_snr0.5,level_3s,level,,0.5,0.95,lsc_kalman_cusum,0,,11.3521312733662,22.14512826431865,200273
273,ar1_snr0.5,level_3s,level,,0.5,0.95,raw_cusum,1,289.0,528.7722011714313,103.19232082036218,200273
274,ar1_snr0.5,level_3s,level,,0.5,0.95,lsc_kalman_cusum,0,,14.483961460258897,22.14512826431865,200274
274,ar1_snr0.5,level_3s,level,,0.5,0.95,raw_cusum,1,265.0,663.9286172408364,103.19232082036218,200274
275,ar1_snr0.5,level_3s,level,,0.5,0.95,lsc_kalman_cusum,1,295.0,157.08415251029965,22.14512826431865,200275
275,ar1_snr0.5,level_3s,level,,0.5,0.95,raw_cusum,1,351.0,299.45523623559137,103.19232082036218,200275
276,ar1_snr0.5,level_3s,level,,0.5,0.95,lsc_kalman_cusum,0,,20.307571031447214,22.14512826431865,200276
276,ar1_snr0.5,level_3s,level,,0.5,0.95,raw_cusum,1,432.0,171.81048468154836,103.19232082036218,200276
277,ar1_snr0.5,level_3s,level,,0.5,0.95,lsc_kalman_cusum,0,,15.703181331470205,22.14512826431865,200277
277,ar1_snr0.5,level_3s,level,,0.5,0.95,raw_cusum,1,317.0,263.3126234333114,103.19232082036218,200277
278,ar1_snr0.5,level_3s,level,,0.5,0.95,lsc_kalman_cusum,0,,17.031496190331925,22.14512826431865,200278
278,ar1_snr0.5,level_3s,level,,0.5,0.95,raw_cusum,1,387.0,263.1909380764995,103.19232082036218,200278
279,ar1_snr0.5,level_3s,level,,0.5,0.95,lsc_kalman_cusum,0,,5.329244388288647,22.14512826431865,200279
279,ar1_snr0.5,level_3s,level,,0.5,0.95,raw_cusum,1,276.0,483.4599273430878,103.19232082036218,200279
280,ar1_snr0.5,level_3s,level,,0.5,0.95,lsc_kalman_cusum,1,276.0,255.04233886351957,22.14512826431865,200280
280,ar1_snr0.5,level_3s,level,,0.5,0.95,raw_cusum,1,327.0,355.31929062054076,103.19232082036218,200280
281,ar1_snr0.5,level_3s,level,,0.5,0.95,lsc_kalman_cusum,1,280.0,78.17568528200702,22.14512826431865,200281
281,ar1_snr0.5,level_3s,level,,0.5,0.95,raw_cusum,1,310.0,361.9283473480257,103.19232082036218,200281
282,ar1_snr0.5,level_3s,level,,0.5,0.95,lsc_kalman_cusum,1,361.0,48.30782331240699,22.14512826431865,200282
282,ar1_snr0.5,level_3s,level,,0.5,0.95,raw_cusum,1,331.0,351.55206730017596,103.19232082036218,200282
283,ar1_snr0.5,level_3s,level,,0.5,0.95,lsc_kalman_cusum,0,,6.598156903615141,22.14512826431865,200283
283,ar1_snr0.5,level_3s,level,,0.5,0.95,raw_cusum,1,288.0,454.43003119677286,103.19232082036218,200283
284,ar1_snr0.5,level_3s,level,,0.5,0.95,lsc_kalman_cusum,1,261.0,226.49564162222057,22.14512826431865,200284
284,ar1_snr0.5,level_3s,level,,0.5,0.95,raw_cusum,1,306.0,402.28016684224394,103.19232082036218,200284
285,ar1_snr0.5,level_3s,level,,0.5,0.95,lsc_kalman_cusum,1,438.0,25.0632819481317,22.14512826431865,200285
285,ar1_snr0.5,level_3s,level,,0.5,0.95,raw_cusum,1,293.0,495.63910955148435,103.19232082036218,200285
286,ar1_snr0.5,level_3s,level,,0.5,0.95,lsc_kalman_cusum,0,,10.514641026466592,22.14512826431865,200286
286,ar1_snr0.5,level_3s,level,,0.5,0.95,raw_cusum,1,310.0,357.18991237875065,103.19232082036218,200286
287,ar1_snr0.5,level_3s,level,,0.5,0.95,lsc_kalman_cusum,1,452.0,30.545637867717527,22.14512826431865,200287
287,ar1_snr0.5,level_3s,level,,0.5,0.95,raw_cusum,1,399.0,253.01854214122685,103.19232082036218,200287
288,ar1_snr0.5,level_3s,level,,0.5,0.95,lsc_kalman_cusum,1,302.0,22.579283022615797,22.14512826431865,200288
288,ar1_snr0.5,level_3s,level,,0.5,0.95,raw_cusum,1,310.0,368.3025146359167,103.19232082036218,200288
289,ar1_snr0.5,level_3s,level,,0.5,0.95,lsc_kalman_cusum,1,371.0,32.26060853393034,22.14512826431865,200289
289,ar1_snr0.5,level_3s,level,,0.5,0.95,raw_cusum,1,366.0,206.24993277654693,103.19232082036218,200289
290,ar1_snr0.5,level_3s,level,,0.5,0.95,lsc_kalman_cusum,0,,16.558786421216414,22.14512826431865,200290
290,ar1_snr0.5,level_3s,level,,0.5,0.95,raw_cusum,1,301.0,471.92147508888115,103.19232082036218,200290
291,ar1_snr0.5,level_3s,level,,0.5,0.95,lsc_kalman_cusum,1,284.0,127.2262886836304,22.14512826431865,200291
291,ar1_snr0.5,level_3s,level,,0.5,0.95,raw_cusum,1,318.0,345.4594911288107,103.19232082036218,200291
292,ar1_snr0.5,level_3s,level,,0.5,0.95,lsc_kalman_cusum,1,261.0,284.68161963235616,22.14512826431865,200292
292,ar1_snr0.5,level_3s,level,,0.5,0.95,raw_cusum,1,293.0,489.23778583836014,103.19232082036218,200292
293,ar1_snr0.5,level_3s,level,,0.5,0.95,lsc_kalman_cusum,1,420.0,23.7148068299248,22.14512826431865,200293
293,ar1_snr0.5,level_3s,level,,0.5,0.95,raw_cusum,1,334.0,319.6334566360809,103.19232082036218,200293
294,ar1_snr0.5,level_3s,level,,0.5,0.95,lsc_kalman_cusum,1,490.0,24.294979522746555,22.14512826431865,200294
294,ar1_snr0.5,level_3s,level,,0.5,0.95,raw_cusum,1,327.0,417.6223253104495,103.19232082036218,200294
295,ar1_snr0.5,level_3s,level,,0.5,0.95,lsc_kalman_cusum,0,,21.68265832127534,22.14512826431865,200295
295,ar1_snr0.5,level_3s,level,,0.5,0.95,raw_cusum,1,346.0,379.7733069332134,103.19232082036218,200295
296,ar1_snr0.5,level_3s,level,,0.5,0.95,lsc_kalman_cusum,1,298.0,91.50579034919511,22.14512826431865,200296
296,ar1_snr0.5,level_3s,level,,0.5,0.95,raw_cusum,1,301.0,435.5127883669162,103.19232082036218,200296
297,ar1_snr0.5,level_3s,level,,0.5,0.95,lsc_kalman_cusum,1,261.0,199.04583056964736,22.14512826431865,200297
297,ar1_snr0.5,level_3s,level,,0.5,0.95,raw_cusum,1,281.0,412.32946695476363,103.19232082036218,200297
298,ar1_snr0.5,level_3s,level,,0.5,0.95,lsc_kalman_cusum,0,,14.250196219677592,22.14512826431865,200298
298,ar1_snr0.5,level_3s,level,,0.5,0.95,raw_cusum,1,310.0,365.9879366624084,103.19232082036218,200298
299,ar1_snr0.5,level_3s,level,,0.5,0.95,lsc_kalman_cusum,0,,19.414104236570978,22.14512826431865,200299
299,ar1_snr0.5,level_3s,level,,0.5,0.95,raw_cusum,1,421.0,193.29922557570768,103.19232082036218,200299
300,ar1_snr0.5,level_3s,level,,0.5,0.95,lsc_kalman_cusum,1,325.0,63.017122297095895,22.14512826431865,200300
300,ar1_snr0.5,level_3s,level,,0.5,0.95,raw_cusum,1,353.0,277.29273546896144,103.19232082036218,200300
301,ar1_snr0.5,level_3s,level,,0.5,0.95,lsc_kalman_cusum,1,342.0,25.96819492309501,22.14512826431865,200301
301,ar1_snr0.5,level_3s,level,,0.5,0.95,raw_cusum,1,318.0,411.5458239180725,103.19232082036218,200301
302,ar1_snr0.5,level_3s,level,,0.5,0.95,lsc_kalman_cusum,1,278.0,151.25584181812002,22.14512826431865,200302
302,ar1_snr0.5,level_3s,level,,0.5,0.95,raw_cusum,1,341.0,391.5814489860515,103.19232082036218,200302
303,ar1_snr0.5,level_3s,level,,0.5,0.95,lsc_kalman_cusum,0,,15.661165862658883,22.14512826431865,200303
303,ar1_snr0.5,level_3s,level,,0.5,0.95,raw_cusum,1,346.0,237.9631453359049,103.19232082036218,200303
304,ar1_snr0.5,level_3s,level,,0.5,0.95,lsc_kalman_cusum,0,,10.536259233154418,22.14512826431865,200304
304,ar1_snr0.5,level_3s,level,,0.5,0.95,raw_cusum,1,332.0,303.91662033650226,103.19232082036218,200304
305,ar1_snr0.5,level_3s,level,,0.5,0.95,lsc_kalman_cusum,1,296.0,36.85969318028998,22.14512826431865,200305
305,ar1_snr0.5,level_3s,level,,0.5,0.95,raw_cusum,1,303.0,304.6182938198096,103.19232082036218,200305
306,ar1_snr0.5,level_3s,level,,0.5,0.95,lsc_kalman_cusum,1,352.0,39.88362188466295,22.14512826431865,200306
306,ar1_snr0.5,level_3s,level,,0.5,0.95,raw_cusum,1,290.0,446.83807450121355,103.19232082036218,200306
307,ar1_snr0.5,level_3s,level,,0.5,0.95,lsc_kalman_cusum,1,408.0,66.49954268931205,22.14512826431865,200307
307,ar1_snr0.5,level_3s,level,,0.5,0.95,raw_cusum,1,423.0,211.10302887598493,103.19232082036218,200307
308,ar1_snr0.5,level_3s,level,,0.5,0.95,lsc_kalman_cusum,0,,11.116086013648056,22.14512826431865,200308
308,ar1_snr0.5,level_3s,level,,0.5,0.95,raw_cusum,1,334.0,273.9356890305774,103.19232082036218,200308
309,ar1_snr0.5,level_3s,level,,0.5,0.95,lsc_kalman_cusum,1,304.0,42.52089429490303,22.14512826431865,200309
309,ar1_snr0.5,level_3s,level,,0.5,0.95,raw_cusum,1,294.0,303.1449371522613,103.19232082036218,200309
310,ar1_snr0.5,level_3s,level,,0.5,0.95,lsc_kalman_cusum,1,264.0,84.75061790299057,22.14512826431865,200310
310,ar1_snr0.5,level_3s,level,,0.5,0.95,raw_cusum,1,301.0,460.38039259492166,103.19232082036218,200310
311,ar1_snr0.5,level_3s,level,,0.5,0.95,lsc_kalman_cusum,1,270.0,297.22482543422865,22.14512826431865,200311
311,ar1_snr0.5,level_3s,level,,0.5,0.95,raw_cusum,1,335.0,328.6924757368624,103.19232082036218,200311
312,ar1_snr0.5,level_3s,level,,0.5,0.95,lsc_kalman_cusum,1,499.0,22.160797399801606,22.14512826431865,200312
312,ar1_snr0.5,level_3s,level,,0.5,0.95,raw_cusum,1,443.0,169.76257835636446,103.19232082036218,200312
313,ar1_snr0.5,level_3s,level,,0.5,0.95,lsc_kalman_cusum,0,,13.381882498275788,22.14512826431865,200313
313,ar1_snr0.5,level_3s,level,,0.5,0.95,raw_cusum,1,293.0,418.6088005583141,103.19232082036218,200313
314,ar1_snr0.5,level_3s,level,,0.5,0.95,lsc_kalman_cusum,1,432.0,23.159279658504193,22.14512826431865,200314
314,ar1_snr0.5,level_3s,level,,0.5,0.95,raw_cusum,1,373.0,162.84431274223292,103.19232082036218,200314
315,ar1_snr0.5,level_3s,level,,0.5,0.95,lsc_kalman_cusum,0,,8.616449669504455,22.14512826431865,200315
315,ar1_snr0.5,level_3s,level,,0.5,0.95,raw_cusum,1,340.0,238.38208871455745,103.19232082036218,200315
316,ar1_snr0.5,level_3s,level,,0.5,0.95,lsc_kalman_cusum,0,,9.096585100710216,22.14512826431865,200316
316,ar1_snr0.5,level_3s,level,,0.5,0.95,raw_cusum,1,369.0,197.47985450761385,103.19232082036218,200316
317,ar1_snr0.5,level_3s,level,,0.5,0.95,lsc_kalman_cusum,1,456.0,23.928727739376818,22.14512826431865,200317
317,ar1_snr0.5,level_3s,level,,0.5,0.95,raw_cusum,1,352.0,260.8592263311146,103.19232082036218,200317
318,ar1_snr0.5,level_3s,level,,0.5,0.95,lsc_kalman_cusum,1,277.0,135.67636480555225,22.14512826431865,200318
318,ar1_snr0.5,level_3s,level,,0.5,0.95,raw_cusum,1,328.0,293.2660247660931,103.19232082036218,200318
319,ar1_snr0.5,level_3s,level,,0.5,0.95,lsc_kalman_cusum,0,,8.269100508423692,22.14512826431865,200319
319,ar1_snr0.5,level_3s,level,,0.5,0.95,raw_cusum,1,278.0,529.337901421373,103.19232082036218,200319
320,ar1_snr0.5,level_3s,level,,0.5,0.95,lsc_kalman_cusum,0,,20.52638682938894,22.14512826431865,200320
320,ar1_snr0.5,level_3s,level,,0.5,0.95,raw_cusum,1,256.0,589.8559158014019,103.19232082036218,200320
321,ar1_snr0.5,level_3s,level,,0.5,0.95,lsc_kalman_cusum,1,333.0,26.84635467295674,22.14512826431865,200321
321,ar1_snr0.5,level_3s,level,,0.5,0.95,raw_cusum,1,300.0,370.3311192674152,103.19232082036218,200321
322,ar1_snr0.5,level_3s,level,,0.5,0.95,lsc_kalman_cusum,0,,16.897389177981697,22.14512826431865,200322
322,ar1_snr0.5,level_3s,level,,0.5,0.95,raw_cusum,1,310.0,474.04100438247735,103.19232082036218,200322
323,ar1_snr0.5,level_3s,level,,0.5,0.95,lsc_kalman_cusum,0,,7.098166717570079,22.14512826431865,200323
323,ar1_snr0.5,level_3s,level,,0.5,0.95,raw_cusum,1,465.0,127.60758605564405,103.19232082036218,200323
324,ar1_snr0.5,level_3s,level,,0.5,0.95,lsc_kalman_cusum,1,265.0,151.26556007787116,22.14512826431865,200324
324,ar1_snr0.5,level_3s,level,,0.5,0.95,raw_cusum,1,333.0,240.3964389504526,103.19232082036218,200324
325,ar1_snr0.5,level_3s,level,,0.5,0.95,lsc_kalman_cusum,1,274.0,24.345409077933606,22.14512826431865,200325
325,ar1_snr0.5,level_3s,level,,0.5,0.95,raw_cusum,1,338.0,376.2811257578684,103.19232082036218,200325
326,ar1_snr0.5,level_3s,level,,0.5,0.95,lsc_kalman_cusum,0,,7.96699928428893,22.14512826431865,200326
326,ar1_snr0.5,level_3s,level,,0.5,0.95,raw_cusum,1,328.0,276.1829364090718,103.19232082036218,200326
327,ar1_snr0.5,level_3s,level,,0.5,0.95,lsc_kalman_cusum,0,,12.666913109109034,22.14512826431865,200327
327,ar1_snr0.5,level_3s,level,,0.5,0.95,raw_cusum,1,318.0,379.318738050218,103.19232082036218,200327
328,ar1_snr0.5,level_3s,level,,0.5,0.95,lsc_kalman_cusum,0,,11.045158089086085,22.14512826431865,200328
328,ar1_snr0.5,level_3s,level,,0.5,0.95,raw_cusum,1,317.0,373.92579286215715,103.19232082036218,200328
329,ar1_snr0.5,level_3s,level,,0.5,0.95,lsc_kalman_cusum,0,,20.020742059930942,22.14512826431865,200329
329,ar1_snr0.5,level_3s,level,,0.5,0.95,raw_cusum,1,310.0,445.8451221924517,103.19232082036218,200329
330,ar1_snr0.5,level_3s,level,,0.5,0.95,lsc_kalman_cusum,1,286.0,72.46884379078088,22.14512826431865,200330
330,ar1_snr0.5,level_3s,level,,0.5,0.95,raw_cusum,1,306.0,348.0859437364114,103.19232082036218,200330
331,ar1_snr0.5,level_3s,level,,0.5,0.95,lsc_kalman_cusum,0,,7.072779280045453,22.14512826431865,200331
331,ar1_snr0.5,level_3s,level,,0.5,0.95,raw_cusum,1,355.0,255.39670543220612,103.19232082036218,200331
332,ar1_snr0.5,level_3s,level,,0.5,0.95,lsc_kalman_cusum,0,,5.616081888737498,22.14512826431865,200332
332,ar1_snr0.5,level_3s,level,,0.5,0.95,raw_cusum,0,,86.6743728221171,103.19232082036218,200332
333,ar1_snr0.5,level_3s,level,,0.5,0.95,lsc_kalman_cusum,1,420.0,41.966043747990526,22.14512826431865,200333
333,ar1_snr0.5,level_3s,level,,0.5,0.95,raw_cusum,1,308.0,398.9345061773965,103.19232082036218,200333
334,ar1_snr0.5,level_3s,level,,0.5,0.95,lsc_kalman_cusum,0,,21.955985803829105,22.14512826431865,200334
334,ar1_snr0.5,level_3s,level,,0.5,0.95,raw_cusum,1,382.0,249.26581915854345,103.19232082036218,200334
335,ar1_snr0.5,level_3s,level,,0.5,0.95,lsc_kalman_cusum,0,,20.699430329009328,22.14512826431865,200335
335,ar1_snr0.5,level_3s,level,,0.5,0.95,raw_cusum,1,325.0,285.76025335819224,103.19232082036218,200335
336,ar1_snr0.5,level_3s,level,,0.5,0.95,lsc_kalman_cusum,0,,8.04060562284582,22.14512826431865,200336
336,ar1_snr0.5,level_3s,level,,0.5,0.95,raw_cusum,1,372.0,216.69003575043402,103.19232082036218,200336
337,ar1_snr0.5,level_3s,level,,0.5,0.95,lsc_kalman_cusum,1,281.0,191.87120981475,22.14512826431865,200337
337,ar1_snr0.5,level_3s,level,,0.5,0.95,raw_cusum,1,307.0,405.17337616067454,103.19232082036218,200337
338,ar1_snr0.5,level_3s,level,,0.5,0.95,lsc_kalman_cusum,0,,13.652928241637184,22.14512826431865,200338
338,ar1_snr0.5,level_3s,level,,0.5,0.95,raw_cusum,1,324.0,289.2311125474511,103.19232082036218,200338
339,ar1_snr0.5,level_3s,level,,0.5,0.95,lsc_kalman_cusum,0,,10.65975928774105,22.14512826431865,200339
339,ar1_snr0.5,level_3s,level,,0.5,0.95,raw_cusum,1,313.0,480.89423047702616,103.19232082036218,200339
340,ar1_snr0.5,level_3s,level,,0.5,0.95,lsc_kalman_cusum,1,311.0,68.42148324209012,22.14512826431865,200340
340,ar1_snr0.5,level_3s,level,,0.5,0.95,raw_cusum,1,312.0,348.25572648586297,103.19232082036218,200340
341,ar1_snr0.5,level_3s,level,,0.5,0.95,lsc_kalman_cusum,1,404.0,27.576104697262966,22.14512826431865,200341
341,ar1_snr0.5,level_3s,level,,0.5,0.95,raw_cusum,1,334.0,299.67610748353104,103.19232082036218,200341
342,ar1_snr0.5,level_3s,level,,0.5,0.95,lsc_kalman_cusum,1,314.0,87.2620299776749,22.14512826431865,200342
342,ar1_snr0.5,level_3s,level,,0.5,0.95,raw_cusum,1,330.0,307.5869858203193,103.19232082036218,200342
343,ar1_snr0.5,level_3s,level,,0.5,0.95,lsc_kalman_cusum,1,270.0,157.0294955133816,22.14512826431865,200343
343,ar1_snr0.5,level_3s,level,,0.5,0.95,raw_cusum,1,276.0,539.8285842190339,103.19232082036218,200343
344,ar1_snr0.5,level_3s,level,,0.5,0.95,lsc_kalman_cusum,0,161.0,369.98710177548844,22.14512826431865,200344
344,ar1_snr0.5,level_3s,level,,0.5,0.95,raw_cusum,1,278.0,438.8920944144005,103.19232082036218,200344
345,ar1_snr0.5,level_3s,level,,0.5,0.95,lsc_kalman_cusum,0,,5.766865407917897,22.14512826431865,200345
345,ar1_snr0.5,level_3s,level,,0.5,0.95,raw_cusum,1,280.0,564.0398245762003,103.19232082036218,200345
346,ar1_snr0.5,level_3s,level,,0.5,0.95,lsc_kalman_cusum,1,337.0,44.64512072483547,22.14512826431865,200346
346,ar1_snr0.5,level_3s,level,,0.5,0.95,raw_cusum,1,368.0,256.23771547355494,103.19232082036218,200346
347,ar1_snr0.5,level_3s,level,,0.5,0.95,lsc_kalman_cusum,0,,15.626847876672539,22.14512826431865,200347
347,ar1_snr0.5,level_3s,level,,0.5,0.95,raw_cusum,1,296.0,386.5127363837677,103.19232082036218,200347
348,ar1_snr0.5,level_3s,level,,0.5,0.95,lsc_kalman_cusum,1,279.0,233.54029353741748,22.14512826431865,200348
348,ar1_snr0.5,level_3s,level,,0.5,0.95,raw_cusum,1,325.0,411.61534269098155,103.19232082036218,200348
349,ar1_snr0.5,level_3s,level,,0.5,0.95,lsc_kalman_cusum,1,343.0,26.65780250426907,22.14512826431865,200349
349,ar1_snr0.5,level_3s,level,,0.5,0.95,raw_cusum,1,330.0,288.2933220711651,103.19232082036218,200349
350,ar1_snr0.5,level_3s,level,,0.5,0.95,lsc_kalman_cusum,0,,19.351746408425008,22.14512826431865,200350
350,ar1_snr0.5,level_3s,level,,0.5,0.95,raw_cusum,1,288.0,332.27513554113875,103.19232082036218,200350
351,ar1_snr0.5,level_3s,level,,0.5,0.95,lsc_kalman_cusum,0,,9.752740851523507,22.14512826431865,200351
351,ar1_snr0.5,level_3s,level,,0.5,0.95,raw_cusum,1,419.0,171.82501508024632,103.19232082036218,200351
352,ar1_snr0.5,level_3s,level,,0.5,0.95,lsc_kalman_cusum,0,,7.460494225393267,22.14512826431865,200352
352,ar1_snr0.5,level_3s,level,,0.5,0.95,raw_cusum,1,370.0,250.21925063111797,103.19232082036218,200352
353,ar1_snr0.5,level_3s,level,,0.5,0.95,lsc_kalman_cusum,0,,9.330119689847944,22.14512826431865,200353
353,ar1_snr0.5,level_3s,level,,0.5,0.95,raw_cusum,1,292.0,366.1348469377034,103.19232082036218,200353
354,ar1_snr0.5,level_3s,level,,0.5,0.95,lsc_kalman_cusum,0,,10.464084787014878,22.14512826431865,200354
354,ar1_snr0.5,level_3s,level,,0.5,0.95,raw_cusum,1,346.0,239.70510628551492,103.19232082036218,200354
355,ar1_snr0.5,level_3s,level,,0.5,0.95,lsc_kalman_cusum,0,,11.004309929163188,22.14512826431865,200355
355,ar1_snr0.5,level_3s,level,,0.5,0.95,raw_cusum,1,351.0,330.9194083104898,103.19232082036218,200355
356,ar1_snr0.5,level_3s,level,,0.5,0.95,lsc_kalman_cusum,0,,15.340932411060818,22.14512826431865,200356
356,ar1_snr0.5,level_3s,level,,0.5,0.95,raw_cusum,1,290.0,420.96010358276203,103.19232082036218,200356
357,ar1_snr0.5,level_3s,level,,0.5,0.95,lsc_kalman_cusum,1,370.0,24.30531003733622,22.14512826431865,200357
357,ar1_snr0.5,level_3s,level,,0.5,0.95,raw_cusum,1,296.0,561.9392049819255,103.19232082036218,200357
358,ar1_snr0.5,level_3s,level,,0.5,0.95,lsc_kalman_cusum,0,,6.2358999213864195,22.14512826431865,200358
358,ar1_snr0.5,level_3s,level,,0.5,0.95,raw_cusum,1,279.0,511.1608055626364,103.19232082036218,200358
359,ar1_snr0.5,level_3s,level,,0.5,0.95,lsc_kalman_cusum,1,286.0,79.03366504903023,22.14512826431865,200359
359,ar1_snr0.5,level_3s,level,,0.5,0.95,raw_cusum,1,359.0,245.27845025785487,103.19232082036218,200359
360,ar1_snr0.5,level_3s,level,,0.5,0.95,lsc_kalman_cusum,0,,7.514476114104074,22.14512826431865,200360
360,ar1_snr0.5,level_3s,level,,0.5,0.95,raw_cusum,1,348.0,291.6812326644866,103.19232082036218,200360
361,ar1_snr0.5,level_3s,level,,0.5,0.95,lsc_kalman_cusum,1,408.0,49.76259957093411,22.14512826431865,200361
361,ar1_snr0.5,level_3s,level,,0.5,0.95,raw_cusum,1,379.0,283.11121107081055,103.19232082036218,200361
362,ar1_snr0.5,level_3s,level,,0.5,0.95,lsc_kalman_cusum,0,,20.410839734051898,22.14512826431865,200362
362,ar1_snr0.5,level_3s,level,,0.5,0.95,raw_cusum,1,273.0,467.0095951619668,103.19232082036218,200362
363,ar1_snr0.5,level_3s,level,,0.5,0.95,lsc_kalman_cusum,1,280.0,140.23942410616343,22.14512826431865,200363
363,ar1_snr0.5,level_3s,level,,0.5,0.95,raw_cusum,1,322.0,307.99147630318726,103.19232082036218,200363
364,ar1_snr0.5,level_3s,level,,0.5,0.95,lsc_kalman_cusum,1,290.0,107.41984649624496,22.14512826431865,200364
364,ar1_snr0.5,level_3s,level,,0.5,0.95,raw_cusum,1,322.0,373.223507993624,103.19232082036218,200364
365,ar1_snr0.5,level_3s,level,,0.5,0.95,lsc_kalman_cusum,1,263.0,29.13233718903116,22.14512826431865,200365
365,ar1_snr0.5,level_3s,level,,0.5,0.95,raw_cusum,1,263.0,488.50529679478063,103.19232082036218,200365
366,ar1_snr0.5,level_3s,level,,0.5,0.95,lsc_kalman_cusum,1,324.0,65.02931884739604,22.14512826431865,200366
366,ar1_snr0.5,level_3s,level,,0.5,0.95,raw_cusum,1,338.0,273.10171044002846,103.19232082036218,200366
367,ar1_snr0.5,level_3s,level,,0.5,0.95,lsc_kalman_cusum,1,294.0,158.466138874395,22.14512826431865,200367
367,ar1_snr0.5,level_3s,level,,0.5,0.95,raw_cusum,1,323.0,364.67074086414584,103.19232082036218,200367
368,ar1_snr0.5,level_3s,level,,0.5,0.95,lsc_kalman_cusum,0,,15.163339511217758,22.14512826431865,200368
368,ar1_snr0.5,level_3s,level,,0.5,0.95,raw_cusum,1,313.0,364.2194793265941,103.19232082036218,200368
369,ar1_snr0.5,level_3s,level,,0.5,0.95,lsc_kalman_cusum,0,,10.121131315738124,22.14512826431865,200369
369,ar1_snr0.5,level_3s,level,,0.5,0.95,raw_cusum,1,386.0,135.90443035676623,103.19232082036218,200369
370,ar1_snr0.5,level_3s,level,,0.5,0.95,lsc_kalman_cusum,0,,7.711366047546061,22.14512826431865,200370
370,ar1_snr0.5,level_3s,level,,0.5,0.95,raw_cusum,1,309.0,547.9356252724006,103.19232082036218,200370
371,ar1_snr0.5,level_3s,level,,0.5,0.95,lsc_kalman_cusum,1,496.0,22.953946343460945,22.14512826431865,200371
371,ar1_snr0.5,level_3s,level,,0.5,0.95,raw_cusum,1,327.0,343.3298121534732,103.19232082036218,200371
372,ar1_snr0.5,level_3s,level,,0.5,0.95,lsc_kalman_cusum,1,285.0,119.38326687820728,22.14512826431865,200372
372,ar1_snr0.5,level_3s,level,,0.5,0.95,raw_cusum,1,304.0,394.59152576024485,103.19232082036218,200372
373,ar1_snr0.5,level_3s,level,,0.5,0.95,lsc_kalman_cusum,0,,15.453310294815537,22.14512826431865,200373
373,ar1_snr0.5,level_3s,level,,0.5,0.95,raw_cusum,1,306.0,418.37815413231505,103.19232082036218,200373
374,ar1_snr0.5,level_3s,level,,0.5,0.95,lsc_kalman_cusum,1,275.0,148.54717909462948,22.14512826431865,200374
374,ar1_snr0.5,level_3s,level,,0.5,0.95,raw_cusum,1,305.0,385.1366839632463,103.19232082036218,200374
375,ar1_snr0.5,level_3s,level,,0.5,0.95,lsc_kalman_cusum,1,361.0,65.33453077272227,22.14512826431865,200375
375,ar1_snr0.5,level_3s,level,,0.5,0.95,raw_cusum,1,337.0,347.0216341773736,103.19232082036218,200375
376,ar1_snr0.5,level_3s,level,,0.5,0.95,lsc_kalman_cusum,0,,7.199666555674403,22.14512826431865,200376
376,ar1_snr0.5,level_3s,level,,0.5,0.95,raw_cusum,1,277.0,587.249059109196,103.19232082036218,200376
377,ar1_snr0.5,level_3s,level,,0.5,0.95,lsc_kalman_cusum,1,473.0,35.583286642621566,22.14512826431865,200377
377,ar1_snr0.5,level_3s,level,,0.5,0.95,raw_cusum,1,351.0,349.70187571057176,103.19232082036218,200377
378,ar1_snr0.5,level_3s,level,,0.5,0.95,lsc_kalman_cusum,1,378.0,39.70249573823663,22.14512826431865,200378
378,ar1_snr0.5,level_3s,level,,0.5,0.95,raw_cusum,1,337.0,333.9993340959397,103.19232082036218,200378
379,ar1_snr0.5,level_3s,level,,0.5,0.95,lsc_kalman_cusum,0,,7.284496620860482,22.14512826431865,200379
379,ar1_snr0.5,level_3s,level,,0.5,0.95,raw_cusum,1,312.0,336.7068948372203,103.19232082036218,200379
380,ar1_snr0.5,level_3s,level,,0.5,0.95,lsc_kalman_cusum,0,,14.768602672770028,22.14512826431865,200380
380,ar1_snr0.5,level_3s,level,,0.5,0.95,raw_cusum,1,398.0,161.73142477162546,103.19232082036218,200380
381,ar1_snr0.5,level_3s,level,,0.5,0.95,lsc_kalman_cusum,1,303.0,52.16500254126993,22.14512826431865,200381
381,ar1_snr0.5,level_3s,level,,0.5,0.95,raw_cusum,1,343.0,277.8162579772121,103.19232082036218,200381
382,ar1_snr0.5,level_3s,level,,0.5,0.95,lsc_kalman_cusum,0,,11.844223932777187,22.14512826431865,200382
382,ar1_snr0.5,level_3s,level,,0.5,0.95,raw_cusum,1,371.0,260.48562900518215,103.19232082036218,200382
383,ar1_snr0.5,level_3s,level,,0.5,0.95,lsc_kalman_cusum,0,,11.707540427797094,22.14512826431865,200383
383,ar1_snr0.5,level_3s,level,,0.5,0.95,raw_cusum,1,314.0,406.3459868889845,103.19232082036218,200383
384,ar1_snr0.5,level_3s,level,,0.5,0.95,lsc_kalman_cusum,0,,6.864031248460705,22.14512826431865,200384
384,ar1_snr0.5,level_3s,level,,0.5,0.95,raw_cusum,1,322.0,377.3351825193645,103.19232082036218,200384
385,ar1_snr0.5,level_3s,level,,0.5,0.95,lsc_kalman_cusum,1,476.0,24.933040591086776,22.14512826431865,200385
385,ar1_snr0.5,level_3s,level,,0.5,0.95,raw_cusum,1,373.0,263.93691467644095,103.19232082036218,200385
386,ar1_snr0.5,level_3s,level,,0.5,0.95,lsc_kalman_cusum,1,362.0,45.6101294542707,22.14512826431865,200386
386,ar1_snr0.5,level_3s,level,,0.5,0.95,raw_cusum,1,315.0,419.78083683225896,103.19232082036218,200386
387,ar1_snr0.5,level_3s,level,,0.5,0.95,lsc_kalman_cusum,0,,11.903797143516767,22.14512826431865,200387
387,ar1_snr0.5,level_3s,level,,0.5,0.95,raw_cusum,1,415.0,205.5235169426982,103.19232082036218,200387
388,ar1_snr0.5,level_3s,level,,0.5,0.95,lsc_kalman_cusum,1,265.0,279.2434101619529,22.14512826431865,200388
388,ar1_snr0.5,level_3s,level,,0.5,0.95,raw_cusum,1,311.0,445.25582564270275,103.19232082036218,200388
389,ar1_snr0.5,level_3s,level,,0.5,0.95,lsc_kalman_cusum,1,303.0,22.506917036858336,22.14512826431865,200389
389,ar1_snr0.5,level_3s,level,,0.5,0.95,raw_cusum,1,312.0,285.9316478335771,103.19232082036218,200389
390,ar1_snr0.5,level_3s,level,,0.5,0.95,lsc_kalman_cusum,0,,19.249478859078526,22.14512826431865,200390
390,ar1_snr0.5,level_3s,level,,0.5,0.95,raw_cusum,1,305.0,418.9641563307326,103.19232082036218,200390
391,ar1_snr0.5,level_3s,level,,0.5,0.95,lsc_kalman_cusum,1,266.0,402.06282765691446,22.14512826431865,200391
391,ar1_snr0.5,level_3s,level,,0.5,0.95,raw_cusum,1,318.0,461.0293325454965,103.19232082036218,200391
392,ar1_snr0.5,level_3s,level,,0.5,0.95,lsc_kalman_cusum,0,,13.80163228312882,22.14512826431865,200392
392,ar1_snr0.5,level_3s,level,,0.5,0.95,raw_cusum,1,313.0,229.96417714276765,103.19232082036218,200392
393,ar1_snr0.5,level_3s,level,,0.5,0.95,lsc_kalman_cusum,0,,11.901596820984068,22.14512826431865,200393
393,ar1_snr0.5,level_3s,level,,0.5,0.95,raw_cusum,1,305.0,408.4471024886328,103.19232082036218,200393
394,ar1_snr0.5,level_3s,level,,0.5,0.95,lsc_kalman_cusum,0,,16.203677810365814,22.14512826431865,200394
394,ar1_snr0.5,level_3s,level,,0.5,0.95,raw_cusum,1,297.0,465.7528430080851,103.19232082036218,200394
395,ar1_snr0.5,level_3s,level,,0.5,0.95,lsc_kalman_cusum,1,315.0,71.69144942111375,22.14512826431865,200395
395,ar1_snr0.5,level_3s,level,,0.5,0.95,raw_cusum,1,315.0,421.846300248125,103.19232082036218,200395
396,ar1_snr0.5,level_3s,level,,0.5,0.95,lsc_kalman_cusum,1,407.0,43.55791610773573,22.14512826431865,200396
396,ar1_snr0.5,level_3s,level,,0.5,0.95,raw_cusum,1,354.0,315.5680075834227,103.19232082036218,200396
397,ar1_snr0.5,level_3s,level,,0.5,0.95,lsc_kalman_cusum,0,,14.547273946561873,22.14512826431865,200397
397,ar1_snr0.5,level_3s,level,,0.5,0.95,raw_cusum,1,369.0,266.1498587195256,103.19232082036218,200397
398,ar1_snr0.5,level_3s,level,,0.5,0.95,lsc_kalman_cusum,1,255.0,189.08272724661546,22.14512826431865,200398
398,ar1_snr0.5,level_3s,level,,0.5,0.95,raw_cusum,1,304.0,383.79401893034293,103.19232082036218,200398
399,ar1_snr0.5,level_3s,level,,0.5,0.95,lsc_kalman_cusum,0,,11.83706896451447,22.14512826431865,200399
399,ar1_snr0.5,level_3s,level,,0.5,0.95,raw_cusum,1,293.0,360.0456372792235,103.19232082036218,200399
400,ar1_snr0.5,level_3s,level,,0.5,0.95,lsc_kalman_cusum,1,286.0,29.181875378153098,22.14512826431865,200400
400,ar1_snr0.5,level_3s,level,,0.5,0.95,raw_cusum,1,313.0,407.0400832992047,103.19232082036218,200400
401,ar1_snr0.5,level_3s,level,,0.5,0.95,lsc_kalman_cusum,0,,8.186956128022116,22.14512826431865,200401
401,ar1_snr0.5,level_3s,level,,0.5,0.95,raw_cusum,1,372.0,242.12453375253017,103.19232082036218,200401
402,ar1_snr0.5,level_3s,level,,0.5,0.95,lsc_kalman_cusum,1,276.0,214.52683726389432,22.14512826431865,200402
402,ar1_snr0.5,level_3s,level,,0.5,0.95,raw_cusum,1,298.0,390.96254446241284,103.19232082036218,200402
403,ar1_snr0.5,level_3s,level,,0.5,0.95,lsc_kalman_cusum,1,324.0,59.22150793511206,22.14512826431865,200403
403,ar1_snr0.5,level_3s,level,,0.5,0.95,raw_cusum,1,352.0,238.02188020093192,103.19232082036218,200403
404,ar1_snr0.5,level_3s,level,,0.5,0.95,lsc_kalman_cusum,1,298.0,95.13575226725465,22.14512826431865,200404
404,ar1_snr0.5,level_3s,level,,0.5,0.95,raw_cusum,1,325.0,349.3830605429538,103.19232082036218,200404
405,ar1_snr0.5,level_3s,level,,0.5,0.95,lsc_kalman_cusum,1,297.0,53.095202800757264,22.14512826431865,200405
405,ar1_snr0.5,level_3s,level,,0.5,0.95,raw_cusum,1,328.0,282.97780107482316,103.19232082036218,200405
406,ar1_snr0.5,level_3s,level,,0.5,0.95,lsc_kalman_cusum,1,334.0,97.20331434725557,22.14512826431865,200406
406,ar1_snr0.5,level_3s,level,,0.5,0.95,raw_cusum,1,355.0,298.4171729226347,103.19232082036218,200406
407,ar1_snr0.5,level_3s,level,,0.5,0.95,lsc_kalman_cusum,0,,16.563857225908546,22.14512826431865,200407
407,ar1_snr0.5,level_3s,level,,0.5,0.95,raw_cusum,1,335.0,238.39533064695206,103.19232082036218,200407
408,ar1_snr0.5,level_3s,level,,0.5,0.95,lsc_kalman_cusum,1,286.0,160.0735451335566,22.14512826431865,200408
408,ar1_snr0.5,level_3s,level,,0.5,0.95,raw_cusum,1,312.0,440.8660338972002,103.19232082036218,200408
409,ar1_snr0.5,level_3s,level,,0.5,0.95,lsc_kalman_cusum,1,493.0,23.877102878086408,22.14512826431865,200409
409,ar1_snr0.5,level_3s,level,,0.5,0.95,raw_cusum,1,330.0,353.31265428800367,103.19232082036218,200409
410,ar1_snr0.5,level_3s,level,,0.5,0.95,lsc_kalman_cusum,0,,10.040159022488027,22.14512826431865,200410
410,ar1_snr0.5,level_3s,level,,0.5,0.95,raw_cusum,1,412.0,161.53275205049755,103.19232082036218,200410
411,ar1_snr0.5,level_3s,level,,0.5,0.95,lsc_kalman_cusum,1,364.0,28.94625666443155,22.14512826431865,200411
411,ar1_snr0.5,level_3s,level,,0.5,0.95,raw_cusum,1,345.0,252.24843907362776,103.19232082036218,200411
412,ar1_snr0.5,level_3s,level,,0.5,0.95,lsc_kalman_cusum,0,,11.565451091791815,22.14512826431865,200412
412,ar1_snr0.5,level_3s,level,,0.5,0.95,raw_cusum,1,372.0,249.29172036168794,103.19232082036218,200412
413,ar1_snr0.5,level_3s,level,,0.5,0.95,lsc_kalman_cusum,0,,9.38019335341617,22.14512826431865,200413
413,ar1_snr0.5,level_3s,level,,0.5,0.95,raw_cusum,1,301.0,478.44296088002324,103.19232082036218,200413
414,ar1_snr0.5,level_3s,level,,0.5,0.95,lsc_kalman_cusum,0,,14.688706058222484,22.14512826431865,200414
414,ar1_snr0.5,level_3s,level,,0.5,0.95,raw_cusum,1,369.0,232.19434052062937,103.19232082036218,200414
415,ar1_snr0.5,level_3s,level,,0.5,0.95,lsc_kalman_cusum,0,,11.17421210283699,22.14512826431865,200415
415,ar1_snr0.5,level_3s,level,,0.5,0.95,raw_cusum,1,298.0,290.12498160574097,103.19232082036218,200415
416,ar1_snr0.5,level_3s,level,,0.5,0.95,lsc_kalman_cusum,1,272.0,326.40542491962145,22.14512826431865,200416
416,ar1_snr0.5,level_3s,level,,0.5,0.95,raw_cusum,1,328.0,313.70331343665487,103.19232082036218,200416
417,ar1_snr0.5,level_3s,level,,0.5,0.95,lsc_kalman_cusum,1,278.0,253.1421151534165,22.14512826431865,200417
417,ar1_snr0.5,level_3s,level,,0.5,0.95,raw_cusum,1,305.0,459.6963710090988,103.19232082036218,200417
418,ar1_snr0.5,level_3s,level,,0.5,0.95,lsc_kalman_cusum,0,,9.652958192736559,22.14512826431865,200418
418,ar1_snr0.5,level_3s,level,,0.5,0.95,raw_cusum,1,347.0,184.52573185544955,103.19232082036218,200418
419,ar1_snr0.5,level_3s,level,,0.5,0.95,lsc_kalman_cusum,0,,9.643462819851692,22.14512826431865,200419
419,ar1_snr0.5,level_3s,level,,0.5,0.95,raw_cusum,1,320.0,355.4330761383984,103.19232082036218,200419
420,ar1_snr0.5,level_3s,level,,0.5,0.95,lsc_kalman_cusum,1,283.0,204.48861473029794,22.14512826431865,200420
420,ar1_snr0.5,level_3s,level,,0.5,0.95,raw_cusum,1,326.0,337.1769370624534,103.19232082036218,200420
421,ar1_snr0.5,level_3s,level,,0.5,0.95,lsc_kalman_cusum,1,366.0,25.88203280452313,22.14512826431865,200421
421,ar1_snr0.5,level_3s,level,,0.5,0.95,raw_cusum,1,332.0,281.26501520354566,103.19232082036218,200421
422,ar1_snr0.5,level_3s,level,,0.5,0.95,lsc_kalman_cusum,0,,18.82912756388702,22.14512826431865,200422
422,ar1_snr0.5,level_3s,level,,0.5,0.95,raw_cusum,1,309.0,243.18795042744713,103.19232082036218,200422
423,ar1_snr0.5,level_3s,level,,0.5,0.95,lsc_kalman_cusum,0,,12.285154360356135,22.14512826431865,200423
423,ar1_snr0.5,level_3s,level,,0.5,0.95,raw_cusum,1,346.0,216.9157583682557,103.19232082036218,200423
424,ar1_snr0.5,level_3s,level,,0.5,0.95,lsc_kalman_cusum,1,309.0,69.50052442616928,22.14512826431865,200424
424,ar1_snr0.5,level_3s,level,,0.5,0.95,raw_cusum,1,313.0,465.70770079872256,103.19232082036218,200424
425,ar1_snr0.5,level_3s,level,,0.5,0.95,lsc_kalman_cusum,0,,6.670526501346952,22.14512826431865,200425
425,ar1_snr0.5,level_3s,level,,0.5,0.95,raw_cusum,1,339.0,181.21843797557128,103.19232082036218,200425
426,ar1_snr0.5,level_3s,level,,0.5,0.95,lsc_kalman_cusum,1,270.0,470.681869504958,22.14512826431865,200426
426,ar1_snr0.5,level_3s,level,,0.5,0.95,raw_cusum,1,325.0,463.37660880314684,103.19232082036218,200426
427,ar1_snr0.5,level_3s,level,,0.5,0.95,lsc_kalman_cusum,0,,17.314018710695674,22.14512826431865,200427
427,ar1_snr0.5,level_3s,level,,0.5,0.95,raw_cusum,1,340.0,275.05128856881885,103.19232082036218,200427
428,ar1_snr0.5,level_3s,level,,0.5,0.95,lsc_kalman_cusum,1,273.0,361.9446455880506,22.14512826431865,200428
428,ar1_snr0.5,level_3s,level,,0.5,0.95,raw_cusum,1,354.0,438.8068171395224,103.19232082036218,200428
429,ar1_snr0.5,level_3s,level,,0.5,0.95,lsc_kalman_cusum,1,359.0,56.787894249314526,22.14512826431865,200429
429,ar1_snr0.5,level_3s,level,,0.5,0.95,raw_cusum,1,308.0,385.38982721195936,103.19232082036218,200429
430,ar1_snr0.5,level_3s,level,,0.5,0.95,lsc_kalman_cusum,1,494.0,23.82683604561936,22.14512826431865,200430
430,ar1_snr0.5,level_3s,level,,0.5,0.95,raw_cusum,1,381.0,206.3812351007647,103.19232082036218,200430
431,ar1_snr0.5,level_3s,level,,0.5,0.95,lsc_kalman_cusum,0,,7.3120086517819205,22.14512826431865,200431
431,ar1_snr0.5,level_3s,level,,0.5,0.95,raw_cusum,1,403.0,201.85468039453542,103.19232082036218,200431
432,ar1_snr0.5,level_3s,level,,0.5,0.95,lsc_kalman_cusum,0,,11.773638079298921,22.14512826431865,200432
432,ar1_snr0.5,level_3s,level,,0.5,0.95,raw_cusum,1,358.0,219.61152601020603,103.19232082036218,200432
433,ar1_snr0.5,level_3s,level,,0.5,0.95,lsc_kalman_cusum,1,273.0,200.56314494540345,22.14512826431865,200433
433,ar1_snr0.5,level_3s,level,,0.5,0.95,raw_cusum,1,300.0,456.554228070052,103.19232082036218,200433
434,ar1_snr0.5,level_3s,level,,0.5,0.95,lsc_kalman_cusum,1,289.0,105.82454139226526,22.14512826431865,200434
434,ar1_snr0.5,level_3s,level,,0.5,0.95,raw_cusum,1,313.0,369.85222740250055,103.19232082036218,200434
435,ar1_snr0.5,level_3s,level,,0.5,0.95,lsc_kalman_cusum,0,,8.474923529033157,22.14512826431865,200435
435,ar1_snr0.5,level_3s,level,,0.5,0.95,raw_cusum,1,391.0,169.69904143623174,103.19232082036218,200435
436,ar1_snr0.5,level_3s,level,,0.5,0.95,lsc_kalman_cusum,0,,18.906929067943356,22.14512826431865,200436
436,ar1_snr0.5,level_3s,level,,0.5,0.95,raw_cusum,1,278.0,551.0542408224414,103.19232082036218,200436
437,ar1_snr0.5,level_3s,level,,0.5,0.95,lsc_kalman_cusum,0,,15.021428794653538,22.14512826431865,200437
437,ar1_snr0.5,level_3s,level,,0.5,0.95,raw_cusum,1,270.0,466.61914481770305,103.19232082036218,200437
438,ar1_snr0.5,level_3s,level,,0.5,0.95,lsc_kalman_cusum,1,295.0,26.618026336629985,22.14512826431865,200438
438,ar1_snr0.5,level_3s,level,,0.5,0.95,raw_cusum,1,323.0,258.66010132006403,103.19232082036218,200438
439,ar1_snr0.5,level_3s,level,,0.5,0.95,lsc_kalman_cusum,0,,21.364743088923078,22.14512826431865,200439
439,ar1_snr0.5,level_3s,level,,0.5,0.95,raw_cusum,1,317.0,359.6041239367675,103.19232082036218,200439
440,ar1_snr0.5,level_3s,level,,0.5,0.95,lsc_kalman_cusum,1,369.0,34.33203164462146,22.14512826431865,200440
440,ar1_snr0.5,level_3s,level,,0.5,0.95,raw_cusum,1,321.0,345.40392813716556,103.19232082036218,200440
441,ar1_snr0.5,level_3s,level,,0.5,0.95,lsc_kalman_cusum,0,,10.376786326452505,22.14512826431865,200441
441,ar1_snr0.5,level_3s,level,,0.5,0.95,raw_cusum,1,312.0,360.7148693540911,103.19232082036218,200441
442,ar1_snr0.5,level_3s,level,,0.5,0.95,lsc_kalman_cusum,1,472.0,27.004412837481556,22.14512826431865,200442
442,ar1_snr0.5,level_3s,level,,0.5,0.95,raw_cusum,1,353.0,321.91564850710245,103.19232082036218,200442
443,ar1_snr0.5,level_3s,level,,0.5,0.95,lsc_kalman_cusum,0,,13.332898080248711,22.14512826431865,200443
443,ar1_snr0.5,level_3s,level,,0.5,0.95,raw_cusum,1,342.0,344.7258355895407,103.19232082036218,200443
444,ar1_snr0.5,level_3s,level,,0.5,0.95,lsc_kalman_cusum,1,314.0,95.60001832875288,22.14512826431865,200444
444,ar1_snr0.5,level_3s,level,,0.5,0.95,raw_cusum,1,359.0,220.61237040444868,103.19232082036218,200444
445,ar1_snr0.5,level_3s,level,,0.5,0.95,lsc_kalman_cusum,0,,18.161350546265297,22.14512826431865,200445
445,ar1_snr0.5,level_3s,level,,0.5,0.95,raw_cusum,1,339.0,324.1088050711102,103.19232082036218,200445
446,ar1_snr0.5,level_3s,level,,0.5,0.95,lsc_kalman_cusum,1,319.0,59.08656216431796,22.14512826431865,200446
446,ar1_snr0.5,level_3s,level,,0.5,0.95,raw_cusum,1,297.0,488.0089930263575,103.19232082036218,200446
447,ar1_snr0.5,level_3s,level,,0.5,0.95,lsc_kalman_cusum,0,,6.446306752509416,22.14512826431865,200447
447,ar1_snr0.5,level_3s,level,,0.5,0.95,raw_cusum,1,347.0,256.9432907481693,103.19232082036218,200447
448,ar1_snr0.5,level_3s,level,,0.5,0.95,lsc_kalman_cusum,0,,21.899924802294148,22.14512826431865,200448
448,ar1_snr0.5,level_3s,level,,0.5,0.95,raw_cusum,1,321.0,289.0745806671728,103.19232082036218,200448
449,ar1_snr0.5,level_3s,level,,0.5,0.95,lsc_kalman_cusum,1,285.0,153.12099471469264,22.14512826431865,200449
449,ar1_snr0.5,level_3s,level,,0.5,0.95,raw_cusum,1,304.0,449.6975904450293,103.19232082036218,200449
450,ar1_snr0.5,level_3s,level,,0.5,0.95,lsc_kalman_cusum,1,327.0,24.014536612681713,22.14512826431865,200450
450,ar1_snr0.5,level_3s,level,,0.5,0.95,raw_cusum,1,297.0,504.6768946640123,103.19232082036218,200450
451,ar1_snr0.5,level_3s,level,,0.5,0.95,lsc_kalman_cusum,1,271.0,216.3850798175375,22.14512826431865,200451
451,ar1_snr0.5,level_3s,level,,0.5,0.95,raw_cusum,1,300.0,516.5715458976782,103.19232082036218,200451
452,ar1_snr0.5,level_3s,level,,0.5,0.95,lsc_kalman_cusum,0,,8.068649549655627,22.14512826431865,200452
452,ar1_snr0.5,level_3s,level,,0.5,0.95,raw_cusum,1,374.0,147.69293406519193,103.19232082036218,200452
453,ar1_snr0.5,level_3s,level,,0.5,0.95,lsc_kalman_cusum,1,347.0,72.5515228310535,22.14512826431865,200453
453,ar1_snr0.5,level_3s,level,,0.5,0.95,raw_cusum,1,336.0,383.8891981845853,103.19232082036218,200453
454,ar1_snr0.5,level_3s,level,,0.5,0.95,lsc_kalman_cusum,1,342.0,57.550743238007655,22.14512826431865,200454
454,ar1_snr0.5,level_3s,level,,0.5,0.95,raw_cusum,1,355.0,228.16809139030676,103.19232082036218,200454
455,ar1_snr0.5,level_3s,level,,0.5,0.95,lsc_kalman_cusum,1,290.0,101.42404439899572,22.14512826431865,200455
455,ar1_snr0.5,level_3s,level,,0.5,0.95,raw_cusum,1,320.0,279.3544443106753,103.19232082036218,200455
456,ar1_snr0.5,level_3s,level,,0.5,0.95,lsc_kalman_cusum,1,307.0,42.821055886987146,22.14512826431865,200456
456,ar1_snr0.5,level_3s,level,,0.5,0.95,raw_cusum,1,308.0,413.33639676060056,103.19232082036218,200456
457,ar1_snr0.5,level_3s,level,,0.5,0.95,lsc_kalman_cusum,0,,9.517638224348975,22.14512826431865,200457
457,ar1_snr0.5,level_3s,level,,0.5,0.95,raw_cusum,0,208.0,161.79725638784961,103.19232082036218,200457
458,ar1_snr0.5,level_3s,level,,0.5,0.95,lsc_kalman_cusum,0,,9.466235592819555,22.14512826431865,200458
458,ar1_snr0.5,level_3s,level,,0.5,0.95,raw_cusum,1,411.0,256.05539914721214,103.19232082036218,200458
459,ar1_snr0.5,level_3s,level,,0.5,0.95,lsc_kalman_cusum,1,328.0,26.41444631854673,22.14512826431865,200459
459,ar1_snr0.5,level_3s,level,,0.5,0.95,raw_cusum,1,301.0,473.0392461096054,103.19232082036218,200459
460,ar1_snr0.5,level_3s,level,,0.5,0.95,lsc_kalman_cusum,0,,15.450348359037314,22.14512826431865,200460
460,ar1_snr0.5,level_3s,level,,0.5,0.95,raw_cusum,1,321.0,317.78837000207267,103.19232082036218,200460
461,ar1_snr0.5,level_3s,level,,0.5,0.95,lsc_kalman_cusum,1,335.0,88.47081580040187,22.14512826431865,200461
461,ar1_snr0.5,level_3s,level,,0.5,0.95,raw_cusum,1,360.0,282.125102953779,103.19232082036218,200461
462,ar1_snr0.5,level_3s,level,,0.5,0.95,lsc_kalman_cusum,1,306.0,88.03455649032328,22.14512826431865,200462
462,ar1_snr0.5,level_3s,level,,0.5,0.95,raw_cusum,1,361.0,228.87333707794016,103.19232082036218,200462
463,ar1_snr0.5,level_3s,level,,0.5,0.95,lsc_kalman_cusum,1,465.0,22.820122495846164,22.14512826431865,200463
463,ar1_snr0.5,level_3s,level,,0.5,0.95,raw_cusum,1,282.0,550.263187285311,103.19232082036218,200463
464,ar1_snr0.5,level_3s,level,,0.5,0.95,lsc_kalman_cusum,0,,7.174912131589414,22.14512826431865,200464
464,ar1_snr0.5,level_3s,level,,0.5,0.95,raw_cusum,1,391.0,210.43351761540217,103.19232082036218,200464
465,ar1_snr0.5,level_3s,level,,0.5,0.95,lsc_kalman_cusum,0,,10.441413984508733,22.14512826431865,200465
465,ar1_snr0.5,level_3s,level,,0.5,0.95,raw_cusum,1,329.0,208.51555215055572,103.19232082036218,200465
466,ar1_snr0.5,level_3s,level,,0.5,0.95,lsc_kalman_cusum,1,272.0,214.3631756679628,22.14512826431865,200466
466,ar1_snr0.5,level_3s,level,,0.5,0.95,raw_cusum,1,290.0,458.4249813317526,103.19232082036218,200466
467,ar1_snr0.5,level_3s,level,,0.5,0.95,lsc_kalman_cusum,0,,9.934287123111318,22.14512826431865,200467
467,ar1_snr0.5,level_3s,level,,0.5,0.95,raw_cusum,1,334.0,211.69425032592247,103.19232082036218,200467
468,ar1_snr0.5,level_3s,level,,0.5,0.95,lsc_kalman_cusum,0,,12.931710320929081,22.14512826431865,200468
468,ar1_snr0.5,level_3s,level,,0.5,0.95,raw_cusum,1,411.0,185.8833303426391,103.19232082036218,200468
469,ar1_snr0.5,level_3s,level,,0.5,0.95,lsc_kalman_cusum,1,293.0,191.3627928466666,22.14512826431865,200469
469,ar1_snr0.5,level_3s,level,,0.5,0.95,raw_cusum,1,346.0,327.81645228717497,103.19232082036218,200469
470,ar1_snr0.5,level_3s,level,,0.5,0.95,lsc_kalman_cusum,1,366.0,48.55277003215453,22.14512826431865,200470
470,ar1_snr0.5,level_3s,level,,0.5,0.95,raw_cusum,1,323.0,371.5263065609589,103.19232082036218,200470
471,ar1_snr0.5,level_3s,level,,0.5,0.95,lsc_kalman_cusum,1,288.0,44.70002135652405,22.14512826431865,200471
471,ar1_snr0.5,level_3s,level,,0.5,0.95,raw_cusum,1,306.0,327.4180790937947,103.19232082036218,200471
472,ar1_snr0.5,level_3s,level,,0.5,0.95,lsc_kalman_cusum,1,293.0,233.95670759778588,22.14512826431865,200472
472,ar1_snr0.5,level_3s,level,,0.5,0.95,raw_cusum,1,332.0,335.4254655158208,103.19232082036218,200472
473,ar1_snr0.5,level_3s,level,,0.5,0.95,lsc_kalman_cusum,1,473.0,31.799359153457488,22.14512826431865,200473
473,ar1_snr0.5,level_3s,level,,0.5,0.95,raw_cusum,1,421.0,229.62809954171047,103.19232082036218,200473
474,ar1_snr0.5,level_3s,level,,0.5,0.95,lsc_kalman_cusum,0,,12.059272386947287,22.14512826431865,200474
474,ar1_snr0.5,level_3s,level,,0.5,0.95,raw_cusum,1,376.0,280.76042772821876,103.19232082036218,200474
475,ar1_snr0.5,level_3s,level,,0.5,0.95,lsc_kalman_cusum,1,444.0,40.620316802362225,22.14512826431865,200475
475,ar1_snr0.5,level_3s,level,,0.5,0.95,raw_cusum,1,399.0,274.9100648871698,103.19232082036218,200475
476,ar1_snr0.5,level_3s,level,,0.5,0.95,lsc_kalman_cusum,0,,8.866232148487876,22.14512826431865,200476
476,ar1_snr0.5,level_3s,level,,0.5,0.95,raw_cusum,1,389.0,196.22652990495328,103.19232082036218,200476
477,ar1_snr0.5,level_3s,level,,0.5,0.95,lsc_kalman_cusum,0,,7.276722213217795,22.14512826431865,200477
477,ar1_snr0.5,level_3s,level,,0.5,0.95,raw_cusum,1,324.0,334.79108606848183,103.19232082036218,200477
478,ar1_snr0.5,level_3s,level,,0.5,0.95,lsc_kalman_cusum,0,,22.08180072354322,22.14512826431865,200478
478,ar1_snr0.5,level_3s,level,,0.5,0.95,raw_cusum,1,334.0,285.8929784684613,103.19232082036218,200478
479,ar1_snr0.5,level_3s,level,,0.5,0.95,lsc_kalman_cusum,0,,11.186915140519908,22.14512826431865,200479
479,ar1_snr0.5,level_3s,level,,0.5,0.95,raw_cusum,1,313.0,206.5976029990622,103.19232082036218,200479
480,ar1_snr0.5,level_3s,level,,0.5,0.95,lsc_kalman_cusum,0,,19.335072641541945,22.14512826431865,200480
480,ar1_snr0.5,level_3s,level,,0.5,0.95,raw_cusum,1,323.0,456.9997835233516,103.19232082036218,200480
481,ar1_snr0.5,level_3s,level,,0.5,0.95,lsc_kalman_cusum,0,,9.621020326948308,22.14512826431865,200481
481,ar1_snr0.5,level_3s,level,,0.5,0.95,raw_cusum,1,338.0,299.9077582414315,103.19232082036218,200481
482,ar1_snr0.5,level_3s,level,,0.5,0.95,lsc_kalman_cusum,0,,13.358552086305865,22.14512826431865,200482
482,ar1_snr0.5,level_3s,level,,0.5,0.95,raw_cusum,1,365.0,229.16354775072384,103.19232082036218,200482
483,ar1_snr0.5,level_3s,level,,0.5,0.95,lsc_kalman_cusum,1,315.0,95.09883109402008,22.14512826431865,200483
483,ar1_snr0.5,level_3s,level,,0.5,0.95,raw_cusum,1,341.0,302.6077051843881,103.19232082036218,200483
484,ar1_snr0.5,level_3s,level,,0.5,0.95,lsc_kalman_cusum,1,259.0,406.18502870681675,22.14512826431865,200484
484,ar1_snr0.5,level_3s,level,,0.5,0.95,raw_cusum,1,311.0,488.25259545386837,103.19232082036218,200484
485,ar1_snr0.5,level_3s,level,,0.5,0.95,lsc_kalman_cusum,0,,16.089716123388627,22.14512826431865,200485
485,ar1_snr0.5,level_3s,level,,0.5,0.95,raw_cusum,1,308.0,435.0951616459695,103.19232082036218,200485
486,ar1_snr0.5,level_3s,level,,0.5,0.95,lsc_kalman_cusum,1,288.0,190.53599220702486,22.14512826431865,200486
486,ar1_snr0.5,level_3s,level,,0.5,0.95,raw_cusum,1,318.0,422.5540525168987,103.19232082036218,200486
487,ar1_snr0.5,level_3s,level,,0.5,0.95,lsc_kalman_cusum,1,305.0,84.32959144362825,22.14512826431865,200487
487,ar1_snr0.5,level_3s,level,,0.5,0.95,raw_cusum,1,321.0,368.00705384427334,103.19232082036218,200487
488,ar1_snr0.5,level_3s,level,,0.5,0.95,lsc_kalman_cusum,1,283.0,193.81945215847725,22.14512826431865,200488
488,ar1_snr0.5,level_3s,level,,0.5,0.95,raw_cusum,1,336.0,394.9575801805688,103.19232082036218,200488
489,ar1_snr0.5,level_3s,level,,0.5,0.95,lsc_kalman_cusum,1,266.0,221.20602097905015,22.14512826431865,200489
489,ar1_snr0.5,level_3s,level,,0.5,0.95,raw_cusum,1,320.0,346.7533400580344,103.19232082036218,200489
490,ar1_snr0.5,level_3s,level,,0.5,0.95,lsc_kalman_cusum,1,259.0,205.6273129061939,22.14512826431865,200490
490,ar1_snr0.5,level_3s,level,,0.5,0.95,raw_cusum,1,293.0,508.9113196460489,103.19232082036218,200490
491,ar1_snr0.5,level_3s,level,,0.5,0.95,lsc_kalman_cusum,1,272.0,88.40214284935486,22.14512826431865,200491
491,ar1_snr0.5,level_3s,level,,0.5,0.95,raw_cusum,1,318.0,377.8709446947935,103.19232082036218,200491
492,ar1_snr0.5,level_3s,level,,0.5,0.95,lsc_kalman_cusum,0,,14.016357950137655,22.14512826431865,200492
492,ar1_snr0.5,level_3s,level,,0.5,0.95,raw_cusum,1,370.0,180.76981525110224,103.19232082036218,200492
493,ar1_snr0.5,level_3s,level,,0.5,0.95,lsc_kalman_cusum,0,,16.248618301751304,22.14512826431865,200493
493,ar1_snr0.5,level_3s,level,,0.5,0.95,raw_cusum,1,321.0,293.68112421584374,103.19232082036218,200493
494,ar1_snr0.5,level_3s,level,,0.5,0.95,lsc_kalman_cusum,0,,17.802969293979775,22.14512826431865,200494
494,ar1_snr0.5,level_3s,level,,0.5,0.95,raw_cusum,1,313.0,334.75592176374823,103.19232082036218,200494
495,ar1_snr0.5,level_3s,level,,0.5,0.95,lsc_kalman_cusum,1,275.0,220.72354557866097,22.14512826431865,200495
495,ar1_snr0.5,level_3s,level,,0.5,0.95,raw_cusum,1,324.0,329.17179245491405,103.19232082036218,200495
496,ar1_snr0.5,level_3s,level,,0.5,0.95,lsc_kalman_cusum,0,,17.031983432207003,22.14512826431865,200496
496,ar1_snr0.5,level_3s,level,,0.5,0.95,raw_cusum,1,316.0,471.9404865603052,103.19232082036218,200496
497,ar1_snr0.5,level_3s,level,,0.5,0.95,lsc_kalman_cusum,1,476.0,28.72683286993531,22.14512826431865,200497
497,ar1_snr0.5,level_3s,level,,0.5,0.95,raw_cusum,1,403.0,229.53376471959268,103.19232082036218,200497
498,ar1_snr0.5,level_3s,level,,0.5,0.95,lsc_kalman_cusum,0,,4.1907761115619655,22.14512826431865,200498
498,ar1_snr0.5,level_3s,level,,0.5,0.95,raw_cusum,1,487.0,110.01577024175181,103.19232082036218,200498
499,ar1_snr0.5,level_3s,level,,0.5,0.95,lsc_kalman_cusum,0,,12.657578195075047,22.14512826431865,200499
499,ar1_snr0.5,level_3s,level,,0.5,0.95,raw_cusum,1,286.0,576.2322628504853,103.19232082036218,200499
